presentationsfile version 1
 85
prsnt_game_start 0 0 1
-60.000000  1 902 1 0 


prsnt_game_escape 0 0 1
-60.000000  1 902 1 0 


prsnt_game_credits 1 3 2
-60.000000  26 2133 2 144115188075856399 -1 2133 2 144115188075856400 -1 2133 2 144115188075856401 -1 2133 2 144115188075856402 -1 2133 2 144115188075856403 -1 2133 2 144115188075856404 -1 2133 2 144115188075856405 -1 2133 2 144115188075856406 -1 2133 2 144115188075856407 -1 2133 2 144115188075856408 -1 2133 2 144115188075856409 -1 2133 2 144115188075856410 -1 2133 2 144115188075857294 -1 2133 2 144115188075857295 -1 2133 2 144115188075856411 0 2133 2 144115188075856412 0 2133 2 144115188075856413 0 2133 2 144115188075856414 0 2133 2 144115188075856415 0 2133 2 144115188075856416 0 2133 2 144115188075856417 0 2133 2 144115188075856418 0 2133 2 144115188075856419 0 2133 2 144115188075857296 0 2133 2 144115188075857297 0 2133 2 144115188075857298 0 
-61.000000  271 2071 1 1224979098644774912 2124 1 1000 902 1 1000000 4 0 1073741895 1 57 1073741895 1 28 1073741895 1 1 1073741895 1 14 1073741895 1 224 71 1 225 902 1 0 3 0 4 0 2147483678 2 144115188075856399 0 2320 2 1 216172782113783840 910 3 144115188075856399 1 6160 921 2 144115188075856399 0 922 2 144115188075856399 0 729 2 1 1200 730 2 1 1200 925 2 144115188075856399 1 729 2 1 500 730 2 1 375 926 2 144115188075856399 1 933 3 144115188075856399 1000 255 5 0 32 2 1224979098644774912 3000 31 2 144115188075856411 0 2133 2 144115188075856411 1 933 3 144115188075856399 1000 0 5 0 32 2 1224979098644774912 4500 2147483678 2 144115188075856400 0 2320 2 1 216172782113783841 910 3 144115188075856400 1 6160 921 2 144115188075856400 0 922 2 144115188075856400 0 729 2 1 1750 730 2 1 1750 925 2 144115188075856400 1 729 2 1 500 730 2 1 375 926 2 144115188075856400 1 933 3 144115188075856400 1000 255 5 0 32 2 1224979098644774912 7500 31 2 144115188075856412 0 2133 2 144115188075856412 1 933 3 144115188075856400 1000 0 5 0 32 2 1224979098644774912 9000 2147483678 2 144115188075856401 0 2320 2 1 216172782113783842 910 3 144115188075856401 1 6160 921 2 144115188075856401 0 922 2 144115188075856401 0 729 2 1 1750 730 2 1 1750 925 2 144115188075856401 1 729 2 1 500 730 2 1 375 926 2 144115188075856401 1 933 3 144115188075856401 1000 255 5 0 32 2 1224979098644774912 13500 31 2 144115188075856413 0 2133 2 144115188075856413 1 933 3 144115188075856401 1000 0 5 0 32 2 1224979098644774912 15000 2147483678 2 144115188075856402 0 2320 2 1 216172782113783843 910 3 144115188075856402 1 6160 921 2 144115188075856402 0 922 2 144115188075856402 0 729 2 1 1750 730 2 1 1750 925 2 144115188075856402 1 729 2 1 500 730 2 1 375 926 2 144115188075856402 1 933 3 144115188075856402 1000 255 5 0 32 2 1224979098644774912 17500 31 2 144115188075856414 0 2133 2 144115188075856414 1 933 3 144115188075856402 1000 0 5 0 32 2 1224979098644774912 19000 2147483678 2 144115188075856403 0 2320 2 1 216172782113783844 910 3 144115188075856403 1 6160 921 2 144115188075856403 0 922 2 144115188075856403 0 729 2 1 1750 730 2 1 1750 925 2 144115188075856403 1 729 2 1 500 730 2 1 375 926 2 144115188075856403 1 933 3 144115188075856403 1000 255 5 0 32 2 1224979098644774912 21500 31 2 144115188075856415 0 2133 2 144115188075856415 1 933 3 144115188075856403 1000 0 5 0 32 2 1224979098644774912 23000 2147483678 2 144115188075856404 0 2320 2 1 216172782113783845 910 3 144115188075856404 1 6160 921 2 144115188075856404 0 922 2 144115188075856404 0 729 2 1 1800 730 2 1 1800 925 2 144115188075856404 1 729 2 1 500 730 2 1 375 926 2 144115188075856404 1 933 3 144115188075856404 1000 255 5 0 32 2 1224979098644774912 26000 31 2 144115188075856416 0 2133 2 144115188075856416 1 933 3 144115188075856404 1000 0 5 0 32 2 1224979098644774912 27500 2147483678 2 144115188075856405 0 2320 2 1 216172782113783846 910 3 144115188075856405 1 6160 921 2 144115188075856405 0 922 2 144115188075856405 0 729 2 1 1750 730 2 1 1750 925 2 144115188075856405 1 729 2 1 500 730 2 1 375 926 2 144115188075856405 1 933 3 144115188075856405 1000 255 5 0 32 2 1224979098644774912 30000 31 2 144115188075856417 0 2133 2 144115188075856417 1 933 3 144115188075856405 1000 0 5 0 32 2 1224979098644774912 31500 2147483678 2 144115188075856406 0 2320 2 1 216172782113783847 910 3 144115188075856406 1 6160 921 2 144115188075856406 0 922 2 144115188075856406 0 729 2 1 1750 730 2 1 1750 925 2 144115188075856406 1 729 2 1 500 730 2 1 375 926 2 144115188075856406 1 933 3 144115188075856406 1000 255 5 0 32 2 1224979098644774912 35000 31 2 144115188075856418 0 2133 2 144115188075856418 1 933 3 144115188075856406 1000 0 5 0 32 2 1224979098644774912 36500 2147483678 2 144115188075856407 0 2320 2 1 216172782113783848 910 3 144115188075856407 1 6160 921 2 144115188075856407 0 922 2 144115188075856407 0 729 2 1 1750 730 2 1 1750 925 2 144115188075856407 1 729 2 1 500 730 2 1 375 926 2 144115188075856407 1 933 3 144115188075856407 1000 255 5 0 32 2 1224979098644774912 40000 31 2 144115188075856419 0 2133 2 144115188075856419 1 933 3 144115188075856407 1000 0 5 0 32 2 1224979098644774912 41500 2147483678 2 144115188075856408 0 2320 2 1 216172782113783849 910 3 144115188075856408 1 6160 921 2 144115188075856408 0 922 2 144115188075856408 0 729 2 1 1750 730 2 1 1750 925 2 144115188075856408 1 729 2 1 500 730 2 1 375 926 2 144115188075856408 1 933 3 144115188075856408 1000 255 5 0 32 2 1224979098644774912 44000 31 2 144115188075857296 0 2133 2 144115188075857296 1 933 3 144115188075856408 1000 0 5 0 32 2 1224979098644774912 45500 2147483678 2 144115188075856409 0 2320 2 1 216172782113783850 910 3 144115188075856409 1 6160 921 2 144115188075856409 0 922 2 144115188075856409 0 729 2 1 1750 730 2 1 1750 925 2 144115188075856409 1 729 2 1 500 730 2 1 375 926 2 144115188075856409 1 933 3 144115188075856409 1000 255 5 0 32 2 1224979098644774912 47500 31 2 144115188075857297 0 2133 2 144115188075857297 1 933 3 144115188075856409 1000 0 5 0 32 2 1224979098644774912 52000 2147483678 2 144115188075856410 0 2320 2 1 216172782113783852 910 3 144115188075856410 1 6160 921 2 144115188075856410 0 922 2 144115188075856410 0 729 2 1 800 730 2 1 800 925 2 144115188075856410 1 729 2 1 280 730 2 1 375 926 2 144115188075856410 1 933 3 144115188075856410 1000 255 2320 2 1 216172782113783853 910 3 144115188075857294 1 6160 921 2 144115188075857294 0 922 2 144115188075857294 0 729 2 1 800 730 2 1 800 925 2 144115188075857294 1 729 2 1 720 730 2 1 375 926 2 144115188075857294 1 933 3 144115188075857294 1000 255 5 0 32 2 1224979098644774912 60000 31 2 144115188075857298 0 2133 2 144115188075857298 1 933 3 144115188075856410 1000 0 933 3 144115188075857294 1000 0 5 0 32 2 1224979098644774912 61500 2147483678 2 144115188075857295 0 2320 2 1 216172782113783851 910 3 144115188075857295 1 2064 921 2 144115188075857295 0 922 2 144115188075857295 255 729 2 1 1000 730 2 1 1000 925 2 144115188075857295 1 729 2 1 500 730 2 1 -4000 926 2 144115188075857295 1 729 2 1 500 730 2 1 760 937 3 144115188075857295 62000 1 5 0 32 2 1224979098644774912 122000 902 1 0 3 0 


prsnt_game_profile_banner_selection 0 3 2
-60.000000  45 2124 1 1000 2320 2 1 216172782113784272 910 3 72057594037927937 1 16 729 2 1 500 730 2 1 600 926 2 72057594037927937 1 920 2 72057594037927937 1 912 3 144115188075856420 216172782113784618 16 729 2 1 700 730 2 1 50 926 2 144115188075856420 1 912 3 144115188075856421 216172782113784273 16 729 2 1 300 730 2 1 50 926 2 144115188075856421 1 2133 2 1224979098644774912 200 2133 2 1224979098644774913 575 2122 3 1224979098644774914 15 144115188075856423 2120 3 1224979098644774915 1224979098644774914 15 2120 3 144115188075856422 144115188075856421 1 2133 2 1224979098644774916 0 6 3 1224979098644774917 51 149 2147483680 2 1224979098644774917 130 2133 2 1224979098644774918 0 6 3 1224979098644774919 6 15 542 3 1224979098644774919 1 1224979098644774917 2133 2 1224979098644774918 1 3 0 31 2 1224979098644774918 0 2105 2 1224979098644774916 1 32 2 1224979098644774916 1224979098644774914 2147483680 2 1224979098644774916 1224979098644774915 913 3 72057594037927937 1224979098644774917 1224979098644774917 729 2 1 1224979098644774912 730 2 1 1224979098644774913 926 2 72057594037927937 1 729 2 1 -100 730 2 1 100 925 2 72057594037927937 1 2105 2 1224979098644774912 150 30 2 1224979098644774912 900 2133 2 1224979098644774912 200 2106 2 1224979098644774913 150 3 0 902 1 999999 
-62.000000  34 2071 1 1224979098644774912 4 0 31 2 1224979098644774912 144115188075856420 2105 2 144115188075856423 1 2109 2 144115188075856423 7 902 1 0 900 1 3 5 0 31 2 1224979098644774912 144115188075856421 351 1 -1 902 1 0 5 0 2121 3 1224979098644774913 1224979098644774912 144115188075856422 2122 3 1224979098644774914 15 144115188075856423 2105 2 1224979098644774913 1224979098644774914 2133 2 1224979098644774915 0 2133 2 1224979098644774916 149 6 3 1224979098644774917 51 1224979098644774916 2133 2 1224979098644774918 0 6 3 1224979098644774919 6 15 542 3 1224979098644774919 1 1224979098644774917 2133 2 1224979098644774918 1 3 0 31 2 1224979098644774918 0 4 0 31 2 1224979098644774913 1224979098644774915 2121 3 1224979098644774920 1224979098644774917 51 351 1 1224979098644774920 2133 2 1224979098644774916 0 3 0 2105 2 1224979098644774915 1 3 0 902 1 0 3 0 


prsnt_game_custom_battle_designer 2 173 3
-60.000000  596 2124 1 1000 916 1 144115188075856948 729 2 1 200 730 2 1 700 926 2 144115188075856948 1 916 1 144115188075856972 729 2 1 780 730 2 1 700 926 2 144115188075856972 1 6 3 1224979098644774912 6 15 2335 2 1 1224979098644774912 931 2 144115188075856948 1 931 2 144115188075856972 1 3 0 2121 3 1224979098644774913 144115188075856980 6 927 2 144115188075856948 1224979098644774913 2121 3 1224979098644774914 144115188075856981 6 927 2 144115188075856972 1224979098644774914 2133 2 1224979098644774915 600 916 1 144115188075857124 729 2 1 150 730 2 1 1224979098644774915 926 2 144115188075857124 1 729 2 2 750 730 2 2 1000 925 2 144115188075857124 2 914 3 144115188075857125 1 50 729 2 1 350 730 2 1 1224979098644774915 926 2 144115188075857125 1 729 2 2 750 730 2 2 1000 925 2 144115188075857125 2 520 3 72057594037927939 1440 20 910 2 144115188075857299 1585267068834414593 729 2 1 420 730 2 1 1224979098644774915 926 2 144115188075857299 1 2106 2 1224979098644774915 35 916 1 144115188075857126 729 2 1 150 730 2 1 1224979098644774915 926 2 144115188075857126 1 729 2 2 750 730 2 2 1000 925 2 144115188075857126 2 914 3 144115188075857127 1 50 729 2 1 350 730 2 1 1224979098644774915 926 2 144115188075857127 1 729 2 2 750 730 2 2 1000 925 2 144115188075857127 2 520 3 72057594037927939 1440 21 910 2 144115188075857300 1585267068834414593 729 2 1 420 730 2 1 1224979098644774915 926 2 144115188075857300 1 2106 2 1224979098644774915 35 916 1 144115188075857128 729 2 1 150 730 2 1 1224979098644774915 926 2 144115188075857128 1 729 2 2 750 730 2 2 1000 925 2 144115188075857128 2 914 3 144115188075857129 1 50 729 2 1 350 730 2 1 1224979098644774915 926 2 144115188075857129 1 729 2 2 750 730 2 2 1000 925 2 144115188075857129 2 520 3 72057594037927939 1440 22 910 2 144115188075857301 1585267068834414593 729 2 1 420 730 2 1 1224979098644774915 926 2 144115188075857301 1 2106 2 1224979098644774915 35 916 1 144115188075857130 729 2 1 150 730 2 1 1224979098644774915 926 2 144115188075857130 1 729 2 2 750 730 2 2 1000 925 2 144115188075857130 2 914 3 144115188075857131 1 50 729 2 1 350 730 2 1 1224979098644774915 926 2 144115188075857131 1 729 2 2 750 730 2 2 1000 925 2 144115188075857131 2 520 3 72057594037927939 1440 23 910 2 144115188075857302 1585267068834414593 729 2 1 420 730 2 1 1224979098644774915 926 2 144115188075857302 1 2106 2 1224979098644774915 35 916 1 144115188075857132 729 2 1 150 730 2 1 1224979098644774915 926 2 144115188075857132 1 729 2 2 750 730 2 2 1000 925 2 144115188075857132 2 914 3 144115188075857133 1 50 729 2 1 350 730 2 1 1224979098644774915 926 2 144115188075857133 1 729 2 2 750 730 2 2 1000 925 2 144115188075857133 2 520 3 72057594037927939 1440 24 910 2 144115188075857303 1585267068834414593 729 2 1 420 730 2 1 1224979098644774915 926 2 144115188075857303 1 2106 2 1224979098644774915 35 916 1 144115188075857134 729 2 1 150 730 2 1 1224979098644774915 926 2 144115188075857134 1 729 2 2 750 730 2 2 1000 925 2 144115188075857134 2 914 3 144115188075857135 1 50 729 2 1 350 730 2 1 1224979098644774915 926 2 144115188075857135 1 729 2 2 750 730 2 2 1000 925 2 144115188075857135 2 520 3 72057594037927939 1440 25 910 2 144115188075857304 1585267068834414593 729 2 1 420 730 2 1 1224979098644774915 926 2 144115188075857304 1 2106 2 1224979098644774915 35 916 1 144115188075857136 729 2 1 150 730 2 1 1224979098644774915 926 2 144115188075857136 1 729 2 2 750 730 2 2 1000 925 2 144115188075857136 2 914 3 144115188075857137 1 50 729 2 1 350 730 2 1 1224979098644774915 926 2 144115188075857137 1 729 2 2 750 730 2 2 1000 925 2 144115188075857137 2 520 3 72057594037927939 1440 26 910 2 144115188075857305 1585267068834414593 729 2 1 420 730 2 1 1224979098644774915 926 2 144115188075857305 1 2106 2 1224979098644774915 35 916 1 144115188075857138 729 2 1 150 730 2 1 1224979098644774915 926 2 144115188075857138 1 729 2 2 750 730 2 2 1000 925 2 144115188075857138 2 914 3 144115188075857139 1 50 729 2 1 350 730 2 1 1224979098644774915 926 2 144115188075857139 1 729 2 2 750 730 2 2 1000 925 2 144115188075857139 2 520 3 72057594037927939 1440 27 910 2 144115188075857306 1585267068834414593 729 2 1 420 730 2 1 1224979098644774915 926 2 144115188075857306 1 2106 2 1224979098644774915 35 916 1 144115188075857140 729 2 1 150 730 2 1 1224979098644774915 926 2 144115188075857140 1 729 2 2 750 730 2 2 1000 925 2 144115188075857140 2 914 3 144115188075857141 1 50 729 2 1 350 730 2 1 1224979098644774915 926 2 144115188075857141 1 729 2 2 750 730 2 2 1000 925 2 144115188075857141 2 520 3 72057594037927939 1440 28 910 2 144115188075857307 1585267068834414593 729 2 1 420 730 2 1 1224979098644774915 926 2 144115188075857307 1 2133 2 1224979098644774915 600 931 2 144115188075857124 216172782113784657 931 2 144115188075857126 216172782113784657 931 2 144115188075857128 216172782113784657 931 2 144115188075857130 216172782113784657 931 2 144115188075857132 216172782113784657 931 2 144115188075857134 216172782113784657 931 2 144115188075857136 216172782113784657 931 2 144115188075857138 216172782113784657 931 2 144115188075857140 216172782113784657 7 3 1224979098644774916 12 240 2173 2 1224979098644774912 1224979098644774916 31 2 1224979098644774912 144115188075856980 520 3 1224979098644774917 1224979098644774916 10 2147483679 2 1224979098644774917 21 2147483679 2 1224979098644774917 24 2147483679 2 1224979098644774917 25 2147483679 2 1224979098644774917 29 2323 2 1 1224979098644774916 931 2 144115188075857124 1 931 2 144115188075857126 1 931 2 144115188075857128 1 931 2 144115188075857130 1 931 2 144115188075857132 1 931 2 144115188075857134 1 931 2 144115188075857136 1 931 2 144115188075857138 1 931 2 144115188075857140 1 3 0 520 3 1224979098644774918 1440 0 927 2 144115188075857124 1224979098644774918 520 3 1224979098644774918 1440 1 927 2 144115188075857126 1224979098644774918 520 3 1224979098644774918 1440 2 927 2 144115188075857128 1224979098644774918 520 3 1224979098644774918 1440 3 927 2 144115188075857130 1224979098644774918 520 3 1224979098644774918 1440 4 927 2 144115188075857132 1224979098644774918 520 3 1224979098644774918 1440 5 927 2 144115188075857134 1224979098644774918 520 3 1224979098644774918 1440 6 927 2 144115188075857136 1224979098644774918 520 3 1224979098644774918 1440 7 927 2 144115188075857138 1224979098644774918 520 3 1224979098644774918 1440 8 927 2 144115188075857140 1224979098644774918 520 3 1224979098644774918 1440 20 927 2 144115188075857125 1224979098644774918 520 3 1224979098644774918 1440 21 927 2 144115188075857127 1224979098644774918 520 3 1224979098644774918 1440 22 927 2 144115188075857129 1224979098644774918 520 3 1224979098644774918 1440 23 927 2 144115188075857131 1224979098644774918 520 3 1224979098644774918 1440 24 927 2 144115188075857133 1224979098644774918 520 3 1224979098644774918 1440 25 927 2 144115188075857135 1224979098644774918 520 3 1224979098644774918 1440 26 927 2 144115188075857137 1224979098644774918 520 3 1224979098644774918 1440 27 927 2 144115188075857139 1224979098644774918 520 3 1224979098644774918 1440 28 927 2 144115188075857141 1224979098644774918 916 1 144115188075857142 729 2 1 670 730 2 1 1224979098644774915 926 2 144115188075857142 1 729 2 2 750 730 2 2 1000 925 2 144115188075857142 2 914 3 144115188075857143 1 50 729 2 1 870 730 2 1 1224979098644774915 926 2 144115188075857143 1 729 2 2 750 730 2 2 1000 925 2 144115188075857143 2 520 3 72057594037927939 1440 30 910 2 144115188075857308 1585267068834414593 729 2 1 940 730 2 1 1224979098644774915 926 2 144115188075857308 1 2106 2 1224979098644774915 35 916 1 144115188075857144 729 2 1 670 730 2 1 1224979098644774915 926 2 144115188075857144 1 729 2 2 750 730 2 2 1000 925 2 144115188075857144 2 914 3 144115188075857145 1 50 729 2 1 870 730 2 1 1224979098644774915 926 2 144115188075857145 1 729 2 2 750 730 2 2 1000 925 2 144115188075857145 2 520 3 72057594037927939 1440 31 910 2 144115188075857309 1585267068834414593 729 2 1 940 730 2 1 1224979098644774915 926 2 144115188075857309 1 2106 2 1224979098644774915 35 916 1 144115188075857146 729 2 1 670 730 2 1 1224979098644774915 926 2 144115188075857146 1 729 2 2 750 730 2 2 1000 925 2 144115188075857146 2 914 3 144115188075857147 1 50 729 2 1 870 730 2 1 1224979098644774915 926 2 144115188075857147 1 729 2 2 750 730 2 2 1000 925 2 144115188075857147 2 520 3 72057594037927939 1440 32 910 2 144115188075857310 1585267068834414593 729 2 1 940 730 2 1 1224979098644774915 926 2 144115188075857310 1 2106 2 1224979098644774915 35 916 1 144115188075857148 729 2 1 670 730 2 1 1224979098644774915 926 2 144115188075857148 1 729 2 2 750 730 2 2 1000 925 2 144115188075857148 2 914 3 144115188075857149 1 50 729 2 1 870 730 2 1 1224979098644774915 926 2 144115188075857149 1 729 2 2 750 730 2 2 1000 925 2 144115188075857149 2 520 3 72057594037927939 1440 33 910 2 144115188075857311 1585267068834414593 729 2 1 940 730 2 1 1224979098644774915 926 2 144115188075857311 1 2106 2 1224979098644774915 35 916 1 144115188075857150 729 2 1 670 730 2 1 1224979098644774915 926 2 144115188075857150 1 729 2 2 750 730 2 2 1000 925 2 144115188075857150 2 914 3 144115188075857151 1 50 729 2 1 870 730 2 1 1224979098644774915 926 2 144115188075857151 1 729 2 2 750 730 2 2 1000 925 2 144115188075857151 2 520 3 72057594037927939 1440 34 910 2 144115188075857312 1585267068834414593 729 2 1 940 730 2 1 1224979098644774915 926 2 144115188075857312 1 2106 2 1224979098644774915 35 916 1 144115188075857152 729 2 1 670 730 2 1 1224979098644774915 926 2 144115188075857152 1 729 2 2 750 730 2 2 1000 925 2 144115188075857152 2 914 3 144115188075857153 1 50 729 2 1 870 730 2 1 1224979098644774915 926 2 144115188075857153 1 729 2 2 750 730 2 2 1000 925 2 144115188075857153 2 520 3 72057594037927939 1440 35 910 2 144115188075857313 1585267068834414593 729 2 1 940 730 2 1 1224979098644774915 926 2 144115188075857313 1 2106 2 1224979098644774915 35 916 1 144115188075857154 729 2 1 670 730 2 1 1224979098644774915 926 2 144115188075857154 1 729 2 2 750 730 2 2 1000 925 2 144115188075857154 2 914 3 144115188075857155 1 50 729 2 1 870 730 2 1 1224979098644774915 926 2 144115188075857155 1 729 2 2 750 730 2 2 1000 925 2 144115188075857155 2 520 3 72057594037927939 1440 36 910 2 144115188075857314 1585267068834414593 729 2 1 940 730 2 1 1224979098644774915 926 2 144115188075857314 1 2106 2 1224979098644774915 35 916 1 144115188075857156 729 2 1 670 730 2 1 1224979098644774915 926 2 144115188075857156 1 729 2 2 750 730 2 2 1000 925 2 144115188075857156 2 914 3 144115188075857157 1 50 729 2 1 870 730 2 1 1224979098644774915 926 2 144115188075857157 1 729 2 2 750 730 2 2 1000 925 2 144115188075857157 2 520 3 72057594037927939 1440 37 910 2 144115188075857315 1585267068834414593 729 2 1 940 730 2 1 1224979098644774915 926 2 144115188075857315 1 2106 2 1224979098644774915 35 916 1 144115188075857158 729 2 1 670 730 2 1 1224979098644774915 926 2 144115188075857158 1 729 2 2 750 730 2 2 1000 925 2 144115188075857158 2 914 3 144115188075857159 1 50 729 2 1 870 730 2 1 1224979098644774915 926 2 144115188075857159 1 729 2 2 750 730 2 2 1000 925 2 144115188075857159 2 520 3 72057594037927939 1440 38 910 2 144115188075857316 1585267068834414593 729 2 1 940 730 2 1 1224979098644774915 926 2 144115188075857316 1 931 2 144115188075857142 216172782113784657 931 2 144115188075857144 216172782113784657 931 2 144115188075857146 216172782113784657 931 2 144115188075857148 216172782113784657 931 2 144115188075857150 216172782113784657 931 2 144115188075857152 216172782113784657 931 2 144115188075857154 216172782113784657 931 2 144115188075857156 216172782113784657 931 2 144115188075857158 216172782113784657 7 3 1224979098644774916 12 240 2173 2 1224979098644774912 1224979098644774916 31 2 1224979098644774912 144115188075856981 520 3 1224979098644774917 1224979098644774916 10 2147483679 2 1224979098644774917 21 2147483679 2 1224979098644774917 24 2147483679 2 1224979098644774917 29 2147483679 2 1224979098644774917 25 2323 2 1 1224979098644774916 931 2 144115188075857142 1 931 2 144115188075857144 1 931 2 144115188075857146 1 931 2 144115188075857148 1 931 2 144115188075857150 1 931 2 144115188075857152 1 931 2 144115188075857154 1 931 2 144115188075857156 1 931 2 144115188075857158 1 3 0 520 3 1224979098644774918 1440 10 927 2 144115188075857142 1224979098644774918 520 3 1224979098644774918 1440 11 927 2 144115188075857144 1224979098644774918 520 3 1224979098644774918 1440 12 927 2 144115188075857146 1224979098644774918 520 3 1224979098644774918 1440 13 927 2 144115188075857148 1224979098644774918 520 3 1224979098644774918 1440 14 927 2 144115188075857150 1224979098644774918 520 3 1224979098644774918 1440 15 927 2 144115188075857152 1224979098644774918 520 3 1224979098644774918 1440 16 927 2 144115188075857154 1224979098644774918 520 3 1224979098644774918 1440 17 927 2 144115188075857156 1224979098644774918 520 3 1224979098644774918 1440 18 927 2 144115188075857158 1224979098644774918 520 3 1224979098644774918 1440 30 927 2 144115188075857143 1224979098644774918 520 3 1224979098644774918 1440 31 927 2 144115188075857145 1224979098644774918 520 3 1224979098644774918 1440 32 927 2 144115188075857147 1224979098644774918 520 3 1224979098644774918 1440 33 927 2 144115188075857149 1224979098644774918 520 3 1224979098644774918 1440 34 927 2 144115188075857151 1224979098644774918 520 3 1224979098644774918 1440 35 927 2 144115188075857153 1224979098644774918 520 3 1224979098644774918 1440 36 927 2 144115188075857155 1224979098644774918 520 3 1224979098644774918 1440 37 927 2 144115188075857157 1224979098644774918 520 3 1224979098644774918 1440 38 927 2 144115188075857159 1224979098644774918 948 2 144115188075857160 16 729 2 1 240 730 2 1 70 926 2 144115188075857160 1 6 3 1224979098644774919 263 273 2121 3 1224979098644774920 1224979098644774919 263 2120 3 1224979098644774921 216172782113784343 1224979098644774920 931 2 144115188075857160 1224979098644774921 3 0 2121 3 1224979098644774920 144115188075856949 263 927 2 144115188075857160 1224979098644774920 2120 3 1224979098644774922 1224979098644774920 174 911 3 72057594037927936 1224979098644774922 16 729 2 1 150 730 2 1 130 926 2 72057594037927936 1 729 2 2 500 730 2 2 500 925 2 72057594037927936 2 948 1 144115188075857161 729 2 1 750 730 2 1 200 926 2 144115188075857161 1 931 2 144115188075857161 216172782113784658 931 2 144115188075857161 216172782113784659 931 2 144115188075857161 216172782113784660 931 2 144115188075857161 216172782113784661 927 2 144115188075857161 144115188075857166 910 2 72057594037927936 216172782113784662 729 2 1 450 730 2 1 205 926 2 72057594037927936 1 948 1 144115188075857162 729 2 1 750 730 2 1 150 926 2 144115188075857162 1 931 2 144115188075857162 216172782113784663 931 2 144115188075857162 216172782113784664 931 2 144115188075857162 216172782113784665 931 2 144115188075857162 216172782113784666 927 2 144115188075857162 144115188075857167 910 2 72057594037927936 216172782113784667 729 2 1 450 730 2 1 155 926 2 72057594037927936 1 914 3 144115188075857163 0 200 729 2 1 750 730 2 1 100 926 2 144115188075857163 1 927 2 144115188075857163 144115188075857168 910 2 72057594037927936 216172782113784668 729 2 1 450 730 2 1 105 926 2 72057594037927936 1 4 0 2133 2 1224979098644774923 0 2133 2 1224979098644774924 10 6 3 1224979098644774925 0 1224979098644774924 2147484188 3 1440 1224979098644774925 0 2133 2 1224979098644774923 1 2133 2 1224979098644774924 0 3 0 31 2 1224979098644774923 1 2133 2 1224979098644774924 20 6 3 1224979098644774925 10 1224979098644774924 2147484188 3 1440 1224979098644774925 0 2133 2 1224979098644774923 2 2133 2 1224979098644774924 0 3 0 31 2 1224979098644774923 2 912 3 144115188075857164 216172782113784620 16 921 2 144115188075857164 0 5 0 910 3 144115188075857164 216172782113784620 16 921 2 144115188075857164 3355443 3 0 729 2 1 920 730 2 1 30 926 2 144115188075857164 1 729 2 2 1500 730 2 2 1500 925 2 144115188075857164 2 912 3 144115188075857165 216172782113784238 16 729 2 1 70 730 2 1 30 926 2 144115188075857165 1 729 2 2 1500 730 2 2 1500 925 2 144115188075857165 2 902 1 999999 
-61.000000  36 520 3 72057594037927939 1440 20 920 2 144115188075857299 1585267068834414593 520 3 72057594037927939 1440 21 920 2 144115188075857300 1585267068834414593 520 3 72057594037927939 1440 22 920 2 144115188075857301 1585267068834414593 520 3 72057594037927939 1440 23 920 2 144115188075857302 1585267068834414593 520 3 72057594037927939 1440 24 920 2 144115188075857303 1585267068834414593 520 3 72057594037927939 1440 25 920 2 144115188075857304 1585267068834414593 520 3 72057594037927939 1440 26 920 2 144115188075857305 1585267068834414593 520 3 72057594037927939 1440 27 920 2 144115188075857306 1585267068834414593 520 3 72057594037927939 1440 28 920 2 144115188075857307 1585267068834414593 520 3 72057594037927939 1440 30 920 2 144115188075857308 1585267068834414593 520 3 72057594037927939 1440 31 920 2 144115188075857309 1585267068834414593 520 3 72057594037927939 1440 32 920 2 144115188075857310 1585267068834414593 520 3 72057594037927939 1440 33 920 2 144115188075857311 1585267068834414593 520 3 72057594037927939 1440 34 920 2 144115188075857312 1585267068834414593 520 3 72057594037927939 1440 35 920 2 144115188075857313 1585267068834414593 520 3 72057594037927939 1440 36 920 2 144115188075857314 1585267068834414593 520 3 72057594037927939 1440 37 920 2 144115188075857315 1585267068834414593 520 3 72057594037927939 1440 38 920 2 144115188075857316 1585267068834414593 
-62.000000  228 2071 1 1224979098644774912 2072 1 1224979098644774913 4 0 31 2 1224979098644774912 144115188075856948 2120 3 1224979098644774914 1224979098644774913 6 2133 2 144115188075856980 1224979098644774914 1 2 410 1224979098644774914 2133 2 1224979098644774915 72057594037927936 6 3 1224979098644774916 0 10 4 0 31 2 1224979098644774916 0 500 3 1440 1224979098644774916 1224979098644774915 5 0 500 3 1440 1224979098644774916 0 3 0 3 0 6 3 1224979098644774917 20 30 500 3 1440 1224979098644774917 20 3 0 902 1 0 900 1 4 5 0 31 2 1224979098644774912 144115188075856972 2120 3 1224979098644774918 1224979098644774913 6 2133 2 144115188075856981 1224979098644774918 1 2 410 1224979098644774918 2133 2 1224979098644774915 72057594037927936 6 3 1224979098644774919 10 20 4 0 31 2 1224979098644774919 10 500 3 1440 1224979098644774919 1224979098644774915 5 0 500 3 1440 1224979098644774919 0 3 0 3 0 6 3 1224979098644774920 30 40 500 3 1440 1224979098644774920 20 3 0 902 1 0 900 1 4 5 0 31 2 1224979098644774912 144115188075857124 500 3 1440 0 1224979098644774913 902 1 0 900 1 4 5 0 31 2 1224979098644774912 144115188075857126 500 3 1440 1 1224979098644774913 902 1 0 900 1 4 5 0 31 2 1224979098644774912 144115188075857128 500 3 1440 2 1224979098644774913 902 1 0 900 1 4 5 0 31 2 1224979098644774912 144115188075857130 500 3 1440 3 1224979098644774913 902 1 0 900 1 4 5 0 31 2 1224979098644774912 144115188075857132 500 3 1440 4 1224979098644774913 902 1 0 900 1 4 5 0 31 2 1224979098644774912 144115188075857134 500 3 1440 5 1224979098644774913 902 1 0 900 1 4 5 0 31 2 1224979098644774912 144115188075857136 500 3 1440 6 1224979098644774913 902 1 0 900 1 4 5 0 31 2 1224979098644774912 144115188075857138 500 3 1440 7 1224979098644774913 902 1 0 900 1 4 5 0 31 2 1224979098644774912 144115188075857140 500 3 1440 8 1224979098644774913 902 1 0 900 1 4 5 0 31 2 1224979098644774912 144115188075857142 500 3 1440 10 1224979098644774913 902 1 0 900 1 4 5 0 31 2 1224979098644774912 144115188075857144 500 3 1440 11 1224979098644774913 902 1 0 900 1 4 5 0 31 2 1224979098644774912 144115188075857146 500 3 1440 12 1224979098644774913 902 1 0 900 1 4 5 0 31 2 1224979098644774912 144115188075857148 500 3 1440 13 1224979098644774913 902 1 0 900 1 4 5 0 31 2 1224979098644774912 144115188075857150 500 3 1440 14 1224979098644774913 902 1 0 900 1 4 5 0 31 2 1224979098644774912 144115188075857152 500 3 1440 15 1224979098644774913 902 1 0 900 1 4 5 0 31 2 1224979098644774912 144115188075857154 500 3 1440 16 1224979098644774913 902 1 0 900 1 4 5 0 31 2 1224979098644774912 144115188075857156 500 3 1440 17 1224979098644774913 902 1 0 900 1 4 5 0 31 2 1224979098644774912 144115188075857158 500 3 1440 18 1224979098644774913 902 1 0 900 1 4 5 0 31 2 1224979098644774912 144115188075857125 500 3 1440 20 1224979098644774913 5 0 31 2 1224979098644774912 144115188075857127 500 3 1440 21 1224979098644774913 5 0 31 2 1224979098644774912 144115188075857129 500 3 1440 22 1224979098644774913 5 0 31 2 1224979098644774912 144115188075857131 500 3 1440 23 1224979098644774913 5 0 31 2 1224979098644774912 144115188075857133 500 3 1440 24 1224979098644774913 5 0 31 2 1224979098644774912 144115188075857135 500 3 1440 25 1224979098644774913 5 0 31 2 1224979098644774912 144115188075857137 500 3 1440 26 1224979098644774913 5 0 31 2 1224979098644774912 144115188075857139 500 3 1440 27 1224979098644774913 5 0 31 2 1224979098644774912 144115188075857141 500 3 1440 28 1224979098644774913 5 0 31 2 1224979098644774912 144115188075857143 500 3 1440 30 1224979098644774913 5 0 31 2 1224979098644774912 144115188075857145 500 3 1440 31 1224979098644774913 5 0 31 2 1224979098644774912 144115188075857147 500 3 1440 32 1224979098644774913 5 0 31 2 1224979098644774912 144115188075857149 500 3 1440 33 1224979098644774913 5 0 31 2 1224979098644774912 144115188075857151 500 3 1440 34 1224979098644774913 5 0 31 2 1224979098644774912 144115188075857153 500 3 1440 35 1224979098644774913 5 0 31 2 1224979098644774912 144115188075857155 500 3 1440 36 1224979098644774913 5 0 31 2 1224979098644774912 144115188075857157 500 3 1440 37 1224979098644774913 5 0 31 2 1224979098644774912 144115188075857159 500 3 1440 38 1224979098644774913 5 0 31 2 1224979098644774912 144115188075857160 2120 3 144115188075856949 1224979098644774913 263 902 1 0 900 1 4 5 0 31 2 1224979098644774912 144115188075857161 2133 2 144115188075857166 1224979098644774913 5 0 31 2 1224979098644774912 144115188075857162 2133 2 144115188075857167 1224979098644774913 5 0 31 2 1224979098644774912 144115188075857163 2133 2 144115188075857168 1224979098644774913 5 0 31 2 1224979098644774912 144115188075857164 2133 2 1224979098644774921 0 2133 2 1224979098644774922 10 6 3 1224979098644774920 0 1224979098644774922 2147484188 3 1440 1224979098644774920 0 2133 2 1224979098644774921 1 2133 2 1224979098644774922 0 3 0 31 2 1224979098644774921 1 2133 2 1224979098644774922 20 6 3 1224979098644774923 10 1224979098644774922 2147484188 3 1440 1224979098644774923 0 2133 2 1224979098644774921 2 2133 2 1224979098644774922 0 3 0 31 2 1224979098644774921 2 2133 2 144115188075857037 1 2133 2 1224979098644774924 144115188075856949 1261 1 1224979098644774924 1 1 3 1911 1 3 2060 1 7 1910 1 1224979098644774924 2048 0 902 1 0 5 0 31 2 1224979098644774912 144115188075857165 902 1 0 3 0 


prsnt_game_multiplayer_admin_panel 2 0 3
-60.000000  3357 2124 1 1000 4 0 2133 2 1224979098644774912 20 2133 2 1224979098644774913 180 2133 2 1224979098644774914 360 2133 2 1224979098644774915 550 2133 2 1224979098644774916 603 2133 2 1224979098644774917 250 2133 2 1224979098644774918 190 2133 2 1224979098644774919 16777215 2133 2 1224979098644774920 30000 2133 2 1224979098644774921 3 2133 2 1224979098644774922 1224979098644774912 2133 2 1224979098644774923 1224979098644774913 2121 3 1224979098644774924 1224979098644774914 5 2133 2 1224979098644774925 1224979098644774915 2133 2 1224979098644774926 0 2133 2 1224979098644774927 70 2133 2 1224979098644774928 140 2133 2 1224979098644774929 210 2133 2 1224979098644774930 280 2133 2 1224979098644774931 350 2133 2 1224979098644774932 430 2133 2 1224979098644774933 530 2133 2 1224979098644774934 560 2133 2 1224979098644774935 0 2133 2 1224979098644774936 120 2133 2 1224979098644774937 195 2133 2 1224979098644774938 315 2133 2 1224979098644774939 400 2133 2 1224979098644774940 530 2120 3 1224979098644774941 1224979098644774926 7 2120 3 1224979098644774942 1224979098644774926 30 2120 3 1224979098644774943 1224979098644774928 7 2120 3 1224979098644774944 1224979098644774928 30 2120 3 1224979098644774945 1224979098644774930 7 2120 3 1224979098644774946 1224979098644774930 30 2120 3 1224979098644774947 1224979098644774932 7 2120 3 1224979098644774948 1224979098644774932 30 2120 3 1224979098644774949 1224979098644774934 7 2120 3 1224979098644774950 1224979098644774934 30 911 2 72057594037927936 6 921 2 72057594037927936 0 922 2 72057594037927936 208 729 2 1 1224979098644774922 730 2 1 1224979098644774916 926 2 72057594037927936 1 729 2 1 5500 730 2 1 1600 925 2 72057594037927936 1 911 2 72057594037927936 6 921 2 72057594037927936 0 922 2 72057594037927936 208 729 2 1 1224979098644774923 730 2 1 1224979098644774916 926 2 72057594037927936 1 729 2 1 7000 730 2 1 1600 925 2 72057594037927936 1 911 2 72057594037927936 6 921 2 72057594037927936 0 922 2 72057594037927936 208 729 2 1 1224979098644774924 730 2 1 1224979098644774916 926 2 72057594037927936 1 729 2 1 6500 730 2 1 1600 925 2 72057594037927936 1 911 2 72057594037927936 6 921 2 72057594037927936 0 922 2 72057594037927936 208 729 2 1 1224979098644774925 730 2 1 1224979098644774916 926 2 72057594037927936 1 729 2 1 4500 730 2 1 1600 925 2 72057594037927936 1 912 3 144115188075857416 216172782113785193 0 912 3 144115188075857417 216172782113785194 0 912 3 144115188075857418 216172782113785195 0 912 3 144115188075857419 216172782113785196 0 921 2 144115188075857416 16777215 921 2 144115188075857417 16777215 921 2 144115188075857418 16777215 921 2 144115188075857419 16777215 4 0 31 2 144115188075857501 0 921 2 144115188075857416 15526786 5 0 31 2 144115188075857501 1 921 2 144115188075857417 15526786 5 0 31 2 144115188075857501 2 921 2 144115188075857418 15526786 5 0 31 2 144115188075857501 3 921 2 144115188075857419 15526786 3 0 729 2 1 1224979098644774912 730 2 1 1224979098644774916 926 2 144115188075857416 1 729 2 1 1224979098644774913 730 2 1 1224979098644774916 926 2 144115188075857417 1 729 2 1 1224979098644774914 730 2 1 1224979098644774916 926 2 144115188075857418 1 729 2 1 1224979098644774915 730 2 1 1224979098644774916 926 2 144115188075857419 1 1073741855 2 144115188075856466 48 31 2 144115188075856466 49 2133 2 1224979098644774951 226 5 0 1073741855 2 144115188075856466 117 31 2 144115188075856466 118 2133 2 1224979098644774951 227 5 0 1073741855 2 144115188075856466 68 31 2 144115188075856466 69 2133 2 1224979098644774951 228 5 0 1073741855 2 144115188075856466 66 31 2 144115188075856466 67 2133 2 1224979098644774951 229 5 0 1073741855 2 144115188075856466 72 31 2 144115188075856466 73 2133 2 1224979098644774951 230 5 0 1073741855 2 144115188075856466 74 31 2 144115188075856466 75 2133 2 1224979098644774951 231 5 0 1073741855 2 144115188075856466 36 31 2 144115188075856466 37 2133 2 1224979098644774951 232 5 0 1073741855 2 144115188075856466 62 31 2 144115188075856466 63 2133 2 1224979098644774951 233 5 0 1073741855 2 144115188075856466 60 31 2 144115188075856466 61 2133 2 1224979098644774951 234 5 0 1073741855 2 144115188075856466 54 31 2 144115188075856466 55 2133 2 1224979098644774951 235 5 0 1073741855 2 144115188075856466 52 31 2 144115188075856466 53 2133 2 1224979098644774951 236 5 0 1073741855 2 144115188075856466 38 31 2 144115188075856466 39 2133 2 1224979098644774951 237 5 0 1073741855 2 144115188075856466 132 31 2 144115188075856466 133 2133 2 1224979098644774951 238 5 0 1073741855 2 144115188075856466 119 31 2 144115188075856466 120 2133 2 1224979098644774951 239 5 0 1073741855 2 144115188075856466 113 31 2 144115188075856466 114 2133 2 1224979098644774951 240 5 0 1073741855 2 144115188075856466 111 31 2 144115188075856466 112 2133 2 1224979098644774951 241 5 0 1073741855 2 144115188075856466 98 31 2 144115188075856466 99 2133 2 1224979098644774951 242 5 0 1073741855 2 144115188075856466 107 31 2 144115188075856466 108 2133 2 1224979098644774951 243 5 0 31 2 144115188075856466 88 2133 2 1224979098644774951 244 5 0 1073741855 2 144115188075856466 50 31 2 144115188075856466 51 2133 2 1224979098644774951 246 5 0 1073741855 2 144115188075856466 42 31 2 144115188075856466 43 2133 2 1224979098644774951 247 5 0 1073741855 2 144115188075856466 44 31 2 144115188075856466 45 2133 2 1224979098644774951 248 5 0 1073741855 2 144115188075856466 30 31 2 144115188075856466 31 2133 2 1224979098644774951 249 5 0 1073741855 2 144115188075856466 28 31 2 144115188075856466 29 2133 2 1224979098644774951 245 5 0 1073741855 2 144115188075856466 22 31 2 144115188075856466 23 2133 2 1224979098644774951 250 5 0 1073741855 2 144115188075856466 16 31 2 144115188075856466 17 2133 2 1224979098644774951 251 5 0 1073741855 2 144115188075856466 26 31 2 144115188075856466 27 2133 2 1224979098644774951 255 5 0 1073741855 2 144115188075856466 32 31 2 144115188075856466 33 2133 2 1224979098644774951 256 5 0 1073741855 2 144115188075856466 40 31 2 144115188075856466 41 2133 2 1224979098644774951 258 5 0 1073741855 2 144115188075856466 86 31 2 144115188075856466 87 2133 2 1224979098644774951 270 5 0 1073741855 2 144115188075856466 91 31 2 144115188075856466 92 2133 2 1224979098644774951 272 5 0 1073741855 2 144115188075856466 93 31 2 144115188075856466 94 2133 2 1224979098644774951 273 5 0 1073741855 2 144115188075856466 96 31 2 144115188075856466 97 2133 2 1224979098644774951 274 5 0 1073741855 2 144115188075856466 101 31 2 144115188075856466 102 2133 2 1224979098644774951 275 5 0 1073741855 2 144115188075856466 105 31 2 144115188075856466 106 2133 2 1224979098644774951 277 5 0 1073741855 2 144115188075856466 134 31 2 144115188075856466 135 2133 2 1224979098644774951 286 5 0 1073741855 2 144115188075856466 121 31 2 144115188075856466 122 2133 2 1224979098644774951 280 5 0 1073741855 2 144115188075856466 18 31 2 144115188075856466 19 2133 2 1224979098644774951 252 5 0 1073741855 2 144115188075856466 20 31 2 144115188075856466 21 2133 2 1224979098644774951 253 5 0 1073741855 2 144115188075856466 127 31 2 144115188075856466 128 2133 2 1224979098644774951 283 5 0 1073741855 2 144115188075856466 34 31 2 144115188075856466 35 2133 2 1224979098644774951 257 5 0 31 2 144115188075856466 46 2133 2 1224979098644774951 259 5 0 31 2 144115188075856466 47 2133 2 1224979098644774951 260 5 0 1073741855 2 144115188075856466 56 31 2 144115188075856466 57 2133 2 1224979098644774951 261 5 0 1073741855 2 144115188075856466 70 31 2 144115188075856466 71 2133 2 1224979098644774951 264 5 0 1073741855 2 144115188075856466 78 31 2 144115188075856466 79 2133 2 1224979098644774951 266 5 0 1073741855 2 144115188075856466 58 31 2 144115188075856466 59 2133 2 1224979098644774951 262 5 0 1073741855 2 144115188075856466 76 31 2 144115188075856466 77 2133 2 1224979098644774951 265 5 0 1073741855 2 144115188075856466 64 31 2 144115188075856466 65 2133 2 1224979098644774951 263 5 0 1073741855 2 144115188075856466 80 31 2 144115188075856466 81 2133 2 1224979098644774951 267 5 0 1073741855 2 144115188075856466 82 31 2 144115188075856466 83 2133 2 1224979098644774951 268 5 0 1073741855 2 144115188075856466 84 31 2 144115188075856466 85 2133 2 1224979098644774951 269 5 0 1073741855 2 144115188075856466 89 31 2 144115188075856466 90 2133 2 1224979098644774951 271 5 0 1073741855 2 144115188075856466 103 31 2 144115188075856466 104 2133 2 1224979098644774951 276 5 0 1073741855 2 144115188075856466 109 31 2 144115188075856466 110 2133 2 1224979098644774951 278 5 0 1073741855 2 144115188075856466 24 31 2 144115188075856466 25 2133 2 1224979098644774951 254 5 0 1073741855 2 144115188075856466 115 31 2 144115188075856466 116 2133 2 1224979098644774951 279 5 0 1073741855 2 144115188075856466 123 31 2 144115188075856466 124 2133 2 1224979098644774951 281 5 0 1073741855 2 144115188075856466 125 31 2 144115188075856466 126 2133 2 1224979098644774951 282 5 0 31 2 144115188075856466 131 2133 2 1224979098644774951 285 5 0 1073741855 2 144115188075856466 129 31 2 144115188075856466 130 2133 2 1224979098644774951 284 5 0 31 2 144115188075856466 137 2133 2 1224979098644774951 287 5 0 1073741857 3 144115188075856466 138 142 33 3 144115188075856466 158 262 2133 2 1224979098644774951 288 5 0 33 3 144115188075856466 142 146 2133 2 1224979098644774951 289 5 0 33 3 144115188075856466 146 154 2133 2 1224979098644774951 291 5 0 33 3 144115188075856466 154 158 2133 2 1224979098644774951 290 5 0 2133 2 1224979098644774951 288 3 0 911 2 72057594037927936 1224979098644774951 729 2 1 -1 730 2 1 550 926 2 72057594037927936 1 729 2 1 1002 730 2 1 1002 925 2 72057594037927936 1 911 2 72057594037927936 26 729 2 1 -1 730 2 1 -1 926 2 72057594037927936 1 729 2 1 1002 730 2 1 1002 925 2 72057594037927936 1 2133 2 1224979098644774952 1240 2133 2 1224979098644774953 40 2133 2 1224979098644774954 530 4 0 31 2 144115188075857501 0 2133 2 1224979098644774952 1300 5 0 31 2 144115188075857501 1 4 0 2105 2 1224979098644774952 1224979098644774953 4 0 31 2 144115188075856367 8 2106 2 1224979098644774952 1224979098644774953 3 0 4 0 1073741855 2 144115188075856367 13 31 2 144115188075856367 14 2122 3 1224979098644774955 1224979098644774953 6 2105 2 1224979098644774952 1224979098644774955 3 0 4 0 31 2 144115188075856367 14 2122 3 1224979098644774955 1224979098644774953 4 2105 2 1224979098644774952 1224979098644774955 3 0 1073741855 2 144115188075856367 1 1073741855 2 144115188075856367 2 1073741855 2 144115188075856367 3 1073741855 2 144115188075856367 4 1073741855 2 144115188075856367 5 1073741855 2 144115188075856367 8 31 2 144115188075856367 7 2105 2 1224979098644774952 1224979098644774953 2105 2 1224979098644774952 1224979098644774953 2105 2 1224979098644774952 1224979098644774953 2105 2 1224979098644774952 1224979098644774953 2105 2 1224979098644774952 1224979098644774953 2105 2 1224979098644774952 1224979098644774953 2105 2 1224979098644774952 1224979098644774953 2105 2 1224979098644774952 1224979098644774953 1073741855 2 144115188075856367 3 1073741855 2 144115188075856367 2 1073741855 2 144115188075856367 5 31 2 144115188075856367 7 2105 2 1224979098644774952 1224979098644774953 1073741855 2 144115188075856367 2 1073741855 2 144115188075856367 5 31 2 144115188075856367 7 2105 2 1224979098644774952 1224979098644774953 31 2 144115188075856367 7 2105 2 1224979098644774952 1224979098644774953 31 2 144115188075857696 1 2105 2 1224979098644774952 1224979098644774953 3 0 5 0 31 2 144115188075857501 2 2133 2 1224979098644774952 1780 4 0 31 2 144115188075857340 1 2105 2 1224979098644774952 1224979098644774953 3 0 4 0 1073741855 2 144115188075856367 13 31 2 144115188075856367 14 2105 2 1224979098644774952 200 3 0 4 0 2147483679 2 144115188075856367 0 31 2 144115188075857717 1 2105 2 1224979098644774952 300 3 0 5 0 31 2 144115188075857501 3 2133 2 1224979098644774952 1050 4 0 31 2 144115188075857341 1 2105 2 1224979098644774952 1224979098644774953 2105 2 1224979098644774952 1224979098644774953 3 0 4 0 31 2 144115188075857263 1 2105 2 1224979098644774952 1224979098644774953 2105 2 1224979098644774952 1224979098644774953 2105 2 1224979098644774952 1224979098644774953 2105 2 1224979098644774952 1224979098644774953 2105 2 1224979098644774952 1224979098644774953 2105 2 1224979098644774952 1224979098644774953 2105 2 1224979098644774952 1224979098644774953 2105 2 1224979098644774952 1224979098644774953 2105 2 1224979098644774952 1224979098644774953 2105 2 1224979098644774952 1224979098644774953 2105 2 1224979098644774952 1224979098644774953 2105 2 1224979098644774952 1224979098644774953 2105 2 1224979098644774952 1224979098644774953 2105 2 1224979098644774952 1224979098644774953 2105 2 1224979098644774952 1224979098644774953 2105 2 1224979098644774952 1224979098644774953 2105 2 1224979098644774952 1224979098644774953 2105 2 1224979098644774952 1224979098644774953 2105 2 1224979098644774952 1224979098644774953 3 0 3 0 2319 1 0 910 3 144115188075856424 0 8192 729 2 1 59 730 2 1 50 926 2 144115188075856424 1 729 2 1 640 730 2 1 520 929 2 144115188075856424 1 945 1 144115188075856424 2133 2 1224979098644774956 0 4 0 31 2 144115188075857501 0 1 2 293 2 1 2 293 3 1 2 293 4 910 3 72057594037927936 216172782113784134 0 729 2 1 0 730 2 1 1224979098644774952 926 2 72057594037927936 1 2352 1 0 4 0 31 2 144115188075856764 1 919 1 144115188075856427 729 2 1 390 730 2 1 1224979098644774952 926 2 144115188075856427 1 920 2 144115188075856427 0 5 0 2133 2 144115188075856427 -1 910 3 72057594037927936 0 0 729 2 1 385 730 2 1 1224979098644774952 926 2 72057594037927936 1 3 0 2106 2 1224979098644774952 1224979098644774953 910 3 72057594037927936 216172782113784135 0 729 2 1 0 730 2 1 1224979098644774952 926 2 72057594037927936 1 919 1 144115188075856428 729 2 1 390 730 2 1 1224979098644774952 926 2 144115188075856428 1 2351 1 0 920 2 144115188075856428 0 2106 2 1224979098644774952 1224979098644774953 910 3 72057594037927936 216172782113784179 0 729 2 1 0 730 2 1 1224979098644774952 926 2 72057594037927936 1 919 1 144115188075856429 729 2 1 390 730 2 1 1224979098644774952 926 2 144115188075856429 1 2353 1 0 920 2 144115188075856429 0 2106 2 1224979098644774952 1224979098644774953 910 3 72057594037927936 216172782113784136 0 729 2 1 0 730 2 1 1224979098644774952 926 2 72057594037927936 1 1 2 429 144115188075856367 2133 2 1224979098644774957 72057594037927936 2133 2 1224979098644774958 0 4 0 32 2 1224979098644774957 10 948 1 144115188075856430 5 0 916 1 144115188075856430 3 0 729 2 1 800 730 2 1 800 925 2 144115188075856430 1 4 0 32 2 1224979098644774957 10 729 2 1 465 5 0 729 2 1 490 3 0 730 2 1 1224979098644774952 926 2 144115188075856430 1 520 3 1224979098644774959 5 0 2133 2 1224979098644774956 0 6 3 1224979098644774960 0 1224979098644774957 2120 3 1224979098644774961 1224979098644774960 0 520 3 1224979098644774962 5 1224979098644774961 4 0 31 2 1224979098644774962 144115188075856466 415 1 1224979098644774963 32 2 1224979098644774963 -1 2322 2 0 1435 5 0 2121 3 1224979098644774964 1224979098644774962 16 2105 2 1224979098644774964 216172782113783855 2320 2 0 1224979098644774964 3 0 931 2 144115188075856430 0 4 0 31 2 1224979098644774962 144115188075856466 2133 2 1224979098644774958 1224979098644774960 2133 2 1224979098644774956 1 3 0 3 0 927 2 144115188075856430 1224979098644774958 910 3 72057594037927936 216172782113785072 0 729 2 1 0 730 2 1 1224979098644774952 926 2 72057594037927936 1 912 3 144115188075857420 216172782113785073 0 729 2 1 125 730 2 1 1224979098644774952 926 2 144115188075857420 1 2106 2 1224979098644774952 1224979098644774953 910 3 72057594037927936 216172782113785052 0 729 2 1 0 730 2 1 1224979098644774952 926 2 72057594037927936 1 942 3 144115188075857421 0 101 729 2 1 1224979098644774954 730 2 1 1224979098644774952 926 2 144115188075857421 1 927 2 144115188075857421 144115188075857698 2106 2 1224979098644774952 1224979098644774953 910 3 72057594037927936 216172782113784137 0 729 2 1 0 730 2 1 1224979098644774952 926 2 72057594037927936 1 4 0 31 2 144115188075856765 1 916 1 144115188075856431 729 2 1 800 730 2 1 800 925 2 144115188075856431 1 729 2 1 490 730 2 1 1224979098644774952 926 2 144115188075856431 1 2133 2 1224979098644774965 10 4 0 419 0 2105 2 1224979098644774965 1 3 0 2133 2 1224979098644774966 0 4 0 255 0 417 0 2133 2 1224979098644774966 1 3 0 6 3 1224979098644774967 0 1224979098644774965 3221225503 2 1224979098644774967 9 31 2 1224979098644774966 1 2147483679 2 1224979098644774967 10 2120 3 1224979098644774964 1224979098644774967 216172782113784102 2320 2 0 1224979098644774964 931 2 144115188075856431 0 3 0 931 2 144115188075856431 216172782113784113 931 2 144115188075856431 216172782113784114 931 2 144115188075856431 216172782113784115 931 2 144115188075856431 216172782113784116 931 2 144115188075856431 216172782113784117 2133 2 1224979098644774968 144115188075856367 4 0 3221225889 0 2147483903 0 30 2 1224979098644774968 10 2106 2 1224979098644774968 1 3 0 927 2 144115188075856431 1224979098644774968 5 0 2133 2 144115188075856431 -1 2120 3 1224979098644774964 144115188075856367 216172782113784102 2320 2 0 1224979098644774964 910 3 72057594037927936 0 0 729 2 1 385 730 2 1 1224979098644774952 926 2 72057594037927936 1 3 0 2106 2 1224979098644774952 1224979098644774953 2133 2 72057594037927937 1 910 3 72057594037927936 216172782113784140 0 729 2 1 0 730 2 1 1224979098644774952 926 2 72057594037927936 1 916 1 144115188075856432 729 2 1 800 730 2 1 800 925 2 144115188075856432 1 729 2 1 490 730 2 1 1224979098644774952 926 2 144115188075856432 1 1 5 411 144115188075856432 144115188075856467 0 -1 2106 2 1224979098644774952 1224979098644774953 910 3 72057594037927936 216172782113785157 0 729 2 1 0 730 2 1 1224979098644774952 926 2 72057594037927936 1 916 1 144115188075857422 729 2 1 800 730 2 1 800 925 2 144115188075857422 1 729 2 1 490 730 2 1 1224979098644774952 926 2 144115188075857422 1 1 5 411 144115188075857422 144115188075857502 1 144115188075856467 2106 2 1224979098644774952 1224979098644774953 2133 2 72057594037927937 2 910 3 72057594037927936 216172782113784140 0 729 2 1 0 730 2 1 1224979098644774952 926 2 72057594037927936 1 916 1 144115188075856433 729 2 1 800 730 2 1 800 925 2 144115188075856433 1 729 2 1 490 730 2 1 1224979098644774952 926 2 144115188075856433 1 1 5 411 144115188075856433 144115188075856468 0 -1 2106 2 1224979098644774952 1224979098644774953 910 3 72057594037927936 216172782113785157 0 729 2 1 0 730 2 1 1224979098644774952 926 2 72057594037927936 1 916 1 144115188075857423 729 2 1 800 730 2 1 800 925 2 144115188075857423 1 729 2 1 490 730 2 1 1224979098644774952 926 2 144115188075857423 1 1 5 411 144115188075857423 144115188075857503 1 144115188075856468 2106 2 1224979098644774952 1224979098644774953 4 0 2147483679 2 144115188075856367 7 2147483679 2 144115188075856367 14 2133 2 72057594037927937 1 910 3 72057594037927936 216172782113784139 0 729 2 1 0 730 2 1 1224979098644774952 926 2 72057594037927936 1 942 3 144115188075856435 0 144115188075857052 729 2 1 1224979098644774954 730 2 1 1224979098644774952 926 2 144115188075856435 1 927 2 144115188075856435 144115188075856770 2106 2 1224979098644774952 1224979098644774953 2133 2 72057594037927937 2 910 3 72057594037927936 216172782113784139 0 729 2 1 0 730 2 1 1224979098644774952 926 2 72057594037927936 1 942 3 144115188075856436 0 144115188075857052 729 2 1 1224979098644774954 730 2 1 1224979098644774952 926 2 144115188075856436 1 927 2 144115188075856436 144115188075856771 2106 2 1224979098644774952 1224979098644774953 5 0 2133 2 144115188075856435 -1 2133 2 144115188075856436 -1 3 0 4 0 2147483679 2 144115188075856367 7 910 3 72057594037927936 216172782113784462 0 729 2 1 0 730 2 1 1224979098644774952 926 2 72057594037927936 1 942 3 144115188075857318 0 10000 729 2 1 1224979098644774954 730 2 1 1224979098644774952 926 2 144115188075857318 1 927 2 144115188075857318 144115188075857400 2106 2 1224979098644774952 1224979098644774953 910 3 72057594037927936 216172782113784463 0 729 2 1 0 730 2 1 1224979098644774952 926 2 72057594037927936 1 942 3 144115188075857319 0 10000 729 2 1 1224979098644774954 730 2 1 1224979098644774952 926 2 144115188075857319 1 927 2 144115188075857319 144115188075857401 2106 2 1224979098644774952 1224979098644774953 3 0 4 0 2147483679 2 144115188075856367 4 2147483679 2 144115188075856367 8 910 3 72057594037927936 216172782113784148 0 729 2 1 0 730 2 1 1224979098644774952 926 2 72057594037927936 1 942 3 144115188075856444 5 241 729 2 1 1224979098644774954 730 2 1 1224979098644774952 926 2 144115188075856444 1 927 2 144115188075856444 144115188075856762 2106 2 1224979098644774952 1224979098644774953 5 0 2133 2 144115188075856444 -1 3 0 4 0 1073741855 2 144115188075856367 2 1073741855 2 144115188075856367 5 31 2 144115188075856367 7 910 3 72057594037927936 216172782113784149 0 729 2 1 0 730 2 1 1224979098644774952 926 2 72057594037927936 1 942 3 144115188075856445 60 3601 729 2 1 1224979098644774954 730 2 1 1224979098644774952 926 2 144115188075856445 1 927 2 144115188075856445 144115188075856761 2106 2 1224979098644774952 1224979098644774953 5 0 2133 2 144115188075856445 -1 3 0 4 0 2147483679 2 144115188075856367 13 2147483679 2 144115188075856367 14 910 3 72057594037927936 216172782113784151 0 729 2 1 0 730 2 1 1224979098644774952 926 2 72057594037927936 1 942 3 144115188075856448 1 10001 729 2 1 1224979098644774954 730 2 1 1224979098644774952 926 2 144115188075856448 1 927 2 144115188075856448 144115188075856763 2106 2 1224979098644774952 1224979098644774953 3 0 911 2 72057594037927936 6 921 2 72057594037927936 1224979098644774919 922 2 72057594037927936 208 729 2 1 7 2121 3 1224979098644774969 1224979098644774952 1224979098644774921 730 2 1 1224979098644774969 926 2 72057594037927936 1 729 2 1 1224979098644774920 730 2 1 70 925 2 72057594037927936 1 910 3 72057594037927936 216172782113785225 0 921 2 72057594037927936 1224979098644774919 729 2 1 1224979098644774918 730 2 1 1224979098644774952 926 2 72057594037927936 1 2106 2 1224979098644774952 1224979098644774953 910 3 72057594037927936 216172782113785209 0 729 2 1 0 730 2 1 1224979098644774952 926 2 72057594037927936 1 942 3 144115188075857424 0 20 729 2 1 1224979098644774954 730 2 1 1224979098644774952 926 2 144115188075857424 1 927 2 144115188075857424 144115188075857504 2106 2 1224979098644774952 1224979098644774953 910 3 72057594037927936 216172782113785210 0 729 2 1 30 730 2 1 1224979098644774952 926 2 72057594037927936 1 918 3 144115188075857425 4 5 729 2 1 7 2120 3 1224979098644774969 1224979098644774952 7 730 2 1 1224979098644774969 926 2 144115188075857425 1 927 2 144115188075857425 144115188075857683 2106 2 1224979098644774952 1224979098644774953 910 3 72057594037927936 216172782113785211 0 729 2 1 30 730 2 1 1224979098644774952 926 2 72057594037927936 1 918 3 144115188075857426 4 5 729 2 1 7 2120 3 1224979098644774969 1224979098644774952 7 730 2 1 1224979098644774969 926 2 144115188075857426 1 927 2 144115188075857426 144115188075857505 2106 2 1224979098644774952 1224979098644774953 910 3 72057594037927936 216172782113785212 0 729 2 1 30 730 2 1 1224979098644774952 926 2 72057594037927936 1 918 3 144115188075857779 4 5 729 2 1 7 2120 3 1224979098644774969 1224979098644774952 7 730 2 1 1224979098644774969 926 2 144115188075857779 1 927 2 144115188075857779 144115188075857823 2106 2 1224979098644774952 1224979098644774953 910 3 72057594037927936 216172782113785213 0 729 2 1 30 730 2 1 1224979098644774952 926 2 72057594037927936 1 918 3 144115188075857427 4 5 729 2 1 7 2120 3 1224979098644774969 1224979098644774952 7 730 2 1 1224979098644774969 926 2 144115188075857427 1 927 2 144115188075857427 144115188075857685 2106 2 1224979098644774952 1224979098644774953 910 3 72057594037927936 216172782113785214 0 729 2 1 30 730 2 1 1224979098644774952 926 2 72057594037927936 1 918 3 144115188075857428 4 5 729 2 1 7 2120 3 1224979098644774969 1224979098644774952 7 730 2 1 1224979098644774969 926 2 144115188075857428 1 927 2 144115188075857428 144115188075857506 2106 2 1224979098644774952 1224979098644774953 911 2 72057594037927936 6 921 2 72057594037927936 1224979098644774919 922 2 72057594037927936 208 729 2 1 7 2121 3 1224979098644774969 1224979098644774952 1224979098644774921 730 2 1 1224979098644774969 926 2 72057594037927936 1 729 2 1 1224979098644774920 730 2 1 70 925 2 72057594037927936 1 910 3 72057594037927936 216172782113785226 0 921 2 72057594037927936 1224979098644774919 729 2 1 1224979098644774917 730 2 1 1224979098644774952 926 2 72057594037927936 1 2106 2 1224979098644774952 1224979098644774953 910 3 72057594037927936 216172782113784612 0 729 2 1 30 730 2 1 1224979098644774952 926 2 72057594037927936 1 918 3 144115188075857322 4 5 729 2 1 7 2120 3 1224979098644774969 1224979098644774952 7 730 2 1 1224979098644774969 926 2 144115188075857322 1 927 2 144115188075857322 144115188075857377 2106 2 1224979098644774952 1224979098644774953 910 3 72057594037927936 216172782113784183 0 729 2 1 30 730 2 1 1224979098644774952 926 2 72057594037927936 1 918 3 144115188075856462 4 5 729 2 1 7 2120 3 1224979098644774969 1224979098644774952 7 730 2 1 1224979098644774969 926 2 144115188075856462 1 927 2 144115188075856462 144115188075856781 2106 2 1224979098644774952 1224979098644774953 910 3 72057594037927936 216172782113784464 0 729 2 1 30 730 2 1 1224979098644774952 926 2 72057594037927936 1 918 3 144115188075857324 4 5 729 2 1 7 2120 3 1224979098644774969 1224979098644774952 7 730 2 1 1224979098644774969 926 2 144115188075857324 1 927 2 144115188075857324 144115188075857402 2106 2 1224979098644774952 1224979098644774953 910 3 72057594037927936 216172782113785038 0 729 2 1 30 730 2 1 1224979098644774952 926 2 72057594037927936 1 918 3 144115188075857429 4 5 729 2 1 7 2120 3 1224979098644774969 1224979098644774952 7 730 2 1 1224979098644774969 926 2 144115188075857429 1 927 2 144115188075857429 144115188075857672 2106 2 1224979098644774952 1224979098644774953 910 3 72057594037927936 216172782113785040 0 729 2 1 30 730 2 1 1224979098644774952 926 2 72057594037927936 1 918 3 144115188075857430 4 5 729 2 1 7 2120 3 1224979098644774969 1224979098644774952 7 730 2 1 1224979098644774969 926 2 144115188075857430 1 927 2 144115188075857430 144115188075857673 2106 2 1224979098644774952 1224979098644774953 910 3 72057594037927936 216172782113784146 0 729 2 1 0 730 2 1 1224979098644774952 926 2 72057594037927936 1 916 1 144115188075856441 729 2 1 800 730 2 1 800 925 2 144115188075856441 1 729 2 1 490 730 2 1 1224979098644774952 926 2 144115188075856441 1 931 2 144115188075856441 216172782113784168 931 2 144115188075856441 216172782113784169 931 2 144115188075856441 216172782113784170 931 2 144115188075856441 216172782113784171 487 1 1224979098644774970 927 2 144115188075856441 1224979098644774970 2106 2 1224979098644774952 1224979098644774953 910 3 72057594037927936 216172782113784147 0 729 2 1 0 730 2 1 1224979098644774952 926 2 72057594037927936 1 916 1 144115188075856442 729 2 1 800 730 2 1 800 925 2 144115188075856442 1 729 2 1 490 730 2 1 1224979098644774952 926 2 144115188075856442 1 931 2 144115188075856442 216172782113784166 931 2 144115188075856442 216172782113784167 482 1 1224979098644774971 927 2 144115188075856442 1224979098644774971 2106 2 1224979098644774952 1224979098644774953 910 3 72057594037927936 216172782113784156 0 729 2 1 0 730 2 1 1224979098644774952 926 2 72057594037927936 1 916 1 144115188075856443 729 2 1 800 730 2 1 800 925 2 144115188075856443 1 729 2 1 490 730 2 1 1224979098644774952 926 2 144115188075856443 1 931 2 144115188075856443 216172782113784157 931 2 144115188075856443 216172782113784158 931 2 144115188075856443 216172782113784159 931 2 144115188075856443 216172782113784160 931 2 144115188075856443 216172782113784161 478 1 1224979098644774972 927 2 144115188075856443 1224979098644774972 2106 2 1224979098644774952 1224979098644774953 5 0 31 2 144115188075857501 1 1 2 293 1 1 2 293 3 1 2 293 4 2133 2 1224979098644774956 1 910 3 72057594037927936 216172782113784137 0 729 2 1 0 730 2 1 1224979098644774952 926 2 72057594037927936 1 4 0 31 2 144115188075856765 1 916 1 144115188075856431 729 2 1 800 730 2 1 800 925 2 144115188075856431 1 729 2 1 490 730 2 1 1224979098644774952 926 2 144115188075856431 1 2133 2 1224979098644774965 10 4 0 419 0 2105 2 1224979098644774965 1 3 0 2133 2 1224979098644774966 0 4 0 255 0 417 0 2133 2 1224979098644774966 1 3 0 6 3 1224979098644774967 0 1224979098644774965 3221225503 2 1224979098644774967 9 31 2 1224979098644774966 1 2147483679 2 1224979098644774967 10 2120 3 1224979098644774964 1224979098644774967 216172782113784102 2320 2 0 1224979098644774964 931 2 144115188075856431 0 3 0 931 2 144115188075856431 216172782113784113 931 2 144115188075856431 216172782113784114 931 2 144115188075856431 216172782113784115 931 2 144115188075856431 216172782113784116 931 2 144115188075856431 216172782113784117 2133 2 1224979098644774968 144115188075856367 4 0 3221225889 0 2147483903 0 30 2 1224979098644774968 10 2106 2 1224979098644774968 1 3 0 927 2 144115188075856431 1224979098644774968 5 0 2133 2 144115188075856431 -1 2120 3 1224979098644774964 144115188075856367 216172782113784102 2320 2 0 1224979098644774964 910 3 72057594037927936 0 0 729 2 1 385 730 2 1 1224979098644774952 926 2 72057594037927936 1 3 0 2106 2 1224979098644774952 1224979098644774953 4 0 31 2 144115188075856367 7 910 3 72057594037927936 216172782113784468 0 729 2 1 0 730 2 1 1224979098644774952 926 2 72057594037927936 1 942 3 144115188075857169 0 201 729 2 1 1224979098644774954 730 2 1 1224979098644774952 926 2 144115188075857169 1 927 2 144115188075857169 144115188075857271 2106 2 1224979098644774952 1224979098644774953 910 3 72057594037927936 216172782113784469 0 729 2 1 30 730 2 1 1224979098644774952 926 2 72057594037927936 1 918 3 144115188075857170 4 5 729 2 1 7 2120 3 1224979098644774969 1224979098644774952 7 730 2 1 1224979098644774969 926 2 144115188075857170 1 927 2 144115188075857170 144115188075857272 2106 2 1224979098644774952 1224979098644774953 910 3 72057594037927936 216172782113784470 0 729 2 1 0 730 2 1 1224979098644774952 926 2 72057594037927936 1 942 3 144115188075857317 50 501 729 2 1 1224979098644774954 730 2 1 1224979098644774952 926 2 144115188075857317 1 927 2 144115188075857317 144115188075857406 2106 2 1224979098644774952 1224979098644774953 910 3 72057594037927936 216172782113785055 0 729 2 1 30 730 2 1 1224979098644774952 926 2 72057594037927936 1 918 3 144115188075857431 4 5 729 2 1 7 2120 3 1224979098644774969 1224979098644774952 7 730 2 1 1224979098644774969 926 2 144115188075857431 1 927 2 144115188075857431 144115188075857696 2106 2 1224979098644774952 1224979098644774953 4 0 31 2 144115188075857696 1 910 3 72057594037927936 216172782113785058 0 729 2 1 0 730 2 1 1224979098644774952 926 2 72057594037927936 1 942 3 144115188075857432 1 101 729 2 1 1224979098644774954 730 2 1 1224979098644774952 926 2 144115188075857432 1 927 2 144115188075857432 144115188075857694 2106 2 1224979098644774952 1224979098644774953 5 0 2133 2 144115188075857432 -1 3 0 910 3 72057594037927936 216172782113785049 0 729 2 1 30 730 2 1 1224979098644774952 926 2 72057594037927936 1 918 3 144115188075857433 4 5 729 2 1 7 2120 3 1224979098644774969 1224979098644774952 7 730 2 1 1224979098644774969 926 2 144115188075857433 1 927 2 144115188075857433 144115188075857697 2106 2 1224979098644774952 1224979098644774953 5 0 2133 2 144115188075857169 -1 2133 2 144115188075857170 -1 2133 2 144115188075857317 -1 2133 2 144115188075857431 -1 2133 2 144115188075857433 -1 2133 2 144115188075857432 -1 3 0 4 0 1073741855 2 144115188075856367 2 31 2 144115188075856367 7 910 3 72057594037927936 216172782113784150 0 729 2 1 30 730 2 1 1224979098644774952 926 2 72057594037927936 1 918 3 144115188075856446 4 5 729 2 1 7 2120 3 1224979098644774969 1224979098644774952 7 730 2 1 1224979098644774969 926 2 144115188075856446 1 927 2 144115188075856446 144115188075856780 2106 2 1224979098644774952 1224979098644774953 5 0 2133 2 144115188075856446 -1 3 0 4 0 31 2 144115188075856367 5 910 3 72057594037927936 216172782113784164 0 729 2 1 0 730 2 1 1224979098644774952 926 2 72057594037927936 1 916 1 144115188075856447 729 2 1 800 730 2 1 800 925 2 144115188075856447 1 729 2 1 490 730 2 1 1224979098644774952 926 2 144115188075856447 1 2133 2 72057594037927936 10 931 2 144115188075856447 216172782113784185 2133 2 72057594037927936 9 931 2 144115188075856447 216172782113784185 2133 2 72057594037927936 8 931 2 144115188075856447 216172782113784185 2133 2 72057594037927936 7 931 2 144115188075856447 216172782113784185 2133 2 72057594037927936 6 931 2 144115188075856447 216172782113784185 2133 2 72057594037927936 5 931 2 144115188075856447 216172782113784185 2133 2 72057594037927936 4 931 2 144115188075856447 216172782113784185 2133 2 72057594037927936 3 931 2 144115188075856447 216172782113784185 2133 2 72057594037927936 2 931 2 144115188075856447 216172782113784185 2133 2 72057594037927936 1 931 2 144115188075856447 216172782113784185 931 2 144115188075856447 216172782113784165 2121 3 1224979098644774973 10 144115188075856772 927 2 144115188075856447 1224979098644774973 2106 2 1224979098644774952 1224979098644774953 5 0 2133 2 144115188075856447 -1 3 0 4 0 31 2 144115188075856367 4 910 3 72057594037927936 216172782113784152 0 729 2 1 0 730 2 1 1224979098644774952 926 2 72057594037927936 1 942 3 144115188075856449 25 401 729 2 1 1224979098644774954 730 2 1 1224979098644774952 926 2 144115188075856449 1 927 2 144115188075856449 144115188075856766 2106 2 1224979098644774952 1224979098644774953 5 0 2133 2 144115188075856449 -1 3 0 4 0 31 2 144115188075856367 3 910 3 72057594037927936 216172782113784153 0 729 2 1 0 730 2 1 1224979098644774952 926 2 72057594037927936 1 942 3 144115188075856450 0 11 729 2 1 1224979098644774954 730 2 1 1224979098644774952 926 2 144115188075856450 1 927 2 144115188075856450 144115188075856767 2106 2 1224979098644774952 1224979098644774953 5 0 2133 2 144115188075856450 -1 3 0 4 0 2147483679 2 144115188075856367 0 2147483679 2 144115188075856367 1 2147483679 2 144115188075856367 6 2147483679 2 144115188075856367 9 911 2 72057594037927936 6 921 2 72057594037927936 1224979098644774919 922 2 72057594037927936 208 729 2 1 7 2121 3 1224979098644774969 1224979098644774952 1224979098644774921 730 2 1 1224979098644774969 926 2 72057594037927936 1 729 2 1 1224979098644774920 730 2 1 70 925 2 72057594037927936 1 910 3 72057594037927936 216172782113785234 0 921 2 72057594037927936 1224979098644774919 729 2 1 1224979098644774917 730 2 1 1224979098644774952 926 2 72057594037927936 1 2106 2 1224979098644774952 1224979098644774953 910 3 72057594037927936 216172782113784613 0 729 2 1 30 730 2 1 1224979098644774952 926 2 72057594037927936 1 918 3 144115188075857323 4 5 729 2 1 7 2120 3 1224979098644774969 1224979098644774952 7 730 2 1 1224979098644774969 926 2 144115188075857323 1 927 2 144115188075857323 144115188075857378 2106 2 1224979098644774952 1224979098644774953 5 0 2133 2 144115188075857323 -1 3 0 910 3 72057594037927936 216172782113784178 0 729 2 1 0 730 2 1 1224979098644774952 926 2 72057594037927936 1 916 1 144115188075856461 729 2 1 800 730 2 1 800 925 2 144115188075856461 1 729 2 1 490 730 2 1 1224979098644774952 926 2 144115188075856461 1 931 2 144115188075856461 216172782113784165 2133 2 72057594037927936 6 931 2 144115188075856461 216172782113784185 2133 2 72057594037927936 5 931 2 144115188075856461 216172782113784185 2133 2 72057594037927936 4 931 2 144115188075856461 216172782113784185 2133 2 72057594037927936 3 931 2 144115188075856461 216172782113784185 2133 2 72057594037927936 2 931 2 144115188075856461 216172782113784185 4 0 30 2 144115188075856779 1000 927 2 144115188075856461 0 5 0 2121 3 1224979098644774974 7 144115188075856779 927 2 144115188075856461 1224979098644774974 3 0 2106 2 1224979098644774952 1224979098644774953 911 2 72057594037927936 6 921 2 72057594037927936 1224979098644774919 922 2 72057594037927936 208 729 2 1 7 2121 3 1224979098644774969 1224979098644774952 1224979098644774921 730 2 1 1224979098644774969 926 2 72057594037927936 1 729 2 1 1224979098644774920 730 2 1 70 925 2 72057594037927936 1 910 3 72057594037927936 216172782113785228 0 921 2 72057594037927936 1224979098644774919 729 2 1 1224979098644774917 730 2 1 1224979098644774952 926 2 72057594037927936 1 2106 2 1224979098644774952 1224979098644774953 4 0 1073741855 2 144115188075856367 13 31 2 144115188075856367 14 910 3 72057594037927936 216172782113785265 0 729 2 1 0 730 2 1 1224979098644774952 926 2 72057594037927936 1 2106 2 1224979098644774952 1224979098644774953 910 3 72057594037927936 216172782113785254 0 729 2 1 1224979098644774935 730 2 1 1224979098644774952 926 2 72057594037927936 1 942 3 144115188075857434 0 101 729 2 1 1224979098644774936 730 2 1 1224979098644774952 926 2 144115188075857434 1 927 2 144115188075857434 144115188075857749 910 3 72057594037927936 216172782113785255 0 729 2 1 1224979098644774937 730 2 1 1224979098644774952 926 2 72057594037927936 1 942 3 144115188075857435 0 101 729 2 1 1224979098644774938 730 2 1 1224979098644774952 926 2 144115188075857435 1 927 2 144115188075857435 144115188075857750 910 3 72057594037927936 216172782113785256 0 729 2 1 1224979098644774939 730 2 1 1224979098644774952 926 2 72057594037927936 1 942 3 144115188075857436 0 101 729 2 1 1224979098644774940 730 2 1 1224979098644774952 926 2 144115188075857436 1 927 2 144115188075857436 144115188075857751 2106 2 1224979098644774952 1224979098644774953 910 3 72057594037927936 216172782113785257 0 729 2 1 1224979098644774935 730 2 1 1224979098644774952 926 2 72057594037927936 1 942 3 144115188075857437 0 101 729 2 1 1224979098644774936 730 2 1 1224979098644774952 926 2 144115188075857437 1 927 2 144115188075857437 144115188075857752 910 3 72057594037927936 216172782113785259 0 729 2 1 1224979098644774937 730 2 1 1224979098644774952 926 2 72057594037927936 1 942 3 144115188075857780 0 101 729 2 1 1224979098644774938 730 2 1 1224979098644774952 926 2 144115188075857780 1 927 2 144115188075857780 144115188075857948 910 3 72057594037927936 216172782113785260 0 729 2 1 1224979098644774939 730 2 1 1224979098644774952 926 2 72057594037927936 1 942 3 144115188075857781 0 101 729 2 1 1224979098644774940 730 2 1 1224979098644774952 926 2 144115188075857781 1 927 2 144115188075857781 144115188075857949 2106 2 1224979098644774952 1224979098644774953 910 3 72057594037927936 216172782113785261 0 729 2 1 1224979098644774935 730 2 1 1224979098644774952 926 2 72057594037927936 1 942 3 144115188075857439 0 101 729 2 1 1224979098644774936 730 2 1 1224979098644774952 926 2 144115188075857439 1 927 2 144115188075857439 144115188075857754 910 3 72057594037927936 216172782113785262 0 729 2 1 1224979098644774937 730 2 1 1224979098644774952 926 2 72057594037927936 1 942 3 144115188075857440 0 101 729 2 1 1224979098644774938 730 2 1 1224979098644774952 926 2 144115188075857440 1 927 2 144115188075857440 144115188075857755 910 3 72057594037927936 216172782113785263 0 729 2 1 1224979098644774939 730 2 1 1224979098644774952 926 2 72057594037927936 1 942 3 144115188075857441 0 101 729 2 1 1224979098644774940 730 2 1 1224979098644774952 926 2 144115188075857441 1 927 2 144115188075857441 144115188075857756 2106 2 1224979098644774952 1224979098644774953 5 0 910 3 72057594037927936 216172782113784154 0 729 2 1 0 730 2 1 1224979098644774952 926 2 72057594037927936 1 942 3 144115188075856451 3 121 729 2 1 1224979098644774954 730 2 1 1224979098644774952 926 2 144115188075856451 1 927 2 144115188075856451 144115188075856760 2106 2 1224979098644774952 1224979098644774953 3 0 4 0 31 2 144115188075856367 14 911 2 72057594037927936 6 921 2 72057594037927936 1224979098644774919 922 2 72057594037927936 208 729 2 1 7 2121 3 1224979098644774969 1224979098644774952 1224979098644774921 730 2 1 1224979098644774969 926 2 72057594037927936 1 729 2 1 1224979098644774920 730 2 1 70 925 2 72057594037927936 1 910 3 72057594037927936 216172782113785229 0 921 2 72057594037927936 1224979098644774919 729 2 1 1224979098644774917 730 2 1 1224979098644774952 926 2 72057594037927936 1 2106 2 1224979098644774952 1224979098644774953 910 3 72057594037927936 216172782113785254 0 729 2 1 0 730 2 1 1224979098644774952 926 2 72057594037927936 1 2106 2 1224979098644774952 1224979098644774953 910 3 72057594037927936 216172782113785466 0 729 2 1 1224979098644774942 730 2 1 1224979098644774952 926 2 72057594037927936 1 942 3 144115188075857782 0 101 729 2 1 1224979098644774936 730 2 1 1224979098644774952 926 2 144115188075857782 1 927 2 144115188075857782 144115188075857910 910 3 72057594037927936 216172782113785467 0 729 2 1 1224979098644774937 730 2 1 1224979098644774952 926 2 72057594037927936 1 942 3 144115188075857783 0 11 729 2 1 1224979098644774938 730 2 1 1224979098644774952 926 2 144115188075857783 1 927 2 144115188075857783 144115188075857911 2106 2 1224979098644774952 1224979098644774953 910 3 72057594037927936 216172782113785255 0 729 2 1 0 730 2 1 1224979098644774952 926 2 72057594037927936 1 2106 2 1224979098644774952 1224979098644774953 910 3 72057594037927936 216172782113785466 0 729 2 1 1224979098644774942 730 2 1 1224979098644774952 926 2 72057594037927936 1 942 3 144115188075857784 0 101 729 2 1 1224979098644774936 730 2 1 1224979098644774952 926 2 144115188075857784 1 927 2 144115188075857784 144115188075857912 910 3 72057594037927936 216172782113785467 0 729 2 1 1224979098644774937 730 2 1 1224979098644774952 926 2 72057594037927936 1 942 3 144115188075857785 0 11 729 2 1 1224979098644774938 730 2 1 1224979098644774952 926 2 144115188075857785 1 927 2 144115188075857785 144115188075857913 2106 2 1224979098644774952 1224979098644774953 910 3 72057594037927936 216172782113785256 0 729 2 1 0 730 2 1 1224979098644774952 926 2 72057594037927936 1 2106 2 1224979098644774952 1224979098644774953 910 3 72057594037927936 216172782113785466 0 729 2 1 1224979098644774942 730 2 1 1224979098644774952 926 2 72057594037927936 1 942 3 144115188075857786 0 101 729 2 1 1224979098644774936 730 2 1 1224979098644774952 926 2 144115188075857786 1 927 2 144115188075857786 144115188075857914 910 3 72057594037927936 216172782113785467 0 729 2 1 1224979098644774937 730 2 1 1224979098644774952 926 2 72057594037927936 1 942 3 144115188075857787 0 11 729 2 1 1224979098644774938 730 2 1 1224979098644774952 926 2 144115188075857787 1 927 2 144115188075857787 144115188075857915 2106 2 1224979098644774952 1224979098644774953 910 3 72057594037927936 216172782113785257 0 729 2 1 0 730 2 1 1224979098644774952 926 2 72057594037927936 1 2106 2 1224979098644774952 1224979098644774953 910 3 72057594037927936 216172782113785466 0 729 2 1 1224979098644774942 730 2 1 1224979098644774952 926 2 72057594037927936 1 942 3 144115188075857788 0 101 729 2 1 1224979098644774936 730 2 1 1224979098644774952 926 2 144115188075857788 1 927 2 144115188075857788 144115188075857916 910 3 72057594037927936 216172782113785467 0 729 2 1 1224979098644774937 730 2 1 1224979098644774952 926 2 72057594037927936 1 942 3 144115188075857789 0 11 729 2 1 1224979098644774938 730 2 1 1224979098644774952 926 2 144115188075857789 1 927 2 144115188075857789 144115188075857917 2106 2 1224979098644774952 1224979098644774953 910 3 72057594037927936 216172782113785258 0 729 2 1 0 730 2 1 1224979098644774952 926 2 72057594037927936 1 2106 2 1224979098644774952 1224979098644774953 910 3 72057594037927936 216172782113785466 0 729 2 1 1224979098644774942 730 2 1 1224979098644774952 926 2 72057594037927936 1 942 3 144115188075857790 0 101 729 2 1 1224979098644774936 730 2 1 1224979098644774952 926 2 144115188075857790 1 927 2 144115188075857790 144115188075857918 910 3 72057594037927936 216172782113785468 0 729 2 1 1224979098644774937 730 2 1 1224979098644774952 926 2 72057594037927936 1 942 3 144115188075857791 0 11 729 2 1 1224979098644774938 730 2 1 1224979098644774952 926 2 144115188075857791 1 927 2 144115188075857791 144115188075857919 2106 2 1224979098644774952 1224979098644774953 911 2 72057594037927936 6 921 2 72057594037927936 1224979098644774919 922 2 72057594037927936 208 729 2 1 7 2121 3 1224979098644774969 1224979098644774952 1224979098644774921 730 2 1 1224979098644774969 926 2 72057594037927936 1 729 2 1 1224979098644774920 730 2 1 70 925 2 72057594037927936 1 910 3 72057594037927936 216172782113785230 0 921 2 72057594037927936 1224979098644774919 729 2 1 1224979098644774917 730 2 1 1224979098644774952 926 2 72057594037927936 1 2106 2 1224979098644774952 1224979098644774953 910 3 72057594037927936 216172782113785469 0 729 2 1 30 730 2 1 1224979098644774952 926 2 72057594037927936 1 916 1 144115188075857792 729 2 1 800 730 2 1 800 925 2 144115188075857792 1 729 2 1 490 730 2 1 1224979098644774952 926 2 144115188075857792 1 931 2 144115188075857792 216172782113785472 931 2 144115188075857792 216172782113785471 931 2 144115188075857792 216172782113785473 931 2 144115188075857792 216172782113785474 927 2 144115188075857792 144115188075857824 2106 2 1224979098644774952 1224979098644774953 3 0 4 0 1073741855 2 144115188075856367 13 31 2 144115188075856367 14 911 2 72057594037927936 6 921 2 72057594037927936 1224979098644774919 922 2 72057594037927936 208 729 2 1 7 2121 3 1224979098644774969 1224979098644774952 1224979098644774921 730 2 1 1224979098644774969 926 2 72057594037927936 1 729 2 1 1224979098644774920 730 2 1 70 925 2 72057594037927936 1 910 3 72057594037927936 216172782113785231 0 921 2 72057594037927936 1224979098644774919 729 2 1 1224979098644774917 730 2 1 1224979098644774952 926 2 72057594037927936 1 2106 2 1224979098644774952 1224979098644774953 910 3 72057594037927936 216172782113785252 0 729 2 1 0 730 2 1 1224979098644774952 926 2 72057594037927936 1 942 3 144115188075857442 0 100001 729 2 1 1224979098644774954 730 2 1 1224979098644774952 926 2 144115188075857442 1 927 2 144115188075857442 144115188075857740 2106 2 1224979098644774952 1224979098644774953 910 3 72057594037927936 216172782113785253 0 729 2 1 0 730 2 1 1224979098644774952 926 2 72057594037927936 1 2106 2 1224979098644774952 1224979098644774953 910 3 72057594037927936 216172782113785254 0 729 2 1 1224979098644774935 730 2 1 1224979098644774952 926 2 72057594037927936 1 942 3 144115188075857443 0 101 729 2 1 1224979098644774936 730 2 1 1224979098644774952 926 2 144115188075857443 1 927 2 144115188075857443 144115188075857741 910 3 72057594037927936 216172782113785255 0 729 2 1 1224979098644774937 730 2 1 1224979098644774952 926 2 72057594037927936 1 942 3 144115188075857444 0 101 729 2 1 1224979098644774938 730 2 1 1224979098644774952 926 2 144115188075857444 1 927 2 144115188075857444 144115188075857742 910 3 72057594037927936 216172782113785256 0 729 2 1 1224979098644774939 730 2 1 1224979098644774952 926 2 72057594037927936 1 942 3 144115188075857445 0 101 729 2 1 1224979098644774940 730 2 1 1224979098644774952 926 2 144115188075857445 1 927 2 144115188075857445 144115188075857743 2106 2 1224979098644774952 1224979098644774953 910 3 72057594037927936 216172782113785257 0 729 2 1 1224979098644774935 730 2 1 1224979098644774952 926 2 72057594037927936 1 942 3 144115188075857446 0 101 729 2 1 1224979098644774936 730 2 1 1224979098644774952 926 2 144115188075857446 1 927 2 144115188075857446 144115188075857744 910 3 72057594037927936 216172782113785259 0 729 2 1 1224979098644774937 730 2 1 1224979098644774952 926 2 72057594037927936 1 942 3 144115188075857793 0 101 729 2 1 1224979098644774938 730 2 1 1224979098644774952 926 2 144115188075857793 1 927 2 144115188075857793 144115188075857946 910 3 72057594037927936 216172782113785260 0 729 2 1 1224979098644774939 730 2 1 1224979098644774952 926 2 72057594037927936 1 942 3 144115188075857794 0 101 729 2 1 1224979098644774940 730 2 1 1224979098644774952 926 2 144115188075857794 1 927 2 144115188075857794 144115188075857947 2106 2 1224979098644774952 1224979098644774953 910 3 72057594037927936 216172782113785261 0 729 2 1 1224979098644774935 730 2 1 1224979098644774952 926 2 72057594037927936 1 942 3 144115188075857448 0 101 729 2 1 1224979098644774936 730 2 1 1224979098644774952 926 2 144115188075857448 1 927 2 144115188075857448 144115188075857746 910 3 72057594037927936 216172782113785262 0 729 2 1 1224979098644774937 730 2 1 1224979098644774952 926 2 72057594037927936 1 942 3 144115188075857449 0 101 729 2 1 1224979098644774938 730 2 1 1224979098644774952 926 2 144115188075857449 1 927 2 144115188075857449 144115188075857747 910 3 72057594037927936 216172782113785263 0 729 2 1 1224979098644774939 730 2 1 1224979098644774952 926 2 72057594037927936 1 942 3 144115188075857450 0 101 729 2 1 1224979098644774940 730 2 1 1224979098644774952 926 2 144115188075857450 1 927 2 144115188075857450 144115188075857748 2106 2 1224979098644774952 1224979098644774953 911 2 72057594037927936 6 921 2 72057594037927936 1224979098644774919 922 2 72057594037927936 208 729 2 1 7 2121 3 1224979098644774969 1224979098644774952 1224979098644774921 730 2 1 1224979098644774969 926 2 72057594037927936 1 729 2 1 1224979098644774920 730 2 1 70 925 2 72057594037927936 1 910 3 72057594037927936 216172782113785232 0 921 2 72057594037927936 1224979098644774919 729 2 1 1224979098644774917 730 2 1 1224979098644774952 926 2 72057594037927936 1 2106 2 1224979098644774952 1224979098644774953 910 3 72057594037927936 216172782113785266 0 729 2 1 0 730 2 1 1224979098644774952 926 2 72057594037927936 1 942 3 144115188075857451 0 101 729 2 1 1224979098644774954 730 2 1 1224979098644774952 926 2 144115188075857451 1 927 2 144115188075857451 144115188075857757 2106 2 1224979098644774952 1224979098644774953 910 3 72057594037927936 216172782113785267 0 729 2 1 0 730 2 1 1224979098644774952 926 2 72057594037927936 1 942 3 144115188075857452 0 11 729 2 1 1224979098644774954 730 2 1 1224979098644774952 926 2 144115188075857452 1 927 2 144115188075857452 144115188075857758 2106 2 1224979098644774952 1224979098644774953 910 3 72057594037927936 216172782113785268 0 729 2 1 30 730 2 1 1224979098644774952 926 2 72057594037927936 1 918 3 144115188075857453 4 5 729 2 1 7 2120 3 1224979098644774969 1224979098644774952 7 730 2 1 1224979098644774969 926 2 144115188075857453 1 927 2 144115188075857453 144115188075857759 2106 2 1224979098644774952 1224979098644774953 910 3 72057594037927936 216172782113785269 0 729 2 1 30 730 2 1 1224979098644774952 926 2 72057594037927936 1 918 3 144115188075857454 4 5 729 2 1 7 2120 3 1224979098644774969 1224979098644774952 7 730 2 1 1224979098644774969 926 2 144115188075857454 1 927 2 144115188075857454 144115188075857760 2106 2 1224979098644774952 1224979098644774953 911 2 72057594037927936 6 921 2 72057594037927936 1224979098644774919 922 2 72057594037927936 208 729 2 1 7 2121 3 1224979098644774969 1224979098644774952 1224979098644774921 730 2 1 1224979098644774969 926 2 72057594037927936 1 729 2 1 1224979098644774920 730 2 1 70 925 2 72057594037927936 1 910 3 72057594037927936 216172782113785227 0 921 2 72057594037927936 1224979098644774919 729 2 1 1224979098644774917 730 2 1 1224979098644774952 926 2 72057594037927936 1 2106 2 1224979098644774952 1224979098644774953 910 3 72057594037927936 216172782113785270 0 729 2 1 0 730 2 1 1224979098644774952 926 2 72057594037927936 1 942 3 144115188075857455 1 61 729 2 1 1224979098644774954 730 2 1 1224979098644774952 926 2 144115188075857455 1 927 2 144115188075857455 144115188075857761 2106 2 1224979098644774952 1224979098644774953 910 3 72057594037927936 216172782113785271 0 729 2 1 0 730 2 1 1224979098644774952 926 2 72057594037927936 1 942 3 144115188075857456 1 61 729 2 1 1224979098644774954 730 2 1 1224979098644774952 926 2 144115188075857456 1 927 2 144115188075857456 144115188075857762 2106 2 1224979098644774952 1224979098644774953 910 3 72057594037927936 216172782113785272 0 729 2 1 30 730 2 1 1224979098644774952 926 2 72057594037927936 1 918 3 144115188075857457 4 5 729 2 1 7 2120 3 1224979098644774969 1224979098644774952 7 730 2 1 1224979098644774969 926 2 144115188075857457 1 927 2 144115188075857457 144115188075857507 2106 2 1224979098644774952 1224979098644774953 4 0 2133 2 144115188075857458 -1 2133 2 144115188075857459 -1 31 2 144115188075857507 0 910 3 72057594037927936 216172782113785273 0 729 2 1 0 730 2 1 1224979098644774952 926 2 72057594037927936 1 942 3 144115188075857460 0 101 729 2 1 1224979098644774954 730 2 1 1224979098644774952 926 2 144115188075857460 1 927 2 144115188075857460 144115188075857763 2106 2 1224979098644774952 1224979098644774953 5 0 2133 2 144115188075857460 -1 910 3 72057594037927936 216172782113785274 0 729 2 1 0 730 2 1 1224979098644774952 926 2 72057594037927936 1 942 3 144115188075857458 0 11 729 2 1 1224979098644774954 730 2 1 1224979098644774952 926 2 144115188075857458 1 927 2 144115188075857458 144115188075857764 2106 2 1224979098644774952 1224979098644774953 910 3 72057594037927936 216172782113785275 0 729 2 1 0 730 2 1 1224979098644774952 926 2 72057594037927936 1 942 3 144115188075857459 0 101 729 2 1 1224979098644774954 730 2 1 1224979098644774952 926 2 144115188075857459 1 927 2 144115188075857459 144115188075857765 2106 2 1224979098644774952 1224979098644774953 910 3 72057594037927936 216172782113785276 0 729 2 1 0 730 2 1 1224979098644774952 926 2 72057594037927936 1 942 3 144115188075857461 0 51 729 2 1 1224979098644774954 730 2 1 1224979098644774952 926 2 144115188075857461 1 927 2 144115188075857461 144115188075857766 2106 2 1224979098644774952 1224979098644774953 3 0 910 3 72057594037927936 216172782113785277 0 729 2 1 30 730 2 1 1224979098644774952 926 2 72057594037927936 1 918 3 144115188075857795 4 5 729 2 1 7 2120 3 1224979098644774969 1224979098644774952 7 730 2 1 1224979098644774969 926 2 144115188075857795 1 927 2 144115188075857795 144115188075857950 2106 2 1224979098644774952 1224979098644774953 910 3 72057594037927936 216172782113785278 0 729 2 1 30 730 2 1 1224979098644774952 926 2 72057594037927936 1 918 3 144115188075857462 4 5 729 2 1 7 2120 3 1224979098644774969 1224979098644774952 7 730 2 1 1224979098644774969 926 2 144115188075857462 1 927 2 144115188075857462 144115188075857767 2106 2 1224979098644774952 1224979098644774953 910 3 72057594037927936 216172782113785279 0 729 2 1 30 730 2 1 1224979098644774952 926 2 72057594037927936 1 918 3 144115188075857463 4 5 729 2 1 7 2120 3 1224979098644774969 1224979098644774952 7 730 2 1 1224979098644774969 926 2 144115188075857463 1 927 2 144115188075857463 144115188075857768 2106 2 1224979098644774952 1224979098644774953 3 0 5 0 31 2 144115188075857501 2 1 2 293 1 1 2 293 2 1 2 293 4 2133 2 1224979098644774956 1 4 0 2147483679 2 144115188075856367 0 2147483679 2 144115188075856367 6 2147483679 2 144115188075856367 9 911 2 72057594037927936 6 921 2 72057594037927936 1224979098644774919 922 2 72057594037927936 208 729 2 1 7 2121 3 1224979098644774969 1224979098644774952 1224979098644774921 730 2 1 1224979098644774969 926 2 72057594037927936 1 729 2 1 1224979098644774920 730 2 1 70 925 2 72057594037927936 1 910 3 72057594037927936 216172782113785233 0 921 2 72057594037927936 1224979098644774919 729 2 1 1224979098644774917 730 2 1 1224979098644774952 926 2 72057594037927936 1 2106 2 1224979098644774952 1224979098644774953 910 3 72057594037927936 216172782113785054 0 729 2 1 0 730 2 1 1224979098644774952 926 2 72057594037927936 1 942 3 144115188075857464 0 101 729 2 1 1224979098644774954 730 2 1 1224979098644774952 926 2 144115188075857464 1 927 2 144115188075857464 144115188075857695 2106 2 1224979098644774952 1224979098644774953 910 3 72057594037927936 216172782113784142 0 729 2 1 30 730 2 1 1224979098644774952 926 2 72057594037927936 1 918 3 144115188075856437 4 5 729 2 1 7 2120 3 1224979098644774969 1224979098644774952 7 730 2 1 1224979098644774969 926 2 144115188075856437 1 480 1 1224979098644774975 927 2 144115188075856437 1224979098644774975 2106 2 1224979098644774952 1224979098644774953 910 3 72057594037927936 216172782113784143 0 729 2 1 30 730 2 1 1224979098644774952 926 2 72057594037927936 1 918 3 144115188075856438 4 5 729 2 1 7 2120 3 1224979098644774969 1224979098644774952 7 730 2 1 1224979098644774969 926 2 144115188075856438 1 493 1 1224979098644774976 927 2 144115188075856438 1224979098644774976 2106 2 1224979098644774952 1224979098644774953 910 3 72057594037927936 216172782113784144 0 729 2 1 0 730 2 1 1224979098644774952 926 2 72057594037927936 1 942 3 144115188075856439 0 101 729 2 1 1224979098644774954 730 2 1 1224979098644774952 926 2 144115188075856439 1 495 1 1224979098644774977 927 2 144115188075856439 1224979098644774977 2106 2 1224979098644774952 1224979098644774953 910 3 72057594037927936 216172782113784145 0 729 2 1 0 730 2 1 1224979098644774952 926 2 72057594037927936 1 942 3 144115188075856440 0 101 729 2 1 1224979098644774954 730 2 1 1224979098644774952 926 2 144115188075856440 1 497 1 1224979098644774978 927 2 144115188075856440 1224979098644774978 2106 2 1224979098644774952 1224979098644774953 5 0 2133 2 144115188075856437 -1 2133 2 144115188075856438 -1 2133 2 144115188075856439 -1 2133 2 144115188075856440 -1 2133 2 144115188075857464 -1 3 0 4 0 2147483679 2 144115188075856367 0 2147483679 2 144115188075856367 6 2147483679 2 144115188075856367 9 910 3 72057594037927936 216172782113784610 0 729 2 1 30 730 2 1 1224979098644774952 926 2 72057594037927936 1 918 3 144115188075857320 4 5 729 2 1 7 2120 3 1224979098644774969 1224979098644774952 7 730 2 1 1224979098644774969 926 2 144115188075857320 1 927 2 144115188075857320 144115188075857340 2106 2 1224979098644774952 1224979098644774953 4 0 31 2 144115188075857340 1 910 3 72057594037927936 216172782113784611 0 729 2 1 0 730 2 1 1224979098644774952 926 2 72057594037927936 1 942 3 144115188075857321 0 25 729 2 1 1224979098644774954 730 2 1 1224979098644774952 926 2 144115188075857321 1 927 2 144115188075857321 144115188075857376 2106 2 1224979098644774952 1224979098644774953 5 0 2133 2 144115188075857321 -1 3 0 5 0 2133 2 144115188075857320 -1 3 0 911 2 72057594037927936 6 921 2 72057594037927936 1224979098644774919 922 2 72057594037927936 208 729 2 1 7 2121 3 1224979098644774969 1224979098644774952 1224979098644774921 730 2 1 1224979098644774969 926 2 72057594037927936 1 729 2 1 1224979098644774920 730 2 1 70 925 2 72057594037927936 1 910 3 72057594037927936 216172782113785243 0 921 2 72057594037927936 1224979098644774919 729 2 1 1224979098644774917 730 2 1 1224979098644774952 926 2 72057594037927936 1 2106 2 1224979098644774952 1224979098644774953 910 3 72057594037927936 216172782113784173 0 729 2 1 30 730 2 1 1224979098644774952 926 2 72057594037927936 1 918 3 144115188075856455 4 5 729 2 1 7 2120 3 1224979098644774969 1224979098644774952 7 730 2 1 1224979098644774969 926 2 144115188075856455 1 927 2 144115188075856455 144115188075856776 2106 2 1224979098644774952 1224979098644774953 910 3 72057594037927936 216172782113784174 0 729 2 1 30 730 2 1 1224979098644774952 926 2 72057594037927936 1 918 3 144115188075856456 4 5 729 2 1 7 2120 3 1224979098644774969 1224979098644774952 7 730 2 1 1224979098644774969 926 2 144115188075856456 1 927 2 144115188075856456 144115188075856777 2106 2 1224979098644774952 1224979098644774953 910 3 72057594037927936 216172782113784176 0 729 2 1 30 730 2 1 1224979098644774952 926 2 72057594037927936 1 918 3 144115188075856457 4 5 729 2 1 7 2120 3 1224979098644774969 1224979098644774952 7 730 2 1 1224979098644774969 926 2 144115188075856457 1 927 2 144115188075856457 144115188075856775 2106 2 1224979098644774952 1224979098644774953 910 3 72057594037927936 216172782113784172 0 729 2 1 30 730 2 1 1224979098644774952 926 2 72057594037927936 1 918 3 144115188075856458 4 5 729 2 1 7 2120 3 1224979098644774969 1224979098644774952 7 730 2 1 1224979098644774969 926 2 144115188075856458 1 927 2 144115188075856458 144115188075856774 2106 2 1224979098644774952 1224979098644774953 910 3 72057594037927936 216172782113784175 0 729 2 1 0 730 2 1 1224979098644774952 926 2 72057594037927936 1 2133 2 1224979098644774979 51 2110 2 1224979098644774979 144115188075857052 942 3 144115188075856459 0 1224979098644774979 729 2 1 1224979098644774954 730 2 1 1224979098644774952 926 2 144115188075856459 1 927 2 144115188075856459 144115188075856773 2106 2 1224979098644774952 1224979098644774953 910 3 72057594037927936 216172782113784177 0 729 2 1 0 730 2 1 1224979098644774952 926 2 72057594037927936 1 942 3 144115188075856460 50 101 729 2 1 1224979098644774954 730 2 1 1224979098644774952 926 2 144115188075856460 1 927 2 144115188075856460 144115188075856778 2106 2 1224979098644774952 1224979098644774953 4 0 1073741855 2 144115188075856367 13 31 2 144115188075856367 14 911 2 72057594037927936 6 921 2 72057594037927936 1224979098644774919 922 2 72057594037927936 208 729 2 1 7 2121 3 1224979098644774969 1224979098644774952 1224979098644774921 730 2 1 1224979098644774969 926 2 72057594037927936 1 729 2 1 1224979098644774920 730 2 1 70 925 2 72057594037927936 1 910 3 72057594037927936 216172782113785244 0 921 2 72057594037927936 1224979098644774919 729 2 1 1224979098644774917 730 2 1 1224979098644774952 926 2 72057594037927936 1 2106 2 1224979098644774952 1224979098644774953 910 3 72057594037927936 216172782113785280 0 729 2 1 0 730 2 1 1224979098644774952 926 2 72057594037927936 1 942 3 144115188075857465 3 121 729 2 1 1224979098644774954 730 2 1 1224979098644774952 926 2 144115188075857465 1 927 2 144115188075857465 144115188075857701 2106 2 1224979098644774952 1224979098644774953 910 3 72057594037927936 216172782113785281 0 729 2 1 0 730 2 1 1224979098644774952 926 2 72057594037927936 1 942 3 144115188075857466 1 11 729 2 1 1224979098644774954 730 2 1 1224979098644774952 926 2 144115188075857466 1 927 2 144115188075857466 144115188075857702 2106 2 1224979098644774952 1224979098644774953 3 0 4 0 2147483679 2 144115188075856367 0 911 2 72057594037927936 6 921 2 72057594037927936 1224979098644774919 922 2 72057594037927936 208 729 2 1 7 2121 3 1224979098644774969 1224979098644774952 1224979098644774921 730 2 1 1224979098644774969 926 2 72057594037927936 1 729 2 1 1224979098644774920 730 2 1 70 925 2 72057594037927936 1 910 3 72057594037927936 216172782113785235 0 921 2 72057594037927936 1224979098644774919 729 2 1 1224979098644774917 730 2 1 1224979098644774952 926 2 72057594037927936 1 2106 2 1224979098644774952 1224979098644774953 910 3 72057594037927936 216172782113785282 0 729 2 1 0 730 2 1 1224979098644774952 926 2 72057594037927936 1 2106 2 1224979098644774952 1224979098644774953 910 3 72057594037927936 216172782113785254 0 729 2 1 1224979098644774942 730 2 1 1224979098644774952 926 2 72057594037927936 1 918 3 144115188075857467 4 5 729 2 1 1224979098644774941 2120 3 1224979098644774969 1224979098644774952 7 730 2 1 1224979098644774969 926 2 144115188075857467 1 927 2 144115188075857467 144115188075857703 910 3 72057594037927936 216172782113785255 0 729 2 1 1224979098644774944 730 2 1 1224979098644774952 926 2 72057594037927936 1 918 3 144115188075857468 4 5 729 2 1 1224979098644774943 2120 3 1224979098644774969 1224979098644774952 7 730 2 1 1224979098644774969 926 2 144115188075857468 1 927 2 144115188075857468 144115188075857704 910 3 72057594037927936 216172782113785256 0 729 2 1 1224979098644774946 730 2 1 1224979098644774952 926 2 72057594037927936 1 918 3 144115188075857469 4 5 729 2 1 1224979098644774945 2120 3 1224979098644774969 1224979098644774952 7 730 2 1 1224979098644774969 926 2 144115188075857469 1 927 2 144115188075857469 144115188075857705 910 3 72057594037927936 216172782113785257 0 729 2 1 1224979098644774948 730 2 1 1224979098644774952 926 2 72057594037927936 1 918 3 144115188075857470 4 5 729 2 1 1224979098644774947 2120 3 1224979098644774969 1224979098644774952 7 730 2 1 1224979098644774969 926 2 144115188075857470 1 927 2 144115188075857470 144115188075857706 910 3 72057594037927936 216172782113785258 0 729 2 1 1224979098644774950 730 2 1 1224979098644774952 926 2 72057594037927936 1 918 3 144115188075857471 4 5 729 2 1 1224979098644774949 2120 3 1224979098644774969 1224979098644774952 7 730 2 1 1224979098644774969 926 2 144115188075857471 1 927 2 144115188075857471 144115188075857707 2106 2 1224979098644774952 1224979098644774953 911 2 72057594037927936 6 921 2 72057594037927936 1224979098644774919 922 2 72057594037927936 208 729 2 1 7 2121 3 1224979098644774969 1224979098644774952 1224979098644774921 730 2 1 1224979098644774969 926 2 72057594037927936 1 729 2 1 1224979098644774920 730 2 1 70 925 2 72057594037927936 1 910 3 72057594037927936 216172782113785236 0 921 2 72057594037927936 1224979098644774919 729 2 1 1224979098644774917 730 2 1 1224979098644774952 926 2 72057594037927936 1 2106 2 1224979098644774952 1224979098644774953 910 3 72057594037927936 216172782113785283 0 729 2 1 0 730 2 1 1224979098644774952 926 2 72057594037927936 1 2106 2 1224979098644774952 1224979098644774953 910 3 72057594037927936 216172782113785254 0 729 2 1 1224979098644774926 730 2 1 1224979098644774952 926 2 72057594037927936 1 942 3 144115188075857472 0 51 729 2 1 1224979098644774927 730 2 1 1224979098644774952 926 2 144115188075857472 1 927 2 144115188075857472 144115188075857708 910 3 72057594037927936 216172782113785255 0 729 2 1 1224979098644774928 730 2 1 1224979098644774952 926 2 72057594037927936 1 942 3 144115188075857473 0 51 729 2 1 1224979098644774929 730 2 1 1224979098644774952 926 2 144115188075857473 1 927 2 144115188075857473 144115188075857709 910 3 72057594037927936 216172782113785256 0 729 2 1 1224979098644774930 730 2 1 1224979098644774952 926 2 72057594037927936 1 942 3 144115188075857474 0 51 729 2 1 1224979098644774931 730 2 1 1224979098644774952 926 2 144115188075857474 1 927 2 144115188075857474 144115188075857710 910 3 72057594037927936 216172782113785257 0 2120 3 1224979098644774980 1224979098644774932 20 729 2 1 1224979098644774980 730 2 1 1224979098644774952 926 2 72057594037927936 1 942 3 144115188075857475 0 51 729 2 1 1224979098644774933 730 2 1 1224979098644774952 926 2 144115188075857475 1 927 2 144115188075857475 144115188075857711 2106 2 1224979098644774952 1224979098644774953 910 3 72057594037927936 216172782113785258 0 729 2 1 1224979098644774926 730 2 1 1224979098644774952 926 2 72057594037927936 1 942 3 144115188075857476 0 51 729 2 1 1224979098644774927 730 2 1 1224979098644774952 926 2 144115188075857476 1 927 2 144115188075857476 144115188075857712 2106 2 1224979098644774952 1224979098644774953 910 3 72057594037927936 216172782113785284 0 729 2 1 30 730 2 1 1224979098644774952 926 2 72057594037927936 1 918 3 144115188075857477 4 5 729 2 1 7 2120 3 1224979098644774969 1224979098644774952 7 730 2 1 1224979098644774969 926 2 144115188075857477 1 927 2 144115188075857477 144115188075857713 2106 2 1224979098644774952 1224979098644774953 911 2 72057594037927936 6 921 2 72057594037927936 1224979098644774919 922 2 72057594037927936 208 729 2 1 7 2121 3 1224979098644774969 1224979098644774952 1224979098644774921 730 2 1 1224979098644774969 926 2 72057594037927936 1 729 2 1 1224979098644774920 730 2 1 70 925 2 72057594037927936 1 910 3 72057594037927936 216172782113785237 0 921 2 72057594037927936 1224979098644774919 729 2 1 1224979098644774917 730 2 1 1224979098644774952 926 2 72057594037927936 1 2106 2 1224979098644774952 1224979098644774953 910 3 72057594037927936 216172782113785285 0 729 2 1 0 730 2 1 1224979098644774952 926 2 72057594037927936 1 2106 2 1224979098644774952 1224979098644774953 910 3 72057594037927936 216172782113785286 0 729 2 1 30 730 2 1 1224979098644774952 926 2 72057594037927936 1 918 3 144115188075857478 4 5 729 2 1 7 2120 3 1224979098644774969 1224979098644774952 7 730 2 1 1224979098644774969 926 2 144115188075857478 1 927 2 144115188075857478 144115188075857508 2106 2 1224979098644774952 1224979098644774953 4 0 31 2 144115188075857508 0 910 3 72057594037927936 216172782113785287 0 729 2 1 30 730 2 1 1224979098644774952 926 2 72057594037927936 1 918 3 144115188075857479 4 5 729 2 1 7 2120 3 1224979098644774969 1224979098644774952 7 730 2 1 1224979098644774969 926 2 144115188075857479 1 927 2 144115188075857479 144115188075857714 2106 2 1224979098644774952 1224979098644774953 910 3 72057594037927936 216172782113785288 0 729 2 1 0 730 2 1 1224979098644774952 926 2 72057594037927936 1 942 3 144115188075857480 0 101 729 2 1 1224979098644774954 730 2 1 1224979098644774952 926 2 144115188075857480 1 927 2 144115188075857480 144115188075857715 2106 2 1224979098644774952 1224979098644774953 910 3 72057594037927936 216172782113785289 0 729 2 1 0 730 2 1 1224979098644774952 926 2 72057594037927936 1 942 3 144115188075857481 0 1001 729 2 1 1224979098644774954 730 2 1 1224979098644774952 926 2 144115188075857481 1 927 2 144115188075857481 144115188075857716 2106 2 1224979098644774952 1224979098644774953 5 0 2133 2 144115188075857479 -1 2133 2 144115188075857480 -1 2133 2 144115188075857481 -1 3 0 911 2 72057594037927936 6 921 2 72057594037927936 1224979098644774919 922 2 72057594037927936 208 729 2 1 7 2121 3 1224979098644774969 1224979098644774952 1224979098644774921 730 2 1 1224979098644774969 926 2 72057594037927936 1 729 2 1 1224979098644774920 730 2 1 70 925 2 72057594037927936 1 910 3 72057594037927936 216172782113785238 0 921 2 72057594037927936 1224979098644774919 729 2 1 1224979098644774917 730 2 1 1224979098644774952 926 2 72057594037927936 1 2106 2 1224979098644774952 1224979098644774953 910 3 72057594037927936 216172782113785290 0 729 2 1 30 730 2 1 1224979098644774952 926 2 72057594037927936 1 918 3 144115188075857482 4 5 729 2 1 7 2120 3 1224979098644774969 1224979098644774952 7 730 2 1 1224979098644774969 926 2 144115188075857482 1 927 2 144115188075857482 144115188075857717 2106 2 1224979098644774952 1224979098644774953 4 0 31 2 144115188075857717 1 910 3 72057594037927936 216172782113785291 0 729 2 1 0 730 2 1 1224979098644774952 926 2 72057594037927936 1 2106 2 1224979098644774952 1224979098644774953 910 3 72057594037927936 216172782113785254 0 729 2 1 1224979098644774926 730 2 1 1224979098644774952 926 2 72057594037927936 1 942 3 144115188075857796 0 101 729 2 1 1224979098644774927 730 2 1 1224979098644774952 926 2 144115188075857796 1 927 2 144115188075857796 144115188075857885 910 3 72057594037927936 216172782113785255 0 729 2 1 1224979098644774928 730 2 1 1224979098644774952 926 2 72057594037927936 1 942 3 144115188075857797 0 101 729 2 1 1224979098644774929 730 2 1 1224979098644774952 926 2 144115188075857797 1 927 2 144115188075857797 144115188075857886 910 3 72057594037927936 216172782113785256 0 729 2 1 1224979098644774930 730 2 1 1224979098644774952 926 2 72057594037927936 1 942 3 144115188075857798 0 101 729 2 1 1224979098644774931 730 2 1 1224979098644774952 926 2 144115188075857798 1 927 2 144115188075857798 144115188075857887 910 3 72057594037927936 216172782113785257 0 2120 3 1224979098644774980 1224979098644774932 20 729 2 1 1224979098644774980 730 2 1 1224979098644774952 926 2 72057594037927936 1 942 3 144115188075857799 0 101 729 2 1 1224979098644774933 730 2 1 1224979098644774952 926 2 144115188075857799 1 927 2 144115188075857799 144115188075857888 2106 2 1224979098644774952 1224979098644774953 910 3 72057594037927936 216172782113785258 0 729 2 1 1224979098644774926 730 2 1 1224979098644774952 926 2 72057594037927936 1 942 3 144115188075857800 0 101 729 2 1 1224979098644774927 730 2 1 1224979098644774952 926 2 144115188075857800 1 927 2 144115188075857800 144115188075857889 910 3 72057594037927936 216172782113785264 0 729 2 1 1224979098644774928 730 2 1 1224979098644774952 926 2 72057594037927936 1 942 3 144115188075857801 0 101 729 2 1 1224979098644774929 730 2 1 1224979098644774952 926 2 144115188075857801 1 927 2 144115188075857801 144115188075857890 2106 2 1224979098644774952 1224979098644774953 910 3 72057594037927936 216172782113785292 0 729 2 1 0 730 2 1 1224979098644774952 926 2 72057594037927936 1 942 3 144115188075857484 0 201 729 2 1 1224979098644774954 730 2 1 1224979098644774952 926 2 144115188075857484 1 927 2 144115188075857484 144115188075857719 2106 2 1224979098644774952 1224979098644774953 910 3 72057594037927936 216172782113785293 0 729 2 1 0 730 2 1 1224979098644774952 926 2 72057594037927936 1 942 3 144115188075857485 0 121 729 2 1 1224979098644774954 730 2 1 1224979098644774952 926 2 144115188075857485 1 927 2 144115188075857485 144115188075857720 2106 2 1224979098644774952 1224979098644774953 4 0 1073741855 2 144115188075856367 13 31 2 144115188075856367 14 910 3 72057594037927936 216172782113785294 0 729 2 1 0 730 2 1 1224979098644774952 926 2 72057594037927936 1 942 3 144115188075857486 0 121 729 2 1 1224979098644774954 730 2 1 1224979098644774952 926 2 144115188075857486 1 927 2 144115188075857486 144115188075857721 2106 2 1224979098644774952 1224979098644774953 910 3 72057594037927936 216172782113785295 0 729 2 1 0 730 2 1 1224979098644774952 926 2 72057594037927936 1 942 3 144115188075857487 1 11 729 2 1 1224979098644774954 730 2 1 1224979098644774952 926 2 144115188075857487 1 927 2 144115188075857487 144115188075857722 2106 2 1224979098644774952 1224979098644774953 3 0 3 0 3 0 911 2 72057594037927936 6 921 2 72057594037927936 1224979098644774919 922 2 72057594037927936 208 729 2 1 7 2121 3 1224979098644774969 1224979098644774952 1224979098644774921 730 2 1 1224979098644774969 926 2 72057594037927936 1 729 2 1 1224979098644774920 730 2 1 70 925 2 72057594037927936 1 910 3 72057594037927936 216172782113785239 0 921 2 72057594037927936 1224979098644774919 729 2 1 1224979098644774917 730 2 1 1224979098644774952 926 2 72057594037927936 1 2106 2 1224979098644774952 1224979098644774953 910 3 72057594037927936 216172782113785215 0 729 2 1 0 730 2 1 1224979098644774952 926 2 72057594037927936 1 2106 2 1224979098644774952 1224979098644774953 910 3 72057594037927936 216172782113785254 0 729 2 1 1224979098644774942 730 2 1 1224979098644774952 926 2 72057594037927936 1 918 3 144115188075857488 4 5 729 2 1 1224979098644774941 2120 3 1224979098644774969 1224979098644774952 7 730 2 1 1224979098644774969 926 2 144115188075857488 1 927 2 144115188075857488 144115188075857686 910 3 72057594037927936 216172782113785255 0 729 2 1 1224979098644774944 730 2 1 1224979098644774952 926 2 72057594037927936 1 918 3 144115188075857489 4 5 729 2 1 1224979098644774943 2120 3 1224979098644774969 1224979098644774952 7 730 2 1 1224979098644774969 926 2 144115188075857489 1 927 2 144115188075857489 144115188075857687 910 3 72057594037927936 216172782113785256 0 729 2 1 1224979098644774946 730 2 1 1224979098644774952 926 2 72057594037927936 1 918 3 144115188075857490 4 5 729 2 1 1224979098644774945 2120 3 1224979098644774969 1224979098644774952 7 730 2 1 1224979098644774969 926 2 144115188075857490 1 927 2 144115188075857490 144115188075857688 910 3 72057594037927936 216172782113785257 0 729 2 1 1224979098644774948 730 2 1 1224979098644774952 926 2 72057594037927936 1 918 3 144115188075857491 4 5 729 2 1 1224979098644774947 2120 3 1224979098644774969 1224979098644774952 7 730 2 1 1224979098644774969 926 2 144115188075857491 1 927 2 144115188075857491 144115188075857689 2106 2 1224979098644774952 1224979098644774953 910 3 72057594037927936 216172782113785258 0 729 2 1 1224979098644774942 730 2 1 1224979098644774952 926 2 72057594037927936 1 918 3 144115188075857492 4 5 729 2 1 1224979098644774941 2120 3 1224979098644774969 1224979098644774952 7 730 2 1 1224979098644774969 926 2 144115188075857492 1 927 2 144115188075857492 144115188075857690 910 3 72057594037927936 216172782113785261 0 729 2 1 1224979098644774944 730 2 1 1224979098644774952 926 2 72057594037927936 1 918 3 144115188075857493 4 5 729 2 1 1224979098644774943 2120 3 1224979098644774969 1224979098644774952 7 730 2 1 1224979098644774969 926 2 144115188075857493 1 927 2 144115188075857493 144115188075857691 910 3 72057594037927936 216172782113785262 0 729 2 1 1224979098644774946 730 2 1 1224979098644774952 926 2 72057594037927936 1 918 3 144115188075857494 4 5 729 2 1 1224979098644774945 2120 3 1224979098644774969 1224979098644774952 7 730 2 1 1224979098644774969 926 2 144115188075857494 1 927 2 144115188075857494 144115188075857692 910 3 72057594037927936 216172782113785263 0 729 2 1 1224979098644774948 730 2 1 1224979098644774952 926 2 72057594037927936 1 918 3 144115188075857495 4 5 729 2 1 1224979098644774947 2120 3 1224979098644774969 1224979098644774952 7 730 2 1 1224979098644774969 926 2 144115188075857495 1 927 2 144115188075857495 144115188075857693 2106 2 1224979098644774952 1224979098644774953 911 2 72057594037927936 6 921 2 72057594037927936 1224979098644774919 922 2 72057594037927936 208 729 2 1 7 2121 3 1224979098644774969 1224979098644774952 1224979098644774921 730 2 1 1224979098644774969 926 2 72057594037927936 1 729 2 1 1224979098644774920 730 2 1 70 925 2 72057594037927936 1 910 3 72057594037927936 216172782113785240 0 921 2 72057594037927936 1224979098644774919 729 2 1 1224979098644774917 730 2 1 1224979098644774952 926 2 72057594037927936 1 2106 2 1224979098644774952 1224979098644774953 910 3 72057594037927936 216172782113785216 0 729 2 1 30 730 2 1 1224979098644774952 926 2 72057594037927936 1 918 3 144115188075857802 4 5 729 2 1 1224979098644774941 2120 3 1224979098644774969 1224979098644774952 7 730 2 1 1224979098644774969 926 2 144115188075857802 1 927 2 144115188075857802 144115188075857891 2106 2 1224979098644774952 1224979098644774953 910 3 72057594037927936 216172782113785217 0 729 2 1 30 730 2 1 1224979098644774952 926 2 72057594037927936 1 918 3 144115188075857803 4 5 729 2 1 1224979098644774941 2120 3 1224979098644774969 1224979098644774952 7 730 2 1 1224979098644774969 926 2 144115188075857803 1 927 2 144115188075857803 144115188075857892 2106 2 1224979098644774952 1224979098644774953 910 3 72057594037927936 216172782113785218 0 729 2 1 30 730 2 1 1224979098644774952 926 2 72057594037927936 1 918 3 144115188075857804 4 5 729 2 1 1224979098644774941 2120 3 1224979098644774969 1224979098644774952 7 730 2 1 1224979098644774969 926 2 144115188075857804 1 927 2 144115188075857804 144115188075857893 2106 2 1224979098644774952 1224979098644774953 910 3 72057594037927936 216172782113785219 0 729 2 1 30 730 2 1 1224979098644774952 926 2 72057594037927936 1 918 3 144115188075857805 4 5 729 2 1 1224979098644774941 2120 3 1224979098644774969 1224979098644774952 7 730 2 1 1224979098644774969 926 2 144115188075857805 1 927 2 144115188075857805 144115188075857894 2106 2 1224979098644774952 1224979098644774953 910 3 72057594037927936 216172782113785220 0 729 2 1 30 730 2 1 1224979098644774952 926 2 72057594037927936 1 918 3 144115188075857806 4 5 729 2 1 1224979098644774941 2120 3 1224979098644774969 1224979098644774952 7 730 2 1 1224979098644774969 926 2 144115188075857806 1 927 2 144115188075857806 144115188075857895 2106 2 1224979098644774952 1224979098644774953 910 3 72057594037927936 216172782113785221 0 729 2 1 30 730 2 1 1224979098644774952 926 2 72057594037927936 1 918 3 144115188075857807 4 5 729 2 1 1224979098644774941 2120 3 1224979098644774969 1224979098644774952 7 730 2 1 1224979098644774969 926 2 144115188075857807 1 927 2 144115188075857807 144115188075857896 2106 2 1224979098644774952 1224979098644774953 911 2 72057594037927936 6 921 2 72057594037927936 1224979098644774919 922 2 72057594037927936 208 729 2 1 7 2121 3 1224979098644774969 1224979098644774952 1224979098644774921 730 2 1 1224979098644774969 926 2 72057594037927936 1 729 2 1 1224979098644774920 730 2 1 70 925 2 72057594037927936 1 910 3 72057594037927936 216172782113785242 0 921 2 72057594037927936 1224979098644774919 729 2 1 1224979098644774917 730 2 1 1224979098644774952 926 2 72057594037927936 1 2106 2 1224979098644774952 1224979098644774953 910 3 72057594037927936 216172782113785223 0 729 2 1 30 730 2 1 1224979098644774952 926 2 72057594037927936 1 916 1 144115188075857808 729 2 1 800 730 2 1 800 925 2 144115188075857808 1 729 2 1 490 730 2 1 1224979098644774952 926 2 144115188075857808 1 931 2 144115188075857808 216172782113785224 931 2 144115188075857808 216172782113785529 931 2 144115188075857808 216172782113785531 931 2 144115188075857808 216172782113785530 927 2 144115188075857808 144115188075857825 2106 2 1224979098644774952 1224979098644774953 911 2 72057594037927936 6 921 2 72057594037927936 1224979098644774919 922 2 72057594037927936 208 729 2 1 7 2121 3 1224979098644774969 1224979098644774952 1224979098644774921 730 2 1 1224979098644774969 926 2 72057594037927936 1 729 2 1 1224979098644774920 730 2 1 70 925 2 72057594037927936 1 910 3 72057594037927936 216172782113785241 0 921 2 72057594037927936 1224979098644774919 729 2 1 1224979098644774917 730 2 1 1224979098644774952 926 2 72057594037927936 1 2106 2 1224979098644774952 1224979098644774953 910 3 72057594037927936 216172782113785222 0 729 2 1 30 730 2 1 1224979098644774952 926 2 72057594037927936 1 918 3 144115188075857809 4 5 729 2 1 1224979098644774941 2120 3 1224979098644774969 1224979098644774952 7 730 2 1 1224979098644774969 926 2 144115188075857809 1 927 2 144115188075857809 144115188075857826 2106 2 1224979098644774952 1224979098644774953 5 0 31 2 144115188075857501 3 1 2 293 1 1 2 293 2 1 2 293 3 2133 2 1224979098644774956 1 911 2 72057594037927936 6 921 2 72057594037927936 1224979098644774919 922 2 72057594037927936 208 729 2 1 7 2121 3 1224979098644774969 1224979098644774952 1224979098644774921 730 2 1 1224979098644774969 926 2 72057594037927936 1 729 2 1 1224979098644774920 730 2 1 70 925 2 72057594037927936 1 910 3 72057594037927936 216172782113785245 0 921 2 72057594037927936 1224979098644774919 729 2 1 1224979098644774917 730 2 1 1224979098644774952 926 2 72057594037927936 1 2106 2 1224979098644774952 1224979098644774953 910 3 72057594037927936 216172782113785197 0 729 2 1 30 730 2 1 1224979098644774952 926 2 72057594037927936 1 2106 2 1224979098644774952 1224979098644774953 910 3 72057594037927936 216172782113784639 0 729 2 1 1224979098644774942 730 2 1 1224979098644774952 926 2 72057594037927936 1 918 3 144115188075857810 4 5 729 2 1 1224979098644774941 2120 3 1224979098644774969 1224979098644774952 7 730 2 1 1224979098644774969 926 2 144115188075857810 1 927 2 144115188075857810 144115188075857897 910 3 72057594037927936 216172782113784638 0 729 2 1 1224979098644774944 730 2 1 1224979098644774952 926 2 72057594037927936 1 918 3 144115188075857811 4 5 729 2 1 1224979098644774943 2120 3 1224979098644774969 1224979098644774952 7 730 2 1 1224979098644774969 926 2 144115188075857811 1 927 2 144115188075857811 144115188075857898 910 3 72057594037927936 216172782113785580 0 729 2 1 1224979098644774946 730 2 1 1224979098644774952 926 2 72057594037927936 1 918 3 144115188075857812 4 5 729 2 1 1224979098644774945 2120 3 1224979098644774969 1224979098644774952 7 730 2 1 1224979098644774969 926 2 144115188075857812 1 927 2 144115188075857812 144115188075857899 2106 2 1224979098644774952 1224979098644774953 910 3 72057594037927936 216172782113785198 0 729 2 1 30 730 2 1 1224979098644774952 926 2 72057594037927936 1 2106 2 1224979098644774952 1224979098644774953 910 3 72057594037927936 216172782113784639 0 729 2 1 1224979098644774942 730 2 1 1224979098644774952 926 2 72057594037927936 1 918 3 144115188075857813 4 5 729 2 1 1224979098644774941 2120 3 1224979098644774969 1224979098644774952 7 730 2 1 1224979098644774969 926 2 144115188075857813 1 927 2 144115188075857813 144115188075857900 910 3 72057594037927936 216172782113784638 0 729 2 1 1224979098644774944 730 2 1 1224979098644774952 926 2 72057594037927936 1 918 3 144115188075857814 4 5 729 2 1 1224979098644774943 2120 3 1224979098644774969 1224979098644774952 7 730 2 1 1224979098644774969 926 2 144115188075857814 1 927 2 144115188075857814 144115188075857901 910 3 72057594037927936 216172782113785580 0 729 2 1 1224979098644774946 730 2 1 1224979098644774952 926 2 72057594037927936 1 918 3 144115188075857815 4 5 729 2 1 1224979098644774945 2120 3 1224979098644774969 1224979098644774952 7 730 2 1 1224979098644774969 926 2 144115188075857815 1 927 2 144115188075857815 144115188075857902 2106 2 1224979098644774952 1224979098644774953 910 3 72057594037927936 216172782113785199 0 729 2 1 0 730 2 1 1224979098644774952 926 2 72057594037927936 1 942 3 144115188075857816 1 6 729 2 1 1224979098644774954 730 2 1 1224979098644774952 926 2 144115188075857816 1 927 2 144115188075857816 144115188075857906 2106 2 1224979098644774952 1224979098644774953 910 3 72057594037927936 216172782113785200 0 729 2 1 0 730 2 1 1224979098644774952 926 2 72057594037927936 1 942 3 144115188075857817 1 11 729 2 1 1224979098644774954 730 2 1 1224979098644774952 926 2 144115188075857817 1 927 2 144115188075857817 144115188075857908 2106 2 1224979098644774952 1224979098644774953 910 3 72057594037927936 216172782113785201 0 729 2 1 0 730 2 1 1224979098644774952 926 2 72057594037927936 1 942 3 144115188075857818 1 6 729 2 1 1224979098644774954 730 2 1 1224979098644774952 926 2 144115188075857818 1 927 2 144115188075857818 144115188075857907 2106 2 1224979098644774952 1224979098644774953 910 3 72057594037927936 216172782113785202 0 729 2 1 0 730 2 1 1224979098644774952 926 2 72057594037927936 1 942 3 144115188075857819 1 11 729 2 1 1224979098644774954 730 2 1 1224979098644774952 926 2 144115188075857819 1 927 2 144115188075857819 144115188075857909 2106 2 1224979098644774952 1224979098644774953 911 2 72057594037927936 6 921 2 72057594037927936 1224979098644774919 922 2 72057594037927936 208 729 2 1 7 2121 3 1224979098644774969 1224979098644774952 1224979098644774921 730 2 1 1224979098644774969 926 2 72057594037927936 1 729 2 1 1224979098644774920 730 2 1 70 925 2 72057594037927936 1 910 3 72057594037927936 216172782113785246 0 921 2 72057594037927936 1224979098644774919 729 2 1 1224979098644774917 730 2 1 1224979098644774952 926 2 72057594037927936 1 2106 2 1224979098644774952 1224979098644774953 910 3 72057594037927936 216172782113785203 0 729 2 1 0 730 2 1 1224979098644774952 926 2 72057594037927936 1 942 3 144115188075857820 0 1001 729 2 1 1224979098644774954 730 2 1 1224979098644774952 926 2 144115188075857820 1 927 2 144115188075857820 144115188075857903 2106 2 1224979098644774952 1224979098644774953 910 3 72057594037927936 216172782113785204 0 729 2 1 0 730 2 1 1224979098644774952 926 2 72057594037927936 1 942 3 144115188075857821 0 1001 729 2 1 1224979098644774954 730 2 1 1224979098644774952 926 2 144115188075857821 1 927 2 144115188075857821 144115188075857904 2106 2 1224979098644774952 1224979098644774953 910 3 72057594037927936 216172782113785205 0 729 2 1 0 730 2 1 1224979098644774952 926 2 72057594037927936 1 942 3 144115188075857822 0 1001 729 2 1 1224979098644774954 730 2 1 1224979098644774952 926 2 144115188075857822 1 927 2 144115188075857822 144115188075857905 2106 2 1224979098644774952 1224979098644774953 911 2 72057594037927936 6 921 2 72057594037927936 1224979098644774919 922 2 72057594037927936 208 729 2 1 7 2121 3 1224979098644774969 1224979098644774952 1224979098644774921 730 2 1 1224979098644774969 926 2 72057594037927936 1 729 2 1 1224979098644774920 730 2 1 70 925 2 72057594037927936 1 910 3 72057594037927936 216172782113785247 0 921 2 72057594037927936 1224979098644774919 729 2 1 1224979098644774917 730 2 1 1224979098644774952 926 2 72057594037927936 1 2106 2 1224979098644774952 1224979098644774953 910 3 72057594037927936 216172782113785206 0 729 2 1 0 730 2 1 1224979098644774952 926 2 72057594037927936 1 942 3 144115188075857496 0 201 729 2 1 1224979098644774954 730 2 1 1224979098644774952 926 2 144115188075857496 1 927 2 144115188075857496 144115188075857680 2106 2 1224979098644774952 1224979098644774953 910 3 72057594037927936 216172782113785207 0 729 2 1 0 730 2 1 1224979098644774952 926 2 72057594037927936 1 942 3 144115188075857497 1 101 729 2 1 1224979098644774954 730 2 1 1224979098644774952 926 2 144115188075857497 1 927 2 144115188075857497 144115188075857681 2106 2 1224979098644774952 1224979098644774953 911 2 72057594037927936 6 921 2 72057594037927936 1224979098644774919 922 2 72057594037927936 208 729 2 1 7 2121 3 1224979098644774969 1224979098644774952 1224979098644774921 730 2 1 1224979098644774969 926 2 72057594037927936 1 729 2 1 1224979098644774920 730 2 1 70 925 2 72057594037927936 1 910 3 72057594037927936 216172782113785248 0 921 2 72057594037927936 1224979098644774919 729 2 1 1224979098644774917 730 2 1 1224979098644774952 926 2 72057594037927936 1 2106 2 1224979098644774952 1224979098644774953 910 3 72057594037927936 216172782113785208 0 729 2 1 30 730 2 1 1224979098644774952 926 2 72057594037927936 1 918 3 144115188075857498 4 5 729 2 1 7 2120 3 1224979098644774969 1224979098644774952 7 730 2 1 1224979098644774969 926 2 144115188075857498 1 927 2 144115188075857498 144115188075857682 2106 2 1224979098644774952 1224979098644774953 911 2 72057594037927936 6 921 2 72057594037927936 1224979098644774919 922 2 72057594037927936 208 729 2 1 7 2121 3 1224979098644774969 1224979098644774952 1224979098644774921 730 2 1 1224979098644774969 926 2 72057594037927936 1 729 2 1 1224979098644774920 730 2 1 70 925 2 72057594037927936 1 910 3 72057594037927936 216172782113785249 0 921 2 72057594037927936 1224979098644774919 729 2 1 1224979098644774917 730 2 1 1224979098644774952 926 2 72057594037927936 1 2106 2 1224979098644774952 1224979098644774953 910 3 72057594037927936 216172782113784465 0 729 2 1 30 730 2 1 1224979098644774952 926 2 72057594037927936 1 918 3 144115188075857325 4 5 729 2 1 7 2120 3 1224979098644774969 1224979098644774952 7 730 2 1 1224979098644774969 926 2 144115188075857325 1 927 2 144115188075857325 144115188075857341 2106 2 1224979098644774952 1224979098644774953 4 0 31 2 144115188075857341 1 910 3 72057594037927936 216172782113784466 0 729 2 1 0 730 2 1 1224979098644774952 926 2 72057594037927936 1 942 3 144115188075857326 1 501 729 2 1 1224979098644774954 730 2 1 1224979098644774952 926 2 144115188075857326 1 927 2 144115188075857326 144115188075857403 2106 2 1224979098644774952 1224979098644774953 910 3 72057594037927936 216172782113784467 0 729 2 1 0 730 2 1 1224979098644774952 926 2 72057594037927936 1 942 3 144115188075857327 1 101 729 2 1 1224979098644774954 730 2 1 1224979098644774952 926 2 144115188075857327 1 927 2 144115188075857327 144115188075857404 2106 2 1224979098644774952 1224979098644774953 5 0 2133 2 144115188075857326 -1 2133 2 144115188075857327 -1 3 0 911 2 72057594037927936 6 921 2 72057594037927936 1224979098644774919 922 2 72057594037927936 208 729 2 1 7 2121 3 1224979098644774969 1224979098644774952 1224979098644774921 730 2 1 1224979098644774969 926 2 72057594037927936 1 729 2 1 1224979098644774920 730 2 1 70 925 2 72057594037927936 1 910 3 72057594037927936 216172782113785250 0 921 2 72057594037927936 1224979098644774919 729 2 1 1224979098644774917 730 2 1 1224979098644774952 926 2 72057594037927936 1 2106 2 1224979098644774952 1224979098644774953 910 3 72057594037927936 216172782113784471 0 729 2 1 0 730 2 1 1224979098644774952 926 2 72057594037927936 1 942 3 144115188075857328 0 101 729 2 1 1224979098644774954 730 2 1 1224979098644774952 926 2 144115188075857328 1 927 2 144115188075857328 144115188075857407 2106 2 1224979098644774952 1224979098644774953 910 3 72057594037927936 216172782113784472 0 729 2 1 0 730 2 1 1224979098644774952 926 2 72057594037927936 1 942 3 144115188075857329 0 1001 729 2 1 1224979098644774954 730 2 1 1224979098644774952 926 2 144115188075857329 1 927 2 144115188075857329 144115188075857408 2106 2 1224979098644774952 1224979098644774953 911 2 72057594037927936 6 921 2 72057594037927936 1224979098644774919 922 2 72057594037927936 208 729 2 1 7 2121 3 1224979098644774969 1224979098644774952 1224979098644774921 730 2 1 1224979098644774969 926 2 72057594037927936 1 729 2 1 1224979098644774920 730 2 1 70 925 2 72057594037927936 1 910 3 72057594037927936 216172782113785251 0 921 2 72057594037927936 1224979098644774919 729 2 1 1224979098644774917 730 2 1 1224979098644774952 926 2 72057594037927936 1 2106 2 1224979098644774952 1224979098644774953 910 3 72057594037927936 216172782113784442 0 729 2 1 30 730 2 1 1224979098644774952 926 2 72057594037927936 1 918 3 144115188075857171 4 5 729 2 1 7 2120 3 1224979098644774969 1224979098644774952 7 730 2 1 1224979098644774969 926 2 144115188075857171 1 927 2 144115188075857171 144115188075857263 4 0 31 2 144115188075857263 1 2106 2 1224979098644774952 1224979098644774953 910 3 72057594037927936 216172782113784443 0 729 2 1 0 730 2 1 1224979098644774952 926 2 72057594037927936 1 942 3 144115188075857330 0 201 729 2 1 1224979098644774954 730 2 1 1224979098644774952 926 2 144115188075857330 1 927 2 144115188075857330 144115188075857390 2106 2 1224979098644774952 1224979098644774953 910 3 72057594037927936 216172782113784444 0 729 2 1 0 730 2 1 1224979098644774952 926 2 72057594037927936 1 942 3 144115188075857172 0 101 729 2 1 1224979098644774954 730 2 1 1224979098644774952 926 2 144115188075857172 1 927 2 144115188075857172 144115188075857264 2106 2 1224979098644774952 1224979098644774953 910 3 72057594037927936 216172782113784445 0 729 2 1 0 730 2 1 1224979098644774952 926 2 72057594037927936 1 942 3 144115188075857173 0 101 729 2 1 1224979098644774954 730 2 1 1224979098644774952 926 2 144115188075857173 1 927 2 144115188075857173 144115188075857265 2106 2 1224979098644774952 1224979098644774953 910 3 72057594037927936 216172782113784446 0 729 2 1 0 730 2 1 1224979098644774952 926 2 72057594037927936 1 942 3 144115188075857331 0 101 729 2 1 1224979098644774954 730 2 1 1224979098644774952 926 2 144115188075857331 1 927 2 144115188075857331 144115188075857391 2106 2 1224979098644774952 1224979098644774953 910 3 72057594037927936 216172782113784447 0 729 2 1 0 730 2 1 1224979098644774952 926 2 72057594037927936 1 942 3 144115188075857174 0 101 729 2 1 1224979098644774954 730 2 1 1224979098644774952 926 2 144115188075857174 1 927 2 144115188075857174 144115188075857266 2106 2 1224979098644774952 1224979098644774953 910 3 72057594037927936 216172782113784448 0 729 2 1 0 730 2 1 1224979098644774952 926 2 72057594037927936 1 942 3 144115188075857332 0 101 729 2 1 1224979098644774954 730 2 1 1224979098644774952 926 2 144115188075857332 1 927 2 144115188075857332 144115188075857392 2106 2 1224979098644774952 1224979098644774953 910 3 72057594037927936 216172782113784449 0 729 2 1 0 730 2 1 1224979098644774952 926 2 72057594037927936 1 942 3 144115188075857333 0 101 729 2 1 1224979098644774954 730 2 1 1224979098644774952 926 2 144115188075857333 1 927 2 144115188075857333 144115188075857393 2106 2 1224979098644774952 1224979098644774953 910 3 72057594037927936 216172782113784450 0 729 2 1 0 730 2 1 1224979098644774952 926 2 72057594037927936 1 942 3 144115188075857334 0 101 729 2 1 1224979098644774954 730 2 1 1224979098644774952 926 2 144115188075857334 1 927 2 144115188075857334 144115188075857394 2106 2 1224979098644774952 1224979098644774953 910 3 72057594037927936 216172782113784451 0 729 2 1 0 730 2 1 1224979098644774952 926 2 72057594037927936 1 942 3 144115188075857335 0 101 729 2 1 1224979098644774954 730 2 1 1224979098644774952 926 2 144115188075857335 1 927 2 144115188075857335 144115188075857395 2106 2 1224979098644774952 1224979098644774953 910 3 72057594037927936 216172782113784452 0 729 2 1 0 730 2 1 1224979098644774952 926 2 72057594037927936 1 942 3 144115188075857336 0 101 729 2 1 1224979098644774954 730 2 1 1224979098644774952 926 2 144115188075857336 1 927 2 144115188075857336 144115188075857396 2106 2 1224979098644774952 1224979098644774953 910 3 72057594037927936 216172782113784453 0 729 2 1 0 730 2 1 1224979098644774952 926 2 72057594037927936 1 942 3 144115188075857337 0 101 729 2 1 1224979098644774954 730 2 1 1224979098644774952 926 2 144115188075857337 1 927 2 144115188075857337 144115188075857397 2106 2 1224979098644774952 1224979098644774953 910 3 72057594037927936 216172782113784454 0 729 2 1 0 730 2 1 1224979098644774952 926 2 72057594037927936 1 942 3 144115188075857338 0 101 729 2 1 1224979098644774954 730 2 1 1224979098644774952 926 2 144115188075857338 1 927 2 144115188075857338 144115188075857398 2106 2 1224979098644774952 1224979098644774953 910 3 72057594037927936 216172782113785036 0 729 2 1 0 730 2 1 1224979098644774952 926 2 72057594037927936 1 942 3 144115188075857499 0 101 729 2 1 1224979098644774954 730 2 1 1224979098644774952 926 2 144115188075857499 1 927 2 144115188075857499 144115188075857670 2106 2 1224979098644774952 1224979098644774953 4 0 31 2 144115188075856367 7 910 3 72057594037927936 216172782113784456 0 5 0 31 2 144115188075857672 1 910 3 72057594037927936 216172782113784457 0 5 0 910 3 72057594037927936 216172782113784455 0 3 0 729 2 1 0 730 2 1 1224979098644774952 926 2 72057594037927936 1 942 3 144115188075857339 0 101 729 2 1 1224979098644774954 730 2 1 1224979098644774952 926 2 144115188075857339 1 927 2 144115188075857339 144115188075857399 2106 2 1224979098644774952 1224979098644774953 910 3 72057594037927936 216172782113785034 0 729 2 1 0 730 2 1 1224979098644774952 926 2 72057594037927936 1 942 3 144115188075857500 0 101 729 2 1 1224979098644774954 730 2 1 1224979098644774952 926 2 144115188075857500 1 927 2 144115188075857500 144115188075857671 2106 2 1224979098644774952 1224979098644774953 910 3 72057594037927936 216172782113784458 0 729 2 1 0 730 2 1 1224979098644774952 926 2 72057594037927936 1 942 3 144115188075857175 0 126 729 2 1 1224979098644774954 730 2 1 1224979098644774952 926 2 144115188075857175 1 927 2 144115188075857175 144115188075857267 2106 2 1224979098644774952 1224979098644774953 910 3 72057594037927936 216172782113784459 0 729 2 1 0 730 2 1 1224979098644774952 926 2 72057594037927936 1 942 3 144115188075857176 0 126 729 2 1 1224979098644774954 730 2 1 1224979098644774952 926 2 144115188075857176 1 927 2 144115188075857176 144115188075857268 2106 2 1224979098644774952 1224979098644774953 910 3 72057594037927936 216172782113784460 0 729 2 1 0 730 2 1 1224979098644774952 926 2 72057594037927936 1 942 3 144115188075857177 0 126 729 2 1 1224979098644774954 730 2 1 1224979098644774952 926 2 144115188075857177 1 927 2 144115188075857177 144115188075857269 2106 2 1224979098644774952 1224979098644774953 910 3 72057594037927936 216172782113784461 0 729 2 1 0 730 2 1 1224979098644774952 926 2 72057594037927936 1 942 3 144115188075857178 0 126 729 2 1 1224979098644774954 730 2 1 1224979098644774952 926 2 144115188075857178 1 927 2 144115188075857178 144115188075857270 3 0 3 0 945 1 -1 912 3 144115188075856464 216172782113784238 16 729 2 1 825 730 2 1 50 926 2 144115188075856464 1 729 2 1 1500 730 2 1 1500 925 2 144115188075856464 1 912 3 144115188075856465 216172782113784239 16 729 2 1 825 730 2 1 90 926 2 144115188075856465 1 729 2 1 1500 730 2 1 1500 925 2 144115188075856465 1 4 0 2147483679 2 144115188075856367 4 912 3 144115188075857179 216172782113784614 16 729 2 1 825 730 2 1 130 926 2 144115188075857179 1 729 2 1 1500 730 2 1 1500 925 2 144115188075857179 1 5 0 2133 2 144115188075857179 -1 3 0 902 1 999999 4 0 31 2 1224979098644774956 0 2133 2 144115188075856466 1224979098644774959 4 0 415 1 1224979098644774963 32 2 1224979098644774963 -1 390 3 47 48 144115188075856466 5 0 902 1 0 900 1 5 3 0 3 0 
-62.000000  686 2071 1 1224979098644774912 2072 1 1224979098644774913 4 0 31 2 1224979098644774912 144115188075857416 2133 2 144115188075857501 0 902 1 0 900 1 5 5 0 31 2 1224979098644774912 144115188075857417 2133 2 144115188075857501 1 902 1 0 900 1 5 5 0 31 2 1224979098644774912 144115188075857418 2133 2 144115188075857501 2 902 1 0 900 1 5 5 0 31 2 1224979098644774912 144115188075857419 2133 2 144115188075857501 3 902 1 0 900 1 5 5 0 31 2 1224979098644774912 144115188075856430 2120 3 1224979098644774914 1224979098644774913 0 520 3 144115188075856466 5 1224979098644774914 4 0 415 1 1224979098644774915 32 2 1224979098644774915 -1 390 3 47 48 144115188075856466 5 0 902 1 0 900 1 5 3 0 5 0 31 2 1224979098644774912 144115188075857420 902 1 0 900 1 27 5 0 31 2 1224979098644774912 144115188075856465 390 3 14 144115188075856466 144115188075856367 5 0 31 2 1224979098644774912 144115188075856435 390 3 15 1 1224979098644774913 5 0 31 2 1224979098644774912 144115188075856436 390 3 15 2 1224979098644774913 5 0 31 2 1224979098644774912 144115188075856437 389 2 16 1224979098644774913 5 0 31 2 1224979098644774912 144115188075856451 389 2 22 1224979098644774913 5 0 31 2 1224979098644774912 144115188075856444 389 2 23 1224979098644774913 5 0 31 2 1224979098644774912 144115188075856448 389 2 25 1224979098644774913 5 0 31 2 1224979098644774912 144115188075856428 393 2 29 0 5 0 31 2 1224979098644774912 144115188075856431 4 0 3221225889 0 2147483903 0 30 2 1224979098644774913 9 2105 2 1224979098644774913 1 3 0 2147483679 2 144115188075856367 1224979098644774913 2133 2 144115188075856367 1224979098644774913 1 1 100 902 1 0 900 1 5 5 0 31 2 1224979098644774912 144115188075856432 2121 3 1224979098644774916 15 6 2106 2 1224979098644774916 1 2121 3 1224979098644774913 1224979098644774916 1224979098644774913 2120 3 144115188075856467 1224979098644774913 6 390 3 30 1 144115188075856467 902 1 0 900 1 5 5 0 31 2 1224979098644774912 144115188075857422 2121 3 1224979098644774916 15 6 2106 2 1224979098644774916 1 2121 3 1224979098644774913 1224979098644774916 1224979098644774913 4 0 31 2 1224979098644774913 -1 2133 2 144115188075857502 -1 5 0 2120 3 144115188075857502 1224979098644774913 6 3 0 390 3 30 3 144115188075857502 902 1 0 900 1 5 5 0 31 2 1224979098644774912 144115188075856433 2121 3 1224979098644774916 15 6 2106 2 1224979098644774916 1 2121 3 1224979098644774913 1224979098644774916 1224979098644774913 2120 3 144115188075856468 1224979098644774913 6 390 3 30 2 144115188075856468 902 1 0 900 1 5 5 0 31 2 1224979098644774912 144115188075857423 2121 3 1224979098644774916 15 6 2106 2 1224979098644774916 1 2121 3 1224979098644774913 1224979098644774916 1224979098644774913 4 0 31 2 1224979098644774913 -1 2133 2 144115188075857503 -1 5 0 2120 3 144115188075857503 1224979098644774913 6 3 0 390 3 30 4 144115188075857503 902 1 0 900 1 5 5 0 31 2 1224979098644774912 144115188075856464 902 1 0 5 0 31 2 1224979098644774912 144115188075856442 389 2 21 1224979098644774913 5 0 31 2 1224979098644774912 144115188075856445 389 2 24 1224979098644774913 5 0 31 2 1224979098644774912 144115188075856449 389 2 26 1224979098644774913 5 0 31 2 1224979098644774912 144115188075856450 389 2 27 1224979098644774913 5 0 31 2 1224979098644774912 144115188075856441 389 2 20 1224979098644774913 5 0 31 2 1224979098644774912 144115188075856427 393 2 28 0 5 0 31 2 1224979098644774912 144115188075856459 389 2 31 1224979098644774913 5 0 31 2 1224979098644774912 144115188075856458 389 2 32 1224979098644774913 5 0 31 2 1224979098644774912 144115188075856457 389 2 33 1224979098644774913 5 0 31 2 1224979098644774912 144115188075856446 389 2 34 1224979098644774913 5 0 31 2 1224979098644774912 144115188075856443 389 2 35 1224979098644774913 5 0 31 2 1224979098644774912 144115188075856447 2121 3 1224979098644774917 10 1224979098644774913 389 2 36 1224979098644774917 5 0 31 2 1224979098644774912 144115188075856455 389 2 37 1224979098644774913 5 0 31 2 1224979098644774912 144115188075856456 389 2 38 1224979098644774913 5 0 31 2 1224979098644774912 144115188075856460 389 2 39 1224979098644774913 5 0 31 2 1224979098644774912 144115188075856461 4 0 31 2 1224979098644774913 0 389 2 40 1000 5 0 2121 3 1224979098644774917 7 1224979098644774913 389 2 40 1224979098644774917 3 0 5 0 31 2 1224979098644774912 144115188075856429 492 1 0 393 2 41 0 5 0 31 2 1224979098644774912 144115188075856438 389 2 17 1224979098644774913 5 0 31 2 1224979098644774912 144115188075856439 389 2 18 1224979098644774913 5 0 31 2 1224979098644774912 144115188075856440 389 2 19 1224979098644774913 5 0 31 2 1224979098644774912 144115188075856462 389 2 42 1224979098644774913 5 0 31 2 1224979098644774912 144115188075857320 390 3 47 30 1224979098644774913 2133 2 144115188075857340 1224979098644774913 902 1 0 900 1 5 5 0 31 2 1224979098644774912 144115188075857321 390 3 47 31 1224979098644774913 5 0 31 2 1224979098644774912 144115188075857322 390 3 47 32 1224979098644774913 5 0 31 2 1224979098644774912 144115188075857323 390 3 47 33 1224979098644774913 5 0 31 2 1224979098644774912 144115188075857171 390 3 47 1 1224979098644774913 2133 2 144115188075857263 1224979098644774913 902 1 0 900 1 5 5 0 31 2 1224979098644774912 144115188075857172 390 3 47 3 1224979098644774913 5 0 31 2 1224979098644774912 144115188075857173 390 3 47 4 1224979098644774913 5 0 31 2 1224979098644774912 144115188075857174 390 3 47 6 1224979098644774913 5 0 31 2 1224979098644774912 144115188075857175 390 3 47 15 1224979098644774913 5 0 31 2 1224979098644774912 144115188075857176 390 3 47 16 1224979098644774913 5 0 31 2 1224979098644774912 144115188075857177 390 3 47 17 1224979098644774913 5 0 31 2 1224979098644774912 144115188075857178 390 3 47 18 1224979098644774913 5 0 31 2 1224979098644774912 144115188075857179 415 1 1224979098644774915 32 2 1224979098644774915 -1 902 1 0 388 1 51 5 0 31 2 1224979098644774912 144115188075857169 390 3 47 19 1224979098644774913 5 0 31 2 1224979098644774912 144115188075857170 390 3 47 20 1224979098644774913 5 0 31 2 1224979098644774912 144115188075857318 390 3 47 22 1224979098644774913 5 0 31 2 1224979098644774912 144115188075857319 390 3 47 23 1224979098644774913 5 0 31 2 1224979098644774912 144115188075857324 390 3 47 24 1224979098644774913 5 0 31 2 1224979098644774912 144115188075857429 390 3 47 37 1224979098644774913 5 0 31 2 1224979098644774912 144115188075857430 390 3 47 42 1224979098644774913 5 0 31 2 1224979098644774912 144115188075857325 390 3 47 25 1224979098644774913 2133 2 144115188075857341 1224979098644774913 902 1 0 900 1 5 5 0 31 2 1224979098644774912 144115188075857330 390 3 47 2 1224979098644774913 5 0 31 2 1224979098644774912 144115188075857331 390 3 47 5 1224979098644774913 5 0 31 2 1224979098644774912 144115188075857332 390 3 47 7 1224979098644774913 5 0 31 2 1224979098644774912 144115188075857333 390 3 47 8 1224979098644774913 5 0 31 2 1224979098644774912 144115188075857334 390 3 47 9 1224979098644774913 5 0 31 2 1224979098644774912 144115188075857335 390 3 47 10 1224979098644774913 5 0 31 2 1224979098644774912 144115188075857336 390 3 47 11 1224979098644774913 5 0 31 2 1224979098644774912 144115188075857338 390 3 47 13 1224979098644774913 5 0 31 2 1224979098644774912 144115188075857339 390 3 47 14 1224979098644774913 5 0 31 2 1224979098644774912 144115188075857337 390 3 47 12 1224979098644774913 5 0 31 2 1224979098644774912 144115188075857328 390 3 47 28 1224979098644774913 5 0 31 2 1224979098644774912 144115188075857329 390 3 47 29 1224979098644774913 5 0 31 2 1224979098644774912 144115188075857326 390 3 47 26 1224979098644774913 5 0 31 2 1224979098644774912 144115188075857327 390 3 47 27 1224979098644774913 5 0 31 2 1224979098644774912 144115188075857317 390 3 47 21 1224979098644774913 5 0 31 2 1224979098644774912 144115188075857431 390 3 47 34 1224979098644774913 902 1 0 900 1 5 5 0 31 2 1224979098644774912 144115188075857500 390 3 47 36 1224979098644774913 5 0 31 2 1224979098644774912 144115188075857433 390 3 47 39 1224979098644774913 5 0 31 2 1224979098644774912 144115188075857421 390 3 47 40 1224979098644774913 5 0 31 2 1224979098644774912 144115188075857432 390 3 47 35 1224979098644774913 5 0 31 2 1224979098644774912 144115188075857499 390 3 47 47 1224979098644774913 5 0 31 2 1224979098644774912 144115188075857464 390 3 47 52 1224979098644774913 5 0 31 2 1224979098644774912 144115188075857810 391 4 47 136 0 1224979098644774913 5 0 31 2 1224979098644774912 144115188075857811 391 4 47 136 1 1224979098644774913 5 0 31 2 1224979098644774912 144115188075857812 391 4 47 136 2 1224979098644774913 5 0 31 2 1224979098644774912 144115188075857813 391 4 47 141 0 1224979098644774913 5 0 31 2 1224979098644774912 144115188075857814 391 4 47 141 1 1224979098644774913 5 0 31 2 1224979098644774912 144115188075857815 391 4 47 141 2 1224979098644774913 5 0 31 2 1224979098644774912 144115188075857816 390 3 47 161 1224979098644774913 5 0 31 2 1224979098644774912 144115188075857817 390 3 47 162 1224979098644774913 5 0 31 2 1224979098644774912 144115188075857818 390 3 47 163 1224979098644774913 5 0 31 2 1224979098644774912 144115188075857819 390 3 47 164 1224979098644774913 5 0 31 2 1224979098644774912 144115188075857820 390 3 47 152 1224979098644774913 5 0 31 2 1224979098644774912 144115188075857821 390 3 47 153 1224979098644774913 5 0 31 2 1224979098644774912 144115188075857822 390 3 47 154 1224979098644774913 5 0 31 2 1224979098644774912 144115188075857496 390 3 47 53 1224979098644774913 5 0 31 2 1224979098644774912 144115188075857497 390 3 47 54 1224979098644774913 5 0 31 2 1224979098644774912 144115188075857498 390 3 47 124 1224979098644774913 5 0 31 2 1224979098644774912 144115188075857424 390 3 47 81 1224979098644774913 2133 2 144115188075857504 1224979098644774913 2122 3 144115188075857413 144115188075857504 60 5 0 31 2 1224979098644774912 144115188075857425 390 3 47 82 1224979098644774913 5 0 31 2 1224979098644774912 144115188075857426 390 3 47 83 1224979098644774913 2133 2 144115188075857505 1224979098644774913 5 0 31 2 1224979098644774912 144115188075857779 390 3 47 146 1224979098644774913 2133 2 144115188075857823 1224979098644774913 5 0 31 2 1224979098644774912 144115188075857427 390 3 47 84 1224979098644774913 5 0 31 2 1224979098644774912 144115188075857428 390 3 47 98 1224979098644774913 2133 2 144115188075857506 1224979098644774913 5 0 31 2 1224979098644774912 144115188075857782 391 4 47 147 0 1224979098644774913 5 0 31 2 1224979098644774912 144115188075857783 391 4 47 147 1 1224979098644774913 5 0 31 2 1224979098644774912 144115188075857784 391 4 47 148 0 1224979098644774913 5 0 31 2 1224979098644774912 144115188075857785 391 4 47 148 1 1224979098644774913 5 0 31 2 1224979098644774912 144115188075857786 391 4 47 149 0 1224979098644774913 5 0 31 2 1224979098644774912 144115188075857787 391 4 47 149 1 1224979098644774913 5 0 31 2 1224979098644774912 144115188075857788 391 4 47 150 0 1224979098644774913 5 0 31 2 1224979098644774912 144115188075857789 391 4 47 150 1 1224979098644774913 5 0 31 2 1224979098644774912 144115188075857790 391 4 47 151 0 1224979098644774913 5 0 31 2 1224979098644774912 144115188075857791 391 4 47 151 2 1224979098644774913 5 0 31 2 1224979098644774912 144115188075857792 2133 2 144115188075857824 1224979098644774913 390 3 47 155 1224979098644774913 5 0 31 2 1224979098644774912 144115188075857442 390 3 47 55 1224979098644774913 5 0 31 2 1224979098644774912 144115188075857443 390 3 47 56 1224979098644774913 5 0 31 2 1224979098644774912 144115188075857444 390 3 47 57 1224979098644774913 5 0 31 2 1224979098644774912 144115188075857445 390 3 47 58 1224979098644774913 5 0 31 2 1224979098644774912 144115188075857446 390 3 47 59 1224979098644774913 5 0 31 2 1224979098644774912 144115188075857793 390 3 47 60 1224979098644774913 5 0 31 2 1224979098644774912 144115188075857794 390 3 47 138 1224979098644774913 5 0 31 2 1224979098644774912 144115188075857448 390 3 47 61 1224979098644774913 5 0 31 2 1224979098644774912 144115188075857449 390 3 47 62 1224979098644774913 5 0 31 2 1224979098644774912 144115188075857450 390 3 47 63 1224979098644774913 5 0 31 2 1224979098644774912 144115188075857434 390 3 47 114 1224979098644774913 5 0 31 2 1224979098644774912 144115188075857435 390 3 47 115 1224979098644774913 5 0 31 2 1224979098644774912 144115188075857436 390 3 47 116 1224979098644774913 5 0 31 2 1224979098644774912 144115188075857437 390 3 47 117 1224979098644774913 5 0 31 2 1224979098644774912 144115188075857780 390 3 47 118 1224979098644774913 5 0 31 2 1224979098644774912 144115188075857781 390 3 47 139 1224979098644774913 5 0 31 2 1224979098644774912 144115188075857439 390 3 47 119 1224979098644774913 5 0 31 2 1224979098644774912 144115188075857440 390 3 47 120 1224979098644774913 5 0 31 2 1224979098644774912 144115188075857441 390 3 47 121 1224979098644774913 5 0 31 2 1224979098644774912 144115188075857451 390 3 47 64 1224979098644774913 5 0 31 2 1224979098644774912 144115188075857452 390 3 47 65 1224979098644774913 5 0 31 2 1224979098644774912 144115188075857453 390 3 47 66 1224979098644774913 5 0 31 2 1224979098644774912 144115188075857454 390 3 47 67 1224979098644774913 5 0 31 2 1224979098644774912 144115188075857455 390 3 47 90 1224979098644774913 5 0 31 2 1224979098644774912 144115188075857456 390 3 47 68 1224979098644774913 5 0 31 2 1224979098644774912 144115188075857457 390 3 47 69 1224979098644774913 2133 2 144115188075857507 1224979098644774913 902 1 0 900 1 5 5 0 31 2 1224979098644774912 144115188075857795 390 3 47 142 1224979098644774913 5 0 31 2 1224979098644774912 144115188075857462 390 3 47 123 1224979098644774913 5 0 31 2 1224979098644774912 144115188075857463 390 3 47 125 1224979098644774913 5 0 31 2 1224979098644774912 144115188075857460 390 3 47 70 1224979098644774913 5 0 31 2 1224979098644774912 144115188075857458 390 3 47 71 1224979098644774913 5 0 31 2 1224979098644774912 144115188075857459 390 3 47 72 1224979098644774913 5 0 31 2 1224979098644774912 144115188075857461 390 3 47 134 1224979098644774913 5 0 31 2 1224979098644774912 144115188075857465 390 3 47 73 1224979098644774913 5 0 31 2 1224979098644774912 144115188075857466 390 3 47 74 1224979098644774913 5 0 31 2 1224979098644774912 144115188075857467 391 4 47 75 1 1224979098644774913 5 0 31 2 1224979098644774912 144115188075857468 391 4 47 75 2 1224979098644774913 5 0 31 2 1224979098644774912 144115188075857469 391 4 47 75 3 1224979098644774913 5 0 31 2 1224979098644774912 144115188075857470 391 4 47 75 4 1224979098644774913 5 0 31 2 1224979098644774912 144115188075857471 391 4 47 75 5 1224979098644774913 5 0 31 2 1224979098644774912 144115188075857472 391 4 47 76 1 1224979098644774913 5 0 31 2 1224979098644774912 144115188075857473 391 4 47 76 2 1224979098644774913 5 0 31 2 1224979098644774912 144115188075857474 391 4 47 76 3 1224979098644774913 5 0 31 2 1224979098644774912 144115188075857475 391 4 47 76 4 1224979098644774913 5 0 31 2 1224979098644774912 144115188075857476 391 4 47 76 5 1224979098644774913 5 0 31 2 1224979098644774912 144115188075857477 391 4 47 76 6 1224979098644774913 5 0 31 2 1224979098644774912 144115188075857482 390 3 47 104 1224979098644774913 2133 2 144115188075857717 1224979098644774913 902 1 0 900 1 5 5 0 31 2 1224979098644774912 144115188075857796 391 4 47 105 1 1224979098644774913 5 0 31 2 1224979098644774912 144115188075857797 391 4 47 105 2 1224979098644774913 5 0 31 2 1224979098644774912 144115188075857798 391 4 47 105 3 1224979098644774913 5 0 31 2 1224979098644774912 144115188075857799 391 4 47 105 4 1224979098644774913 5 0 31 2 1224979098644774912 144115188075857800 391 4 47 105 5 1224979098644774913 5 0 31 2 1224979098644774912 144115188075857801 391 4 47 105 6 1224979098644774913 5 0 31 2 1224979098644774912 144115188075857484 390 3 47 106 1224979098644774913 5 0 31 2 1224979098644774912 144115188075857485 390 3 47 107 1224979098644774913 5 0 31 2 1224979098644774912 144115188075857486 390 3 47 108 1224979098644774913 5 0 31 2 1224979098644774912 144115188075857487 390 3 47 109 1224979098644774913 5 0 31 2 1224979098644774912 144115188075857488 391 4 47 97 1 1224979098644774913 5 0 31 2 1224979098644774912 144115188075857489 391 4 47 97 2 1224979098644774913 5 0 31 2 1224979098644774912 144115188075857490 391 4 47 97 3 1224979098644774913 5 0 31 2 1224979098644774912 144115188075857491 391 4 47 97 4 1224979098644774913 5 0 31 2 1224979098644774912 144115188075857492 391 4 47 97 5 1224979098644774913 5 0 31 2 1224979098644774912 144115188075857493 391 4 47 97 6 1224979098644774913 5 0 31 2 1224979098644774912 144115188075857494 391 4 47 97 7 1224979098644774913 5 0 31 2 1224979098644774912 144115188075857495 391 4 47 97 8 1224979098644774913 5 0 31 2 1224979098644774912 144115188075857802 391 4 47 167 3 1224979098644774913 5 0 31 2 1224979098644774912 144115188075857803 391 4 47 167 2 1224979098644774913 5 0 31 2 1224979098644774912 144115188075857804 391 4 47 167 5 1224979098644774913 5 0 31 2 1224979098644774912 144115188075857805 391 4 47 167 1 1224979098644774913 5 0 31 2 1224979098644774912 144115188075857806 391 4 47 167 6 1224979098644774913 5 0 31 2 1224979098644774912 144115188075857807 391 4 47 167 0 1224979098644774913 5 0 31 2 1224979098644774912 144115188075857808 2133 2 144115188075857825 1224979098644774913 390 3 47 145 1224979098644774913 5 0 31 2 1224979098644774912 144115188075857809 2133 2 144115188075857826 1224979098644774913 390 3 47 160 1224979098644774913 5 0 31 2 1224979098644774912 144115188075857478 390 3 47 77 1224979098644774913 2133 2 144115188075857508 1224979098644774913 902 1 0 900 1 5 5 0 31 2 1224979098644774912 144115188075857479 390 3 47 78 1224979098644774913 5 0 31 2 1224979098644774912 144115188075857480 390 3 47 79 1224979098644774913 5 0 31 2 1224979098644774912 144115188075857481 390 3 47 80 1224979098644774913 3 0 
-61.000000  10 4 0 31 2 144115188075857509 1 2133 2 144115188075857509 0 902 1 0 900 1 5 3 0 4 0 71 1 1 902 1 0 3 0 


prsnt_multiplayer_welcome_message 2 0 2
-60.000000  145 2124 1 1000 4 0 31 2 144115188075856367 9 2320 2 0 216172782113784954 5 0 2353 1 0 3 0 4 0 2147485966 1 0 31 2 144115188075856469 0 911 2 72057594037927936 30 729 2 1 200 730 2 1 400 926 2 72057594037927936 1 910 3 72057594037927936 0 8192 921 2 72057594037927936 16777215 729 2 1 230 730 2 1 425 926 2 72057594037927936 1 729 2 1 540 730 2 1 150 929 2 72057594037927936 1 902 1 999999 5 0 31 2 144115188075856984 1 911 2 72057594037927936 30 729 2 1 200 730 2 1 400 926 2 72057594037927936 1 4 0 2147485966 1 0 2319 1 3 2320 2 2 0 2320 2 2 216172782113784335 2320 2 2 216172782113784335 5 0 2319 1 2 3 0 2320 2 3 216172782113784621 2320 2 2 216172782113784335 2133 2 1224979098644774912 1000 1 2 85 144115188075856367 2133 2 1224979098644774913 72057594037927936 2352 1 0 2320 2 3 216172782113784364 2320 2 2 216172782113784335 4 0 31 2 144115188075856367 0 2320 2 0 216172782113784102 5 0 31 2 144115188075856367 1 2320 2 0 216172782113784103 5 0 31 2 144115188075856367 2 2320 2 0 216172782113784104 5 0 31 2 144115188075856367 3 2320 2 0 216172782113784105 5 0 31 2 144115188075856367 4 2320 2 0 216172782113784106 5 0 31 2 144115188075856367 5 2320 2 0 216172782113784107 5 0 31 2 144115188075856367 6 2320 2 0 216172782113784108 5 0 31 2 144115188075856367 7 2320 2 0 216172782113784109 5 0 31 2 144115188075856367 8 2320 2 0 216172782113784110 5 0 31 2 144115188075856367 9 2320 2 0 216172782113784111 5 0 31 2 144115188075856367 13 2320 2 0 216172782113784116 5 0 31 2 144115188075856367 14 2320 2 0 216172782113784117 5 0 31 2 144115188075856367 12 2320 2 0 216172782113784115 5 0 31 2 144115188075856367 11 2320 2 0 216172782113784114 5 0 31 2 144115188075856367 10 2320 2 0 216172782113784113 3 0 2320 2 3 216172782113784366 2320 2 2 216172782113784335 2322 2 0 1435 2320 2 3 216172782113784365 2320 2 2 216172782113784335 2370 1 1224979098644774914 2105 2 1224979098644774914 144115188075857059 2133 2 72057594037927936 1224979098644774914 2122 3 144115188075857060 144115188075856762 60 2121 3 1224979098644774915 144115188075857060 1224979098644774914 2123 3 72057594037927936 1224979098644774915 60 2119 3 72057594037927937 1224979098644774915 60 4 0 30 2 72057594037927936 10 30 2 72057594037927937 10 2319 1 0 2319 1 1 5 0 30 2 72057594037927936 10 2319 1 0 2320 2 1 1585267068834414594 5 0 30 2 72057594037927937 10 2320 2 0 1585267068834414594 2319 1 1 5 0 2320 2 0 1585267068834414594 2320 2 1 1585267068834414594 3 0 2320 2 3 216172782113784367 2320 2 2 216172782113784335 6 3 1224979098644774916 0 1224979098644774912 2133 2 72057594037927936 -12345 1 3 80 1224979098644774913 1224979098644774916 4 0 31 2 72057594037927936 -12345 2133 2 1224979098644774912 0 5 0 1 4 81 1224979098644774913 1224979098644774916 72057594037927936 2320 2 3 0 2320 2 2 216172782113784335 3 0 3 0 910 3 72057594037927936 2 8192 921 2 72057594037927936 16777215 729 2 1 230 730 2 1 425 926 2 72057594037927936 1 729 2 1 540 730 2 1 150 929 2 72057594037927936 1 902 1 999999 3 0 
-61.000000  29 2353 1 0 4 0 2147483679 2 144115188075856984 1 1073744142 1 0 31 2 144115188075856469 1 902 1 0 2147484551 1 21 2147484551 1 7 900 1 7 5 0 2370 1 1224979098644774912 32 2 1224979098644774912 1 1073741895 1 1 1073741895 1 57 1073741895 1 28 1073741895 1 224 71 1 225 2133 2 144115188075856469 1 902 1 0 2147484551 1 21 2147484551 1 7 4 0 31 2 144115188075856984 1 2133 2 144115188075856984 0 900 1 21 5 0 900 1 7 3 0 3 0 


prsnt_multiplayer_team_select 2 0 3
-60.000000  406 2124 1 1000 415 1 1224979098644774912 4 0 2147484049 1 1224979098644774912 902 1 0 3 0 401 1 1224979098644774912 402 2 1224979098644774913 1224979098644774912 2133 2 1224979098644774914 230 2133 2 1224979098644774915 65 2133 2 1224979098644774916 530 2133 2 1224979098644774917 2500 911 2 72057594037927936 30 729 2 1 180 730 2 1 1224979098644774914 926 2 72057594037927936 1 729 2 1 1224979098644774916 730 2 1 1224979098644774917 925 2 72057594037927936 1 911 2 72057594037927936 30 729 2 1 520 730 2 1 1224979098644774914 926 2 72057594037927936 1 729 2 1 1224979098644774916 730 2 1 1224979098644774917 925 2 72057594037927936 1 911 2 72057594037927936 30 729 2 1 350 730 2 1 1224979098644774915 926 2 72057594037927936 1 729 2 1 1224979098644774916 730 2 1 750 925 2 72057594037927936 1 2319 1 0 910 3 144115188075856470 0 131072 729 2 1 0 730 2 1 0 926 2 144115188075856470 1 729 2 1 1150 730 2 1 700 929 2 144115188075856470 1 945 1 144115188075856470 2133 2 1224979098644774918 15526786 2133 2 1224979098644774919 5635920 2133 2 1224979098644774920 16777215 2133 2 1224979098644774921 5635920 2133 2 1224979098644774922 8947848 2133 2 1224979098644774923 8947848 2133 2 1224979098644774924 650 4 0 32 2 144115188075857771 0 2133 2 1224979098644774925 1224979098644774924 2133 2 1224979098644774926 85 2133 2 1224979098644774927 85 2121 3 1224979098644774928 1224979098644774925 90 5 0 2121 3 1224979098644774925 1224979098644774924 30 2133 2 1224979098644774926 120 2121 3 1224979098644774928 1224979098644774925 100 3 0 4 0 32 2 144115188075857772 0 2133 2 1224979098644774929 1224979098644774924 2133 2 1224979098644774930 85 2133 2 1224979098644774931 85 2121 3 1224979098644774932 1224979098644774929 90 5 0 2121 3 1224979098644774929 1224979098644774924 30 2133 2 1224979098644774930 120 2121 3 1224979098644774932 1224979098644774929 100 3 0 2121 3 1224979098644774933 1224979098644774924 340 2121 3 1224979098644774934 1224979098644774924 380 2121 3 1224979098644774935 1224979098644774924 480 2121 3 1224979098644774936 1224979098644774935 45 2121 3 1224979098644774937 1224979098644774936 40 2121 3 1224979098644774938 1224979098644774925 200 2121 3 1224979098644774939 1224979098644774928 30 2121 3 1224979098644774940 1224979098644774938 90 2121 3 1224979098644774941 1224979098644774940 30 2121 3 1224979098644774942 1224979098644774929 200 2121 3 1224979098644774943 1224979098644774932 30 2121 3 1224979098644774944 1224979098644774942 90 2121 3 1224979098644774945 1224979098644774944 30 2133 2 1224979098644774946 335 2133 2 1224979098644774947 1224979098644774946 2133 2 1224979098644774948 675 2133 2 1224979098644774949 1224979098644774948 2133 2 1224979098644774950 300 2120 3 1224979098644774951 1224979098644774950 32 2133 2 1224979098644774952 640 2120 3 1224979098644774953 1224979098644774952 32 1 2 405 144115188075856768 2133 2 1224979098644774954 72057594037927936 911 2 72057594037927936 1224979098644774954 729 2 1 1224979098644774946 730 2 1 1224979098644774925 926 2 72057594037927936 1 729 2 1 1224979098644774926 730 2 1 1224979098644774926 925 2 72057594037927936 1 4 0 32 2 144115188075857771 0 1 2 405 144115188075857771 2133 2 1224979098644774954 72057594037927936 911 2 72057594037927936 1224979098644774954 729 2 1 1224979098644774947 730 2 1 1224979098644774938 926 2 72057594037927936 1 729 2 1 1224979098644774927 730 2 1 1224979098644774927 925 2 72057594037927936 1 3 0 4 0 31 2 144115188075856769 144115188075856768 911 2 72057594037927936 198 5 0 1 2 405 144115188075856769 2133 2 1224979098644774954 72057594037927936 911 2 72057594037927936 1224979098644774954 3 0 729 2 1 1224979098644774948 730 2 1 1224979098644774929 926 2 72057594037927936 1 729 2 1 1224979098644774930 730 2 1 1224979098644774930 925 2 72057594037927936 1 4 0 32 2 144115188075857772 0 1 2 405 144115188075857772 2133 2 1224979098644774954 72057594037927936 911 2 72057594037927936 1224979098644774954 729 2 1 1224979098644774949 730 2 1 1224979098644774942 926 2 72057594037927936 1 729 2 1 1224979098644774931 730 2 1 1224979098644774931 925 2 72057594037927936 1 3 0 2133 2 1224979098644774955 1224979098644774950 458 2 1224979098644774956 0 2335 2 0 1224979098644774956 2121 3 1224979098644774957 1224979098644774956 6 2105 2 1224979098644774957 216172782113784622 2320 2 1 1224979098644774957 4 0 31 2 1224979098644774913 0 31 2 144115188075857515 0 912 3 144115188075856471 0 16 2133 2 1224979098644774958 1224979098644774918 2133 2 1224979098644774959 1224979098644774919 2133 2 144115188075856472 1 5 0 1 3 82 1224979098644774912 0 912 3 144115188075856471 0 16 2133 2 1224979098644774958 1224979098644774920 2133 2 1224979098644774959 1224979098644774921 2133 2 144115188075856472 1 5 0 910 3 144115188075856471 0 16 2133 2 1224979098644774958 1224979098644774922 2133 2 1224979098644774959 1224979098644774923 2133 2 144115188075856472 0 2105 2 1224979098644774955 26 3 0 921 2 144115188075856471 1224979098644774958 923 2 144115188075856471 1224979098644774959 910 3 144115188075857342 1 16 921 2 144115188075857342 1224979098644774958 729 2 1 1224979098644774955 730 2 1 1224979098644774928 926 2 144115188075856471 1 729 2 1 1600 730 2 1 1600 925 2 144115188075856471 1 729 2 1 1224979098644774951 730 2 1 1224979098644774939 926 2 144115188075857342 1 729 2 1 900 730 2 1 900 925 2 144115188075857342 1 4 0 32 2 144115188075857771 0 529 3 1224979098644774960 0 2 2335 2 2 1224979098644774960 2121 3 1224979098644774961 1224979098644774960 6 2105 2 1224979098644774961 216172782113784622 2320 2 3 1224979098644774961 4 0 31 2 1224979098644774913 0 31 2 144115188075857515 1 912 3 144115188075857510 2 16 2133 2 1224979098644774958 1224979098644774918 2133 2 1224979098644774959 1224979098644774919 5 0 1 3 82 1224979098644774912 0 912 3 144115188075857510 2 16 2133 2 1224979098644774958 1224979098644774920 2133 2 1224979098644774959 1224979098644774921 5 0 910 3 144115188075857510 2 16 2133 2 1224979098644774958 1224979098644774922 2133 2 1224979098644774959 1224979098644774923 3 0 921 2 144115188075857510 1224979098644774958 923 2 144115188075857510 1224979098644774959 910 3 144115188075857511 3 16 921 2 144115188075857511 1224979098644774958 729 2 1 1224979098644774955 730 2 1 1224979098644774940 926 2 144115188075857510 1 729 2 1 1600 730 2 1 1600 925 2 144115188075857510 1 729 2 1 1224979098644774951 730 2 1 1224979098644774941 926 2 144115188075857511 1 729 2 1 900 730 2 1 900 925 2 144115188075857511 1 5 0 2133 2 144115188075857510 0 3 0 2133 2 1224979098644774955 1224979098644774952 458 2 1224979098644774956 1 2335 2 0 1224979098644774956 2121 3 1224979098644774957 1224979098644774956 6 2105 2 1224979098644774957 216172782113784622 2320 2 1 1224979098644774957 4 0 31 2 1224979098644774913 1 31 2 144115188075857515 0 912 3 144115188075856473 0 16 2133 2 1224979098644774958 1224979098644774918 2133 2 1224979098644774959 1224979098644774919 2133 2 144115188075856474 1 5 0 1 3 82 1224979098644774912 0 912 3 144115188075856473 0 16 2133 2 1224979098644774958 1224979098644774920 2133 2 1224979098644774959 1224979098644774921 2133 2 144115188075856474 1 5 0 910 3 144115188075856473 0 16 2133 2 1224979098644774958 1224979098644774922 2133 2 1224979098644774959 1224979098644774923 2133 2 144115188075856472 0 2105 2 1224979098644774955 26 3 0 921 2 144115188075856473 1224979098644774958 923 2 144115188075856473 1224979098644774959 910 3 144115188075857512 1 16 921 2 144115188075857512 1224979098644774958 729 2 1 1224979098644774955 730 2 1 1224979098644774932 926 2 144115188075856473 1 729 2 1 1600 730 2 1 1600 925 2 144115188075856473 1 729 2 1 1224979098644774953 730 2 1 1224979098644774943 926 2 144115188075857512 1 729 2 1 900 730 2 1 900 925 2 144115188075857512 1 4 0 32 2 144115188075857772 0 529 3 1224979098644774960 1 2 2335 2 2 1224979098644774960 2121 3 1224979098644774961 1224979098644774960 6 2105 2 1224979098644774961 216172782113784622 2320 2 3 1224979098644774961 4 0 31 2 1224979098644774913 1 31 2 144115188075857515 1 912 3 144115188075857513 2 16 2133 2 1224979098644774958 1224979098644774918 2133 2 1224979098644774959 1224979098644774919 5 0 1 3 82 1224979098644774912 0 912 3 144115188075857513 2 16 2133 2 1224979098644774958 1224979098644774920 2133 2 1224979098644774959 1224979098644774921 5 0 910 3 144115188075857513 2 16 2133 2 1224979098644774958 1224979098644774922 2133 2 1224979098644774959 1224979098644774923 3 0 921 2 144115188075857513 1224979098644774958 923 2 144115188075857513 1224979098644774959 910 3 144115188075857514 3 16 921 2 144115188075857514 1224979098644774958 729 2 1 1224979098644774955 730 2 1 1224979098644774944 926 2 144115188075857513 1 729 2 1 1600 730 2 1 1600 925 2 144115188075857513 1 729 2 1 1224979098644774953 730 2 1 1224979098644774945 926 2 144115188075857514 1 729 2 1 900 730 2 1 900 925 2 144115188075857514 1 5 0 2133 2 144115188075857513 0 3 0 4 0 31 2 1224979098644774913 2 2133 2 1224979098644774962 1224979098644774918 2133 2 1224979098644774963 1224979098644774919 5 0 2133 2 1224979098644774962 1224979098644774920 2133 2 1224979098644774963 1224979098644774921 3 0 912 3 144115188075856475 216172782113784268 16 921 2 144115188075856475 1224979098644774962 923 2 144115188075856475 1224979098644774963 729 2 1 495 730 2 1 1224979098644774936 926 2 144115188075856475 1 729 2 1 1400 730 2 1 1400 925 2 144115188075856475 1 912 3 144115188075857180 216172782113784619 16 921 2 144115188075857180 1224979098644774920 923 2 144115188075857180 1224979098644774921 729 2 1 495 730 2 1 1224979098644774935 926 2 144115188075857180 1 729 2 1 1400 730 2 1 1400 925 2 144115188075857180 1 911 2 72057594037927936 6 921 2 72057594037927936 1224979098644774920 922 2 72057594037927936 208 729 2 1 185 730 2 1 1224979098644774933 926 2 72057594037927936 1 729 2 1 15200 730 2 1 200 925 2 72057594037927936 1 911 2 72057594037927936 6 921 2 72057594037927936 1224979098644774920 922 2 72057594037927936 208 729 2 1 525 730 2 1 1224979098644774933 926 2 72057594037927936 1 729 2 1 15200 730 2 1 200 925 2 72057594037927936 1 1 1 206 2133 2 1224979098644774964 72057594037927987 2133 2 1224979098644774965 72057594037927990 2133 2 1224979098644774966 72057594037927993 2133 2 1224979098644774967 60 2133 2 1224979098644774968 1224979098644774934 2133 2 1224979098644774969 250 2133 2 1224979098644774970 590 2133 2 72057594037927936 1224979098644774964 4 0 31 2 1224979098644774964 1 2320 2 0 216172782113784228 5 0 2320 2 0 216172782113784229 3 0 910 3 72057594037927937 0 0 921 2 72057594037927937 1224979098644774920 729 2 1 1224979098644774969 730 2 1 1224979098644774934 926 2 72057594037927937 1 729 2 1 1300 730 2 1 1300 925 2 72057594037927937 1 2133 2 72057594037927936 1224979098644774965 4 0 31 2 1224979098644774965 1 2320 2 0 216172782113784228 5 0 2320 2 0 216172782113784229 3 0 910 3 72057594037927937 0 0 921 2 72057594037927937 1224979098644774920 729 2 1 1224979098644774970 730 2 1 1224979098644774934 926 2 72057594037927937 1 729 2 1 1300 730 2 1 1300 925 2 72057594037927937 1 2106 2 1224979098644774968 1224979098644774967 2133 2 72057594037927936 1224979098644774966 4 0 31 2 1224979098644774966 1 2320 2 0 216172782113784230 5 0 2320 2 0 216172782113784231 3 0 910 3 72057594037927937 0 16 921 2 72057594037927937 1224979098644774920 729 2 1 505 730 2 1 1224979098644774937 926 2 72057594037927937 1 729 2 1 1000 730 2 1 1000 925 2 72057594037927937 1 902 1 999999 
-62.000000  116 2071 1 1224979098644774912 415 1 1224979098644774913 2133 2 144115188075857515 0 4 0 31 2 144115188075856383 0 4 0 1073741855 2 1224979098644774912 144115188075856471 31 2 1224979098644774912 144115188075857510 4 0 1 3 82 1224979098644774913 0 4 0 4 0 31 2 1224979098644774912 144115188075857510 2133 2 144115188075857515 1 3 0 402 2 1224979098644774914 1224979098644774913 2147483679 2 1224979098644774914 0 2133 2 144115188075856476 0 2133 2 144115188075856383 1 404 2 144115188075856477 1224979098644774913 402 2 144115188075856478 1224979098644774913 405 2 1224979098644774913 -1 2133 2 144115188075857516 0 389 2 1 0 2370 1 1224979098644774915 508 3 1224979098644774913 27 1224979098644774915 403 2 1224979098644774913 0 5 0 902 1 0 4 0 31 2 144115188075856367 7 900 1 8 5 0 900 1 9 3 0 3 0 3 0 5 0 1073741855 2 1224979098644774912 144115188075856473 31 2 1224979098644774912 144115188075857513 4 0 1 3 82 1224979098644774913 1 4 0 4 0 31 2 1224979098644774912 144115188075857513 2133 2 144115188075857515 1 3 0 402 2 1224979098644774914 1224979098644774913 2147483679 2 1224979098644774914 1 2133 2 144115188075856476 0 2133 2 144115188075856383 1 404 2 144115188075856477 1224979098644774913 402 2 144115188075856478 1224979098644774913 405 2 1224979098644774913 -1 2133 2 144115188075857516 0 389 2 1 1 2370 1 1224979098644774915 508 3 1224979098644774913 27 1224979098644774915 403 2 1224979098644774913 1 5 0 902 1 0 4 0 31 2 144115188075856367 7 900 1 8 5 0 900 1 9 3 0 3 0 3 0 5 0 31 2 1224979098644774912 144115188075856475 405 2 1224979098644774913 -1 2133 2 144115188075857516 0 389 2 1 2 403 2 1224979098644774913 2 902 1 0 5 0 31 2 1224979098644774912 144115188075857180 4 0 402 2 1224979098644774914 1224979098644774913 1 2 250 1224979098644774913 2133 2 1224979098644774916 72057594037927936 4 0 31 2 1224979098644774916 -1 4 0 33 3 1224979098644774914 0 2 2133 2 1224979098644774916 1224979098644774914 5 0 2136 3 1224979098644774916 0 2 3 0 3 0 1 3 82 1224979098644774913 1224979098644774916 4 0 2147483679 2 1224979098644774914 1224979098644774916 2133 2 144115188075856476 0 2133 2 144115188075856383 1 404 2 144115188075856477 1224979098644774913 402 2 144115188075856478 1224979098644774913 405 2 1224979098644774913 -1 2133 2 144115188075857516 0 389 2 1 1224979098644774916 2370 1 1224979098644774915 508 3 1224979098644774913 27 1224979098644774915 403 2 1224979098644774913 1224979098644774916 5 0 902 1 0 4 0 31 2 144115188075856367 7 900 1 8 5 0 900 1 9 3 0 3 0 3 0 3 0 3 0 
-61.000000  115 4 0 31 2 144115188075857517 1 2133 2 144115188075857517 0 902 1 0 900 1 7 3 0 415 1 1224979098644774912 411 1 1224979098644774913 2133 2 1224979098644774914 0 4 0 71 1 1 4 0 1073741855 2 144115188075856383 1 31 2 1224979098644774913 3 405 2 1224979098644774912 -1 389 2 1 2 403 2 1224979098644774912 2 2133 2 144115188075857181 0 2133 2 144115188075856383 0 3 0 902 1 0 5 0 31 2 144115188075856383 1 31 2 144115188075856476 1 2133 2 144115188075856383 0 2133 2 144115188075856476 0 902 1 0 4 0 31 2 144115188075856367 7 900 1 8 5 0 2133 2 1224979098644774915 -1 458 2 1224979098644774916 1224979098644774913 4 0 31 2 144115188075857515 1 529 3 1224979098644774916 1224979098644774913 2 3 0 1 2 409 1224979098644774916 2133 2 1224979098644774915 72057594037927936 405 2 1224979098644774912 1224979098644774915 528 3 1224979098644774917 1224979098644774912 52 4 0 2147483679 2 1224979098644774917 1224979098644774915 508 3 1224979098644774912 52 1224979098644774915 1 1 476 1 1 455 3 0 389 2 2 1224979098644774915 2133 2 144115188075857181 1 4 0 32 2 1224979098644774915 -1 520 3 1224979098644774918 1224979098644774915 11 1073741855 2 1224979098644774918 20 1 4 209 1224979098644774915 0 1224979098644774912 5 0 1 4 209 1224979098644774915 1 1224979098644774912 3 0 1 1 426 2133 2 144115188075857184 1224979098644774915 900 1 9 3 0 5 0 31 2 144115188075856383 1 31 2 144115188075856476 -1 405 2 1224979098644774912 -1 389 2 1 2 403 2 1224979098644774912 2 2133 2 144115188075857181 0 2133 2 144115188075856383 0 902 1 0 900 1 7 5 0 4 0 1 3 82 1224979098644774912 0 4 0 31 2 144115188075856472 0 2133 2 1224979098644774914 1 3 0 5 0 4 0 31 2 144115188075856472 1 2133 2 1224979098644774914 1 3 0 3 0 4 0 31 2 1224979098644774914 0 1 3 82 1224979098644774912 1 4 0 31 2 144115188075856474 0 2133 2 1224979098644774914 1 3 0 5 0 4 0 31 2 144115188075856474 1 2133 2 1224979098644774914 1 3 0 3 0 4 0 31 2 1224979098644774914 1 2133 2 144115188075857182 1 5 0 2370 1 1224979098644774919 2121 3 1224979098644774920 1224979098644774919 144115188075857183 30 2 1224979098644774920 10 2133 2 144115188075857182 1 3 0 31 2 144115188075857182 1 2370 1 1224979098644774919 2121 3 1224979098644774920 1224979098644774919 144115188075857183 30 2 1224979098644774920 1 2133 2 144115188075857182 0 902 1 0 900 1 7 2370 1 144115188075857183 3 0 


prsnt_multiplayer_troop_select 2 0 4
-60.000000  403 2124 1 1000 2133 2 1224979098644774912 1 4 0 2147483679 2 144115188075856367 7 902 1 0 2133 2 1224979098644774912 0 3 0 31 2 1224979098644774912 1 415 1 1224979098644774913 401 1 1224979098644774913 402 2 1224979098644774914 1224979098644774913 404 2 1224979098644774915 1224979098644774913 528 3 1224979098644774916 1224979098644774913 41 2133 2 1224979098644774917 10 2133 2 1224979098644774918 127 2133 2 1224979098644774919 300 2133 2 1224979098644774920 410 2133 2 1224979098644774921 570 2133 2 1224979098644774922 150 2121 3 1224979098644774923 1224979098644774921 425 2121 3 1224979098644774924 1224979098644774921 370 2120 3 1224979098644774925 1224979098644774924 25 2133 2 1224979098644774926 1224979098644774917 2133 2 1224979098644774927 1224979098644774918 2121 3 1224979098644774928 1224979098644774919 5 2133 2 1224979098644774929 1224979098644774920 2120 3 1224979098644774930 1224979098644774917 30 911 2 72057594037927936 30 729 2 1 540 730 2 1 1224979098644774924 926 2 72057594037927936 1 729 2 1 285 730 2 1 1825 925 2 72057594037927936 1 500 3 1443 72057594037927936 540 500 3 1444 72057594037927936 1224979098644774924 500 3 1445 72057594037927936 285 500 3 1446 72057594037927936 1825 911 2 72057594037927936 30 729 2 1 715 730 2 1 1224979098644774924 926 2 72057594037927936 1 729 2 1 285 730 2 1 1825 925 2 72057594037927936 1 500 3 1443 72057594037927936 715 500 3 1444 72057594037927936 1224979098644774924 500 3 1445 72057594037927936 285 500 3 1446 72057594037927936 1825 911 2 72057594037927936 30 729 2 1 1224979098644774917 730 2 1 1224979098644774923 926 2 72057594037927936 1 729 2 1 850 730 2 1 2125 925 2 72057594037927936 1 500 3 1443 72057594037927936 70 500 3 1444 72057594037927936 1224979098644774923 500 3 1445 72057594037927936 755 500 3 1446 72057594037927936 2325 4 0 31 2 1224979098644774915 -1 2133 2 144115188075857181 0 3 0 941 3 144115188075857187 216172782113784213 0 729 2 1 830 730 2 1 1224979098644774922 926 2 144115188075857187 1 921 2 144115188075857187 16777215 500 3 1443 144115188075857187 800 500 3 1444 144115188075857187 1224979098644774922 500 3 1445 144115188075857187 1000 500 3 1446 144115188075857187 1000 941 3 144115188075857188 216172782113784238 0 729 2 1 630 730 2 1 1224979098644774922 926 2 144115188075857188 1 921 2 144115188075857188 16777215 500 3 1443 144115188075857188 540 500 3 1444 144115188075857188 1224979098644774922 500 3 1445 144115188075857188 1000 500 3 1446 144115188075857188 1000 2121 3 1224979098644774931 15 1 4 0 911 2 72057594037927936 6 921 2 72057594037927936 0 922 2 72057594037927936 208 729 2 1 1224979098644774926 730 2 1 1224979098644774921 926 2 72057594037927936 1 729 2 1 5500 730 2 1 1600 925 2 72057594037927936 1 911 2 72057594037927936 6 921 2 72057594037927936 0 922 2 72057594037927936 208 729 2 1 1224979098644774927 730 2 1 1224979098644774921 926 2 72057594037927936 1 729 2 1 8000 730 2 1 1600 925 2 72057594037927936 1 911 2 72057594037927936 6 921 2 72057594037927936 0 922 2 72057594037927936 208 729 2 1 1224979098644774928 730 2 1 1224979098644774921 926 2 72057594037927936 1 729 2 1 5500 730 2 1 1600 925 2 72057594037927936 1 911 2 72057594037927936 6 921 2 72057594037927936 0 922 2 72057594037927936 208 729 2 1 1224979098644774929 730 2 1 1224979098644774921 926 2 72057594037927936 1 729 2 1 5600 730 2 1 1600 925 2 72057594037927936 1 912 3 144115188075857189 216172782113784631 0 4 0 31 2 144115188075857197 1 921 2 144115188075857189 15526786 5 0 921 2 144115188075857189 16777215 3 0 729 2 1 1224979098644774917 730 2 1 1224979098644774921 926 2 144115188075857189 1 500 3 1443 144115188075857189 100 500 3 1444 144115188075857189 1224979098644774921 500 3 1445 144115188075857189 1000 500 3 1446 144115188075857189 1000 912 3 144115188075857519 216172782113784632 0 4 0 31 2 144115188075857197 2 921 2 144115188075857519 15526786 5 0 921 2 144115188075857519 16777215 3 0 729 2 1 1224979098644774918 730 2 1 1224979098644774921 926 2 144115188075857519 1 500 3 1443 144115188075857519 100 500 3 1444 144115188075857519 1224979098644774921 500 3 1445 144115188075857519 1000 500 3 1446 144115188075857519 1000 912 3 144115188075857190 216172782113784633 0 4 0 31 2 144115188075857197 3 921 2 144115188075857190 15526786 5 0 921 2 144115188075857190 16777215 3 0 729 2 1 1224979098644774919 730 2 1 1224979098644774921 926 2 144115188075857190 1 500 3 1443 144115188075857190 250 500 3 1444 144115188075857190 1224979098644774921 500 3 1445 144115188075857190 1000 500 3 1446 144115188075857190 1000 912 3 144115188075857191 216172782113784634 0 4 0 31 2 144115188075857197 4 921 2 144115188075857191 15526786 5 0 921 2 144115188075857191 16777215 3 0 729 2 1 1224979098644774920 730 2 1 1224979098644774921 926 2 144115188075857191 1 500 3 1443 144115188075857191 400 500 3 1444 144115188075857191 1224979098644774921 500 3 1445 144115188075857191 1000 500 3 1446 144115188075857191 1000 2121 3 1224979098644774932 1224979098644774921 55 730 2 1 1224979098644774932 729 2 1 1224979098644774930 729 2 2 900 730 2 2 900 729 2 3 750 730 2 3 750 910 3 72057594037927936 216172782113784245 0 921 2 72057594037927936 16777215 926 2 72057594037927936 1 925 2 72057594037927936 2 730 2 1 1224979098644774932 729 2 1 1224979098644774930 500 3 1443 72057594037927936 98 2121 3 1224979098644774933 1224979098644774921 70 500 3 1444 72057594037927936 1224979098644774933 500 3 1445 72057594037927936 900 500 3 1446 72057594037927936 900 458 2 1224979098644774934 1224979098644774914 4 0 31 2 144115188075857515 1 529 3 1224979098644774934 1224979098644774914 2 3 0 6 3 1224979098644774935 100 116 500 3 5 1224979098644774935 -1 3 0 6 3 1224979098644774935 116 132 500 3 5 1224979098644774935 -1 3 0 2133 2 1224979098644774936 0 6 3 1224979098644774937 12 240 2173 2 1224979098644774938 1224979098644774937 31 2 1224979098644774938 1224979098644774934 1 2 420 1224979098644774937 2133 2 1224979098644774939 72057594037927936 31 2 144115188075857197 1224979098644774939 2105 2 1224979098644774936 1 3 0 4 0 32 2 1224979098644774936 7 2119 3 1224979098644774940 1224979098644774936 7 2121 3 1224979098644774941 1224979098644774936 1224979098644774940 2123 3 1224979098644774942 1224979098644774941 7 4 0 32 2 1224979098644774940 0 2105 2 1224979098644774942 1 3 0 948 1 144115188075857827 729 2 10 500 730 2 10 800 925 2 144115188075857827 10 729 2 10 450 730 2 10 1224979098644774932 926 2 144115188075857827 10 6 3 1224979098644774943 0 1224979098644774942 2120 3 1224979098644774944 1224979098644774943 1 2133 2 72057594037927936 1224979098644774944 931 2 144115188075857827 216172782113785624 3 0 927 2 144115188075857827 144115188075857828 5 0 2133 2 144115188075857827 -1 3 0 2106 2 1224979098644774932 28 2133 2 1224979098644774945 1224979098644774915 2133 2 1224979098644774946 1 6 3 1224979098644774947 0 1224979098644774946 32 2 1224979098644774945 -1 2173 2 1224979098644774948 1224979098644774945 4 0 2147483679 2 1224979098644774934 1224979098644774948 2106 2 1224979098644774945 1 2105 2 1224979098644774946 1 5 0 2133 2 1224979098644774946 0 3 0 3 0 2133 2 1224979098644774949 0 2122 3 1224979098644774950 144115188075857828 7 2120 3 1224979098644774951 1224979098644774950 7 2133 2 1224979098644774952 0 6 3 1224979098644774937 12 240 2173 2 1224979098644774938 1224979098644774937 2133 2 1224979098644774953 0 4 0 32 2 1224979098644774938 15 2106 2 1224979098644774938 1224979098644774931 2133 2 1224979098644774953 1 3 0 31 2 1224979098644774938 1224979098644774934 1 2 420 1224979098644774937 2133 2 1224979098644774939 72057594037927936 31 2 144115188075857197 1224979098644774939 4 0 30 2 1224979098644774952 1224979098644774950 2147483678 2 1224979098644774952 1224979098644774951 1 2 421 1224979098644774937 2133 2 1224979098644774954 72057594037927936 2322 2 1 1224979098644774954 4 0 31 2 1224979098644774916 1224979098644774937 500 3 1437 1224979098644774937 1 4 0 31 2 1224979098644774953 0 912 3 72057594037927948 1 0 2133 2 1224979098644774955 15526786 2133 2 1224979098644774956 1 3 0 5 0 1 4 212 1224979098644774937 1224979098644774913 0 2133 2 1224979098644774956 72057594037927939 4 0 31 2 1224979098644774956 1 500 3 1437 1224979098644774937 1 4 0 31 2 1224979098644774953 0 912 3 72057594037927948 1 0 2133 2 1224979098644774955 16777215 3 0 5 0 500 3 1437 1224979098644774937 0 4 0 31 2 1224979098644774953 0 910 3 72057594037927948 1 0 2133 2 1224979098644774955 8947848 3 0 3 0 3 0 31 2 1224979098644774953 0 921 2 72057594037927948 1224979098644774955 923 2 72057594037927948 5635920 730 2 1 1224979098644774932 926 2 72057594037927948 1 925 2 72057594037927948 2 2120 3 1224979098644774957 1224979098644774949 100 500 3 5 1224979098644774957 72057594037927948 4 0 520 3 1224979098644774958 1224979098644774937 11 31 2 1224979098644774958 20 2323 2 7 1224979098644774937 5 0 2323 2 7 1224979098644774954 3 0 910 3 72057594037927949 7 0 2121 3 1224979098644774959 1224979098644774932 20 700 2 4 1 730 2 4 1224979098644774959 926 2 72057594037927949 4 925 2 72057594037927949 3 921 2 72057594037927949 1224979098644774955 520 3 1224979098644774960 1224979098644774937 6 1 3 214 1224979098644774960 1224979098644774914 4 0 31 2 72057594037927936 1 910 3 72057594037927949 216172782113784228 0 5 0 910 3 72057594037927949 216172782113784229 0 3 0 700 2 5 4 729 2 5 300 926 2 72057594037927949 5 925 2 72057594037927949 3 921 2 72057594037927949 1224979098644774955 2319 1 50 1 2 332 1224979098644774954 4 0 2147485966 1 50 910 3 72057594037927936 50 0 700 2 14 4 729 2 14 380 926 2 72057594037927936 14 925 2 72057594037927936 3 4 0 31 2 1224979098644774956 1 921 2 72057594037927936 4294944333 5 0 921 2 72057594037927936 8947848 3 0 3 0 911 2 72057594037927936 6 921 2 72057594037927936 16777215 922 2 72057594037927936 208 2120 3 1224979098644774959 1224979098644774932 25 730 2 4 1224979098644774959 926 2 72057594037927936 4 729 2 5 22000 730 2 5 100 925 2 72057594037927936 5 2122 3 1224979098644774961 1224979098644774937 2 939 4 72057594037927950 -1 3 1224979098644774961 729 2 5 480 730 2 5 1224979098644774925 926 2 72057594037927950 5 729 2 5 1000 730 2 5 1000 925 2 72057594037927950 5 947 2 72057594037927950 0 2120 3 1224979098644774957 1224979098644774949 116 500 3 5 1224979098644774957 72057594037927950 2106 2 1224979098644774932 50 2105 2 1224979098644774949 1 3 0 4 0 31 2 1224979098644774953 0 2105 2 1224979098644774952 1 3 0 3 0 3 0 2133 2 144115188075857349 -1 4 0 32 2 1224979098644774915 -1 520 3 1224979098644774962 1224979098644774915 12 4 0 1073741855 2 1224979098644774962 6 32 2 144115188075857181 0 2122 3 1224979098644774961 1224979098644774916 2 939 4 72057594037927936 -1 3 1224979098644774961 729 2 1 655 730 2 1 1224979098644774925 926 2 72057594037927936 1 729 2 1 1000 730 2 1 1000 925 2 72057594037927936 1 3 0 3 0 2370 1 144115188075857521 902 1 999999 
-62.000000  122 2071 1 1224979098644774912 415 1 1224979098644774913 402 2 1224979098644774914 1224979098644774913 404 2 1224979098644774915 1224979098644774913 458 2 1224979098644774916 1224979098644774914 4 0 31 2 144115188075857515 1 529 3 1224979098644774916 1224979098644774914 2 3 0 4 0 31 2 144115188075856383 0 4 0 31 2 1224979098644774912 144115188075857187 32 2 1224979098644774915 -1 520 3 1224979098644774917 1224979098644774915 12 1073741855 2 1224979098644774917 6 32 2 144115188075857181 0 902 1 0 4 0 31 2 144115188075856367 4 900 1 40 5 0 1 1 55 3 0 5 0 31 2 1224979098644774912 144115188075857188 902 1 0 900 1 7 5 0 31 2 1224979098644774912 144115188075857189 2133 2 144115188075857197 1 2133 2 144115188075857828 0 902 1 0 900 1 8 5 0 31 2 1224979098644774912 144115188075857519 2133 2 144115188075857197 2 2133 2 144115188075857828 0 902 1 0 900 1 8 5 0 31 2 1224979098644774912 144115188075857190 2133 2 144115188075857197 3 2133 2 144115188075857828 0 902 1 0 900 1 8 5 0 31 2 1224979098644774912 144115188075857191 2133 2 144115188075857197 4 2133 2 144115188075857828 0 902 1 0 900 1 8 5 0 31 2 1224979098644774912 144115188075857827 2072 1 1224979098644774918 2133 2 144115188075857828 1224979098644774918 902 1 0 900 1 8 5 0 2133 2 1224979098644774919 0 2133 2 1224979098644774920 -1 2133 2 1224979098644774921 -1 2133 2 1224979098644774922 116 6 3 1224979098644774923 100 1224979098644774922 540 3 5 1224979098644774923 1224979098644774912 2121 3 1224979098644774924 1224979098644774923 100 2133 2 1224979098644774925 240 2122 3 1224979098644774926 144115188075857828 7 2120 3 1224979098644774927 1224979098644774926 7 2133 2 1224979098644774928 0 6 3 1224979098644774929 12 1224979098644774925 2173 2 1224979098644774930 1224979098644774929 31 2 1224979098644774930 1224979098644774916 1 2 420 1224979098644774929 2133 2 1224979098644774931 72057594037927936 31 2 144115188075857197 1224979098644774931 4 0 30 2 1224979098644774928 1224979098644774926 2147483678 2 1224979098644774928 1224979098644774927 2106 2 1224979098644774924 1 2147483678 2 1224979098644774924 0 520 3 1224979098644774920 1224979098644774929 6 508 3 1224979098644774913 41 1224979098644774929 2133 2 1224979098644774921 1224979098644774929 2133 2 1224979098644774925 0 3 0 2105 2 1224979098644774928 1 3 0 4 0 2133 2 144115188075856476 0 2133 2 144115188075856383 1 404 2 144115188075856477 1224979098644774913 402 2 144115188075856478 1224979098644774913 2133 2 144115188075857522 144115188075857181 2133 2 144115188075857523 144115188075857184 389 2 2 1224979098644774921 412 1 1224979098644774929 2147483679 2 1224979098644774929 1224979098644774920 405 2 1224979098644774913 1224979098644774920 4 0 32 2 1224979098644774920 -1 520 3 1224979098644774932 1224979098644774920 11 31 2 1224979098644774932 20 1 4 209 1224979098644774920 0 1224979098644774913 5 0 1 4 209 1224979098644774920 1 1224979098644774913 3 0 1 1 426 1 2 298 1224979098644774920 2133 2 1224979098644774933 72057594037927936 508 3 1224979098644774913 52 1224979098644774933 2133 2 144115188075857184 1224979098644774920 3 0 902 1 0 2133 2 144115188075857181 1 900 1 8 2133 2 1224979098644774919 1 2133 2 1224979098644774922 0 3 0 31 2 1224979098644774919 1 3 0 3 0 
-63.000000  19 2071 1 1224979098644774912 2072 1 1224979098644774913 4 0 31 2 1224979098644774913 0 2133 2 144115188075857186 1224979098644774912 3 0 2133 2 1224979098644774914 116 6 3 1224979098644774915 100 1224979098644774914 540 3 5 1224979098644774915 1224979098644774912 2121 3 1224979098644774916 1224979098644774915 100 2120 3 1224979098644774917 1224979098644774916 116 520 3 1224979098644774918 5 1224979098644774917 4 0 31 2 1224979098644774913 0 947 2 1224979098644774918 1 5 0 947 2 1224979098644774918 0 3 0 3 0 
-61.000000  210 2124 1 1000 520 3 1224979098644774912 1443 144115188075857186 520 3 1224979098644774913 1444 144115188075857186 520 3 1224979098644774914 1445 144115188075857186 520 3 1224979098644774915 1446 144115188075857186 2133 2 1224979098644774916 0 2370 1 1224979098644774917 2121 3 1224979098644774918 1224979098644774917 144115188075857521 4 0 70 1 42 4 0 71 1 200 4 0 70 1 29 2105 2 1224979098644774915 50 5 0 2105 2 1224979098644774915 5 3 0 2133 2 1224979098644774916 1 5 0 71 1 208 4 0 70 1 29 2106 2 1224979098644774915 50 5 0 2106 2 1224979098644774915 5 3 0 2133 2 1224979098644774916 1 5 0 71 1 205 4 0 70 1 29 2105 2 1224979098644774914 50 5 0 2105 2 1224979098644774914 5 3 0 2133 2 1224979098644774916 1 5 0 71 1 203 4 0 70 1 29 2106 2 1224979098644774914 50 5 0 2106 2 1224979098644774914 5 3 0 2133 2 1224979098644774916 1 3 0 5 0 71 1 200 4 0 70 1 29 2105 2 1224979098644774913 50 5 0 2105 2 1224979098644774913 5 3 0 2133 2 1224979098644774916 1 5 0 71 1 208 4 0 70 1 29 2106 2 1224979098644774913 50 5 0 2106 2 1224979098644774913 5 3 0 2133 2 1224979098644774916 1 5 0 71 1 205 4 0 70 1 29 2105 2 1224979098644774912 50 5 0 2105 2 1224979098644774912 5 3 0 2133 2 1224979098644774916 1 5 0 71 1 203 4 0 70 1 29 2106 2 1224979098644774912 50 5 0 2106 2 1224979098644774912 5 3 0 2133 2 1224979098644774916 1 3 0 4 0 31 2 1224979098644774916 1 729 2 23 1224979098644774912 730 2 23 1224979098644774913 926 2 144115188075857186 23 729 2 23 1224979098644774914 730 2 23 1224979098644774915 925 2 144115188075857186 23 500 3 1443 144115188075857186 1224979098644774912 500 3 1444 144115188075857186 1224979098644774913 500 3 1445 144115188075857186 1224979098644774914 500 3 1446 144115188075857186 1224979098644774915 3 0 415 1 1224979098644774919 411 1 1224979098644774920 458 2 1224979098644774921 1224979098644774920 2133 2 1224979098644774922 0 4 0 71 1 1 4 0 1073741855 2 144115188075856383 1 31 2 1224979098644774920 3 405 2 1224979098644774919 -1 389 2 1 2 403 2 1224979098644774919 2 2133 2 144115188075857181 0 2133 2 144115188075856383 0 3 0 902 1 0 5 0 31 2 144115188075856383 1 31 2 144115188075856476 1 2133 2 144115188075856383 0 2133 2 144115188075856476 0 902 1 0 900 1 8 5 0 31 2 144115188075856383 1 31 2 144115188075856476 -1 405 2 1224979098644774919 144115188075856477 2133 2 144115188075857181 144115188075857522 2133 2 144115188075857184 144115188075857523 4 0 32 2 144115188075856477 -1 520 3 1224979098644774923 144115188075856477 10 1073741855 2 1224979098644774923 22 1073741855 2 1224979098644774923 23 1073741855 2 1224979098644774923 24 1073741855 2 1224979098644774923 29 1073741855 2 1224979098644774923 25 31 2 1224979098644774923 21 1 4 209 144115188075856477 0 1224979098644774919 5 0 1 4 209 144115188075856477 1 1224979098644774919 3 0 2133 2 144115188075856383 0 902 1 0 900 1 8 5 0 30 2 1224979098644774918 1 2370 1 144115188075857521 4 0 1 3 82 1224979098644774919 0 4 0 31 2 144115188075856472 0 2133 2 1224979098644774922 1 3 0 5 0 4 0 31 2 144115188075856472 1 2133 2 1224979098644774922 1 3 0 3 0 4 0 31 2 1224979098644774922 0 1 3 82 1224979098644774919 1 4 0 31 2 144115188075856474 0 2133 2 1224979098644774922 1 3 0 5 0 4 0 31 2 144115188075856474 1 2133 2 1224979098644774922 1 3 0 3 0 4 0 31 2 1224979098644774922 0 401 1 1224979098644774919 404 2 1224979098644774924 1224979098644774919 2133 2 1224979098644774925 1412 6 3 1224979098644774926 240 1224979098644774925 2147483679 2 1224979098644774926 1224979098644774924 2173 2 1224979098644774927 1224979098644774926 4 0 32 2 1224979098644774927 15 2106 2 1224979098644774927 11 3 0 31 2 1224979098644774927 1224979098644774921 520 3 1224979098644774928 1437 1224979098644774926 1 4 212 1224979098644774926 1224979098644774919 0 2133 2 1224979098644774929 72057594037927939 4 0 31 2 1224979098644774929 1 31 2 1224979098644774928 0 2133 2 1224979098644774922 1 500 3 1437 1224979098644774926 1 2133 2 1224979098644774925 0 5 0 31 2 1224979098644774929 0 31 2 1224979098644774928 1 2133 2 1224979098644774922 1 500 3 1437 1224979098644774926 0 2133 2 1224979098644774925 0 3 0 3 0 3 0 4 0 31 2 1224979098644774922 1 2133 2 144115188075857182 1 3 0 31 2 144115188075857182 1 2133 2 144115188075857182 0 902 1 0 900 1 8 3 0 


prsnt_multiplayer_item_select 2 0 4
-60.000000  864 2124 1 1000 415 1 1224979098644774912 401 1 1224979098644774912 402 2 1224979098644774913 1224979098644774912 404 2 1224979098644774914 1224979098644774912 2133 2 1224979098644774915 10 2133 2 1224979098644774916 127 2133 2 1224979098644774917 300 2133 2 1224979098644774918 410 2133 2 1224979098644774919 1224979098644774915 2133 2 1224979098644774920 1224979098644774916 2121 3 1224979098644774921 1224979098644774917 5 2133 2 1224979098644774922 1224979098644774918 2120 3 1224979098644774923 1224979098644774915 30 911 2 72057594037927936 30 729 2 1 1224979098644774915 730 2 1 20 926 2 72057594037927936 1 729 2 1 850 730 2 1 1035 925 2 72057594037927936 1 500 3 1443 72057594037927936 70 500 3 1444 72057594037927936 20 500 3 1445 72057594037927936 755 500 3 1446 72057594037927936 1035 911 2 72057594037927936 30 729 2 1 540 730 2 1 85 926 2 72057594037927936 1 729 2 1 580 730 2 1 1215 925 2 72057594037927936 1 500 3 1443 72057594037927936 540 500 3 1444 72057594037927936 85 500 3 1445 72057594037927936 580 500 3 1446 72057594037927936 1215 911 2 72057594037927936 30 729 2 1 540 730 2 1 335 926 2 72057594037927936 1 729 2 1 285 730 2 1 1825 925 2 72057594037927936 1 500 3 1443 72057594037927936 540 500 3 1444 72057594037927936 335 500 3 1445 72057594037927936 285 500 3 1446 72057594037927936 1825 911 2 72057594037927936 30 729 2 1 715 730 2 1 335 926 2 72057594037927936 1 729 2 1 285 730 2 1 1825 925 2 72057594037927936 1 500 3 1443 72057594037927936 715 500 3 1444 72057594037927936 335 500 3 1445 72057594037927936 285 500 3 1446 72057594037927936 1825 911 2 72057594037927936 30 729 2 1 1224979098644774915 730 2 1 235 926 2 72057594037927936 1 729 2 1 850 730 2 1 2125 925 2 72057594037927936 1 500 3 1443 72057594037927936 70 500 3 1444 72057594037927936 235 500 3 1445 72057594037927936 755 500 3 1446 72057594037927936 2325 2133 2 144115188075857520 -1 4 0 31 2 1224979098644774914 -1 2133 2 144115188075857181 0 3 0 941 3 144115188075857187 216172782113784213 0 729 2 1 820 730 2 1 40 926 2 144115188075857187 1 921 2 144115188075857187 16777215 500 3 1443 144115188075857187 800 500 3 1444 144115188075857187 40 500 3 1445 144115188075857187 1000 500 3 1446 144115188075857187 1000 941 3 144115188075857188 216172782113784238 0 729 2 1 620 730 2 1 40 926 2 144115188075857188 1 921 2 144115188075857188 16777215 500 3 1443 144115188075857188 540 500 3 1444 144115188075857188 40 500 3 1445 144115188075857188 1000 500 3 1446 144115188075857188 1000 2121 3 1224979098644774924 15 1 4 0 911 2 72057594037927936 6 921 2 72057594037927936 0 922 2 72057594037927936 208 729 2 1 1224979098644774919 730 2 1 660 926 2 72057594037927936 1 729 2 1 5500 730 2 1 1600 925 2 72057594037927936 1 911 2 72057594037927936 6 921 2 72057594037927936 0 922 2 72057594037927936 208 729 2 1 1224979098644774920 730 2 1 660 926 2 72057594037927936 1 729 2 1 8000 730 2 1 1600 925 2 72057594037927936 1 911 2 72057594037927936 6 921 2 72057594037927936 0 922 2 72057594037927936 208 729 2 1 1224979098644774921 730 2 1 660 926 2 72057594037927936 1 729 2 1 5500 730 2 1 1600 925 2 72057594037927936 1 911 2 72057594037927936 6 921 2 72057594037927936 0 922 2 72057594037927936 208 729 2 1 1224979098644774922 730 2 1 660 926 2 72057594037927936 1 729 2 1 5600 730 2 1 1600 925 2 72057594037927936 1 912 3 144115188075857189 216172782113784631 0 4 0 31 2 144115188075857197 1 921 2 144115188075857189 15526786 5 0 921 2 144115188075857189 16777215 3 0 729 2 1 1224979098644774915 730 2 1 660 926 2 144115188075857189 1 500 3 1443 144115188075857189 100 500 3 1444 144115188075857189 660 500 3 1445 144115188075857189 1000 500 3 1446 144115188075857189 1000 912 3 144115188075857519 216172782113784632 0 4 0 31 2 144115188075857197 2 921 2 144115188075857519 15526786 5 0 921 2 144115188075857519 16777215 3 0 729 2 1 1224979098644774916 730 2 1 660 926 2 144115188075857519 1 500 3 1443 144115188075857519 100 500 3 1444 144115188075857519 660 500 3 1445 144115188075857519 1000 500 3 1446 144115188075857519 1000 912 3 144115188075857190 216172782113784633 0 4 0 31 2 144115188075857197 3 921 2 144115188075857190 15526786 5 0 921 2 144115188075857190 16777215 3 0 729 2 1 1224979098644774917 730 2 1 660 926 2 144115188075857190 1 500 3 1443 144115188075857190 250 500 3 1444 144115188075857190 660 500 3 1445 144115188075857190 1000 500 3 1446 144115188075857190 1000 912 3 144115188075857191 216172782113784634 0 4 0 31 2 144115188075857197 4 921 2 144115188075857191 15526786 5 0 921 2 144115188075857191 16777215 3 0 729 2 1 1224979098644774918 730 2 1 660 926 2 144115188075857191 1 500 3 1443 144115188075857191 400 500 3 1444 144115188075857191 660 500 3 1445 144115188075857191 1000 500 3 1446 144115188075857191 1000 2133 2 1224979098644774925 605 730 2 1 1224979098644774925 729 2 1 1224979098644774923 729 2 2 900 730 2 2 900 729 2 3 750 730 2 3 750 910 3 72057594037927936 216172782113784245 0 921 2 72057594037927936 16777215 926 2 72057594037927936 1 925 2 72057594037927936 2 730 2 1 1224979098644774925 729 2 1 1224979098644774923 500 3 1443 72057594037927936 98 500 3 1444 72057594037927936 590 500 3 1445 72057594037927936 900 500 3 1446 72057594037927936 900 458 2 1224979098644774926 1224979098644774913 4 0 31 2 144115188075857515 1 529 3 1224979098644774926 1224979098644774913 2 3 0 6 3 1224979098644774927 100 116 500 3 5 1224979098644774927 -1 3 0 6 3 1224979098644774927 116 132 500 3 5 1224979098644774927 -1 3 0 2133 2 1224979098644774928 0 6 3 1224979098644774929 240 1412 2173 2 1224979098644774930 1224979098644774929 31 2 1224979098644774930 1224979098644774926 1 2 420 1224979098644774929 2133 2 1224979098644774931 72057594037927936 31 2 144115188075857197 1224979098644774931 2105 2 1224979098644774928 1 3 0 4 0 32 2 1224979098644774928 7 2119 3 1224979098644774932 1224979098644774928 7 2121 3 1224979098644774933 1224979098644774928 1224979098644774932 2123 3 1224979098644774934 1224979098644774933 7 4 0 32 2 1224979098644774932 0 2105 2 1224979098644774934 1 3 0 948 1 144115188075857827 729 2 10 500 730 2 10 800 925 2 144115188075857827 10 729 2 10 450 730 2 10 1224979098644774925 926 2 144115188075857827 10 6 3 1224979098644774935 0 1224979098644774934 2120 3 1224979098644774936 1224979098644774935 1 2133 2 72057594037927936 1224979098644774936 931 2 144115188075857827 216172782113785624 3 0 927 2 144115188075857827 144115188075857828 5 0 2133 2 144115188075857827 -1 3 0 2106 2 1224979098644774925 28 2133 2 1224979098644774937 1224979098644774914 2133 2 1224979098644774938 1 6 3 1224979098644774939 0 1224979098644774938 32 2 1224979098644774937 -1 2173 2 1224979098644774940 1224979098644774937 4 0 2147483679 2 1224979098644774926 1224979098644774940 2106 2 1224979098644774937 1 2105 2 1224979098644774938 1 5 0 2133 2 1224979098644774938 0 3 0 3 0 2133 2 1224979098644774941 0 2122 3 1224979098644774942 144115188075857828 7 2120 3 1224979098644774943 1224979098644774942 7 2133 2 1224979098644774944 0 6 3 1224979098644774929 240 1412 2173 2 1224979098644774930 1224979098644774929 2133 2 1224979098644774945 0 4 0 32 2 1224979098644774930 15 2106 2 1224979098644774930 1224979098644774924 2133 2 1224979098644774945 1 3 0 31 2 1224979098644774930 1224979098644774926 1 2 420 1224979098644774929 2133 2 1224979098644774931 72057594037927936 31 2 144115188075857197 1224979098644774931 4 0 30 2 1224979098644774944 1224979098644774942 2147483678 2 1224979098644774944 1224979098644774943 2322 2 1 1224979098644774929 4 0 31 2 1224979098644774929 1224979098644774937 500 3 1437 1224979098644774929 1 4 0 31 2 1224979098644774945 0 912 3 72057594037927948 1 0 2133 2 1224979098644774946 15526786 2133 2 1224979098644774947 1 3 0 5 0 1 4 212 1224979098644774929 1224979098644774912 0 2133 2 1224979098644774947 72057594037927939 4 0 31 2 1224979098644774947 1 31 2 144115188075856367 14 520 3 1224979098644774948 1224979098644774929 144 1073741855 2 1224979098644774948 2 31 2 1224979098644774948 3 2133 2 1224979098644774947 0 3 0 4 0 31 2 1224979098644774947 1 500 3 1437 1224979098644774929 1 4 0 31 2 1224979098644774945 0 912 3 72057594037927948 1 0 2133 2 1224979098644774946 16777215 3 0 5 0 500 3 1437 1224979098644774929 0 4 0 31 2 1224979098644774945 0 910 3 72057594037927948 1 0 2133 2 1224979098644774946 8947848 3 0 3 0 3 0 31 2 1224979098644774945 0 921 2 72057594037927948 1224979098644774946 923 2 72057594037927948 5635920 730 2 1 1224979098644774925 926 2 72057594037927948 1 925 2 72057594037927948 2 2120 3 1224979098644774949 1224979098644774941 100 500 3 5 1224979098644774949 72057594037927948 2323 2 7 1224979098644774929 910 3 72057594037927949 7 0 2121 3 1224979098644774950 1224979098644774925 20 700 2 4 1 730 2 4 1224979098644774950 926 2 72057594037927949 4 925 2 72057594037927949 3 921 2 72057594037927949 1224979098644774946 1 3 214 1224979098644774929 1224979098644774913 4 0 31 2 72057594037927936 1 910 3 72057594037927949 216172782113784228 0 5 0 910 3 72057594037927949 216172782113784229 0 3 0 700 2 5 4 729 2 5 300 926 2 72057594037927949 5 925 2 72057594037927949 3 921 2 72057594037927949 1224979098644774946 2319 1 50 1 2 332 1224979098644774929 4 0 2147485966 1 50 910 3 72057594037927936 50 0 700 2 14 4 729 2 14 380 926 2 72057594037927936 14 925 2 72057594037927936 3 4 0 31 2 1224979098644774947 1 921 2 72057594037927936 4294944333 5 0 921 2 72057594037927936 8947848 3 0 3 0 911 2 72057594037927936 6 921 2 72057594037927936 16777215 922 2 72057594037927936 208 2120 3 1224979098644774950 1224979098644774925 25 730 2 4 1224979098644774950 926 2 72057594037927936 4 729 2 5 22000 730 2 5 100 925 2 72057594037927936 5 2122 3 1224979098644774951 1224979098644774929 2 939 4 72057594037927950 -1 3 1224979098644774951 729 2 5 480 730 2 5 350 926 2 72057594037927950 5 729 2 5 1000 730 2 5 1000 925 2 72057594037927950 5 947 2 72057594037927950 0 2120 3 1224979098644774949 1224979098644774941 116 500 3 5 1224979098644774949 72057594037927950 2106 2 1224979098644774925 50 2105 2 1224979098644774941 1 3 0 4 0 31 2 1224979098644774945 0 2105 2 1224979098644774944 1 3 0 3 0 3 0 2133 2 144115188075857192 -1 2133 2 144115188075857193 -1 2133 2 144115188075857194 -1 2133 2 144115188075857195 -1 2133 2 144115188075857196 -1 2133 2 144115188075857829 -1 4 0 32 2 1224979098644774914 -1 4 0 2120 3 1224979098644774952 144115188075857184 1 2173 2 1224979098644774953 1224979098644774952 2173 2 1224979098644774926 144115188075857184 2120 3 1224979098644774954 1224979098644774926 1224979098644774924 31 2 1224979098644774953 1224979098644774954 2133 2 1224979098644774925 185 910 3 72057594037927936 216172782113784247 0 921 2 72057594037927936 16777215 730 2 1 1224979098644774925 729 2 1 1224979098644774923 926 2 72057594037927936 1 925 2 72057594037927936 2 2106 2 1224979098644774925 28 730 2 1 1224979098644774925 729 2 1 1224979098644774923 4 0 31 2 144115188075857184 348 912 3 144115188075857192 216172782113784692 0 5 0 31 2 144115188075857184 493 912 3 144115188075857192 216172782113784693 0 5 0 912 3 144115188075857192 216172782113784635 0 3 0 4 0 31 2 144115188075857181 1 921 2 144115188075857192 15526786 5 0 921 2 144115188075857192 16777215 3 0 730 2 1 1224979098644774925 926 2 144115188075857192 1 925 2 144115188075857192 2 2106 2 1224979098644774925 25 730 2 1 1224979098644774925 2122 3 1224979098644774951 144115188075857184 2 939 4 72057594037927950 -1 3 1224979098644774951 729 2 5 480 730 2 5 350 926 2 72057594037927950 5 729 2 5 1000 730 2 5 1000 925 2 72057594037927950 5 947 2 72057594037927950 0 2133 2 144115188075857344 72057594037927950 4 0 2323 2 3 1224979098644774952 4 0 31 2 144115188075857181 2 912 3 144115188075857193 3 0 921 2 144115188075857193 15526786 5 0 1 4 212 1224979098644774952 1224979098644774912 0 2133 2 1224979098644774947 72057594037927939 4 0 31 2 1224979098644774947 1 912 3 144115188075857193 3 0 921 2 144115188075857193 16777215 923 2 144115188075857193 5635920 5 0 910 3 144115188075857193 3 0 921 2 144115188075857193 8947848 923 2 144115188075857193 8947848 3 0 3 0 730 2 1 1224979098644774925 926 2 144115188075857193 1 925 2 144115188075857193 2 2106 2 1224979098644774925 25 730 2 1 1224979098644774925 2122 3 1224979098644774951 1224979098644774952 2 939 4 72057594037927950 -1 3 1224979098644774951 729 2 5 480 730 2 5 350 926 2 72057594037927950 5 729 2 5 1000 730 2 5 1000 925 2 72057594037927950 5 947 2 72057594037927950 0 2133 2 144115188075857345 72057594037927950 4 0 2120 3 1224979098644774952 144115188075857184 2 2173 2 1224979098644774953 1224979098644774952 2173 2 1224979098644774926 144115188075857184 2120 3 1224979098644774954 1224979098644774926 1224979098644774924 31 2 1224979098644774953 1224979098644774954 2323 2 3 1224979098644774952 4 0 31 2 144115188075857181 3 912 3 144115188075857194 3 0 921 2 144115188075857194 15526786 5 0 1 4 212 1224979098644774952 1224979098644774912 0 2133 2 1224979098644774947 72057594037927939 4 0 31 2 1224979098644774947 1 912 3 144115188075857194 3 0 921 2 144115188075857194 16777215 923 2 144115188075857194 5635920 5 0 910 3 144115188075857194 3 0 921 2 144115188075857194 8947848 923 2 144115188075857194 8947848 3 0 3 0 730 2 1 1224979098644774925 926 2 144115188075857194 1 925 2 144115188075857194 2 2106 2 1224979098644774925 25 730 2 1 1224979098644774925 2122 3 1224979098644774951 1224979098644774952 2 939 4 72057594037927950 -1 3 1224979098644774951 729 2 5 480 730 2 5 350 926 2 72057594037927950 5 729 2 5 1000 730 2 5 1000 925 2 72057594037927950 5 947 2 72057594037927950 0 2133 2 144115188075857346 72057594037927950 4 0 2120 3 1224979098644774952 144115188075857184 3 2173 2 1224979098644774953 1224979098644774952 2173 2 1224979098644774926 144115188075857184 2120 3 1224979098644774954 1224979098644774926 1224979098644774924 31 2 1224979098644774953 1224979098644774954 2323 2 3 1224979098644774952 4 0 31 2 144115188075857181 4 912 3 144115188075857195 3 0 921 2 144115188075857195 15526786 5 0 1 4 212 1224979098644774952 1224979098644774912 0 2133 2 1224979098644774947 72057594037927939 4 0 31 2 1224979098644774947 1 912 3 144115188075857195 3 0 921 2 144115188075857195 16777215 923 2 144115188075857195 5635920 5 0 910 3 144115188075857195 3 0 921 2 144115188075857195 8947848 923 2 144115188075857195 8947848 3 0 3 0 730 2 1 1224979098644774925 926 2 144115188075857195 1 925 2 144115188075857195 2 2106 2 1224979098644774925 25 730 2 1 1224979098644774925 2122 3 1224979098644774951 1224979098644774952 2 939 4 72057594037927950 -1 3 1224979098644774951 729 2 5 480 730 2 5 350 926 2 72057594037927950 5 729 2 5 1000 730 2 5 1000 925 2 72057594037927950 5 947 2 72057594037927950 0 2133 2 144115188075857347 72057594037927950 4 0 2120 3 1224979098644774952 144115188075857184 4 2173 2 1224979098644774953 1224979098644774952 31 2 1224979098644774953 1224979098644774954 2323 2 3 1224979098644774952 4 0 31 2 144115188075857181 5 912 3 144115188075857196 3 0 921 2 144115188075857196 15526786 5 0 1 4 212 1224979098644774952 1224979098644774912 0 2133 2 1224979098644774947 72057594037927939 4 0 31 2 1224979098644774947 1 912 3 144115188075857196 3 0 921 2 144115188075857196 16777215 923 2 144115188075857196 5635920 5 0 910 3 144115188075857196 3 0 921 2 144115188075857196 8947848 923 2 144115188075857196 8947848 3 0 3 0 730 2 1 1224979098644774925 926 2 144115188075857196 1 925 2 144115188075857196 2 2106 2 1224979098644774925 25 730 2 1 1224979098644774925 2122 3 1224979098644774951 1224979098644774952 2 939 4 72057594037927950 -1 3 1224979098644774951 729 2 5 480 730 2 5 350 926 2 72057594037927950 5 729 2 5 1000 730 2 5 1000 925 2 72057594037927950 5 947 2 72057594037927950 0 2133 2 144115188075857348 72057594037927950 4 0 2120 3 1224979098644774952 144115188075857184 5 2173 2 1224979098644774953 1224979098644774952 31 2 1224979098644774953 1224979098644774954 2323 2 3 1224979098644774952 4 0 31 2 144115188075857181 6 912 3 144115188075857829 3 0 921 2 144115188075857829 15526786 5 0 1 4 212 1224979098644774952 1224979098644774912 0 2133 2 1224979098644774947 72057594037927939 4 0 31 2 1224979098644774947 1 912 3 144115188075857829 3 0 921 2 144115188075857829 16777215 923 2 144115188075857829 5635920 5 0 910 3 144115188075857829 3 0 921 2 144115188075857829 8947848 923 2 144115188075857829 8947848 3 0 3 0 730 2 1 1224979098644774925 926 2 144115188075857829 1 925 2 144115188075857829 2 2106 2 1224979098644774925 25 730 2 1 1224979098644774925 2122 3 1224979098644774951 1224979098644774952 2 939 4 72057594037927950 -1 3 1224979098644774951 729 2 5 480 730 2 5 350 926 2 72057594037927950 5 729 2 5 1000 730 2 5 1000 925 2 72057594037927950 5 947 2 72057594037927950 0 2133 2 144115188075857830 72057594037927950 3 0 3 0 3 0 3 0 3 0 3 0 3 0 2133 2 144115188075857349 -1 4 0 32 2 1224979098644774914 -1 520 3 1224979098644774955 1224979098644774914 12 4 0 1073741855 2 1224979098644774955 6 32 2 144115188075857181 0 2122 3 1224979098644774951 1224979098644774914 2 939 4 72057594037927936 -1 3 1224979098644774951 729 2 1 655 730 2 1 350 926 2 72057594037927936 1 729 2 1 1000 730 2 1 1000 925 2 72057594037927936 1 910 3 72057594037927936 216172782113784636 0 921 2 72057594037927936 16777215 729 2 1 550 730 2 1 285 926 2 72057594037927936 1 925 2 72057594037927936 2 2133 2 1224979098644774925 280 729 2 1 707 2133 2 1224979098644774956 270 729 2 4 590 729 2 6 400 730 2 6 400 729 2 8 710 4 0 520 3 1224979098644774957 1224979098644774914 10 1073741855 2 1224979098644774957 26 31 2 1224979098644774957 28 2106 2 1224979098644774925 35 2106 2 1224979098644774956 35 911 2 72057594037927936 222 730 2 1 1224979098644774925 730 2 4 1224979098644774956 926 2 72057594037927936 4 925 2 72057594037927936 6 910 3 72057594037927936 216172782113784637 16 921 2 72057594037927936 0 926 2 72057594037927936 1 925 2 72057594037927936 2 5 0 2133 2 1224979098644774958 0 6 3 1224979098644774959 2 11 528 3 1224979098644774960 1224979098644774912 1224979098644774959 30 2 1224979098644774960 0 527 3 1224979098644774961 1224979098644774960 1 4 0 31 2 144115188075856367 10 1 2 529 1224979098644774960 2133 2 1224979098644774960 72057594037927936 3 0 1073741857 3 1224979098644774961 1 18 1073741857 3 1224979098644774961 18 21 33 3 1224979098644774961 29 33 2147483679 2 1224979098644774961 15 2106 2 1224979098644774925 35 2106 2 1224979098644774956 35 4 0 31 2 1224979098644774958 0 1073741855 2 1224979098644774914 642 1073741855 2 1224979098644774914 644 1073741855 2 1224979098644774914 553 1073741857 3 1224979098644774961 18 21 1073741857 3 1224979098644774961 29 33 1073741855 2 1224979098644774961 8 31 2 1224979098644774961 12 2147483679 2 1224979098644774961 18 2147483679 2 1224979098644774960 3 2147483679 2 1224979098644774960 5 2147483679 2 1224979098644774960 132 2147483679 2 1224979098644774960 137 2133 2 1224979098644774962 1 4 0 1073741857 3 1224979098644774961 18 21 33 3 1224979098644774961 29 33 1073741855 2 144115188075857386 0 31 2 144115188075857386 3 2133 2 1224979098644774962 0 3 0 31 2 1224979098644774962 1 1540 2 1224979098644774963 1224979098644774914 6 3 1224979098644774964 0 1224979098644774963 1541 3 1224979098644774965 1224979098644774914 1224979098644774964 30 2 1224979098644774965 0 527 3 1224979098644774966 1224979098644774965 1 4 0 1073741855 2 1224979098644774966 20 31 2 1224979098644774966 29 2133 2 1224979098644774966 19 5 0 1073741855 2 1224979098644774966 31 31 2 1224979098644774966 32 2133 2 1224979098644774966 30 5 0 1073741855 2 1224979098644774914 553 1073741855 2 1224979098644774914 644 31 2 1224979098644774914 642 31 2 1224979098644774966 9 2133 2 1224979098644774966 12 3 0 2133 2 1224979098644774967 1224979098644774961 4 0 1073741855 2 1224979098644774967 20 31 2 1224979098644774967 29 2133 2 1224979098644774967 19 5 0 1073741855 2 1224979098644774967 31 31 2 1224979098644774967 32 2133 2 1224979098644774967 30 5 0 1073741855 2 1224979098644774914 553 1073741855 2 1224979098644774914 644 31 2 1224979098644774914 642 31 2 1224979098644774967 9 2133 2 1224979098644774967 12 3 0 31 2 1224979098644774966 1224979098644774967 2120 3 1224979098644774968 132 1224979098644774958 500 3 5 1224979098644774968 1224979098644774965 2105 2 1224979098644774958 1 3 0 32 2 1224979098644774958 1 948 1 144115188075857349 730 2 8 1224979098644774956 926 2 144115188075857349 8 729 2 7 1000 730 2 7 950 925 2 144115188075857349 7 2133 2 1224979098644774938 1224979098644774958 6 3 1224979098644774969 0 1224979098644774938 2120 3 1224979098644774968 1224979098644774969 132 520 3 1224979098644774970 5 1224979098644774968 4 0 31 2 144115188075856367 10 1 2 529 1224979098644774970 2133 2 1224979098644774970 72057594037927936 3 0 527 3 1224979098644774971 1224979098644774970 1 4 0 1073741855 2 1224979098644774971 20 31 2 1224979098644774971 31 2320 2 3 216172782113784638 5 0 1073741855 2 1224979098644774971 29 31 2 1224979098644774971 32 2320 2 3 216172782113785580 5 0 1073741855 2 1224979098644774971 19 31 2 1224979098644774971 30 2320 2 3 216172782113784639 5 0 2325 2 3 1224979098644774970 3 0 931 2 144115188075857349 3 3 0 1 3 211 1224979098644774961 1224979098644774912 2133 2 1224979098644774972 72057594037927936 4 0 30 2 1224979098644774972 0 5 0 2133 2 1224979098644774972 1224979098644774960 3 0 2133 2 1224979098644774938 1224979098644774958 6 3 1224979098644774969 0 1224979098644774938 2120 3 1224979098644774968 1224979098644774969 132 520 3 1224979098644774970 5 1224979098644774968 31 2 1224979098644774970 1224979098644774972 927 2 144115188075857349 1224979098644774969 2133 2 1224979098644774938 0 3 0 5 0 911 2 72057594037927936 222 730 2 1 1224979098644774925 730 2 4 1224979098644774956 926 2 72057594037927936 4 925 2 72057594037927936 6 4 0 1073741855 2 1224979098644774914 703 31 2 1224979098644774914 553 31 2 1224979098644774961 1 2320 2 8 216172782113784637 5 0 2325 2 8 1224979098644774960 3 0 910 3 72057594037927936 8 16 921 2 72057594037927936 0 926 2 72057594037927936 1 925 2 72057594037927936 2 3 0 3 0 3 0 4 0 1073741855 2 144115188075856367 14 31 2 144115188075856367 13 520 3 1224979098644774973 1224979098644774914 10 4 0 1073741855 2 1224979098644774973 22 31 2 1224979098644774973 23 4 0 32 2 144115188075857516 3 2322 2 0 144115188075857516 5 0 2320 2 0 216172782113785522 3 0 2106 2 1224979098644774925 35 730 2 1 1224979098644774925 729 2 1 550 912 2 144115188075857520 216172782113785521 921 2 144115188075857520 16777215 926 2 144115188075857520 1 925 2 144115188075857520 2 3 0 3 0 3 0 3 0 2370 1 144115188075857521 902 1 999999 
-62.000000  297 2071 1 1224979098644774912 415 1 1224979098644774913 402 2 1224979098644774914 1224979098644774913 404 2 1224979098644774915 1224979098644774913 458 2 1224979098644774916 1224979098644774914 4 0 31 2 144115188075857515 1 529 3 1224979098644774916 1224979098644774914 2 3 0 4 0 31 2 144115188075856383 0 4 0 31 2 1224979098644774912 144115188075857187 32 2 1224979098644774915 -1 520 3 1224979098644774917 1224979098644774915 12 1073741855 2 1224979098644774917 6 32 2 144115188075857181 0 902 1 0 4 0 31 2 144115188075856367 4 900 1 40 5 0 1 1 55 3 0 5 0 31 2 1224979098644774912 144115188075857188 902 1 0 900 1 7 5 0 31 2 1224979098644774912 144115188075857520 902 1 0 900 1 66 5 0 31 2 1224979098644774912 144115188075857189 2133 2 144115188075857197 1 2133 2 144115188075857828 0 902 1 0 900 1 9 5 0 31 2 1224979098644774912 144115188075857519 2133 2 144115188075857197 2 2133 2 144115188075857828 0 902 1 0 900 1 9 5 0 31 2 1224979098644774912 144115188075857190 2133 2 144115188075857197 3 2133 2 144115188075857828 0 902 1 0 900 1 9 5 0 31 2 1224979098644774912 144115188075857191 2133 2 144115188075857197 4 2133 2 144115188075857828 0 902 1 0 900 1 9 5 0 31 2 1224979098644774912 144115188075857827 2072 1 1224979098644774918 2133 2 144115188075857828 1224979098644774918 902 1 0 900 1 9 5 0 2133 2 1224979098644774919 0 2133 2 1224979098644774920 -1 2133 2 1224979098644774921 116 6 3 1224979098644774922 100 1224979098644774921 540 3 5 1224979098644774922 1224979098644774912 2121 3 1224979098644774923 1224979098644774922 100 2133 2 1224979098644774924 1412 2122 3 1224979098644774925 144115188075857828 7 2120 3 1224979098644774926 1224979098644774925 7 2133 2 1224979098644774927 0 6 3 1224979098644774928 240 1224979098644774924 2173 2 1224979098644774929 1224979098644774928 31 2 1224979098644774929 1224979098644774916 1 2 420 1224979098644774928 2133 2 1224979098644774930 72057594037927936 31 2 144115188075857197 1224979098644774930 4 0 30 2 1224979098644774927 1224979098644774925 2147483678 2 1224979098644774927 1224979098644774926 2106 2 1224979098644774923 1 2147483678 2 1224979098644774923 0 2133 2 1224979098644774920 1224979098644774928 2133 2 1224979098644774924 0 3 0 2105 2 1224979098644774927 1 3 0 4 0 2133 2 144115188075856476 0 2133 2 144115188075856383 1 404 2 144115188075856477 1224979098644774913 402 2 144115188075856478 1224979098644774913 2133 2 144115188075857522 144115188075857181 2133 2 144115188075857523 144115188075857184 412 1 1224979098644774928 389 2 2 1224979098644774920 2147483679 2 1224979098644774928 1224979098644774920 405 2 1224979098644774913 1224979098644774920 4 0 32 2 1224979098644774920 -1 520 3 1224979098644774931 1224979098644774920 10 1073741855 2 1224979098644774931 22 1073741855 2 1224979098644774931 23 1073741855 2 1224979098644774931 24 1073741855 2 1224979098644774931 29 1073741855 2 1224979098644774931 25 1073741855 2 1224979098644774931 21 31 2 1224979098644774920 1099 1 4 209 1224979098644774920 0 1224979098644774913 5 0 1 4 209 1224979098644774920 1 1224979098644774913 3 0 1 1 426 1 2 298 1224979098644774920 2133 2 1224979098644774932 72057594037927936 508 3 1224979098644774913 52 1224979098644774932 1 1 455 2133 2 144115188075857184 1224979098644774920 3 0 902 1 0 2133 2 144115188075857181 1 900 1 9 2133 2 1224979098644774919 1 2133 2 1224979098644774921 0 3 0 31 2 1224979098644774919 1 5 0 4 0 31 2 1224979098644774912 144115188075857192 2133 2 144115188075856476 0 2133 2 144115188075856383 1 404 2 144115188075856477 1224979098644774913 402 2 144115188075856478 1224979098644774913 2133 2 144115188075857522 144115188075857181 2133 2 144115188075857523 144115188075857184 405 2 1224979098644774913 144115188075857184 389 2 2 144115188075857184 4 0 32 2 144115188075857184 -1 520 3 1224979098644774931 144115188075857184 10 1073741855 2 1224979098644774931 22 1073741855 2 1224979098644774931 23 1073741855 2 1224979098644774931 24 1073741855 2 1224979098644774931 29 1073741855 2 1224979098644774931 25 31 2 1224979098644774931 21 1 4 209 144115188075857184 0 1224979098644774913 5 0 1 4 209 144115188075857184 1 1224979098644774913 3 0 1 1 426 2133 2 144115188075857181 1 5 0 31 2 1224979098644774912 144115188075857193 2133 2 144115188075856476 0 2133 2 144115188075856383 1 404 2 144115188075856477 1224979098644774913 402 2 144115188075856478 1224979098644774913 2133 2 144115188075857522 144115188075857181 2133 2 144115188075857523 144115188075857184 2120 3 1224979098644774933 144115188075857184 1 405 2 1224979098644774913 1224979098644774933 389 2 2 1224979098644774933 4 0 32 2 1224979098644774933 -1 520 3 1224979098644774931 1224979098644774933 10 1073741855 2 1224979098644774931 22 1073741855 2 1224979098644774931 23 1073741855 2 1224979098644774931 24 1073741855 2 1224979098644774931 29 1073741855 2 1224979098644774931 25 31 2 1224979098644774931 21 1 4 209 1224979098644774933 0 1224979098644774913 5 0 1 4 209 1224979098644774933 1 1224979098644774913 3 0 1 1 426 2133 2 144115188075857181 2 5 0 31 2 1224979098644774912 144115188075857194 2133 2 144115188075856476 0 2133 2 144115188075856383 1 404 2 144115188075856477 1224979098644774913 402 2 144115188075856478 1224979098644774913 2133 2 144115188075857522 144115188075857181 2133 2 144115188075857523 144115188075857184 2120 3 1224979098644774933 144115188075857184 2 405 2 1224979098644774913 1224979098644774933 389 2 2 1224979098644774933 4 0 32 2 1224979098644774933 -1 520 3 1224979098644774931 1224979098644774933 10 1073741855 2 1224979098644774931 22 1073741855 2 1224979098644774931 23 1073741855 2 1224979098644774931 24 1073741855 2 1224979098644774931 29 1073741855 2 1224979098644774931 25 31 2 1224979098644774931 21 1 4 209 1224979098644774933 0 1224979098644774913 5 0 1 4 209 1224979098644774933 1 1224979098644774913 3 0 1 1 426 2133 2 144115188075857181 3 5 0 31 2 1224979098644774912 144115188075857195 2133 2 144115188075856476 0 2133 2 144115188075856383 1 404 2 144115188075856477 1224979098644774913 402 2 144115188075856478 1224979098644774913 2133 2 144115188075857522 144115188075857181 2133 2 144115188075857523 144115188075857184 2120 3 1224979098644774933 144115188075857184 3 405 2 1224979098644774913 1224979098644774933 389 2 2 1224979098644774933 4 0 32 2 1224979098644774933 -1 520 3 1224979098644774931 1224979098644774933 10 1073741855 2 1224979098644774931 22 1073741855 2 1224979098644774931 23 1073741855 2 1224979098644774931 24 1073741855 2 1224979098644774931 29 1073741855 2 1224979098644774931 25 31 2 1224979098644774931 21 1 4 209 1224979098644774933 0 1224979098644774913 5 0 1 4 209 1224979098644774933 1 1224979098644774913 3 0 1 1 426 2133 2 144115188075857181 4 5 0 31 2 1224979098644774912 144115188075857196 2133 2 144115188075856476 0 2133 2 144115188075856383 1 404 2 144115188075856477 1224979098644774913 402 2 144115188075856478 1224979098644774913 2133 2 144115188075857522 144115188075857181 2133 2 144115188075857523 144115188075857184 2120 3 1224979098644774933 144115188075857184 4 405 2 1224979098644774913 1224979098644774933 389 2 2 1224979098644774933 4 0 32 2 1224979098644774933 -1 520 3 1224979098644774931 1224979098644774933 10 1073741855 2 1224979098644774931 22 1073741855 2 1224979098644774931 23 1073741855 2 1224979098644774931 24 1073741855 2 1224979098644774931 29 1073741855 2 1224979098644774931 25 31 2 1224979098644774931 21 1 4 209 1224979098644774933 0 1224979098644774913 5 0 1 4 209 1224979098644774933 1 1224979098644774913 3 0 1 1 426 2133 2 144115188075857181 5 5 0 31 2 1224979098644774912 144115188075857829 2133 2 144115188075856476 0 2133 2 144115188075856383 1 404 2 144115188075856477 1224979098644774913 402 2 144115188075856478 1224979098644774913 2133 2 144115188075857522 144115188075857181 2133 2 144115188075857523 144115188075857184 2120 3 1224979098644774933 144115188075857184 5 405 2 1224979098644774913 1224979098644774933 389 2 2 1224979098644774933 4 0 32 2 1224979098644774933 -1 520 3 1224979098644774931 1224979098644774933 10 1073741855 2 1224979098644774931 22 1073741855 2 1224979098644774931 23 1073741855 2 1224979098644774931 24 1073741855 2 1224979098644774931 29 1073741855 2 1224979098644774931 25 31 2 1224979098644774931 21 1 4 209 1224979098644774933 0 1224979098644774913 5 0 1 4 209 1224979098644774933 1 1224979098644774913 3 0 1 1 426 2133 2 144115188075857181 6 5 0 31 2 1224979098644774912 144115188075857349 2072 1 1224979098644774918 2120 3 1224979098644774934 1224979098644774918 132 520 3 1224979098644774935 5 1224979098644774934 30 2 1224979098644774935 0 1 4 210 1224979098644774935 1224979098644774913 1224979098644774915 1 1 426 3 0 902 1 0 900 1 9 3 0 3 0 
-63.000000  73 2071 1 1224979098644774912 2072 1 1224979098644774913 4 0 31 2 1224979098644774913 0 2133 2 144115188075857186 1224979098644774912 3 0 2133 2 1224979098644774914 116 6 3 1224979098644774915 100 1224979098644774914 540 3 5 1224979098644774915 1224979098644774912 2121 3 1224979098644774916 1224979098644774915 100 2120 3 1224979098644774917 1224979098644774916 116 520 3 1224979098644774918 5 1224979098644774917 4 0 31 2 1224979098644774913 0 947 2 1224979098644774918 1 5 0 947 2 1224979098644774918 0 3 0 3 0 4 0 31 2 144115188075857192 1224979098644774912 4 0 31 2 1224979098644774913 0 947 2 144115188075857344 1 5 0 947 2 144115188075857344 0 3 0 3 0 4 0 31 2 144115188075857193 1224979098644774912 4 0 31 2 1224979098644774913 0 947 2 144115188075857345 1 5 0 947 2 144115188075857345 0 3 0 3 0 4 0 31 2 144115188075857194 1224979098644774912 4 0 31 2 1224979098644774913 0 947 2 144115188075857346 1 5 0 947 2 144115188075857346 0 3 0 3 0 4 0 31 2 144115188075857195 1224979098644774912 4 0 31 2 1224979098644774913 0 947 2 144115188075857347 1 5 0 947 2 144115188075857347 0 3 0 3 0 4 0 31 2 144115188075857196 1224979098644774912 4 0 31 2 1224979098644774913 0 947 2 144115188075857348 1 5 0 947 2 144115188075857348 0 3 0 3 0 4 0 31 2 144115188075857829 1224979098644774912 4 0 31 2 1224979098644774913 0 947 2 144115188075857830 1 5 0 947 2 144115188075857830 0 3 0 3 0 
-61.000000  116 2124 1 1000 2370 1 1224979098644774912 2121 3 1224979098644774913 1224979098644774912 144115188075857521 415 1 1224979098644774914 411 1 1224979098644774915 458 2 1224979098644774916 1224979098644774915 2133 2 1224979098644774917 0 4 0 71 1 1 4 0 1073741855 2 144115188075856383 1 31 2 1224979098644774915 3 405 2 1224979098644774914 -1 389 2 1 2 403 2 1224979098644774914 2 2133 2 144115188075857181 0 2133 2 144115188075856383 0 3 0 902 1 0 5 0 31 2 144115188075856383 1 31 2 144115188075856476 1 2133 2 144115188075856383 0 2133 2 144115188075856476 0 902 1 0 900 1 9 5 0 31 2 144115188075856383 1 31 2 144115188075856476 -1 405 2 1224979098644774914 144115188075856477 2133 2 144115188075857181 144115188075857522 2133 2 144115188075857184 144115188075857523 4 0 32 2 144115188075856477 -1 520 3 1224979098644774918 144115188075856477 10 1073741855 2 1224979098644774918 22 1073741855 2 1224979098644774918 23 1073741855 2 1224979098644774918 24 1073741855 2 1224979098644774918 29 1073741855 2 1224979098644774918 25 31 2 1224979098644774918 21 1 4 209 144115188075856477 0 1224979098644774914 5 0 1 4 209 144115188075856477 1 1224979098644774914 3 0 2133 2 144115188075856383 0 902 1 0 900 1 9 5 0 30 2 1224979098644774913 1 2370 1 144115188075857521 4 0 1 3 82 1224979098644774914 0 4 0 31 2 144115188075856472 0 2133 2 1224979098644774917 1 3 0 5 0 4 0 31 2 144115188075856472 1 2133 2 1224979098644774917 1 3 0 3 0 4 0 31 2 1224979098644774917 0 1 3 82 1224979098644774914 1 4 0 31 2 144115188075856474 0 2133 2 1224979098644774917 1 3 0 5 0 4 0 31 2 144115188075856474 1 2133 2 1224979098644774917 1 3 0 3 0 4 0 31 2 1224979098644774917 0 401 1 1224979098644774914 404 2 1224979098644774919 1224979098644774914 2133 2 1224979098644774920 1412 6 3 1224979098644774921 240 1224979098644774920 2147483679 2 1224979098644774921 1224979098644774919 2173 2 1224979098644774922 1224979098644774921 4 0 32 2 1224979098644774922 15 2106 2 1224979098644774922 11 3 0 31 2 1224979098644774922 1224979098644774916 520 3 1224979098644774923 1437 1224979098644774921 1 4 212 1224979098644774921 1224979098644774914 0 2133 2 1224979098644774924 72057594037927939 4 0 31 2 1224979098644774924 1 31 2 1224979098644774923 0 2133 2 1224979098644774917 1 500 3 1437 1224979098644774921 1 2133 2 1224979098644774920 0 5 0 31 2 1224979098644774924 0 31 2 1224979098644774923 1 2133 2 1224979098644774917 1 500 3 1437 1224979098644774921 0 2133 2 1224979098644774920 0 3 0 3 0 3 0 4 0 31 2 1224979098644774917 1 2133 2 144115188075857182 1 3 0 31 2 144115188075857182 1 2133 2 144115188075857182 0 902 1 0 900 1 9 3 0 


prsnt_multiplayer_message_1 3 0 2
-60.000000  476 2124 1 1000 4 0 31 2 144115188075856793 12 2133 2 1224979098644774912 144115188075856516 4 0 31 2 1224979098644774912 -1 2133 2 1224979098644774913 4294967295 2320 2 0 216172782113784211 5 0 2133 2 1224979098644774914 -1 4 0 31 2 1224979098644774912 0 2133 2 1224979098644774914 218 2133 2 1224979098644774913 4281589009 5 0 2133 2 1224979098644774914 227 2133 2 1224979098644774913 4294919202 3 0 4 0 4 0 1073741855 2 144115188075856367 13 31 2 144115188075856367 14 411 1 1224979098644774915 2133 2 144115188075856386 1224979098644774915 3 0 2147483678 2 144115188075856386 2 4 0 31 2 144115188075856386 1224979098644774912 2133 2 1224979098644774914 218 2133 2 1224979098644774913 4281589009 5 0 2133 2 1224979098644774914 227 2133 2 1224979098644774913 4294919202 3 0 3 0 458 2 1224979098644774916 1224979098644774912 2335 2 1 1224979098644774916 2320 2 0 216172782113784209 4 0 32 2 1224979098644774914 -1 2121 3 1224979098644774917 1224979098644774916 6 2105 2 1224979098644774914 1224979098644774917 600 1 1224979098644774914 3 0 3 0 910 3 144115188075856515 0 65552 921 2 144115188075856515 1224979098644774913 4 0 2147483679 2 1224979098644774912 -1 729 2 1 375 5 0 729 2 1 400 3 0 729 2 1 500 730 2 1 670 926 2 144115188075856515 1 729 2 1 2000 730 2 1 2000 925 2 144115188075856515 1 902 1 400 5 0 31 2 144115188075856793 4 1770 2 1224979098644774912 144115188075856516 458 2 1224979098644774918 1224979098644774912 2335 2 1 1224979098644774918 4 0 31 2 1224979098644774912 0 2133 2 1224979098644774913 4281589009 5 0 2133 2 1224979098644774913 4294919202 3 0 415 1 1224979098644774919 4 0 30 2 1224979098644774919 0 406 2 1224979098644774920 1224979098644774919 4 0 30 2 1224979098644774920 0 1770 2 1224979098644774921 1224979098644774920 4 0 31 2 1224979098644774921 1224979098644774912 2133 2 1224979098644774913 4281589009 600 1 160 5 0 2133 2 1224979098644774913 4294919202 600 1 161 3 0 3 0 3 0 2320 2 0 216172782113784199 910 3 144115188075856515 0 65552 921 2 144115188075856515 1224979098644774913 729 2 1 350 729 2 1 500 730 2 1 670 926 2 144115188075856515 1 729 2 1 2000 730 2 1 2000 925 2 144115188075856515 1 902 1 400 5 0 31 2 144115188075856793 5 4 0 30 2 144115188075856516 0 1770 2 1224979098644774922 144115188075856516 458 2 1224979098644774923 1224979098644774922 2335 2 1 1224979098644774923 2320 2 0 216172782113784197 5 0 2105 2 144115188075856516 1 2107 2 144115188075856516 -1 2133 2 1224979098644774922 144115188075856516 458 2 1224979098644774923 1224979098644774922 2335 2 1 1224979098644774923 2320 2 0 216172782113784198 3 0 415 1 1224979098644774919 4 0 30 2 1224979098644774919 0 406 2 1224979098644774920 1224979098644774919 4 0 30 2 1224979098644774920 0 600 1 159 3 0 3 0 2133 2 1224979098644774913 4294967295 910 3 144115188075856515 0 65552 921 2 144115188075856515 1224979098644774913 729 2 1 325 730 2 1 670 729 2 1 500 926 2 144115188075856515 1 729 2 1 2000 730 2 1 2000 925 2 144115188075856515 1 902 1 400 5 0 31 2 144115188075856793 6 1770 2 1224979098644774924 144115188075856516 458 2 1224979098644774925 1224979098644774924 2335 2 1 1224979098644774925 2133 2 1224979098644774913 4294967295 415 1 1224979098644774919 4 0 30 2 1224979098644774919 0 406 2 1224979098644774920 1224979098644774919 4 0 30 2 1224979098644774920 0 1770 2 1224979098644774921 1224979098644774920 4 0 31 2 1224979098644774921 1224979098644774924 600 1 158 5 0 600 1 157 3 0 3 0 3 0 2320 2 0 216172782113784200 910 3 144115188075856515 0 65552 921 2 144115188075856515 1224979098644774913 729 2 1 365 729 2 1 500 730 2 1 670 926 2 144115188075856515 1 729 2 1 2000 730 2 1 2000 925 2 144115188075856515 1 902 1 400 5 0 31 2 144115188075856793 9 2123 3 1224979098644774912 144115188075856516 100 2119 3 72057594037927936 144115188075856516 100 2106 2 1224979098644774912 1 4 0 31 2 1224979098644774912 0 2133 2 1224979098644774913 4281589009 5 0 2133 2 1224979098644774913 4294919202 3 0 415 1 1224979098644774919 4 0 30 2 1224979098644774919 0 406 2 1224979098644774920 1224979098644774919 4 0 30 2 1224979098644774920 0 1770 2 1224979098644774921 1224979098644774920 4 0 31 2 1224979098644774921 1224979098644774912 2133 2 1224979098644774913 4281589009 600 1 160 5 0 2133 2 1224979098644774913 4294919202 600 1 161 3 0 3 0 3 0 458 2 1224979098644774918 1224979098644774912 2335 2 1 1224979098644774918 1 2 216 72057594037927936 2320 2 0 216172782113784202 910 3 144115188075856515 0 65552 921 2 144115188075856515 1224979098644774913 729 2 1 345 729 2 1 500 730 2 1 670 926 2 144115188075856515 1 729 2 1 2000 730 2 1 2000 925 2 144115188075856515 1 902 1 400 5 0 31 2 144115188075856793 10 2123 3 1224979098644774912 144115188075856516 100 2119 3 72057594037927936 144115188075856516 100 2106 2 1224979098644774912 1 415 1 1224979098644774919 4 0 30 2 1224979098644774919 0 406 2 1224979098644774920 1224979098644774919 4 0 30 2 1224979098644774920 0 1770 2 1224979098644774921 1224979098644774920 4 0 31 2 1224979098644774921 1224979098644774912 600 1 158 5 0 600 1 157 3 0 3 0 3 0 2133 2 1224979098644774913 4294967295 458 2 1224979098644774918 1224979098644774912 2335 2 1 1224979098644774918 1 2 216 72057594037927936 2320 2 0 216172782113784203 910 3 144115188075856515 0 65552 921 2 144115188075856515 1224979098644774913 729 2 1 345 729 2 1 500 730 2 1 670 926 2 144115188075856515 1 729 2 1 2000 730 2 1 2000 925 2 144115188075856515 1 902 1 400 5 0 31 2 144115188075856793 8 2123 3 1224979098644774912 144115188075856516 100 2119 3 72057594037927936 144115188075856516 100 2106 2 1224979098644774912 1 415 1 1224979098644774919 4 0 30 2 1224979098644774919 0 406 2 1224979098644774920 1224979098644774919 4 0 30 2 1224979098644774920 0 600 1 159 3 0 3 0 4 0 31 2 1224979098644774912 0 2133 2 1224979098644774913 4281589009 5 0 2133 2 1224979098644774913 4294919202 3 0 415 1 1224979098644774919 4 0 30 2 1224979098644774919 0 406 2 1224979098644774920 1224979098644774919 4 0 30 2 1224979098644774920 0 1770 2 1224979098644774921 1224979098644774920 4 0 31 2 1224979098644774921 1224979098644774912 2133 2 1224979098644774913 4281589009 5 0 2133 2 1224979098644774913 4294919202 3 0 3 0 3 0 4 0 31 2 1224979098644774912 0 2133 2 1224979098644774926 1 5 0 2133 2 1224979098644774926 0 3 0 458 2 1224979098644774918 1224979098644774926 2335 2 1 1224979098644774918 1 2 216 72057594037927936 2320 2 0 216172782113784201 910 3 144115188075856515 0 65552 921 2 144115188075856515 1224979098644774913 729 2 1 345 729 2 1 500 730 2 1 670 926 2 144115188075856515 1 729 2 1 2000 730 2 1 2000 925 2 144115188075856515 1 902 1 400 5 0 31 2 144115188075856793 13 2133 2 1224979098644774912 144115188075856516 4 0 31 2 1224979098644774912 0 2133 2 1224979098644774913 4281589009 5 0 2133 2 1224979098644774913 4294919202 3 0 415 1 1224979098644774919 4 0 30 2 1224979098644774919 0 406 2 1224979098644774920 1224979098644774919 4 0 30 2 1224979098644774920 0 1770 2 1224979098644774921 1224979098644774920 4 0 31 2 1224979098644774921 1224979098644774912 2133 2 1224979098644774913 4281589009 5 0 2133 2 1224979098644774913 4294919202 3 0 3 0 3 0 4 0 31 2 144115188075856516 0 2320 2 0 216172782113784204 5 0 31 2 144115188075856516 1 2320 2 0 216172782113784205 5 0 2320 2 0 216172782113784210 2133 2 1224979098644774913 4294967295 3 0 910 3 144115188075856515 0 65552 921 2 144115188075856515 1224979098644774913 4 0 2147483679 2 144115188075856516 -1 729 2 1 325 5 0 729 2 1 400 3 0 729 2 1 500 730 2 1 670 926 2 144115188075856515 1 729 2 1 2000 730 2 1 2000 925 2 144115188075856515 1 902 1 400 5 0 31 2 144115188075856793 15 2133 2 1224979098644774912 144115188075856516 4 0 31 2 1224979098644774912 0 2133 2 1224979098644774913 4281589009 5 0 2133 2 1224979098644774913 4294919202 3 0 415 1 1224979098644774919 4 0 30 2 1224979098644774919 0 406 2 1224979098644774920 1224979098644774919 4 0 30 2 1224979098644774920 0 1770 2 1224979098644774921 1224979098644774920 4 0 31 2 1224979098644774921 1224979098644774912 2133 2 1224979098644774913 4281589009 5 0 2133 2 1224979098644774913 4294919202 3 0 3 0 3 0 4 0 31 2 144115188075856397 0 458 2 1224979098644774916 1 5 0 458 2 1224979098644774916 0 3 0 2335 2 1 1224979098644774916 2320 2 0 216172782113784209 910 3 144115188075856515 0 65552 921 2 144115188075856515 1224979098644774913 729 2 1 350 729 2 1 500 730 2 1 670 926 2 144115188075856515 1 729 2 1 2000 730 2 1 2000 925 2 144115188075856515 1 902 1 400 5 0 31 2 144115188075856793 24 2133 2 1224979098644774913 4293491703 2133 2 72057594037927936 144115188075857413 910 3 144115188075856515 216172782113785475 65552 921 2 144115188075856515 1224979098644774913 729 2 1 500 730 2 1 670 926 2 144115188075856515 1 729 2 1 2000 730 2 1 2000 925 2 144115188075856515 1 902 1 400 5 0 31 2 144115188075856793 26 2133 2 1224979098644774913 4293491703 2133 2 72057594037927936 144115188075857504 4 0 31 2 144115188075857504 1 910 3 144115188075856515 216172782113785476 65552 5 0 910 3 144115188075856515 216172782113785477 65552 3 0 921 2 144115188075856515 1224979098644774913 729 2 1 345 729 2 1 500 730 2 1 670 926 2 144115188075856515 1 729 2 1 2000 730 2 1 2000 925 2 144115188075856515 1 902 1 400 5 0 31 2 144115188075856793 25 2133 2 1224979098644774913 4293491703 910 3 144115188075856515 216172782113785478 65552 921 2 144115188075856515 1224979098644774913 729 2 1 345 729 2 1 500 730 2 1 670 926 2 144115188075856515 1 729 2 1 2000 730 2 1 2000 925 2 144115188075856515 1 902 1 400 5 0 31 2 144115188075856793 27 2133 2 1224979098644774927 144115188075856516 4 0 31 2 1224979098644774927 -1 2133 2 1224979098644774913 4294967295 2320 2 0 216172782113784211 5 0 2133 2 1224979098644774914 -1 4 0 415 1 1224979098644774928 31 2 1224979098644774927 1224979098644774928 2133 2 1224979098644774914 218 2133 2 1224979098644774913 4281589009 5 0 2133 2 1224979098644774914 227 2133 2 1224979098644774913 4294919202 3 0 2350 2 1 1224979098644774927 2320 2 0 216172782113784209 4 0 32 2 1224979098644774914 -1 600 1 1224979098644774914 3 0 3 0 910 3 144115188075856515 0 65552 921 2 144115188075856515 1224979098644774913 4 0 2147483679 2 1224979098644774927 -1 729 2 1 375 5 0 729 2 1 400 3 0 729 2 1 500 730 2 1 670 926 2 144115188075856515 1 729 2 1 2000 730 2 1 2000 925 2 144115188075856515 1 902 1 400 3 0 
-61.000000  0 


prsnt_multiplayer_message_2 3 0 2
-60.000000  38 2124 1 1000 4 0 31 2 144115188075856793 2 2133 2 1224979098644774912 4294967295 2320 2 0 216172782113784208 910 3 144115188075856517 0 65552 921 2 144115188075856517 1224979098644774912 729 2 1 375 729 2 1 500 730 2 1 670 926 2 144115188075856517 1 729 2 1 2000 730 2 1 2000 925 2 144115188075856517 1 902 1 300 5 0 31 2 144115188075856793 3 2133 2 1224979098644774912 4294967295 4 0 2147483679 2 144115188075856367 2 2147483679 2 144115188075856367 5 2147483679 2 144115188075856367 7 2320 2 0 216172782113784206 729 2 1 375 5 0 2320 2 0 216172782113784207 729 2 1 375 3 0 910 3 144115188075856517 0 65552 921 2 144115188075856517 1224979098644774912 730 2 1 670 729 2 1 500 926 2 144115188075856517 1 729 2 1 2000 730 2 1 2000 925 2 144115188075856517 1 902 1 300 3 0 
-61.000000  0 


prsnt_multiplayer_message_3 3 0 2
-60.000000  21 2124 1 1000 4 0 31 2 144115188075856793 7 2133 2 1224979098644774912 4294967295 4 0 31 2 144115188075856799 1 2320 2 0 216172782113784132 5 0 2320 2 0 216172782113784133 3 0 910 3 144115188075856518 0 65552 921 2 144115188075856518 1224979098644774912 729 2 1 380 729 2 1 500 730 2 1 475 926 2 144115188075856518 1 729 2 1 2000 730 2 1 2000 925 2 144115188075856518 1 902 1 400 3 0 
-61.000000  0 


prsnt_multiplayer_round_time_counter 3 0 2
-60.000000  12 2124 1 1000 2133 2 144115188075856519 -1 2319 1 0 910 3 144115188075856520 0 98308 921 2 144115188075856520 16777215 729 2 1 900 730 2 1 690 926 2 144115188075856520 1 729 2 1 2000 730 2 1 2000 925 2 144115188075856520 1 902 1 999999 
-61.000000  22 2370 1 1224979098644774912 2121 3 1224979098644774913 1224979098644774912 144115188075856385 2121 3 1224979098644774914 144115188075856761 1224979098644774913 2111 2 1224979098644774914 0 4 0 2147483679 2 144115188075856519 1224979098644774914 2133 2 144115188075856519 1224979098644774914 2123 3 72057594037927936 1224979098644774914 60 2123 3 72057594037927937 1224979098644774914 10 2109 2 72057594037927937 6 2133 2 72057594037927938 1224979098644774914 2109 2 72057594037927938 10 2320 2 0 216172782113784188 920 2 144115188075856520 0 4 0 31 2 144115188075857877 1 947 2 144115188075856520 1 5 0 31 2 144115188075857877 0 947 2 144115188075856520 0 3 0 3 0 


prsnt_multiplayer_team_score_display 3 0 2
-60.000000  106 2124 1 1000 2133 2 144115188075856521 -1 2133 2 144115188075856522 -1 2319 1 0 910 3 144115188075856523 0 98308 921 2 144115188075856523 16777215 729 2 1 40 730 2 1 700 926 2 144115188075856523 1 729 2 1 1500 730 2 1 1500 925 2 144115188075856523 1 910 3 144115188075856524 0 98308 921 2 144115188075856524 16777215 729 2 1 40 730 2 1 645 926 2 144115188075856524 1 729 2 1 1500 730 2 1 1500 925 2 144115188075856524 1 2133 2 1224979098644774912 25 2121 3 1224979098644774913 1224979098644774912 1 2133 2 1224979098644774914 715 2120 3 1224979098644774915 1224979098644774914 2 2133 2 1224979098644774916 660 2120 3 1224979098644774917 1224979098644774916 2 2133 2 1224979098644774918 50 2133 2 144115188075857831 -1 2133 2 144115188075857832 -1 2133 2 144115188075857833 -1 2133 2 144115188075857834 -1 529 3 1224979098644774919 0 2 4 0 32 2 1224979098644774919 0 1 2 407 1224979098644774919 2133 2 1224979098644774920 72057594037927937 911 2 144115188075857831 1224979098644774920 729 2 3 1224979098644774913 730 2 3 1224979098644774915 926 2 144115188075857831 3 729 2 1 1224979098644774918 730 2 1 1224979098644774918 925 2 144115188075857831 1 1 2 408 144115188075856768 2133 2 1224979098644774920 72057594037927937 911 2 144115188075857832 1224979098644774920 729 2 3 1224979098644774912 730 2 3 1224979098644774914 926 2 144115188075857832 3 729 2 1 1224979098644774918 730 2 1 1224979098644774918 925 2 144115188075857832 1 5 0 1 2 406 144115188075856768 2133 2 1224979098644774920 72057594037927937 911 2 144115188075857831 1224979098644774920 729 2 3 1224979098644774912 730 2 3 1224979098644774914 926 2 144115188075857831 3 729 2 1 1224979098644774918 730 2 1 1224979098644774918 925 2 144115188075857831 1 3 0 529 3 1224979098644774921 1 2 4 0 32 2 1224979098644774921 0 1 2 407 1224979098644774921 2133 2 1224979098644774920 72057594037927937 911 2 144115188075857833 1224979098644774920 729 2 3 1224979098644774913 730 2 3 1224979098644774917 926 2 144115188075857833 3 729 2 1 1224979098644774918 730 2 1 1224979098644774918 925 2 144115188075857833 1 4 0 31 2 144115188075856768 144115188075856769 911 2 144115188075857834 308 5 0 1 2 408 144115188075856769 2133 2 1224979098644774920 72057594037927937 911 2 144115188075857834 1224979098644774920 3 0 729 2 3 1224979098644774912 730 2 3 1224979098644774916 926 2 144115188075857834 3 729 2 1 1224979098644774918 730 2 1 1224979098644774918 925 2 144115188075857834 1 5 0 4 0 31 2 144115188075856768 144115188075856769 911 2 144115188075857833 188 5 0 1 2 406 144115188075856769 2133 2 1224979098644774920 72057594037927937 911 2 144115188075857833 1224979098644774920 3 0 729 2 3 1224979098644774912 730 2 3 1224979098644774916 926 2 144115188075857833 3 729 2 1 1224979098644774918 730 2 1 1224979098644774918 925 2 144115188075857833 1 3 0 902 1 999999 
-61.000000  49 4 0 31 2 144115188075857524 1 2133 2 144115188075857524 0 902 1 0 900 1 14 3 0 455 2 1224979098644774912 0 455 2 1224979098644774913 1 4 0 3221225503 2 1224979098644774912 144115188075856521 2147483679 2 1224979098644774913 144115188075856522 2133 2 144115188075856521 1224979098644774912 2133 2 144115188075856522 1224979098644774913 2335 2 0 144115188075856768 2133 2 72057594037927936 1224979098644774912 920 2 144115188075856523 216172782113784185 2335 2 0 144115188075856769 2133 2 72057594037927936 1224979098644774913 920 2 144115188075856524 216172782113784185 3 0 4 0 31 2 144115188075857876 1 947 2 144115188075856523 1 947 2 144115188075856524 1 947 2 144115188075857831 1 947 2 144115188075857833 1 4 0 32 2 144115188075857832 -1 947 2 144115188075857832 1 3 0 4 0 32 2 144115188075857834 -1 947 2 144115188075857834 1 3 0 5 0 31 2 144115188075857876 0 947 2 144115188075856523 0 947 2 144115188075856524 0 947 2 144115188075857831 0 947 2 144115188075857833 0 4 0 32 2 144115188075857832 -1 947 2 144115188075857832 0 3 0 4 0 32 2 144115188075857834 -1 947 2 144115188075857834 0 3 0 3 0 


prsnt_multiplayer_flag_projection_display 3 0 2
-60.000000  32 2124 1 1000 2121 3 1224979098644774912 144115188075856768 6 2105 2 1224979098644774912 31 911 2 144115188075856525 1224979098644774912 2106 2 1224979098644774912 31 2105 2 1224979098644774912 41 911 2 144115188075856526 1224979098644774912 4 0 2147483679 2 144115188075856768 144115188075856769 2121 3 1224979098644774912 144115188075856769 6 2105 2 1224979098644774912 31 911 2 144115188075856527 1224979098644774912 2106 2 1224979098644774912 31 2105 2 1224979098644774912 41 911 2 144115188075856528 1224979098644774912 5 0 2133 2 1224979098644774912 189 911 2 144115188075856527 1224979098644774912 2133 2 1224979098644774912 190 911 2 144115188075856528 1224979098644774912 3 0 729 2 1 250 730 2 1 250 925 2 144115188075856525 1 925 2 144115188075856526 1 925 2 144115188075856527 1 925 2 144115188075856528 1 947 2 144115188075856525 0 947 2 144115188075856526 0 947 2 144115188075856527 0 947 2 144115188075856528 0 902 1 999999 
-61.000000  112 2124 1 1000 1811 3 1224979098644774912 144115188075856795 0 529 3 1224979098644774913 0 0 4 0 2147483679 2 1224979098644774913 1 1850 2 1 1224979098644774912 5 0 1780 2 1 64 3 0 722 3 1 200 1 1811 3 1224979098644774914 144115188075856796 0 529 3 1224979098644774915 1 0 4 0 2147483679 2 1224979098644774915 1 1850 2 2 1224979098644774914 5 0 1780 2 2 65 3 0 722 3 2 200 1 750 2 3 1 726 2 1224979098644774916 3 727 2 1224979098644774917 3 730 2 3 1224979098644774917 4 0 33 3 1224979098644774916 -100 1100 33 3 1224979098644774917 -100 850 415 1 1224979098644774918 4 0 30 2 1224979098644774918 0 402 2 1224979098644774919 1224979098644774918 5 0 2133 2 1224979098644774919 2 3 0 4 0 2147483679 2 1224979098644774919 1 4 0 2147483679 2 1224979098644774913 1 926 2 144115188075856525 3 947 2 144115188075856525 1 947 2 144115188075856526 0 5 0 4 0 31 2 1224979098644774919 0 2133 2 1224979098644774920 64 5 0 2133 2 1224979098644774920 65 3 0 1780 2 5 1224979098644774920 750 2 3 5 926 2 144115188075856526 3 947 2 144115188075856526 1 947 2 144115188075856525 0 3 0 5 0 4 0 2147483679 2 1224979098644774913 1 926 2 144115188075856525 3 947 2 144115188075856525 1 947 2 144115188075856526 0 3 0 3 0 5 0 947 2 144115188075856525 0 947 2 144115188075856526 0 3 0 750 2 3 2 726 2 1224979098644774916 3 727 2 1224979098644774917 3 730 2 3 1224979098644774917 4 0 33 3 1224979098644774916 -100 1100 33 3 1224979098644774917 -100 850 529 3 1224979098644774915 1 0 415 1 1224979098644774918 4 0 30 2 1224979098644774918 0 402 2 1224979098644774919 1224979098644774918 5 0 2133 2 1224979098644774919 2 3 0 4 0 2147483679 2 1224979098644774919 0 4 0 2147483679 2 1224979098644774915 1 926 2 144115188075856527 3 947 2 144115188075856527 1 947 2 144115188075856528 0 5 0 4 0 31 2 1224979098644774919 0 2133 2 1224979098644774920 64 5 0 2133 2 1224979098644774920 65 3 0 1780 2 5 1224979098644774920 750 2 3 5 926 2 144115188075856528 3 947 2 144115188075856528 1 947 2 144115188075856527 0 3 0 5 0 4 0 2147483679 2 1224979098644774915 1 926 2 144115188075856527 3 947 2 144115188075856527 1 947 2 144115188075856528 0 3 0 3 0 5 0 947 2 144115188075856527 0 947 2 144115188075856528 0 3 0 


prsnt_multiplayer_flag_projection_display_bt 3 0 2
-60.000000  19 2124 1 1000 2121 3 1224979098644774912 144115188075856768 6 2105 2 1224979098644774912 31 911 2 144115188075856525 1224979098644774912 4 0 2147483679 2 144115188075856768 144115188075856769 2121 3 1224979098644774912 144115188075856769 6 2105 2 1224979098644774912 31 5 0 2133 2 1224979098644774912 189 3 0 911 2 144115188075856527 1224979098644774912 729 2 1 250 730 2 1 250 925 2 144115188075856525 1 925 2 144115188075856527 1 947 2 144115188075856525 0 947 2 144115188075856527 0 902 1 999999 
-61.000000  36 4 0 31 2 144115188075856384 0 2124 1 1000 1811 3 1224979098644774912 144115188075856795 0 1850 2 1 1224979098644774912 722 3 1 250 1 1811 3 1224979098644774913 144115188075856796 0 1850 2 2 1224979098644774913 722 3 2 250 1 750 2 3 1 726 2 1224979098644774914 3 727 2 1224979098644774915 3 730 2 3 1224979098644774915 4 0 33 3 1224979098644774914 -100 1100 33 3 1224979098644774915 -100 850 926 2 144115188075856525 3 947 2 144115188075856525 1 5 0 947 2 144115188075856525 0 3 0 750 2 3 2 726 2 1224979098644774914 3 727 2 1224979098644774915 3 730 2 3 1224979098644774915 4 0 33 3 1224979098644774914 -100 1100 33 3 1224979098644774915 -100 850 926 2 144115188075856527 3 947 2 144115188075856527 1 5 0 947 2 144115188075856527 0 3 0 5 0 902 1 0 3 0 


prsnt_multiplayer_destructible_targets_display 3 0 2
-60.000000  17 2124 1 1000 4 0 31 2 144115188075856397 0 2121 3 1224979098644774912 144115188075856768 6 5 0 2121 3 1224979098644774912 144115188075856769 6 3 0 2105 2 1224979098644774912 31 911 2 144115188075856525 1224979098644774912 911 2 144115188075856526 1224979098644774912 729 2 1 250 730 2 1 250 925 2 144115188075856525 1 925 2 144115188075856526 1 947 2 144115188075856525 0 947 2 144115188075856526 0 902 1 999999 
-61.000000  46 4 0 31 2 144115188075856384 0 2124 1 1000 1811 3 1224979098644774912 144115188075856395 0 1850 2 1 1224979098644774912 1850 2 1 1224979098644774912 722 3 1 250 1 1811 3 1224979098644774913 144115188075856396 0 1850 2 2 1224979098644774913 1850 2 2 1224979098644774913 722 3 2 250 1 750 2 3 1 726 2 1224979098644774914 3 727 2 1224979098644774915 3 730 2 3 1224979098644774915 4 0 33 3 1224979098644774914 -100 1100 33 3 1224979098644774915 -100 850 1851 2 5 1224979098644774912 1850 2 1 1224979098644774912 713 3 1224979098644774916 5 1 2147483680 2 1224979098644774916 2 926 2 144115188075856525 3 947 2 144115188075856525 1 5 0 947 2 144115188075856525 0 3 0 750 2 3 2 726 2 1224979098644774914 3 727 2 1224979098644774915 3 730 2 3 1224979098644774915 4 0 33 3 1224979098644774914 -100 1100 33 3 1224979098644774915 -100 850 1851 2 5 1224979098644774913 1850 2 1 1224979098644774913 713 3 1224979098644774916 5 1 2147483680 2 1224979098644774916 2 926 2 144115188075856526 3 947 2 144115188075856526 1 5 0 947 2 144115188075856526 0 3 0 5 0 902 1 0 3 0 


prsnt_multiplayer_respawn_time_counter 3 0 2
-60.000000  31 2124 1 1000 2133 2 144115188075856529 -1 2133 2 144115188075856530 -1 2133 2 1224979098644774912 0 4 0 31 2 144115188075856793 13 1073741855 2 144115188075856384 1 31 2 144115188075856387 1 2133 2 1224979098644774912 1 3 0 31 2 1224979098644774912 0 2133 2 144115188075856531 -1 2319 1 0 910 3 144115188075856529 0 65552 921 2 144115188075856529 16777215 729 2 1 500 730 2 1 600 926 2 144115188075856529 1 729 2 1 2000 730 2 1 2000 925 2 144115188075856529 1 2319 1 0 910 3 144115188075856530 0 65552 921 2 144115188075856530 16777215 729 2 1 500 730 2 1 570 926 2 144115188075856530 1 729 2 1 1400 730 2 1 1400 925 2 144115188075856530 1 902 1 999999 
-61.000000  142 30 2 144115188075856529 0 415 1 1224979098644774912 4 0 30 2 1224979098644774912 0 402 2 1224979098644774913 1224979098644774912 4 0 31 2 1224979098644774913 2 902 1 0 5 0 406 2 1224979098644774914 1224979098644774912 1712 1 1224979098644774914 1702 1 1224979098644774914 508 3 1224979098644774912 55 0 1 2 456 1224979098644774912 902 1 0 5 0 2370 1 1224979098644774915 2121 3 1224979098644774916 1224979098644774915 144115188075856510 4 0 31 2 144115188075856509 0 2133 2 1224979098644774917 144115188075856760 4 0 1073741855 2 144115188075856367 13 31 2 144115188075856367 14 528 3 1224979098644774917 1224979098644774912 54 3 0 2133 2 1224979098644774918 1224979098644774917 2105 2 1224979098644774918 1 4 0 2147485360 1 1224979098644774914 2133 2 1224979098644774918 2 3 0 4 0 31 2 144115188075856367 5 31 2 1224979098644774913 0 4 0 1712 1 1224979098644774914 2105 2 1224979098644774918 27 5 0 528 3 1224979098644774919 1224979098644774912 27 2370 1 1224979098644774915 2121 3 1224979098644774920 1224979098644774915 1224979098644774919 2133 2 1224979098644774921 1224979098644774917 2105 2 1224979098644774921 27 2147483678 2 1224979098644774920 1224979098644774921 2121 3 1224979098644774922 1224979098644774915 144115188075856385 30 2 1224979098644774922 33 2133 2 1224979098644774923 0 2133 2 1224979098644774924 0 2133 2 1224979098644774925 0 2133 2 1224979098644774926 250 6 3 1224979098644774927 144115188075857273 1224979098644774926 401 1 1224979098644774927 402 2 1224979098644774928 1224979098644774927 4 0 31 2 1224979098644774928 0 2105 2 1224979098644774923 1 5 0 31 2 1224979098644774928 1 2105 2 1224979098644774924 1 3 0 2105 2 1224979098644774925 1 32 2 1224979098644774925 2 32 2 1224979098644774923 0 32 2 1224979098644774924 0 2133 2 1224979098644774926 0 3 0 32 2 1224979098644774925 2 2122 3 1224979098644774929 1224979098644774923 1224979098644774924 2147483679 2 1224979098644774929 0 2133 2 1224979098644774918 1224979098644774917 2105 2 1224979098644774918 27 3 0 3 0 5 0 2133 2 1224979098644774918 6 3 0 2121 3 1224979098644774930 1224979098644774918 1224979098644774916 4 0 2147483680 2 1224979098644774930 0 508 3 1224979098644774912 55 0 1 2 456 1224979098644774912 902 1 0 5 0 2147483679 2 144115188075856531 1224979098644774930 2133 2 144115188075856531 1224979098644774930 4 0 31 2 144115188075856509 0 2133 2 72057594037927936 1224979098644774930 2320 2 0 216172782113784190 4 0 32 2 144115188075856772 0 2121 3 72057594037927936 144115188075856772 144115188075856382 31 2 1224979098644774913 0 4 0 32 2 72057594037927936 1 2320 2 1 216172782113784192 5 0 2320 2 1 216172782113784193 3 0 5 0 2319 1 1 3 0 5 0 31 2 144115188075856509 1 2320 2 0 216172782113784191 2319 1 1 2320 2 1 216172782113784194 3 0 4 0 31 2 144115188075857878 1 947 2 144115188075856529 1 4 0 31 2 144115188075856367 5 947 2 144115188075856530 1 3 0 5 0 31 2 144115188075857878 0 947 2 144115188075856529 0 4 0 31 2 144115188075856367 5 947 2 144115188075856530 0 3 0 3 0 920 2 144115188075856529 0 4 0 31 2 144115188075856367 5 920 2 144115188075856530 1 3 0 3 0 3 0 5 0 508 3 1224979098644774912 55 0 1 2 456 1224979098644774912 902 1 0 3 0 4 0 31 2 144115188075856793 13 1073741855 2 144115188075856384 1 31 2 144115188075856387 1 902 1 0 3 0 


prsnt_multiplayer_stats_chart 3 0 2
-60.000000  654 2124 1 1000 911 2 72057594037927936 2 729 2 1 100 730 2 1 100 926 2 72057594037927936 1 729 2 1 1000 730 2 1 1000 925 2 72057594037927936 1 4 0 31 2 144115188075856367 7 1 1 207 2133 2 1224979098644774912 72057594037927987 2133 2 1224979098644774913 72057594037927988 2133 2 1224979098644774914 -1 2133 2 1224979098644774915 72057594037927990 2133 2 1224979098644774916 72057594037927991 2133 2 1224979098644774917 -1 2133 2 1224979098644774918 72057594037927993 5 0 1 1 206 2133 2 1224979098644774912 72057594037927987 2133 2 1224979098644774913 72057594037927988 2133 2 1224979098644774914 72057594037927989 2133 2 1224979098644774915 72057594037927990 2133 2 1224979098644774916 72057594037927991 2133 2 1224979098644774917 72057594037927992 2133 2 1224979098644774918 72057594037927993 3 0 2133 2 1224979098644774919 1224979098644774912 2133 2 1224979098644774920 1224979098644774915 2133 2 1224979098644774921 1224979098644774918 2133 2 1224979098644774922 250 6 3 1224979098644774923 0 250 2120 3 1224979098644774924 1224979098644774923 282 4 0 401 1 1224979098644774923 500 3 5 1224979098644774924 1 5 0 500 3 5 1224979098644774924 0 3 0 3 0 4 0 32 2 144115188075856770 0 2105 2 1224979098644774919 1 3 0 4 0 32 2 144115188075856771 0 2105 2 1224979098644774920 1 3 0 2133 2 1224979098644774925 1224979098644774919 2111 2 1224979098644774925 1224979098644774920 2105 2 1224979098644774925 1224979098644774921 2319 1 0 910 3 144115188075856532 0 131072 729 2 1 100 730 2 1 120 926 2 144115188075856532 1 729 2 1 746 730 2 1 530 929 2 144115188075856532 1 945 1 144115188075856532 2122 3 1224979098644774926 1224979098644774925 20 2105 2 1224979098644774926 100 4 0 2105 2 1224979098644774926 80 3 0 415 1 1224979098644774927 4 0 32 2 1224979098644774926 490 2133 2 144115188075856533 10 5 0 2133 2 144115188075856533 1 3 0 4 0 31 2 144115188075856367 4 1 1 67 2133 2 1224979098644774928 72057594037927936 2133 2 1224979098644774929 72057594037927937 3 0 6 3 1224979098644774930 0 2 2133 2 1224979098644774931 0 4 0 31 2 1224979098644774930 0 2133 2 1224979098644774931 1224979098644774912 2133 2 72057594037927976 1224979098644774913 2133 2 72057594037927977 1224979098644774914 5 0 31 2 1224979098644774930 1 2133 2 1224979098644774931 1224979098644774915 2133 2 72057594037927976 1224979098644774916 2133 2 72057594037927977 1224979098644774917 3 0 2133 2 72057594037927936 1224979098644774931 4 0 31 2 144115188075856367 7 4 0 2147483679 2 1224979098644774931 1 2320 2 5 216172782113784229 2133 2 72057594037927936 72057594037927976 2320 2 6 216172782113784227 2320 2 7 1585267068834414595 910 3 72057594037927937 7 0 5 0 2320 2 5 216172782113784228 2133 2 72057594037927936 72057594037927976 2320 2 6 216172782113784227 2320 2 7 1585267068834414595 910 3 72057594037927937 7 0 3 0 5 0 4 0 2147483679 2 1224979098644774931 1 910 3 72057594037927937 216172782113784225 0 5 0 910 3 72057594037927937 216172782113784226 0 3 0 3 0 2133 2 1224979098644774932 1224979098644774926 458 2 1224979098644774933 1224979098644774930 529 3 1224979098644774934 1224979098644774930 2 2335 2 1 1224979098644774933 4 0 32 2 1224979098644774934 0 2335 2 2 1224979098644774934 910 3 72057594037927936 216172782113785160 0 5 0 910 3 72057594037927936 1 0 3 0 4 0 31 2 1224979098644774930 0 921 2 72057594037927936 16711680 921 2 72057594037927937 16711680 5 0 921 2 72057594037927936 39423 921 2 72057594037927937 39423 3 0 2133 2 1224979098644774935 373 2122 3 1224979098644774936 1224979098644774935 1224979098644774930 2105 2 1224979098644774936 42 2120 3 1224979098644774937 1224979098644774936 15 729 2 3 1224979098644774937 730 2 3 1224979098644774932 2133 2 1224979098644774938 1224979098644774932 2120 3 1224979098644774939 1224979098644774936 38 729 2 1 1224979098644774939 730 2 1 1224979098644774932 700 2 2 1 2121 3 1224979098644774940 1224979098644774932 14 729 2 2 1224979098644774939 730 2 2 1224979098644774940 926 2 72057594037927936 1 926 2 72057594037927937 2 729 2 1 1000 730 2 1 1000 729 2 2 700 730 2 2 700 925 2 72057594037927936 1 925 2 72057594037927937 2 458 2 1224979098644774941 0 458 2 1224979098644774942 1 2133 2 1224979098644774943 50 4 0 31 2 1224979098644774930 0 2133 2 1224979098644774944 50 5 0 2133 2 1224979098644774944 420 3 0 2133 2 1224979098644774944 1224979098644774937 2121 3 1224979098644774945 1224979098644774944 1 2120 3 1224979098644774946 1224979098644774938 10 2120 3 1224979098644774947 1224979098644774946 2 4 0 32 2 1224979098644774934 0 1 2 407 1224979098644774934 2133 2 1224979098644774948 72057594037927937 911 2 72057594037927936 1224979098644774948 729 2 3 1224979098644774945 730 2 3 1224979098644774947 926 2 72057594037927936 3 729 2 1 1224979098644774943 730 2 1 1224979098644774943 925 2 72057594037927936 1 4 0 31 2 1224979098644774941 1224979098644774942 31 2 1224979098644774930 1 911 2 72057594037927936 308 5 0 1 2 408 1224979098644774933 2133 2 1224979098644774948 72057594037927937 911 2 72057594037927936 1224979098644774948 3 0 729 2 3 1224979098644774944 730 2 3 1224979098644774946 926 2 72057594037927936 3 729 2 1 1224979098644774943 730 2 1 1224979098644774943 925 2 72057594037927936 1 5 0 4 0 31 2 1224979098644774941 1224979098644774942 31 2 1224979098644774930 1 911 2 72057594037927936 188 5 0 1 2 406 1224979098644774933 2133 2 1224979098644774948 72057594037927937 911 2 72057594037927936 1224979098644774948 3 0 926 2 72057594037927936 3 729 2 1 1224979098644774943 730 2 1 1224979098644774943 925 2 72057594037927936 1 3 0 455 2 72057594037927936 1224979098644774930 910 3 72057594037927936 216172782113784223 8 921 2 72057594037927936 16777215 2120 3 1224979098644774949 1224979098644774936 325 2120 3 1224979098644774950 1224979098644774932 0 729 2 1 1224979098644774949 730 2 1 1224979098644774950 926 2 72057594037927936 1 729 2 1 1200 730 2 1 1200 925 2 72057594037927936 1 4 0 31 2 144115188075856367 4 4 0 31 2 1224979098644774930 0 2133 2 72057594037927936 1224979098644774928 5 0 31 2 1224979098644774930 1 2133 2 72057594037927936 1224979098644774929 3 0 910 3 72057594037927936 216172782113784224 0 921 2 72057594037927936 16777215 2120 3 1224979098644774949 1224979098644774936 258 2120 3 1224979098644774950 1224979098644774932 -10 729 2 1 1224979098644774949 730 2 1 1224979098644774950 926 2 72057594037927936 1 729 2 1 600 730 2 1 600 925 2 72057594037927936 1 3 0 2106 2 1224979098644774932 60 910 3 72057594037927936 216172782113784214 0 921 2 72057594037927936 16777215 729 2 1 1224979098644774936 730 2 1 1224979098644774932 926 2 72057594037927936 1 729 2 1 750 730 2 1 750 925 2 72057594037927936 1 4 0 1073741855 2 144115188075856367 3 1073741855 2 144115188075856367 8 31 2 144115188075856367 4 910 3 72057594037927936 216172782113784222 0 921 2 72057594037927936 16777215 2120 3 1224979098644774949 1224979098644774936 138 729 2 1 1224979098644774949 730 2 1 1224979098644774932 926 2 72057594037927936 1 729 2 1 750 730 2 1 750 925 2 72057594037927936 1 3 0 910 3 72057594037927936 216172782113784215 16 921 2 72057594037927936 16777215 2120 3 1224979098644774949 1224979098644774936 206 729 2 1 1224979098644774949 730 2 1 1224979098644774932 926 2 72057594037927936 1 729 2 1 750 730 2 1 750 925 2 72057594037927936 1 910 3 72057594037927936 216172782113784216 16 921 2 72057594037927936 16777215 2120 3 1224979098644774949 1224979098644774936 260 729 2 1 1224979098644774949 730 2 1 1224979098644774932 926 2 72057594037927936 1 729 2 1 750 730 2 1 750 925 2 72057594037927936 1 910 3 72057594037927936 216172782113784217 16 921 2 72057594037927936 16777215 2120 3 1224979098644774949 1224979098644774936 308 729 2 1 1224979098644774949 730 2 1 1224979098644774932 926 2 72057594037927936 1 729 2 1 750 730 2 1 750 925 2 72057594037927936 1 911 2 72057594037927936 6 921 2 72057594037927936 16777215 922 2 72057594037927936 208 2120 3 1224979098644774949 1224979098644774936 0 729 2 1 1224979098644774949 2120 3 1224979098644774950 1224979098644774932 -10 730 2 1 1224979098644774950 926 2 72057594037927936 1 729 2 1 16500 730 2 1 50 925 2 72057594037927936 1 2106 2 1224979098644774932 35 2120 3 1224979098644774951 1224979098644774922 1 6 3 1224979098644774952 0 1224979098644774951 2133 2 1224979098644774953 -2147483648 2133 2 1224979098644774954 -1 6 3 1224979098644774923 0 1224979098644774922 2120 3 1224979098644774924 1224979098644774923 282 540 3 5 1224979098644774924 1 402 2 1224979098644774955 1224979098644774923 31 2 1224979098644774955 1224979098644774930 4 0 1073741855 2 144115188075856367 3 31 2 144115188075856367 4 431 2 1224979098644774956 1224979098644774923 5 0 433 2 1224979098644774956 1224979098644774923 3 0 435 2 1224979098644774957 1224979098644774923 2122 3 1224979098644774958 1224979098644774956 1000 2106 2 1224979098644774958 1224979098644774957 1073741856 2 1224979098644774958 1224979098644774953 31 2 1224979098644774958 -2147483648 2133 2 1224979098644774953 1224979098644774958 2133 2 1224979098644774954 1224979098644774923 3 0 4 0 30 2 1224979098644774954 0 2120 3 1224979098644774924 1224979098644774954 282 500 3 5 1224979098644774924 0 4 0 31 2 1224979098644774927 1224979098644774954 911 2 72057594037927936 6 921 2 72057594037927936 16777215 922 2 72057594037927936 53 2120 3 1224979098644774949 1224979098644774936 0 729 2 1 1224979098644774949 2120 3 1224979098644774950 1224979098644774932 0 730 2 1 1224979098644774950 926 2 72057594037927936 1 729 2 1 16500 730 2 1 1000 925 2 72057594037927936 1 3 0 4 0 1073741855 2 144115188075856367 3 31 2 144115188075856367 4 2133 2 1224979098644774959 16777215 406 2 1224979098644774960 1224979098644774954 4 0 3221225502 2 1224979098644774960 0 2147485350 1 1224979098644774960 2133 2 1224979098644774959 16711680 3 0 431 2 72057594037927936 1224979098644774954 910 3 72057594037927936 216172782113784185 8 921 2 72057594037927936 1224979098644774959 729 2 1 750 730 2 1 750 925 2 72057594037927936 1 2120 3 1224979098644774949 1224979098644774936 165 729 2 1 1224979098644774949 730 2 1 1224979098644774932 926 2 72057594037927936 1 5 0 2133 2 1224979098644774959 16777215 406 2 1224979098644774960 1224979098644774954 4 0 3221225502 2 1224979098644774960 0 2147485350 1 1224979098644774960 2133 2 1224979098644774959 16711680 910 3 72057594037927936 216172782113784218 0 921 2 72057594037927936 1224979098644774959 729 2 1 750 730 2 1 750 925 2 72057594037927936 1 2120 3 1224979098644774949 1224979098644774936 130 729 2 1 1224979098644774949 730 2 1 1224979098644774932 926 2 72057594037927936 1 3 0 3 0 2350 2 1 1224979098644774954 910 3 72057594037927936 1 0 921 2 72057594037927936 1224979098644774959 729 2 1 750 730 2 1 750 925 2 72057594037927936 1 729 2 1 1224979098644774936 730 2 1 1224979098644774932 926 2 72057594037927936 1 4 0 31 2 144115188075856367 7 2133 2 1224979098644774961 0 12 1 1224979098644774962 1712 1 1224979098644774962 1704 1 1224979098644774962 1702 1 1224979098644774962 1770 2 1224979098644774963 1224979098644774962 31 2 1224979098644774963 1224979098644774930 1765 2 1224979098644774964 1224979098644774962 31 2 1224979098644774964 1224979098644774954 2105 2 1224979098644774961 1 3 0 2133 2 72057594037927936 1224979098644774961 910 3 72057594037927936 216172782113784227 0 2120 3 1224979098644774949 1224979098644774936 123 921 2 72057594037927936 1224979098644774959 729 2 1 750 730 2 1 750 925 2 72057594037927936 1 729 2 1 1224979098644774949 730 2 1 1224979098644774932 926 2 72057594037927936 1 3 0 433 2 72057594037927936 1224979098644774954 910 3 72057594037927936 216172782113784185 8 921 2 72057594037927936 1224979098644774959 729 2 1 750 730 2 1 750 925 2 72057594037927936 1 2120 3 1224979098644774949 1224979098644774936 215 729 2 1 1224979098644774949 730 2 1 1224979098644774932 926 2 72057594037927936 1 435 2 72057594037927936 1224979098644774954 910 3 72057594037927936 216172782113784185 8 921 2 72057594037927936 1224979098644774959 729 2 1 750 730 2 1 750 925 2 72057594037927936 1 2120 3 1224979098644774949 1224979098644774936 265 729 2 1 1224979098644774949 730 2 1 1224979098644774932 926 2 72057594037927936 1 437 2 72057594037927936 1224979098644774954 910 3 72057594037927936 216172782113784185 8 921 2 72057594037927936 1224979098644774959 729 2 1 750 730 2 1 750 925 2 72057594037927936 1 2120 3 1224979098644774949 1224979098644774936 315 729 2 1 1224979098644774949 730 2 1 1224979098644774932 926 2 72057594037927936 1 2106 2 1224979098644774932 20 5 0 2147483679 2 144115188075856367 7 4 0 4 0 31 2 1224979098644774930 0 2133 2 1224979098644774965 144115188075856770 5 0 2133 2 1224979098644774965 144115188075856771 3 0 450 2 72057594037927936 1224979098644774930 452 2 72057594037927937 1224979098644774930 4 0 3221225503 2 72057594037927936 0 3221225503 2 72057594037927937 0 2147483679 2 1224979098644774965 0 2133 2 1224979098644774966 1 5 0 2133 2 1224979098644774966 0 3 0 31 2 1224979098644774966 1 2133 2 1224979098644774967 0 12 1 1224979098644774968 1712 1 1224979098644774968 1707 1 1224979098644774968 1702 1 1224979098644774968 1770 2 1224979098644774969 1224979098644774968 31 2 1224979098644774969 1224979098644774930 2105 2 1224979098644774967 1 3 0 2121 3 1224979098644774970 1224979098644774965 1224979098644774967 4 0 31 2 1224979098644774967 0 2133 2 1224979098644774959 16711680 5 0 2133 2 1224979098644774959 13684944 3 0 4 0 32 2 1224979098644774970 0 4 0 31 2 1224979098644774965 1 910 3 72057594037927936 216172782113784218 0 2120 3 1224979098644774949 1224979098644774936 130 5 0 2133 2 72057594037927936 1224979098644774970 910 3 72057594037927936 216172782113784219 0 2120 3 1224979098644774949 1224979098644774936 123 3 0 921 2 72057594037927936 1224979098644774959 729 2 1 750 730 2 1 750 925 2 72057594037927936 1 729 2 1 1224979098644774949 730 2 1 1224979098644774932 926 2 72057594037927936 1 3 0 4 0 32 2 1224979098644774965 1 2133 2 72057594037927936 1224979098644774965 910 3 72057594037927936 216172782113784220 0 5 0 910 3 72057594037927936 216172782113784221 0 3 0 921 2 72057594037927936 1224979098644774959 729 2 1 750 730 2 1 750 925 2 72057594037927936 1 729 2 1 1224979098644774936 730 2 1 1224979098644774932 926 2 72057594037927936 1 450 2 72057594037927936 1224979098644774930 910 3 72057594037927936 216172782113784185 8 921 2 72057594037927936 1224979098644774959 729 2 1 750 730 2 1 750 925 2 72057594037927936 1 2120 3 1224979098644774949 1224979098644774936 215 729 2 1 1224979098644774949 730 2 1 1224979098644774932 926 2 72057594037927936 1 452 2 72057594037927936 1224979098644774930 910 3 72057594037927936 216172782113784185 8 921 2 72057594037927936 1224979098644774959 729 2 1 750 730 2 1 750 925 2 72057594037927936 1 2120 3 1224979098644774949 1224979098644774936 265 729 2 1 1224979098644774949 730 2 1 1224979098644774932 926 2 72057594037927936 1 2106 2 1224979098644774932 20 3 0 2133 2 1224979098644774951 0 3 0 3 0 4 0 31 2 1224979098644774930 0 2133 2 1224979098644774971 1224979098644774932 3 0 3 0 4 0 2147483680 2 1224979098644774971 1224979098644774932 2133 2 1224979098644774932 1224979098644774971 3 0 2133 2 1224979098644774936 42 911 2 72057594037927936 6 921 2 72057594037927936 16777215 922 2 72057594037927936 208 2120 3 1224979098644774949 1224979098644774936 0 729 2 1 1224979098644774949 2120 3 1224979098644774950 1224979098644774932 10 730 2 1 1224979098644774950 926 2 72057594037927936 1 729 2 1 36000 730 2 1 50 925 2 72057594037927936 1 4 0 32 2 1224979098644774921 0 2133 2 1224979098644774936 280 2106 2 1224979098644774932 50 2133 2 72057594037927979 1224979098644774918 910 3 72057594037927936 216172782113784269 0 921 2 72057594037927936 16777215 729 2 1 1224979098644774936 730 2 1 1224979098644774932 926 2 72057594037927936 1 729 2 1 1000 730 2 1 1000 925 2 72057594037927936 1 910 3 72057594037927936 1585267068834414596 8 921 2 72057594037927936 16777215 2120 3 1224979098644774949 1224979098644774936 118 729 2 1 1224979098644774949 730 2 1 1224979098644774932 926 2 72057594037927936 1 729 2 1 800 730 2 1 800 925 2 72057594037927936 1 910 3 72057594037927936 216172782113784217 8 921 2 72057594037927936 16777215 2120 3 1224979098644774949 1224979098644774936 215 729 2 1 1224979098644774949 730 2 1 1224979098644774932 926 2 72057594037927936 1 729 2 1 750 730 2 1 750 925 2 72057594037927936 1 911 2 72057594037927936 6 921 2 72057594037927936 16777215 922 2 72057594037927936 208 2120 3 1224979098644774949 1224979098644774936 0 729 2 1 1224979098644774949 2120 3 1224979098644774950 1224979098644774932 -10 730 2 1 1224979098644774950 926 2 72057594037927936 1 729 2 1 12000 730 2 1 50 925 2 72057594037927936 1 2106 2 1224979098644774932 30 2133 2 1224979098644774959 12632256 2120 3 1224979098644774951 1224979098644774922 1 6 3 1224979098644774923 0 1224979098644774951 2120 3 1224979098644774924 1224979098644774923 282 540 3 5 1224979098644774924 1 402 2 1224979098644774955 1224979098644774923 31 2 1224979098644774955 2 500 3 5 1224979098644774924 1 4 0 31 2 1224979098644774927 1224979098644774923 911 2 72057594037927936 6 921 2 72057594037927936 16777215 922 2 72057594037927936 53 2120 3 1224979098644774949 1224979098644774936 0 729 2 1 1224979098644774949 2120 3 1224979098644774950 1224979098644774932 0 730 2 1 1224979098644774950 926 2 72057594037927936 1 729 2 1 12000 730 2 1 1000 925 2 72057594037927936 1 3 0 2350 2 1 1224979098644774923 910 3 72057594037927936 1 0 921 2 72057594037927936 1224979098644774959 729 2 1 750 730 2 1 750 925 2 72057594037927936 1 729 2 1 1224979098644774936 730 2 1 1224979098644774932 926 2 72057594037927936 1 437 2 72057594037927936 1224979098644774923 910 3 72057594037927936 216172782113784185 8 921 2 72057594037927936 1224979098644774959 729 2 1 750 730 2 1 750 925 2 72057594037927936 1 2120 3 1224979098644774949 1224979098644774936 215 729 2 1 1224979098644774949 730 2 1 1224979098644774932 926 2 72057594037927936 1 2106 2 1224979098644774932 20 3 0 3 0 77 1 238 77 1 239 902 1 999999 
-61.000000  21 2071 1 1224979098644774912 4 0 1073741895 1 238 71 1 239 77 1 238 77 1 239 3 0 4 0 31 2 144115188075856371 1 2147483720 1 18 2133 2 144115188075856371 0 78 0 902 1 0 3 0 4 0 2122 3 1224979098644774913 144115188075856533 1000 32 2 1224979098644774912 1224979098644774913 78 0 902 1 0 900 1 19 3 0 


prsnt_multiplayer_stats_chart_deathmatch 3 0 2
-60.000000  322 2124 1 1000 911 2 72057594037927936 1 729 2 1 295 730 2 1 115 926 2 72057594037927936 1 729 2 1 1000 730 2 1 1000 925 2 72057594037927936 1 1 1 206 2133 2 1224979098644774912 72057594037927987 2133 2 1224979098644774913 72057594037927990 2133 2 1224979098644774914 72057594037927993 2120 3 1224979098644774915 1224979098644774912 1224979098644774913 2133 2 1224979098644774916 1224979098644774915 2133 2 1224979098644774917 1224979098644774914 2133 2 1224979098644774918 250 6 3 1224979098644774919 0 250 2120 3 1224979098644774920 1224979098644774919 282 4 0 401 1 1224979098644774919 500 3 5 1224979098644774920 1 5 0 500 3 5 1224979098644774920 0 3 0 3 0 4 0 1073741856 2 144115188075856770 0 32 2 144115188075856771 0 2105 2 1224979098644774916 1 3 0 2120 3 1224979098644774921 1224979098644774916 1224979098644774917 2319 1 0 910 3 144115188075856534 0 131072 729 2 1 300 730 2 1 140 926 2 144115188075856534 1 729 2 1 346 730 2 1 530 929 2 144115188075856534 1 945 1 144115188075856534 2122 3 1224979098644774922 1224979098644774921 20 2105 2 1224979098644774922 80 4 0 32 2 1224979098644774917 0 2105 2 1224979098644774922 70 3 0 4 0 30 2 1224979098644774921 17 2133 2 144115188075856533 10 5 0 2133 2 144115188075856533 1 3 0 415 1 1224979098644774923 2133 2 1224979098644774924 1224979098644774922 2133 2 1224979098644774925 42 910 3 72057594037927936 216172782113784214 0 921 2 72057594037927936 16777215 729 2 1 1224979098644774925 730 2 1 1224979098644774924 926 2 72057594037927936 1 729 2 1 750 730 2 1 750 925 2 72057594037927936 1 910 3 72057594037927936 216172782113784215 16 921 2 72057594037927936 16777215 2120 3 1224979098644774926 1224979098644774925 179 729 2 1 1224979098644774926 730 2 1 1224979098644774924 926 2 72057594037927936 1 729 2 1 750 730 2 1 750 925 2 72057594037927936 1 910 3 72057594037927936 216172782113784216 16 921 2 72057594037927936 16777215 2120 3 1224979098644774926 1224979098644774925 233 729 2 1 1224979098644774926 730 2 1 1224979098644774924 926 2 72057594037927936 1 729 2 1 750 730 2 1 750 925 2 72057594037927936 1 910 3 72057594037927936 216172782113784217 16 921 2 72057594037927936 16777215 2120 3 1224979098644774926 1224979098644774925 282 729 2 1 1224979098644774926 730 2 1 1224979098644774924 926 2 72057594037927936 1 729 2 1 750 730 2 1 750 925 2 72057594037927936 1 911 2 72057594037927936 6 921 2 72057594037927936 16777215 922 2 72057594037927936 208 2120 3 1224979098644774926 1224979098644774925 0 729 2 1 1224979098644774926 2120 3 1224979098644774927 1224979098644774924 -10 730 2 1 1224979098644774927 926 2 72057594037927936 1 729 2 1 15250 730 2 1 50 925 2 72057594037927936 1 2106 2 1224979098644774924 35 2120 3 1224979098644774928 1224979098644774918 1 6 3 1224979098644774929 0 1224979098644774928 2133 2 1224979098644774930 -2147483648 2133 2 1224979098644774931 -1 6 3 1224979098644774919 0 1224979098644774918 2120 3 1224979098644774920 1224979098644774919 282 540 3 5 1224979098644774920 1 402 2 1224979098644774932 1224979098644774919 1073741855 2 1224979098644774932 0 31 2 1224979098644774932 1 433 2 1224979098644774933 1224979098644774919 435 2 1224979098644774934 1224979098644774919 2122 3 1224979098644774935 1224979098644774933 1000 2106 2 1224979098644774935 1224979098644774934 1073741856 2 1224979098644774935 1224979098644774930 31 2 1224979098644774935 -2147483648 2133 2 1224979098644774930 1224979098644774935 2133 2 1224979098644774931 1224979098644774919 3 0 4 0 30 2 1224979098644774931 0 2120 3 1224979098644774920 1224979098644774931 282 500 3 5 1224979098644774920 0 2350 2 1 1224979098644774931 4 0 31 2 1224979098644774923 1224979098644774931 911 2 72057594037927936 6 921 2 72057594037927936 16777215 922 2 72057594037927936 53 2120 3 1224979098644774926 1224979098644774925 0 729 2 1 1224979098644774926 2120 3 1224979098644774927 1224979098644774924 0 730 2 1 1224979098644774927 926 2 72057594037927936 1 729 2 1 16000 730 2 1 1000 925 2 72057594037927936 1 3 0 910 3 72057594037927936 1 0 921 2 72057594037927936 16777215 729 2 1 750 730 2 1 750 925 2 72057594037927936 1 729 2 1 1224979098644774925 730 2 1 1224979098644774924 926 2 72057594037927936 1 433 2 72057594037927936 1224979098644774931 910 3 72057594037927936 216172782113784185 8 921 2 72057594037927936 16777215 729 2 1 750 730 2 1 750 925 2 72057594037927936 1 2120 3 1224979098644774926 1224979098644774925 188 729 2 1 1224979098644774926 730 2 1 1224979098644774924 926 2 72057594037927936 1 435 2 72057594037927936 1224979098644774931 910 3 72057594037927936 216172782113784185 8 921 2 72057594037927936 16777215 729 2 1 750 730 2 1 750 925 2 72057594037927936 1 2120 3 1224979098644774926 1224979098644774925 238 729 2 1 1224979098644774926 730 2 1 1224979098644774924 926 2 72057594037927936 1 437 2 72057594037927936 1224979098644774931 910 3 72057594037927936 216172782113784185 8 921 2 72057594037927936 16777215 729 2 1 750 730 2 1 750 925 2 72057594037927936 1 2120 3 1224979098644774926 1224979098644774925 288 729 2 1 1224979098644774926 730 2 1 1224979098644774924 926 2 72057594037927936 1 2106 2 1224979098644774924 20 5 0 2120 3 1224979098644774936 144115188075856770 144115188075856771 30 2 1224979098644774936 1 4 0 32 2 1224979098644774936 1 2133 2 72057594037927936 1224979098644774936 910 3 72057594037927936 216172782113784220 0 5 0 910 3 72057594037927936 216172782113784221 0 3 0 921 2 72057594037927936 13684944 729 2 1 750 730 2 1 750 925 2 72057594037927936 1 729 2 1 1224979098644774925 730 2 1 1224979098644774924 926 2 72057594037927936 1 450 2 72057594037927936 0 2133 2 1224979098644774937 72057594037927936 450 2 72057594037927936 1 2105 2 1224979098644774937 72057594037927936 2133 2 72057594037927936 1224979098644774937 910 3 72057594037927936 216172782113784185 8 921 2 72057594037927936 13684944 729 2 1 750 730 2 1 750 925 2 72057594037927936 1 2120 3 1224979098644774926 1224979098644774925 188 729 2 1 1224979098644774926 730 2 1 1224979098644774924 926 2 72057594037927936 1 452 2 72057594037927936 0 2133 2 1224979098644774938 72057594037927936 452 2 72057594037927936 1 2105 2 1224979098644774938 72057594037927936 2133 2 72057594037927936 1224979098644774938 910 3 72057594037927936 216172782113784185 8 921 2 72057594037927936 13684944 729 2 1 750 730 2 1 750 925 2 72057594037927936 1 2120 3 1224979098644774926 1224979098644774925 238 729 2 1 1224979098644774926 730 2 1 1224979098644774924 926 2 72057594037927936 1 2106 2 1224979098644774924 20 2133 2 1224979098644774928 0 5 0 2133 2 1224979098644774928 0 3 0 3 0 2133 2 1224979098644774925 42 911 2 72057594037927936 6 921 2 72057594037927936 16777215 922 2 72057594037927936 208 2120 3 1224979098644774926 1224979098644774925 0 729 2 1 1224979098644774926 2120 3 1224979098644774927 1224979098644774924 10 730 2 1 1224979098644774927 926 2 72057594037927936 1 729 2 1 15250 730 2 1 50 925 2 72057594037927936 1 4 0 32 2 1224979098644774917 0 2133 2 1224979098644774925 75 2106 2 1224979098644774924 50 910 3 72057594037927936 216172782113784269 0 921 2 72057594037927936 16777215 729 2 1 1224979098644774925 730 2 1 1224979098644774924 926 2 72057594037927936 1 729 2 1 1000 730 2 1 1000 925 2 72057594037927936 1 910 3 72057594037927936 216172782113784217 16 921 2 72057594037927936 16777215 2120 3 1224979098644774926 1224979098644774925 218 729 2 1 1224979098644774926 730 2 1 1224979098644774924 926 2 72057594037927936 1 729 2 1 750 730 2 1 750 925 2 72057594037927936 1 911 2 72057594037927936 6 921 2 72057594037927936 16777215 922 2 72057594037927936 208 2120 3 1224979098644774926 1224979098644774925 0 729 2 1 1224979098644774926 2120 3 1224979098644774927 1224979098644774924 -10 730 2 1 1224979098644774927 926 2 72057594037927936 1 729 2 1 12000 730 2 1 50 925 2 72057594037927936 1 2106 2 1224979098644774924 30 2133 2 1224979098644774939 12632256 2120 3 1224979098644774928 1224979098644774918 1 6 3 1224979098644774919 0 1224979098644774928 2120 3 1224979098644774920 1224979098644774919 282 540 3 5 1224979098644774920 1 402 2 1224979098644774932 1224979098644774919 31 2 1224979098644774932 2 500 3 5 1224979098644774920 1 4 0 31 2 1224979098644774923 1224979098644774919 911 2 72057594037927936 6 921 2 72057594037927936 16777215 922 2 72057594037927936 53 2120 3 1224979098644774926 1224979098644774925 0 729 2 1 1224979098644774926 2120 3 1224979098644774927 1224979098644774924 0 730 2 1 1224979098644774927 926 2 72057594037927936 1 729 2 1 12000 730 2 1 1000 925 2 72057594037927936 1 3 0 2350 2 1 1224979098644774919 910 3 72057594037927936 1 0 921 2 72057594037927936 1224979098644774939 729 2 1 750 730 2 1 750 925 2 72057594037927936 1 729 2 1 1224979098644774925 730 2 1 1224979098644774924 926 2 72057594037927936 1 437 2 72057594037927936 1224979098644774919 910 3 72057594037927936 216172782113784185 8 921 2 72057594037927936 1224979098644774939 729 2 1 750 730 2 1 750 925 2 72057594037927936 1 2120 3 1224979098644774926 1224979098644774925 215 729 2 1 1224979098644774926 730 2 1 1224979098644774924 926 2 72057594037927936 1 2106 2 1224979098644774924 20 3 0 3 0 77 1 238 77 1 239 902 1 999999 
-61.000000  21 2071 1 1224979098644774912 4 0 1073741895 1 238 71 1 239 77 1 238 77 1 239 3 0 4 0 31 2 144115188075856371 1 2147483720 1 18 2133 2 144115188075856371 0 78 0 902 1 0 3 0 4 0 2122 3 1224979098644774913 144115188075856533 1000 32 2 1224979098644774912 1224979098644774913 78 0 902 1 0 900 1 20 3 0 


prsnt_multiplayer_escape_menu 2 0 3
-60.000000  230 2124 1 1000 911 2 72057594037927936 13 729 2 1 250 730 2 1 20 926 2 72057594037927936 1 729 2 1 1000 730 2 1 1185 925 2 72057594037927936 1 2319 1 0 910 3 144115188075856535 0 131072 729 2 1 285 730 2 1 30 926 2 144115188075856535 1 729 2 1 415 730 2 1 650 929 2 144115188075856535 1 945 1 144115188075856535 2133 2 1224979098644774912 600 910 3 72057594037927936 216172782113784240 0 921 2 72057594037927936 16777215 729 2 1 0 730 2 1 1224979098644774912 926 2 72057594037927936 1 2106 2 1224979098644774912 33 912 3 144115188075856536 216172782113784242 0 921 2 144115188075856536 16777215 411 1 1224979098644774913 2133 2 144115188075856537 -1 2133 2 144115188075856538 -1 2133 2 144115188075856539 -1 2133 2 144115188075856540 -1 2133 2 144115188075856542 -1 2133 2 144115188075856548 -1 2133 2 144115188075856546 -1 2133 2 144115188075856547 -1 2133 2 144115188075856985 -1 2133 2 144115188075857198 -1 2133 2 144115188075857199 -1 2133 2 144115188075857200 -1 2133 2 144115188075857201 -1 2133 2 144115188075857202 -1 2133 2 144115188075857525 -1 2133 2 144115188075857528 -1 2133 2 144115188075857529 -1 2133 2 144115188075857530 -1 2133 2 144115188075857531 -1 2133 2 144115188075857532 -1 2133 2 144115188075857835 -1 4 0 411 1 1224979098644774913 33 3 1224979098644774913 0 2 912 3 144115188075856538 216172782113784246 0 921 2 144115188075856538 16777215 4 0 31 2 144115188075856367 4 912 3 144115188075856537 216172782113784244 0 921 2 144115188075856537 16777215 3 0 3 0 912 3 144115188075857526 216172782113785163 0 921 2 144115188075857526 16777215 912 3 144115188075856543 216172782113784248 0 921 2 144115188075856543 16777215 912 3 144115188075857527 216172782113785164 0 921 2 144115188075857527 16777215 912 3 144115188075856985 216172782113784251 0 921 2 144115188075856985 16777215 415 1 1224979098644774914 4 0 1073742254 1 1224979098644774914 1073741855 2 144115188075856775 1 1073741855 2 144115188075856774 1 1073741856 2 144115188075856773 0 1073741855 2 144115188075856776 1 31 2 144115188075856777 1 912 3 144115188075856539 216172782113784250 0 921 2 144115188075856539 16777215 2133 2 144115188075856545 1 4 0 30 2 1224979098644774914 0 2147484078 1 1224979098644774914 528 3 1224979098644774915 1224979098644774914 26 2370 1 1224979098644774916 2147483678 2 1224979098644774916 1224979098644774915 921 2 144115188075856539 8947848 923 2 144115188075856539 8947848 2133 2 144115188075856545 0 3 0 3 0 4 0 30 2 1224979098644774914 0 430 1 1224979098644774914 912 3 144115188075856540 216172782113784252 0 921 2 144115188075856540 16777215 912 3 144115188075857528 216172782113784545 0 921 2 144115188075857528 16777215 912 3 144115188075857529 216172782113785024 0 921 2 144115188075857529 16777215 912 3 144115188075857530 216172782113784253 0 921 2 144115188075857530 16777215 912 3 144115188075857531 216172782113784567 0 921 2 144115188075857531 16777215 912 3 144115188075857532 216172782113784254 0 921 2 144115188075857532 16777215 912 3 144115188075857201 216172782113785041 0 921 2 144115188075857201 16777215 912 3 144115188075857202 216172782113784570 0 921 2 144115188075857202 16777215 3 0 912 3 144115188075856546 216172782113784255 0 921 2 144115188075856546 16777215 912 3 144115188075857533 216172782113785191 0 921 2 144115188075857533 16777215 912 3 144115188075857525 216172782113785031 0 921 2 144115188075857525 16777215 912 3 144115188075856548 216172782113784257 0 921 2 144115188075856548 16777215 912 3 144115188075857835 216172782113785578 0 921 2 144115188075857835 16777215 729 2 1 130 730 2 1 1224979098644774912 926 2 144115188075856536 1 4 0 30 2 144115188075856537 0 2106 2 1224979098644774912 33 730 2 1 1224979098644774912 926 2 144115188075856537 1 3 0 4 0 30 2 144115188075856538 0 2106 2 1224979098644774912 33 730 2 1 1224979098644774912 926 2 144115188075856538 1 3 0 2106 2 1224979098644774912 33 4 0 30 2 144115188075857835 0 701 1 2 729 2 2 200 730 2 2 1224979098644774912 926 2 144115188075857835 2 729 2 2 30 730 2 2 1224979098644774912 926 2 144115188075857526 2 5 0 730 2 1 1224979098644774912 926 2 144115188075857526 1 3 0 2106 2 1224979098644774912 33 730 2 1 1224979098644774912 926 2 144115188075856543 1 2106 2 1224979098644774912 33 730 2 1 1224979098644774912 926 2 144115188075857527 1 2106 2 1224979098644774912 33 730 2 1 1224979098644774912 926 2 144115188075856985 1 4 0 30 2 144115188075856539 0 2106 2 1224979098644774912 33 730 2 1 1224979098644774912 926 2 144115188075856539 1 3 0 4 0 30 2 144115188075856540 0 2106 2 1224979098644774912 33 730 2 1 1224979098644774912 926 2 144115188075856540 1 3 0 4 0 30 2 144115188075857528 0 2106 2 1224979098644774912 33 730 2 1 1224979098644774912 926 2 144115188075857528 1 3 0 4 0 30 2 144115188075857529 0 2106 2 1224979098644774912 33 730 2 1 1224979098644774912 926 2 144115188075857529 1 3 0 4 0 30 2 144115188075857530 0 2106 2 1224979098644774912 33 730 2 1 1224979098644774912 926 2 144115188075857530 1 3 0 4 0 30 2 144115188075857531 0 2106 2 1224979098644774912 33 730 2 1 1224979098644774912 926 2 144115188075857531 1 3 0 4 0 30 2 144115188075857532 0 2106 2 1224979098644774912 33 730 2 1 1224979098644774912 926 2 144115188075857532 1 3 0 4 0 30 2 144115188075856542 0 2106 2 1224979098644774912 33 730 2 1 1224979098644774912 926 2 144115188075856542 1 3 0 4 0 30 2 144115188075857201 0 30 2 144115188075857202 0 2106 2 1224979098644774912 33 729 2 2 30 730 2 2 1224979098644774912 926 2 144115188075857201 2 701 1 2 729 2 2 250 730 2 2 1224979098644774912 926 2 144115188075857202 2 3 0 2106 2 1224979098644774912 33 730 2 1 1224979098644774912 926 2 144115188075857525 1 2106 2 1224979098644774912 33 730 2 1 1224979098644774912 926 2 144115188075856546 1 2106 2 1224979098644774912 33 730 2 1 1224979098644774912 926 2 144115188075857533 1 2106 2 1224979098644774912 33 730 2 1 1224979098644774912 926 2 144115188075856548 1 902 1 999999 
-62.000000  110 2071 1 1224979098644774912 4 0 31 2 1224979098644774912 144115188075856536 902 1 0 900 1 7 5 0 31 2 1224979098644774912 144115188075856537 902 1 0 900 1 40 5 0 31 2 1224979098644774912 144115188075856538 902 1 0 4 0 31 2 144115188075856367 7 900 1 8 5 0 900 1 9 3 0 5 0 31 2 1224979098644774912 144115188075857526 902 1 0 900 1 64 5 0 31 2 1224979098644774912 144115188075857835 902 1 0 2133 2 144115188075857836 0 900 1 79 5 0 31 2 1224979098644774912 144115188075856543 902 1 0 2058 0 5 0 31 2 1224979098644774912 144115188075856544 902 1 0 2057 0 5 0 31 2 1224979098644774912 144115188075857527 902 1 0 900 1 63 5 0 31 2 1224979098644774912 144115188075856539 31 2 144115188075856545 1 902 1 0 900 1 22 5 0 31 2 1224979098644774912 144115188075856540 902 1 0 390 3 47 49 144115188075856466 388 1 13 5 0 31 2 1224979098644774912 144115188075857531 902 1 0 2133 2 144115188075856549 7 900 1 29 5 0 31 2 1224979098644774912 144115188075857528 902 1 0 2133 2 144115188075856549 4 900 1 29 5 0 31 2 1224979098644774912 144115188075857529 902 1 0 2133 2 144115188075856549 17 900 1 29 5 0 31 2 1224979098644774912 144115188075857532 902 1 0 2133 2 144115188075856549 6 900 1 29 5 0 31 2 1224979098644774912 144115188075857530 902 1 0 2133 2 144115188075856549 3 900 1 29 5 0 31 2 1224979098644774912 144115188075856548 12 1 1224979098644774913 1712 1 1224979098644774913 1808 1 1224979098644774913 3 0 902 1 0 1907 1 0 5 0 31 2 1224979098644774912 144115188075856546 902 1 0 2133 2 144115188075857534 0 900 1 71 5 0 31 2 1224979098644774912 144115188075857533 902 1 0 2319 1 60 900 1 75 5 0 31 2 1224979098644774912 144115188075856985 902 1 0 388 1 8 5 0 31 2 1224979098644774912 144115188075857525 902 1 0 900 1 25 5 0 31 2 1224979098644774912 144115188075857201 902 1 0 2133 2 144115188075857552 0 900 1 26 5 0 31 2 1224979098644774912 144115188075857202 902 1 0 2133 2 144115188075857552 1 900 1 26 
-61.000000  6 2071 1 1224979098644774912 4 0 71 1 1 32 2 1224979098644774912 200 902 1 0 3 0 


prsnt_multiplayer_poll_menu 2 0 3
-60.000000  81 2124 1 1000 911 2 72057594037927936 13 729 2 1 250 730 2 1 80 926 2 72057594037927936 1 729 2 1 1000 730 2 1 1000 925 2 72057594037927936 1 2319 1 0 910 3 144115188075856550 0 131072 729 2 1 285 730 2 1 125 926 2 144115188075856550 1 729 2 1 405 730 2 1 500 929 2 144115188075856550 1 945 1 144115188075856550 2133 2 144115188075856551 -1 2133 2 144115188075856554 -1 2133 2 144115188075856555 -1 2133 2 144115188075856552 -1 2133 2 144115188075856553 -1 2133 2 144115188075857535 -1 2133 2 1224979098644774912 450 910 3 72057594037927936 216172782113784241 0 921 2 72057594037927936 16777215 729 2 1 0 730 2 1 1224979098644774912 926 2 72057594037927936 1 2106 2 1224979098644774912 33 729 2 1 60 4 0 31 2 144115188075856775 1 912 3 144115188075856551 216172782113784258 0 921 2 144115188075856551 16777215 730 2 1 1224979098644774912 926 2 144115188075856551 1 2106 2 1224979098644774912 33 3 0 4 0 31 2 144115188075856774 1 912 3 144115188075856552 216172782113784259 0 921 2 144115188075856552 16777215 730 2 1 1224979098644774912 926 2 144115188075856552 1 2106 2 1224979098644774912 33 3 0 4 0 32 2 144115188075856773 0 912 3 144115188075856553 216172782113784260 0 921 2 144115188075856553 16777215 730 2 1 1224979098644774912 926 2 144115188075856553 1 2106 2 1224979098644774912 33 3 0 4 0 31 2 144115188075856776 1 912 3 144115188075856554 216172782113784261 0 921 2 144115188075856554 16777215 730 2 1 1224979098644774912 926 2 144115188075856554 1 2106 2 1224979098644774912 33 3 0 4 0 31 2 144115188075856777 1 912 3 144115188075856555 216172782113784262 0 921 2 144115188075856555 16777215 730 2 1 1224979098644774912 926 2 144115188075856555 1 2106 2 1224979098644774912 33 3 0 4 0 415 1 1224979098644774913 401 1 1224979098644774913 430 1 1224979098644774913 912 3 144115188075857535 216172782113784263 0 921 2 144115188075857535 16777215 730 2 1 1224979098644774912 926 2 144115188075857535 1 3 0 902 1 999999 
-62.000000  32 2071 1 1224979098644774912 4 0 31 2 1224979098644774912 144115188075856551 902 1 0 2133 2 144115188075856556 1 900 1 30 5 0 31 2 1224979098644774912 144115188075856554 902 1 0 2133 2 144115188075856549 1 900 1 29 5 0 31 2 1224979098644774912 144115188075856555 902 1 0 2133 2 144115188075856549 2 900 1 29 5 0 31 2 1224979098644774912 144115188075856552 902 1 0 2133 2 144115188075856556 2 900 1 30 5 0 31 2 1224979098644774912 144115188075856553 902 1 0 2133 2 144115188075856557 1 900 1 32 5 0 31 2 1224979098644774912 144115188075857535 902 1 0 2133 2 144115188075857291 5 900 1 23 3 0 
-61.000000  6 2071 1 1224979098644774912 4 0 71 1 1 32 2 1224979098644774912 200 902 1 0 3 0 


prsnt_multiplayer_admin_chat 2 0 3
-60.000000  32 2124 1 1000 4 0 31 2 144115188075857291 1 910 2 144115188075857204 216172782113784605 5 0 31 2 144115188075857291 2 910 2 144115188075857204 216172782113784606 5 0 31 2 144115188075857291 3 910 2 144115188075857204 216172782113785558 5 0 31 2 144115188075857291 5 910 2 144115188075857204 216172782113784607 3 0 921 2 144115188075857204 16777215 729 2 1 200 730 2 1 530 926 2 144115188075857204 1 729 2 1 1000 730 2 1 980 925 2 144115188075857204 1 919 1 144115188075857205 729 2 1 200 730 2 1 500 926 2 144115188075857205 1 729 2 1 600 730 2 1 1000 925 2 144115188075857205 1 949 1 144115188075857205 2319 1 0 920 2 144115188075857205 0 902 1 999999 
-62.000000  23 2071 1 1224979098644774912 4 0 31 2 1224979098644774912 144115188075857205 4 0 2147483719 1 1 2147485966 1 0 4 0 31 2 144115188075857291 1 393 2 48 0 5 0 31 2 144115188075857291 2 393 2 49 0 5 0 31 2 144115188075857291 3 1501 2 1490 0 390 3 4 23 1 5 0 31 2 144115188075857291 5 393 2 12 0 3 0 3 0 902 1 0 3 0 
-61.000000  11 2071 1 1224979098644774912 4 0 71 1 1 32 2 1224979098644774912 200 902 1 0 5 0 1073741894 1 29 70 1 157 71 1 47 1 2 336 144115188075857205 3 0 


prsnt_multiplayer_custom_chat 2 0 3
-60.000000  12 2124 1 1000 919 1 144115188075857536 729 2 1 200 730 2 1 500 926 2 144115188075857536 1 729 2 1 600 730 2 1 1000 925 2 144115188075857536 1 949 1 144115188075857536 2319 1 0 920 2 144115188075857536 0 902 1 999999 
-62.000000  10 2071 1 1224979098644774912 4 0 31 2 1224979098644774912 144115188075857536 4 0 2147483719 1 1 2147485966 1 0 393 2 11 0 3 0 902 1 0 3 0 
-61.000000  11 2071 1 1224979098644774912 4 0 71 1 1 32 2 1224979098644774912 200 902 1 0 5 0 1073741894 1 29 70 1 157 71 1 47 1 2 336 144115188075857536 3 0 


prsnt_confirm_suicide 2 0 3
-60.000000  40 2124 1 1000 911 2 72057594037927936 13 729 2 1 250 730 2 1 300 926 2 72057594037927936 1 729 2 1 800 730 2 1 600 925 2 72057594037927936 1 2319 1 0 910 3 144115188075857537 0 131072 729 2 1 285 730 2 1 125 926 2 144115188075857537 1 729 2 1 405 730 2 1 400 929 2 144115188075857537 1 945 1 144115188075857537 2133 2 1224979098644774912 350 910 3 72057594037927936 216172782113785048 0 921 2 72057594037927936 16777215 729 2 1 0 730 2 1 1224979098644774912 926 2 72057594037927936 1 2106 2 1224979098644774912 100 729 2 1 60 4 0 912 3 144115188075857538 216172782113784195 0 921 2 144115188075857538 16777215 730 2 1 1224979098644774912 729 2 1 40 926 2 144115188075857538 1 3 0 4 0 912 3 144115188075857539 216172782113784196 0 921 2 144115188075857539 16777215 730 2 1 1224979098644774912 729 2 1 220 926 2 144115188075857539 1 3 0 902 1 999999 
-62.000000  9 2071 1 1224979098644774912 4 0 31 2 1224979098644774912 144115188075857538 902 1 0 389 2 4 8 5 0 31 2 1224979098644774912 144115188075857539 902 1 0 3 0 
-61.000000  6 2071 1 1224979098644774912 4 0 71 1 1 32 2 1224979098644774912 200 902 1 0 3 0 


prsnt_multiplayer_more_admin_tools 2 0 3
-60.000000  159 2124 1 1000 2133 2 1224979098644774912 300 2133 2 1224979098644774913 480 2133 2 1224979098644774914 665 2133 2 1224979098644774915 1224979098644774912 2133 2 1224979098644774916 1224979098644774913 911 2 72057594037927936 6 921 2 72057594037927936 0 922 2 72057594037927936 208 729 2 1 1224979098644774915 730 2 1 1224979098644774914 926 2 72057594037927936 1 729 2 1 7600 730 2 1 1600 925 2 72057594037927936 1 911 2 72057594037927936 6 921 2 72057594037927936 0 922 2 72057594037927936 208 729 2 1 1224979098644774916 730 2 1 1224979098644774914 926 2 72057594037927936 1 729 2 1 4000 730 2 1 1600 925 2 72057594037927936 1 912 3 144115188075857540 216172782113785165 0 912 3 144115188075857541 216172782113785166 0 921 2 144115188075857540 16777215 921 2 144115188075857541 16777215 4 0 31 2 144115188075857552 0 921 2 144115188075857540 15526786 5 0 31 2 144115188075857552 1 921 2 144115188075857541 15526786 3 0 729 2 1 1224979098644774912 730 2 1 1224979098644774914 926 2 144115188075857540 1 729 2 1 1224979098644774913 730 2 1 1224979098644774914 926 2 144115188075857541 1 911 2 72057594037927936 13 729 2 1 250 730 2 1 80 926 2 72057594037927936 1 729 2 1 1000 730 2 1 1000 925 2 72057594037927936 1 2319 1 0 910 3 144115188075857537 0 131072 729 2 1 285 730 2 1 125 926 2 144115188075857537 1 729 2 1 405 730 2 1 500 929 2 144115188075857537 1 945 1 144115188075857537 2133 2 1224979098644774917 450 729 2 1 60 4 0 31 2 144115188075857552 0 1 2 295 2 912 3 144115188075857542 216172782113784550 0 921 2 144115188075857542 16777215 730 2 1 1224979098644774917 926 2 144115188075857542 1 2106 2 1224979098644774917 33 912 3 144115188075857543 216172782113784555 0 921 2 144115188075857543 16777215 730 2 1 1224979098644774917 926 2 144115188075857543 1 2106 2 1224979098644774917 33 912 3 144115188075857544 216172782113784561 0 921 2 144115188075857544 16777215 730 2 1 1224979098644774917 926 2 144115188075857544 1 2106 2 1224979098644774917 33 912 3 144115188075857545 216172782113784588 0 921 2 144115188075857545 16777215 730 2 1 1224979098644774917 926 2 144115188075857545 1 2106 2 1224979098644774917 33 912 3 144115188075857546 216172782113784593 0 921 2 144115188075857546 16777215 730 2 1 1224979098644774917 926 2 144115188075857546 1 2106 2 1224979098644774917 33 912 3 144115188075857547 216172782113784586 0 921 2 144115188075857547 16777215 730 2 1 1224979098644774917 926 2 144115188075857547 1 2106 2 1224979098644774917 33 912 3 144115188075857548 216172782113785043 0 921 2 144115188075857548 16777215 730 2 1 1224979098644774917 926 2 144115188075857548 1 2106 2 1224979098644774917 33 912 3 144115188075857549 216172782113785189 0 921 2 144115188075857549 16777215 730 2 1 1224979098644774917 926 2 144115188075857549 1 2106 2 1224979098644774917 33 5 0 31 2 144115188075857552 1 1 2 295 1 4 0 912 3 144115188075857207 216172782113784572 0 921 2 144115188075857207 16777215 730 2 1 1224979098644774917 926 2 144115188075857207 1 2106 2 1224979098644774917 33 912 3 144115188075857208 216172782113784575 0 921 2 144115188075857208 16777215 730 2 1 1224979098644774917 926 2 144115188075857208 1 2106 2 1224979098644774917 33 912 3 144115188075857209 216172782113784577 0 921 2 144115188075857209 16777215 730 2 1 1224979098644774917 926 2 144115188075857209 1 2106 2 1224979098644774917 33 912 3 144115188075857550 216172782113784579 0 921 2 144115188075857550 16777215 730 2 1 1224979098644774917 926 2 144115188075857550 1 2106 2 1224979098644774917 33 912 3 144115188075857210 216172782113784581 0 921 2 144115188075857210 16777215 730 2 1 1224979098644774917 926 2 144115188075857210 1 2106 2 1224979098644774917 33 912 3 144115188075857211 216172782113784584 0 921 2 144115188075857211 16777215 730 2 1 1224979098644774917 926 2 144115188075857211 1 2106 2 1224979098644774917 33 912 3 144115188075857215 216172782113784597 0 921 2 144115188075857215 16777215 730 2 1 1224979098644774917 926 2 144115188075857215 1 2106 2 1224979098644774917 33 912 3 144115188075857216 216172782113784600 0 921 2 144115188075857216 16777215 730 2 1 1224979098644774917 926 2 144115188075857216 1 2106 2 1224979098644774917 33 912 3 144115188075857350 216172782113784603 0 921 2 144115188075857350 16777215 730 2 1 1224979098644774917 926 2 144115188075857350 1 2106 2 1224979098644774917 33 912 3 144115188075857551 216172782113785028 0 921 2 144115188075857551 16777215 730 2 1 1224979098644774917 926 2 144115188075857551 1 2106 2 1224979098644774917 33 3 0 3 0 902 1 999999 
-62.000000  96 2071 1 1224979098644774912 4 0 31 2 1224979098644774912 144115188075857540 2133 2 144115188075857552 0 902 1 0 900 1 26 5 0 31 2 1224979098644774912 144115188075857541 2133 2 144115188075857552 1 902 1 0 900 1 26 5 0 31 2 1224979098644774912 144115188075857542 902 1 0 2133 2 144115188075856549 5 900 1 29 5 0 31 2 1224979098644774912 144115188075857543 902 1 0 2133 2 144115188075856549 8 900 1 29 5 0 31 2 1224979098644774912 144115188075857544 902 1 0 2133 2 144115188075856549 9 900 1 29 5 0 31 2 1224979098644774912 144115188075857545 902 1 0 2133 2 144115188075856549 12 900 1 29 5 0 31 2 1224979098644774912 144115188075857546 902 1 0 2133 2 144115188075856549 13 900 1 29 5 0 31 2 1224979098644774912 144115188075857547 902 1 0 2133 2 144115188075856549 14 900 1 29 5 0 31 2 1224979098644774912 144115188075857548 902 1 0 2133 2 144115188075856549 19 900 1 29 5 0 31 2 1224979098644774912 144115188075857549 902 1 0 2133 2 144115188075857553 0 900 1 72 5 0 31 2 1224979098644774912 144115188075857207 902 1 0 389 2 45 1 5 0 31 2 1224979098644774912 144115188075857208 902 1 0 389 2 45 2 5 0 31 2 1224979098644774912 144115188075857209 902 1 0 389 2 45 3 5 0 31 2 1224979098644774912 144115188075857210 902 1 0 389 2 45 4 5 0 31 2 1224979098644774912 144115188075857211 902 1 0 389 2 45 5 5 0 31 2 1224979098644774912 144115188075857215 902 1 0 2133 2 144115188075856549 15 900 1 29 5 0 31 2 1224979098644774912 144115188075857216 902 1 0 2133 2 144115188075856549 16 900 1 29 5 0 31 2 1224979098644774912 144115188075857350 902 1 0 415 1 1224979098644774913 390 3 46 2 1224979098644774913 5 0 31 2 1224979098644774912 144115188075857551 902 1 0 2133 2 144115188075856549 18 900 1 29 5 0 31 2 1224979098644774912 144115188075857550 902 1 0 389 2 45 6 3 0 
-61.000000  6 2071 1 1224979098644774912 4 0 71 1 1 32 2 1224979098644774912 200 902 1 0 3 0 


prsnt_game_multiplayer_map_selection_panel 2 0 3
-60.000000  45 2124 1 1000 911 2 72057594037927936 13 729 2 1 250 730 2 1 80 926 2 72057594037927936 1 729 2 1 1000 730 2 1 1000 925 2 72057594037927936 1 2133 2 144115188075856559 -1 2319 1 0 910 3 144115188075856559 0 131072 729 2 1 285 730 2 1 125 926 2 144115188075856559 1 729 2 1 405 730 2 1 500 929 2 144115188075856559 1 945 1 144115188075856559 1 2 429 144115188075856367 2133 2 1224979098644774912 72057594037927936 2122 3 1224979098644774913 1224979098644774912 33 2105 2 1224979098644774913 10 910 3 72057594037927936 216172782113784265 0 921 2 72057594037927936 16777215 729 2 1 0 730 2 1 1224979098644774913 926 2 72057594037927936 1 2106 2 1224979098644774913 33 2133 2 1224979098644774914 -1 6 3 1224979098644774915 0 1224979098644774912 2120 3 1224979098644774916 1224979098644774915 0 520 3 1224979098644774917 5 1224979098644774916 2121 3 1224979098644774918 1224979098644774917 16 2105 2 1224979098644774918 216172782113783855 2320 2 0 1224979098644774918 912 3 1224979098644774914 0 0 921 2 1224979098644774914 16777215 729 2 1 100 730 2 1 1224979098644774913 926 2 1224979098644774914 1 2106 2 1224979098644774913 33 3 0 2120 3 144115188075856560 1224979098644774914 1 2121 3 144115188075856561 144115188075856560 1224979098644774912 902 1 999999 
-62.000000  19 2071 1 1224979098644774912 6 3 1224979098644774913 144115188075856561 144115188075856560 31 2 1224979098644774912 1224979098644774913 1 2 429 144115188075856367 2121 3 1224979098644774914 1224979098644774912 144115188075856561 2105 2 1224979098644774914 0 520 3 1224979098644774915 5 1224979098644774914 902 1 0 2133 2 144115188075856560 0 900 1 5 2133 2 144115188075856466 1224979098644774915 927 2 144115188075856430 144115188075856466 520 3 144115188075856466 5 1224979098644774914 4 0 415 1 1224979098644774916 32 2 1224979098644774916 -1 390 3 47 48 144115188075856466 3 0 3 0 
-61.000000  6 2071 1 1224979098644774912 4 0 71 1 1 32 2 1224979098644774912 200 902 1 0 3 0 


prsnt_multiplayer_cheat_menu 2 0 3
-60.000000  26 2124 1 1000 911 2 72057594037927936 13 729 2 1 250 730 2 1 80 926 2 72057594037927936 1 729 2 1 1000 730 2 1 1000 925 2 72057594037927936 1 2319 1 0 910 3 144115188075857206 0 131072 729 2 1 285 730 2 1 125 926 2 144115188075857206 1 729 2 1 405 730 2 1 500 929 2 144115188075857206 1 945 1 144115188075857206 2133 2 1224979098644774912 450 910 3 72057594037927936 216172782113784571 0 921 2 72057594037927936 16777215 729 2 1 0 730 2 1 1224979098644774912 926 2 72057594037927936 1 2106 2 1224979098644774912 33 729 2 1 60 902 1 999999 
-62.000000  46 2071 1 1224979098644774912 4 0 31 2 1224979098644774912 144115188075857207 902 1 0 389 2 45 1 5 0 31 2 1224979098644774912 144115188075857208 902 1 0 389 2 45 2 5 0 31 2 1224979098644774912 144115188075857209 902 1 0 389 2 45 3 5 0 31 2 1224979098644774912 144115188075857210 902 1 0 389 2 45 4 5 0 31 2 1224979098644774912 144115188075857211 902 1 0 389 2 45 5 5 0 31 2 1224979098644774912 144115188075857215 902 1 0 2133 2 144115188075856549 15 900 1 29 5 0 31 2 1224979098644774912 144115188075857216 902 1 0 2133 2 144115188075856549 16 900 1 29 5 0 31 2 1224979098644774912 144115188075857350 902 1 0 415 1 1224979098644774913 390 3 46 2 1224979098644774913 5 0 31 2 1224979098644774912 144115188075857551 902 1 0 2133 2 144115188075856549 18 900 1 29 5 0 31 2 1224979098644774912 144115188075857550 902 1 0 389 2 45 6 3 0 
-61.000000  6 2071 1 1224979098644774912 4 0 71 1 1 32 2 1224979098644774912 200 902 1 0 3 0 


prsnt_multiplayer_show_players_list 2 0 3
-60.000000  495 2124 1 1000 2133 2 1224979098644774912 1 4 0 417 0 2133 2 1224979098644774912 0 3 0 6 3 1224979098644774913 1224979098644774912 250 401 1 1224979098644774913 508 3 1224979098644774913 22 -1 3 0 2133 2 144115188075857217 -1 4 0 2319 1 3 2319 1 4 4 0 31 2 144115188075856549 4 2320 2 3 216172782113784548 2320 2 4 216172782113785174 5 0 31 2 144115188075856549 17 2320 2 3 216172782113785025 2320 2 4 216172782113785178 5 0 31 2 144115188075856549 19 2320 2 3 216172782113785044 2320 2 4 216172782113785179 5 0 31 2 144115188075856549 5 2320 2 3 216172782113784553 2320 2 4 216172782113785175 5 0 31 2 144115188075856549 8 2320 2 3 216172782113784557 2320 2 4 216172782113785176 5 0 31 2 144115188075856549 12 2320 2 3 216172782113784591 2320 2 4 216172782113785183 5 0 31 2 144115188075856549 9 2320 2 3 216172782113784563 2320 2 4 216172782113785177 5 0 31 2 144115188075856549 13 2320 2 3 216172782113784595 2320 2 4 216172782113785184 5 0 31 2 144115188075856549 3 2320 2 4 216172782113785180 5 0 31 2 144115188075856549 6 2320 2 4 216172782113785181 5 0 31 2 144115188075856549 7 2320 2 4 216172782113785182 5 0 31 2 144115188075856549 16 2320 2 4 216172782113785186 5 0 31 2 144115188075856549 14 2320 2 4 216172782113785187 5 0 31 2 144115188075856549 18 2320 2 4 216172782113785185 3 0 4 0 2147485966 1 3 912 2 144115188075857217 3 921 2 144115188075857217 16777215 729 2 1 450 730 2 1 70 926 2 144115188075857217 1 729 2 1 1000 730 2 1 1000 925 2 144115188075857217 1 3 0 4 0 2147485966 1 4 910 2 1224979098644774914 216172782113785167 921 2 1224979098644774914 16777215 729 2 1 295 730 2 1 104 926 2 1224979098644774914 1 729 2 1 1000 730 2 1 1000 925 2 1224979098644774914 1 912 2 144115188075857554 216172782113785168 921 2 144115188075857554 16777215 729 2 1 375 730 2 1 104 926 2 144115188075857554 1 729 2 1 1000 730 2 1 1000 925 2 144115188075857554 1 910 2 1224979098644774914 216172782113785169 921 2 1224979098644774914 16777215 729 2 1 400 730 2 1 104 926 2 1224979098644774914 1 729 2 1 1000 730 2 1 1000 925 2 1224979098644774914 1 912 2 144115188075857555 216172782113785170 921 2 144115188075857555 16777215 729 2 1 415 730 2 1 104 926 2 144115188075857555 1 729 2 1 1000 730 2 1 1000 925 2 144115188075857555 1 912 2 144115188075857556 4 921 2 144115188075857556 16777215 729 2 1 480 730 2 1 104 926 2 144115188075857556 1 729 2 1 1000 730 2 1 1000 925 2 144115188075857556 1 3 0 3 0 2133 2 144115188075857351 -1 4 0 31 2 144115188075856549 8 2320 2 3 216172782113784559 912 2 144115188075857351 3 921 2 144115188075857351 16777215 729 2 1 300 730 2 1 70 926 2 144115188075857351 1 729 2 1 1000 730 2 1 1000 925 2 144115188075857351 1 3 0 911 2 72057594037927936 1 729 2 1 275 730 2 1 40 926 2 72057594037927936 1 729 2 1 1100 730 2 1 1150 925 2 72057594037927936 1 2133 2 1224979098644774915 0 2133 2 1224979098644774916 0 2133 2 1224979098644774917 0 2133 2 1224979098644774918 0 2133 2 1224979098644774919 0 2133 2 1224979098644774920 0 415 1 1224979098644774921 2133 2 1224979098644774922 250 17 2 1224979098644774913 144115188075857700 401 1 1224979098644774913 2133 2 1224979098644774923 0 4 0 2147483679 2 144115188075856549 4 2147483679 2 144115188075856549 17 2147483679 2 144115188075856549 19 2147483679 2 144115188075856549 5 2147483679 2 144115188075856549 12 2147483679 2 144115188075856549 15 2147483679 2 144115188075856549 16 2147483679 2 144115188075856549 14 2147483679 2 144115188075856549 13 2147483679 2 144115188075856549 18 2133 2 1224979098644774923 1 5 0 1073741855 2 144115188075856549 4 1073741855 2 144115188075856549 12 1073741855 2 144115188075856549 15 1073741855 2 144115188075856549 16 1073741855 2 144115188075856549 14 31 2 144115188075856549 13 406 2 1224979098644774924 1224979098644774913 1712 1 1224979098644774924 1702 1 1224979098644774924 2133 2 1224979098644774923 1 4 0 1073741855 2 144115188075856549 15 31 2 144115188075856549 16 31 2 1224979098644774913 1224979098644774921 2133 2 1224979098644774923 0 3 0 5 0 31 2 144115188075856549 18 406 2 1224979098644774924 1224979098644774913 1712 1 1224979098644774924 1702 1 1224979098644774924 2133 2 1224979098644774923 1 528 3 1224979098644774925 1224979098644774913 57 4 0 31 2 1224979098644774925 1 2105 2 1224979098644774915 1 5 0 2105 2 1224979098644774916 1 3 0 5 0 31 2 144115188075856549 5 406 2 1224979098644774924 1224979098644774913 1712 1 1224979098644774924 1702 1 1224979098644774924 2133 2 1224979098644774923 1 528 3 1224979098644774926 1224979098644774913 58 4 0 31 2 1224979098644774926 1 2105 2 1224979098644774917 1 5 0 2105 2 1224979098644774918 1 3 0 5 0 31 2 144115188075856549 19 406 2 1224979098644774924 1224979098644774913 3221227184 1 1224979098644774924 2147485350 1 1224979098644774924 402 2 1224979098644774927 1224979098644774913 2147483678 2 1224979098644774927 2 404 2 1224979098644774928 1224979098644774913 30 2 1224979098644774928 0 2133 2 1224979098644774923 1 5 0 31 2 144115188075856549 17 406 2 1224979098644774924 1224979098644774913 1712 1 1224979098644774924 2147485350 1 1224979098644774924 402 2 1224979098644774927 1224979098644774913 2147483678 2 1224979098644774927 2 404 2 1224979098644774928 1224979098644774913 30 2 1224979098644774928 0 2133 2 1224979098644774923 1 3 0 31 2 1224979098644774923 1 2120 3 1224979098644774929 1224979098644774913 282 4 0 500 3 5 1224979098644774929 1 402 2 1224979098644774927 1224979098644774913 4 0 1073741855 2 1224979098644774927 0 31 2 1224979098644774927 1 2105 2 1224979098644774919 1 5 0 31 2 1224979098644774927 2 2105 2 1224979098644774920 1 3 0 5 0 500 3 5 1224979098644774929 0 3 0 3 0 4 0 1073741856 2 144115188075856770 0 32 2 144115188075856771 0 2105 2 1224979098644774919 1 3 0 2120 3 1224979098644774930 1224979098644774919 1224979098644774920 2319 1 0 910 3 144115188075856534 0 131072 729 2 1 300 730 2 1 140 926 2 144115188075856534 1 729 2 1 346 730 2 1 530 929 2 144115188075856534 1 945 1 144115188075856534 2122 3 1224979098644774931 1224979098644774930 20 2105 2 1224979098644774931 80 4 0 32 2 1224979098644774920 0 2105 2 1224979098644774931 70 3 0 2133 2 144115188075856533 60 2133 2 1224979098644774932 1224979098644774931 2133 2 1224979098644774933 42 910 3 72057594037927936 216172782113784214 0 921 2 72057594037927936 16777215 729 2 1 1224979098644774933 730 2 1 1224979098644774932 926 2 72057594037927936 1 729 2 1 750 730 2 1 750 925 2 72057594037927936 1 910 3 72057594037927936 216172782113784215 16 921 2 72057594037927936 16777215 2120 3 1224979098644774934 1224979098644774933 179 729 2 1 1224979098644774934 730 2 1 1224979098644774932 926 2 72057594037927936 1 729 2 1 750 730 2 1 750 925 2 72057594037927936 1 910 3 72057594037927936 216172782113784216 16 921 2 72057594037927936 16777215 2120 3 1224979098644774934 1224979098644774933 233 729 2 1 1224979098644774934 730 2 1 1224979098644774932 926 2 72057594037927936 1 729 2 1 750 730 2 1 750 925 2 72057594037927936 1 910 3 72057594037927936 216172782113784217 16 921 2 72057594037927936 16777215 2120 3 1224979098644774934 1224979098644774933 282 729 2 1 1224979098644774934 730 2 1 1224979098644774932 926 2 72057594037927936 1 729 2 1 750 730 2 1 750 925 2 72057594037927936 1 911 2 72057594037927936 6 921 2 72057594037927936 16777215 922 2 72057594037927936 208 2120 3 1224979098644774934 1224979098644774933 0 729 2 1 1224979098644774934 2120 3 1224979098644774935 1224979098644774932 -10 730 2 1 1224979098644774935 926 2 72057594037927936 1 729 2 1 15250 730 2 1 50 925 2 72057594037927936 1 2106 2 1224979098644774932 35 2133 2 1224979098644774936 1224979098644774932 2133 2 1224979098644774937 1224979098644774932 4 0 32 2 1224979098644774915 0 2122 3 1224979098644774938 1224979098644774915 20 2106 2 1224979098644774937 1224979098644774938 5 0 32 2 1224979098644774917 0 2122 3 1224979098644774938 1224979098644774917 20 2106 2 1224979098644774937 1224979098644774938 3 0 2120 3 1224979098644774939 1224979098644774922 1 6 3 1224979098644774940 0 1224979098644774939 2133 2 1224979098644774941 -2147483648 2133 2 1224979098644774942 -1 6 3 1224979098644774913 1224979098644774912 1224979098644774922 401 1 1224979098644774913 2133 2 1224979098644774923 0 4 0 2147483679 2 144115188075856549 4 2147483679 2 144115188075856549 17 2147483679 2 144115188075856549 19 2147483679 2 144115188075856549 5 2147483679 2 144115188075856549 12 2147483679 2 144115188075856549 15 2147483679 2 144115188075856549 16 2147483679 2 144115188075856549 14 2147483679 2 144115188075856549 13 2147483679 2 144115188075856549 18 2133 2 1224979098644774923 1 5 0 1073741855 2 144115188075856549 4 1073741855 2 144115188075856549 5 1073741855 2 144115188075856549 12 1073741855 2 144115188075856549 15 1073741855 2 144115188075856549 16 1073741855 2 144115188075856549 14 1073741855 2 144115188075856549 18 31 2 144115188075856549 13 406 2 1224979098644774924 1224979098644774913 1712 1 1224979098644774924 1702 1 1224979098644774924 2133 2 1224979098644774923 1 4 0 1073741855 2 144115188075856549 15 31 2 144115188075856549 16 31 2 1224979098644774913 1224979098644774921 2133 2 1224979098644774923 0 3 0 5 0 31 2 144115188075856549 19 402 2 1224979098644774927 1224979098644774913 2147483678 2 1224979098644774927 2 404 2 1224979098644774928 1224979098644774913 30 2 1224979098644774928 0 406 2 1224979098644774924 1224979098644774913 3221227184 1 1224979098644774924 2147485350 1 1224979098644774924 2133 2 1224979098644774923 1 5 0 31 2 144115188075856549 17 406 2 1224979098644774924 1224979098644774913 1712 1 1224979098644774924 2147485350 1 1224979098644774924 2133 2 1224979098644774923 1 3 0 31 2 1224979098644774923 1 2120 3 1224979098644774929 1224979098644774913 282 540 3 5 1224979098644774929 1 433 2 1224979098644774943 1224979098644774913 435 2 1224979098644774944 1224979098644774913 2122 3 1224979098644774945 1224979098644774943 1000 2106 2 1224979098644774945 1224979098644774944 1073741856 2 1224979098644774945 1224979098644774941 31 2 1224979098644774945 -2147483648 2133 2 1224979098644774941 1224979098644774945 2133 2 1224979098644774942 1224979098644774913 3 0 4 0 30 2 1224979098644774942 0 2120 3 1224979098644774929 1224979098644774942 282 500 3 5 1224979098644774929 0 508 3 1224979098644774942 22 -1 2350 2 1 1224979098644774942 2133 2 1224979098644774946 0 4 0 31 2 144115188075856549 18 528 3 1224979098644774925 1224979098644774942 57 4 0 31 2 1224979098644774925 1 2133 2 1224979098644774947 4283684330 2133 2 1224979098644774932 1224979098644774936 5 0 2133 2 1224979098644774947 16777215 2133 2 1224979098644774932 1224979098644774937 2133 2 1224979098644774946 1 3 0 5 0 31 2 144115188075856549 5 528 3 1224979098644774926 1224979098644774942 58 4 0 31 2 1224979098644774926 1 2133 2 1224979098644774947 4283684330 2133 2 1224979098644774932 1224979098644774936 5 0 2133 2 1224979098644774947 16777215 2133 2 1224979098644774932 1224979098644774937 2133 2 1224979098644774946 1 3 0 5 0 402 2 1224979098644774948 1224979098644774942 4 0 31 2 1224979098644774948 0 2133 2 1224979098644774947 4281589009 5 0 31 2 1224979098644774948 1 2133 2 1224979098644774947 4294919202 5 0 2133 2 1224979098644774947 16777215 3 0 3 0 2121 3 1224979098644774949 1224979098644774933 25 918 3 1224979098644774950 4 5 729 2 1 1224979098644774949 730 2 1 1224979098644774932 926 2 1224979098644774950 1 927 2 1224979098644774950 0 912 3 1224979098644774951 216172782113784274 0 921 2 1224979098644774951 1224979098644774947 729 2 1 750 730 2 1 750 925 2 1224979098644774951 1 729 2 1 1224979098644774933 730 2 1 1224979098644774932 926 2 1224979098644774951 1 1 3 289 1224979098644774951 1224979098644774950 2133 2 1224979098644774952 72057594037927936 508 3 1224979098644774942 22 1224979098644774952 433 2 72057594037927936 1224979098644774942 910 3 72057594037927936 216172782113784185 8 921 2 72057594037927936 1224979098644774947 729 2 1 750 730 2 1 750 925 2 72057594037927936 1 2120 3 1224979098644774934 1224979098644774933 188 729 2 1 1224979098644774934 730 2 1 1224979098644774932 926 2 72057594037927936 1 435 2 72057594037927936 1224979098644774942 910 3 72057594037927936 216172782113784185 8 921 2 72057594037927936 1224979098644774947 729 2 1 750 730 2 1 750 925 2 72057594037927936 1 2120 3 1224979098644774934 1224979098644774933 238 729 2 1 1224979098644774934 730 2 1 1224979098644774932 926 2 72057594037927936 1 437 2 72057594037927936 1224979098644774942 910 3 72057594037927936 216172782113784185 8 921 2 72057594037927936 1224979098644774947 729 2 1 750 730 2 1 750 925 2 72057594037927936 1 2120 3 1224979098644774934 1224979098644774933 288 729 2 1 1224979098644774934 730 2 1 1224979098644774932 926 2 72057594037927936 1 2106 2 1224979098644774932 20 4 0 31 2 1224979098644774946 1 2133 2 1224979098644774937 1224979098644774932 5 0 2133 2 1224979098644774936 1224979098644774932 3 0 5 0 2133 2 1224979098644774939 0 3 0 3 0 902 1 999999 
-62.000000  112 2071 1 1224979098644774912 2133 2 1224979098644774913 250 4 0 31 2 144115188075857217 1224979098644774912 4 0 31 2 144115188075856549 4 390 3 50 1 1 5 0 31 2 144115188075856549 17 390 3 50 1 9 5 0 31 2 144115188075856549 19 390 3 50 1 11 5 0 31 2 144115188075856549 5 390 3 50 1 2 5 0 31 2 144115188075856549 8 390 3 50 1 3 5 0 31 2 144115188075856549 12 390 3 50 1 5 5 0 31 2 144115188075856549 9 390 3 50 1 4 5 0 31 2 144115188075856549 13 390 3 50 1 6 3 0 902 1 0 3 0 4 0 31 2 144115188075857351 1224979098644774912 390 3 50 1 7 902 1 0 3 0 4 0 31 2 144115188075857554 1224979098644774912 6 3 1224979098644774914 0 1224979098644774913 401 1 1224979098644774914 528 3 1224979098644774915 1224979098644774914 22 2147483679 2 1224979098644774915 -1 1 2 290 1224979098644774915 2133 2 1224979098644774916 72057594037927936 2133 2 1224979098644774917 72057594037927937 2133 2 1224979098644774918 72057594037927938 4 0 31 2 1224979098644774918 0 2107 2 1224979098644774915 -1 508 3 1224979098644774914 22 1224979098644774915 927 2 1224979098644774917 1 3 0 3 0 3 0 4 0 31 2 144115188075857555 1224979098644774912 6 3 1224979098644774914 0 1224979098644774913 401 1 1224979098644774914 528 3 1224979098644774915 1224979098644774914 22 2147483679 2 1224979098644774915 -1 1 2 290 1224979098644774915 2133 2 1224979098644774916 72057594037927936 2133 2 1224979098644774917 72057594037927937 2133 2 1224979098644774918 72057594037927938 4 0 31 2 1224979098644774918 1 2107 2 1224979098644774915 -1 508 3 1224979098644774914 22 1224979098644774915 927 2 1224979098644774917 0 3 0 3 0 3 0 4 0 31 2 144115188075857556 1224979098644774912 6 3 1224979098644774914 0 1224979098644774913 401 1 1224979098644774914 528 3 1224979098644774915 1224979098644774914 22 2147483679 2 1224979098644774915 -1 1 2 290 1224979098644774915 2133 2 1224979098644774916 72057594037927936 2133 2 1224979098644774917 72057594037927937 2133 2 1224979098644774918 72057594037927938 4 0 31 2 1224979098644774918 1 1 2 291 1224979098644774914 3 0 3 0 902 1 0 3 0 2133 2 1224979098644774919 1 4 0 417 0 2133 2 1224979098644774919 0 3 0 6 3 1224979098644774914 1224979098644774919 1224979098644774913 401 1 1224979098644774914 528 3 1224979098644774915 1224979098644774914 22 1 2 290 1224979098644774915 2133 2 1224979098644774916 72057594037927936 2133 2 1224979098644774917 72057594037927937 4 0 31 2 1224979098644774912 1224979098644774916 1 2 291 1224979098644774914 2133 2 1224979098644774913 0 902 1 0 5 0 31 2 1224979098644774912 1224979098644774917 2107 2 1224979098644774915 -1 508 3 1224979098644774914 22 1224979098644774915 2133 2 1224979098644774913 0 3 0 3 0 
-61.000000  6 2071 1 1224979098644774912 4 0 71 1 1 32 2 1224979098644774912 200 902 1 0 3 0 


prsnt_multiplayer_show_maps_list 2 0 3
-60.000000  44 2124 1 1000 911 2 72057594037927936 13 729 2 1 250 730 2 1 80 926 2 72057594037927936 1 729 2 1 1000 730 2 1 1000 925 2 72057594037927936 1 2319 1 0 910 3 144115188075856559 0 131072 729 2 1 285 730 2 1 125 926 2 144115188075856559 1 729 2 1 405 730 2 1 500 929 2 144115188075856559 1 945 1 144115188075856559 1 2 429 144115188075856367 2133 2 1224979098644774912 72057594037927936 2122 3 1224979098644774913 1224979098644774912 33 2105 2 1224979098644774913 10 910 3 72057594037927936 216172782113784265 0 921 2 72057594037927936 16777215 729 2 1 0 730 2 1 1224979098644774913 926 2 72057594037927936 1 2106 2 1224979098644774913 33 2133 2 1224979098644774914 -1 6 3 1224979098644774915 0 1224979098644774912 2120 3 1224979098644774916 1224979098644774915 0 520 3 1224979098644774917 5 1224979098644774916 2121 3 1224979098644774918 1224979098644774917 16 2105 2 1224979098644774918 216172782113783855 2320 2 0 1224979098644774918 912 3 1224979098644774914 0 0 921 2 1224979098644774914 16777215 729 2 1 100 730 2 1 1224979098644774913 926 2 1224979098644774914 1 2106 2 1224979098644774913 33 3 0 2120 3 144115188075856560 1224979098644774914 1 2121 3 144115188075856561 144115188075856560 1224979098644774912 902 1 999999 
-62.000000  25 2071 1 1224979098644774912 6 3 1224979098644774913 144115188075856561 144115188075856560 31 2 1224979098644774912 1224979098644774913 1 2 429 144115188075856367 2121 3 1224979098644774914 1224979098644774912 144115188075856561 2105 2 1224979098644774914 0 520 3 1224979098644774915 5 1224979098644774914 902 1 0 4 0 31 2 144115188075856556 1 4 0 415 1 1224979098644774916 30 2 1224979098644774916 0 390 3 6 0 1224979098644774915 2370 1 1224979098644774917 2105 2 1224979098644774917 900 508 3 1224979098644774916 26 1224979098644774917 3 0 5 0 2133 2 144115188075856562 1 2133 2 144115188075856563 1224979098644774915 900 1 31 3 0 2133 2 144115188075856560 0 3 0 
-61.000000  6 2071 1 1224979098644774912 4 0 71 1 1 32 2 1224979098644774912 200 902 1 0 3 0 


prsnt_multiplayer_show_factions_list 2 0 3
-60.000000  46 2124 1 1000 911 2 72057594037927936 13 729 2 1 250 730 2 1 80 926 2 72057594037927936 1 729 2 1 1000 730 2 1 1000 925 2 72057594037927936 1 2319 1 0 910 3 144115188075856564 0 131072 729 2 1 285 730 2 1 125 926 2 144115188075856564 1 729 2 1 405 730 2 1 500 929 2 144115188075856564 1 945 1 144115188075856564 2121 3 1224979098644774912 15 6 4 0 31 2 144115188075856562 2 2106 2 1224979098644774912 1 3 0 2122 3 1224979098644774913 1224979098644774912 33 2105 2 1224979098644774913 10 2133 2 72057594037927936 144115188075856562 910 3 72057594037927936 216172782113784266 0 921 2 72057594037927936 16777215 729 2 1 0 730 2 1 1224979098644774913 926 2 72057594037927936 1 2106 2 1224979098644774913 33 2133 2 1224979098644774914 -1 6 3 1224979098644774915 6 15 1073741855 2 144115188075856562 1 2147483679 2 144115188075856567 1224979098644774915 2335 2 0 1224979098644774915 912 3 1224979098644774914 0 0 921 2 1224979098644774914 16777215 729 2 1 100 730 2 1 1224979098644774913 926 2 1224979098644774914 1 2106 2 1224979098644774913 33 3 0 2120 3 144115188075856565 1224979098644774914 1 2121 3 144115188075856566 144115188075856565 1224979098644774912 902 1 999999 
-62.000000  27 2071 1 1224979098644774912 6 3 1224979098644774913 144115188075856566 144115188075856565 31 2 1224979098644774912 1224979098644774913 2121 3 1224979098644774914 1224979098644774912 144115188075856566 2105 2 1224979098644774914 6 902 1 0 4 0 31 2 144115188075856562 2 4 0 30 2 1224979098644774914 144115188075856567 2105 2 1224979098644774914 1 3 0 4 0 415 1 1224979098644774915 30 2 1224979098644774915 0 392 5 6 3 144115188075856563 144115188075856567 1224979098644774914 2370 1 1224979098644774916 2105 2 1224979098644774916 900 508 3 1224979098644774915 26 1224979098644774916 3 0 5 0 2133 2 144115188075856562 2 2133 2 144115188075856567 1224979098644774914 900 1 31 3 0 2133 2 144115188075856565 0 3 0 
-61.000000  6 2071 1 1224979098644774912 4 0 71 1 1 32 2 1224979098644774912 200 902 1 0 3 0 


prsnt_multiplayer_show_number_of_bots_list 2 0 3
-60.000000  53 2124 1 1000 911 2 72057594037927936 13 729 2 1 250 730 2 1 80 926 2 72057594037927936 1 729 2 1 1000 730 2 1 1000 925 2 72057594037927936 1 2319 1 0 910 3 144115188075856568 0 131072 729 2 1 285 730 2 1 125 926 2 144115188075856568 1 729 2 1 405 730 2 1 500 929 2 144115188075856568 1 945 1 144115188075856568 2133 2 1224979098644774912 0 2120 3 1224979098644774913 144115188075856773 1 6 3 1224979098644774914 0 1224979098644774913 2133 2 1224979098644774915 1224979098644774914 2109 2 1224979098644774915 5 3221225502 2 1224979098644774914 10 31 2 1224979098644774915 0 2105 2 1224979098644774912 1 3 0 2122 3 1224979098644774916 1224979098644774912 33 2105 2 1224979098644774916 10 2133 2 72057594037927936 144115188075856557 910 3 72057594037927936 216172782113784267 0 921 2 72057594037927936 16777215 729 2 1 0 730 2 1 1224979098644774916 926 2 72057594037927936 1 2106 2 1224979098644774916 33 2133 2 1224979098644774917 -1 6 3 1224979098644774914 0 1224979098644774913 2133 2 1224979098644774915 1224979098644774914 2109 2 1224979098644774915 5 3221225502 2 1224979098644774914 10 31 2 1224979098644774915 0 2133 2 72057594037927936 1224979098644774914 2320 2 0 216172782113784185 912 3 1224979098644774917 0 0 921 2 1224979098644774917 16777215 729 2 1 100 730 2 1 1224979098644774916 926 2 1224979098644774917 1 2106 2 1224979098644774916 33 3 0 2120 3 144115188075856569 1224979098644774917 1 2121 3 144115188075856570 144115188075856569 1224979098644774912 902 1 999999 
-62.000000  29 2071 1 1224979098644774912 6 3 1224979098644774913 144115188075856570 144115188075856569 31 2 1224979098644774912 1224979098644774913 2121 3 1224979098644774914 1224979098644774912 144115188075856570 4 0 2147483678 2 1224979098644774914 10 2133 2 1224979098644774915 1224979098644774914 5 0 2121 3 1224979098644774915 1224979098644774914 8 2107 2 1224979098644774915 5 3 0 902 1 0 4 0 31 2 144115188075856557 2 4 0 415 1 1224979098644774916 30 2 1224979098644774916 0 391 4 6 4 144115188075856571 1224979098644774915 2370 1 1224979098644774917 2105 2 1224979098644774917 900 508 3 1224979098644774916 26 1224979098644774917 3 0 5 0 2133 2 144115188075856557 2 2133 2 144115188075856571 1224979098644774915 900 1 32 3 0 2133 2 144115188075856569 0 3 0 
-61.000000  6 2071 1 1224979098644774912 4 0 71 1 1 32 2 1224979098644774912 200 902 1 0 3 0 


prsnt_multiplayer_poll 3 0 2
-60.000000  70 2124 1 1000 911 2 72057594037927936 6 921 2 72057594037927936 0 922 2 72057594037927936 68 729 2 1 50 730 2 1 50 926 2 72057594037927936 1 729 2 1 37500 730 2 1 4500 925 2 72057594037927936 1 4 0 31 2 144115188075856804 0 2121 3 1224979098644774912 144115188075856805 16 2105 2 1224979098644774912 216172782113783855 2320 2 0 1224979098644774912 910 3 72057594037927936 216172782113784127 16 5 0 31 2 144115188075856804 1 2350 2 0 144115188075856805 910 3 72057594037927936 216172782113784125 16 5 0 31 2 144115188075856804 2 2350 2 0 144115188075856805 910 3 72057594037927936 216172782113784126 16 5 0 31 2 144115188075856804 3 2121 3 1224979098644774912 144115188075856805 16 2105 2 1224979098644774912 216172782113783855 2320 2 0 1224979098644774912 2335 2 1 144115188075856806 2335 2 2 144115188075856807 910 3 72057594037927936 216172782113784128 131088 5 0 31 2 144115188075856804 4 2133 2 72057594037927936 144115188075856805 2133 2 72057594037927937 144115188075856806 2335 2 0 144115188075856768 2335 2 1 144115188075856769 910 3 72057594037927936 216172782113784129 131088 5 0 31 2 144115188075856804 5 910 3 72057594037927936 216172782113784130 131088 3 0 921 2 72057594037927936 16777215 4 0 2147483679 2 144115188075856804 3 2147483679 2 144115188075856804 4 2147483679 2 144115188075856804 5 729 2 1 400 730 2 1 100 926 2 72057594037927936 1 5 0 729 2 1 50 730 2 1 70 926 2 72057594037927936 1 729 2 1 750 730 2 1 60 929 2 72057594037927936 1 3 0 2370 1 1224979098644774913 2121 3 144115188075856572 144115188075856809 1224979098644774913 2133 2 72057594037927936 144115188075856572 910 3 144115188075856573 216172782113784131 32776 921 2 144115188075856573 16777215 729 2 1 790 730 2 1 60 926 2 144115188075856573 1 77 1 2 77 1 3 902 1 999999 
-61.000000  29 2071 1 1224979098644774912 4 0 1073741895 1 1 71 1 3 32 2 1224979098644774912 500 389 2 7 0 78 0 902 1 0 5 0 71 1 2 32 2 1224979098644774912 500 389 2 7 1 78 0 902 1 0 3 0 2370 1 1224979098644774913 2121 3 1224979098644774914 144115188075856809 1224979098644774913 4 0 2147483679 2 1224979098644774914 144115188075856572 4 0 2147483678 2 1224979098644774914 0 78 0 902 1 0 5 0 2133 2 144115188075856572 1224979098644774914 2133 2 72057594037927936 144115188075856572 920 2 144115188075856573 216172782113784131 3 0 3 0 


prsnt_tutorial_show_mouse_movement 3 0 2
-60.000000  1 902 1 0 
-61.000000  0 


prsnt_battle 0 0 4
-60.000000  566 2124 1 1000 2133 2 144115188075856626 0 2133 2 144115188075856627 0 2133 2 144115188075856628 0 2133 2 144115188075856629 0 2133 2 144115188075856630 0 2133 2 144115188075856631 0 2133 2 144115188075856632 0 2133 2 144115188075856633 0 2133 2 144115188075856634 0 2133 2 144115188075856645 -1 2133 2 144115188075856651 -1 2133 2 144115188075856657 -1 2133 2 144115188075856663 -1 2133 2 144115188075856669 -1 2133 2 144115188075856675 -1 2133 2 144115188075856681 -1 2133 2 144115188075856687 -1 2133 2 144115188075856693 -1 2319 1 7 12 1 1224979098644774912 505 3 1224979098644774912 22 0 3 0 1700 1 1224979098644774913 1718 2 1224979098644774914 1224979098644774913 730 2 1 700 910 3 72057594037927937 1585267068834414597 98320 921 2 72057594037927937 4289374890 729 2 1 270 926 2 72057594037927937 1 910 3 72057594037927937 1585267068834414598 98320 921 2 72057594037927937 4289374890 729 2 1 410 926 2 72057594037927937 1 910 3 72057594037927937 1585267068834414599 98320 921 2 72057594037927937 4289374890 729 2 1 550 926 2 72057594037927937 1 2133 2 144115188075856635 0 2133 2 144115188075856636 0 2133 2 144115188075856637 0 2133 2 144115188075856638 0 2133 2 144115188075856639 0 2133 2 144115188075856640 0 2133 2 144115188075856641 0 2133 2 144115188075856642 0 2133 2 144115188075856643 0 1650 2 1224979098644774915 0 2133 2 144115188075856644 0 6 3 1224979098644774916 0 1224979098644774915 1652 3 1224979098644774917 0 1224979098644774916 1516 2 1224979098644774918 1224979098644774917 2147483679 2 1224979098644774914 1224979098644774917 4 0 31 2 1224979098644774918 0 4 0 2147483679 2 144115188075856635 1 2105 2 144115188075856644 1 3 0 2133 2 144115188075856635 1 5 0 31 2 1224979098644774918 1 4 0 2147483679 2 144115188075856636 1 2105 2 144115188075856644 1 3 0 2133 2 144115188075856636 1 5 0 31 2 1224979098644774918 2 4 0 2147483679 2 144115188075856637 1 2105 2 144115188075856644 1 3 0 2133 2 144115188075856637 1 5 0 31 2 1224979098644774918 3 4 0 2147483679 2 144115188075856638 1 2105 2 144115188075856644 1 3 0 2133 2 144115188075856638 1 5 0 31 2 1224979098644774918 4 4 0 2147483679 2 144115188075856639 1 2105 2 144115188075856644 1 3 0 2133 2 144115188075856639 1 5 0 31 2 1224979098644774918 5 4 0 2147483679 2 144115188075856640 1 2105 2 144115188075856644 1 3 0 2133 2 144115188075856640 1 5 0 31 2 1224979098644774918 6 4 0 2147483679 2 144115188075856641 1 2105 2 144115188075856644 1 3 0 2133 2 144115188075856641 1 5 0 31 2 1224979098644774918 7 4 0 2147483679 2 144115188075856642 1 2105 2 144115188075856644 1 3 0 2133 2 144115188075856642 1 5 0 31 2 1224979098644774918 8 4 0 2147483679 2 144115188075856643 1 2105 2 144115188075856644 1 3 0 2133 2 144115188075856643 1 3 0 3 0 2133 2 1224979098644774919 0 2133 2 1224979098644774920 653 2133 2 1224979098644774921 20 2133 2 1224979098644774922 662 2133 2 1224979098644774923 50 2133 2 1224979098644774924 660 4 0 31 2 144115188075856635 1 913 3 144115188075856645 6 6 729 2 1 1224979098644774919 730 2 1 1224979098644774920 926 2 144115188075856645 1 2105 2 1224979098644774920 -40 729 2 1 32500 730 2 1 2000 925 2 144115188075856645 1 922 2 144115188075856645 0 921 2 144115188075856645 16776960 918 3 144115188075856646 4 5 729 2 2 1224979098644774921 730 2 2 1224979098644774922 926 2 144115188075856646 2 2105 2 1224979098644774922 -40 910 3 144115188075856647 7 0 729 2 3 1224979098644774923 730 2 3 1224979098644774924 926 2 144115188075856647 3 2105 2 1224979098644774924 -40 910 3 144115188075856648 7 16 910 3 144115188075856649 7 16 910 3 144115188075856650 7 16 3 0 4 0 31 2 144115188075856636 1 913 3 144115188075856651 6 6 729 2 1 1224979098644774919 730 2 1 1224979098644774920 926 2 144115188075856651 1 2105 2 1224979098644774920 -40 729 2 1 32500 730 2 1 2000 925 2 144115188075856651 1 922 2 144115188075856651 0 921 2 144115188075856651 16776960 918 3 144115188075856652 4 5 729 2 2 1224979098644774921 730 2 2 1224979098644774922 926 2 144115188075856652 2 2105 2 1224979098644774922 -40 910 3 144115188075856653 7 0 729 2 3 1224979098644774923 730 2 3 1224979098644774924 926 2 144115188075856653 3 2105 2 1224979098644774924 -40 910 3 144115188075856654 7 16 910 3 144115188075856655 7 16 910 3 144115188075856656 7 16 3 0 4 0 31 2 144115188075856637 1 913 3 144115188075856657 6 6 729 2 1 1224979098644774919 730 2 1 1224979098644774920 926 2 144115188075856657 1 2105 2 1224979098644774920 -40 729 2 1 32500 730 2 1 2000 925 2 144115188075856657 1 922 2 144115188075856657 0 921 2 144115188075856657 16776960 918 3 144115188075856658 4 5 729 2 2 1224979098644774921 730 2 2 1224979098644774922 926 2 144115188075856658 2 2105 2 1224979098644774922 -40 910 3 144115188075856659 7 0 729 2 3 1224979098644774923 730 2 3 1224979098644774924 926 2 144115188075856659 3 2105 2 1224979098644774924 -40 910 3 144115188075856660 7 16 910 3 144115188075856661 7 16 910 3 144115188075856662 7 16 3 0 4 0 31 2 144115188075856638 1 913 3 144115188075856663 6 6 729 2 1 1224979098644774919 730 2 1 1224979098644774920 926 2 144115188075856663 1 2105 2 1224979098644774920 -40 729 2 1 32500 730 2 1 2000 925 2 144115188075856663 1 922 2 144115188075856663 0 921 2 144115188075856663 16776960 918 3 144115188075856664 4 5 729 2 2 1224979098644774921 730 2 2 1224979098644774922 926 2 144115188075856664 2 2105 2 1224979098644774922 -40 910 3 144115188075856665 7 0 729 2 3 1224979098644774923 730 2 3 1224979098644774924 926 2 144115188075856665 3 2105 2 1224979098644774924 -40 910 3 144115188075856666 7 16 910 3 144115188075856667 7 16 910 3 144115188075856668 7 16 3 0 4 0 31 2 144115188075856639 1 913 3 144115188075856669 6 6 729 2 1 1224979098644774919 730 2 1 1224979098644774920 926 2 144115188075856669 1 2105 2 1224979098644774920 -40 729 2 1 32500 730 2 1 2000 925 2 144115188075856669 1 922 2 144115188075856669 0 921 2 144115188075856669 16776960 918 3 144115188075856670 4 5 729 2 2 1224979098644774921 730 2 2 1224979098644774922 926 2 144115188075856670 2 2105 2 1224979098644774922 -40 910 3 144115188075856671 7 0 729 2 3 1224979098644774923 730 2 3 1224979098644774924 926 2 144115188075856671 3 2105 2 1224979098644774924 -40 910 3 144115188075856672 7 16 910 3 144115188075856673 7 16 910 3 144115188075856674 7 16 3 0 4 0 31 2 144115188075856640 1 913 3 144115188075856675 6 6 729 2 1 1224979098644774919 730 2 1 1224979098644774920 926 2 144115188075856675 1 2105 2 1224979098644774920 -40 729 2 1 32500 730 2 1 2000 925 2 144115188075856675 1 922 2 144115188075856675 0 921 2 144115188075856675 16776960 918 3 144115188075856676 4 5 729 2 2 1224979098644774921 730 2 2 1224979098644774922 926 2 144115188075856676 2 2105 2 1224979098644774922 -40 910 3 144115188075856677 7 0 729 2 3 1224979098644774923 730 2 3 1224979098644774924 926 2 144115188075856677 3 2105 2 1224979098644774924 -40 910 3 144115188075856678 7 16 910 3 144115188075856679 7 16 910 3 144115188075856680 7 16 3 0 4 0 31 2 144115188075856641 1 913 3 144115188075856681 6 6 729 2 1 1224979098644774919 730 2 1 1224979098644774920 926 2 144115188075856681 1 2105 2 1224979098644774920 -40 729 2 1 32500 730 2 1 2000 925 2 144115188075856681 1 922 2 144115188075856681 0 921 2 144115188075856681 16776960 918 3 144115188075856682 4 5 729 2 2 1224979098644774921 730 2 2 1224979098644774922 926 2 144115188075856682 2 2105 2 1224979098644774922 -40 910 3 144115188075856683 7 0 729 2 3 1224979098644774923 730 2 3 1224979098644774924 926 2 144115188075856683 3 2105 2 1224979098644774924 -40 910 3 144115188075856684 7 16 910 3 144115188075856685 7 16 910 3 144115188075856686 7 16 3 0 4 0 31 2 144115188075856642 1 913 3 144115188075856687 6 6 729 2 1 1224979098644774919 730 2 1 1224979098644774920 926 2 144115188075856687 1 2105 2 1224979098644774920 -40 729 2 1 32500 730 2 1 2000 925 2 144115188075856687 1 922 2 144115188075856687 0 921 2 144115188075856687 16776960 918 3 144115188075856688 4 5 729 2 2 1224979098644774921 730 2 2 1224979098644774922 926 2 144115188075856688 2 2105 2 1224979098644774922 -40 910 3 144115188075856689 7 0 729 2 3 1224979098644774923 730 2 3 1224979098644774924 926 2 144115188075856689 3 2105 2 1224979098644774924 -40 910 3 144115188075856690 7 16 910 3 144115188075856691 7 16 910 3 144115188075856692 7 16 3 0 4 0 31 2 144115188075856643 1 913 3 144115188075856693 6 6 729 2 1 1224979098644774919 730 2 1 1224979098644774920 926 2 144115188075856693 1 2105 2 1224979098644774920 -40 729 2 1 32500 730 2 1 2000 925 2 144115188075856693 1 922 2 144115188075856693 0 921 2 144115188075856693 16776960 918 3 144115188075856694 4 5 729 2 2 1224979098644774921 730 2 2 1224979098644774922 926 2 144115188075856694 2 2105 2 1224979098644774922 -40 910 3 144115188075856695 7 0 729 2 3 1224979098644774923 730 2 3 1224979098644774924 926 2 144115188075856695 3 2105 2 1224979098644774924 -40 910 3 144115188075856696 7 16 910 3 144115188075856697 7 16 910 3 144115188075856698 7 16 3 0 1700 1 1224979098644774913 1770 2 1224979098644774925 1224979098644774913 1 2 132 1224979098644774925 2133 2 1224979098644774926 640 2133 2 1224979098644774927 144115188075856644 2107 2 1224979098644774927 -40 2105 2 1224979098644774926 1224979098644774927 943 3 144115188075856699 216172782113784275 0 943 3 144115188075856700 216172782113784275 0 943 3 144115188075856701 216172782113784275 0 943 3 144115188075856702 216172782113784275 0 931 2 144115188075856699 1585267068834414600 931 2 144115188075856699 1585267068834414601 931 2 144115188075856699 1585267068834414602 931 2 144115188075856699 1585267068834414603 912 3 144115188075856703 1585267068834414604 98320 921 2 144115188075856703 4294967295 912 3 144115188075856704 1585267068834414605 98320 921 2 144115188075856704 4294967295 912 3 144115188075856705 1585267068834414606 98320 921 2 144115188075856705 4294967295 912 3 144115188075856706 1585267068834414607 98320 921 2 144115188075856706 4294967295 729 2 1 600 730 2 1 600 925 2 144115188075856699 1 2105 2 1224979098644774926 -35 729 2 1 205 730 2 1 1224979098644774926 2105 2 1224979098644774926 35 926 2 144115188075856699 1 922 2 144115188075856699 96 927 2 144115188075856699 144115188075856293 2105 2 1224979098644774926 -40 729 2 1 130 730 2 1 1224979098644774926 2105 2 1224979098644774926 40 926 2 144115188075856703 1 2105 2 1224979098644774926 -20 729 2 1 130 730 2 1 1224979098644774926 2105 2 1224979098644774926 20 926 2 144115188075856704 1 2105 2 1224979098644774926 0 729 2 1 130 730 2 1 1224979098644774926 2105 2 1224979098644774926 0 926 2 144115188075856705 1 2105 2 1224979098644774926 20 729 2 1 130 730 2 1 1224979098644774926 2105 2 1224979098644774926 -20 926 2 144115188075856706 1 931 2 144115188075856700 1585267068834414608 931 2 144115188075856700 1585267068834414598 729 2 1 600 730 2 1 600 925 2 144115188075856700 1 729 2 1 350 730 2 1 1224979098644774926 926 2 144115188075856700 1 922 2 144115188075856700 96 927 2 144115188075856700 144115188075856294 931 2 144115188075856701 1585267068834414609 931 2 144115188075856701 1585267068834414610 729 2 1 600 730 2 1 600 925 2 144115188075856701 1 729 2 1 495 730 2 1 1224979098644774926 926 2 144115188075856701 1 922 2 144115188075856701 96 927 2 144115188075856701 144115188075856295 931 2 144115188075856702 1585267068834414611 931 2 144115188075856702 1585267068834414612 729 2 1 600 730 2 1 600 925 2 144115188075856702 1 2105 2 1224979098644774926 -35 729 2 1 495 730 2 1 1224979098644774926 2105 2 1224979098644774926 35 926 2 144115188075856702 1 922 2 144115188075856702 96 927 2 144115188075856702 144115188075856296 910 3 144115188075856707 216172782113784276 0 910 3 144115188075856708 216172782113784277 0 910 3 144115188075856709 216172782113784278 0 910 3 144115188075856710 1585267068834414613 16 910 3 144115188075856711 1585267068834414614 16 910 3 144115188075856712 216172782113784279 16 910 3 144115188075856713 1585267068834414615 16 910 3 144115188075856714 7 16 910 3 144115188075856715 7 16 910 3 144115188075856716 7 16 910 3 144115188075856717 7 16 910 3 144115188075856718 7 16 910 3 144115188075856719 7 16 910 3 144115188075856720 7 16 910 3 144115188075856721 7 16 910 3 144115188075856722 7 16 910 3 144115188075856723 7 16 910 3 144115188075856724 7 16 910 3 144115188075856725 7 16 913 3 144115188075856726 6 6 921 2 144115188075856726 0 729 2 1 15500 730 2 1 6000 925 2 144115188075856726 1 729 2 1 672 730 2 1 275 926 2 144115188075856726 1 922 2 144115188075856726 68 921 2 144115188075856726 1140411 729 2 1 750 730 2 1 750 925 2 144115188075856703 1 925 2 144115188075856704 1 925 2 144115188075856705 1 925 2 144115188075856706 1 925 2 144115188075856707 1 925 2 144115188075856708 1 925 2 144115188075856709 1 925 2 144115188075856710 1 925 2 144115188075856711 1 925 2 144115188075856713 1 925 2 144115188075856712 1 925 2 144115188075856714 1 925 2 144115188075856715 1 925 2 144115188075856716 1 925 2 144115188075856717 1 925 2 144115188075856718 1 925 2 144115188075856719 1 925 2 144115188075856720 1 925 2 144115188075856721 1 925 2 144115188075856722 1 925 2 144115188075856723 1 925 2 144115188075856724 1 925 2 144115188075856725 1 2133 2 1224979098644774919 675 2133 2 1224979098644774920 280 2105 2 1224979098644774919 70 2105 2 1224979098644774920 90 729 2 1 1224979098644774919 730 2 1 1224979098644774920 926 2 144115188075856710 1 2105 2 1224979098644774919 70 729 2 1 1224979098644774919 926 2 144115188075856711 1 2105 2 1224979098644774919 70 729 2 1 1224979098644774919 926 2 144115188075856712 1 2105 2 1224979098644774919 70 729 2 1 1224979098644774919 926 2 144115188075856713 1 2105 2 1224979098644774919 -280 2105 2 1224979098644774920 -30 729 2 1 1224979098644774919 730 2 1 1224979098644774920 926 2 144115188075856707 1 2105 2 1224979098644774920 -30 730 2 1 1224979098644774920 926 2 144115188075856708 1 2105 2 1224979098644774920 -30 730 2 1 1224979098644774920 926 2 144115188075856709 1 1799 2 2 3 717 3 4 2 3 2124 1 1000 726 2 1224979098644774928 4 727 2 1224979098644774929 4 2124 1 1000 2123 3 1224979098644774930 1224979098644774929 100 2123 3 1224979098644774930 1224979098644774928 1224979098644774930 4 0 32 2 1224979098644774930 100 2133 2 144115188075856727 300 2123 3 144115188075856728 1224979098644774928 144115188075856727 2123 3 144115188075856729 1224979098644774929 144115188075856728 5 0 2133 2 144115188075856729 300 2123 3 144115188075856728 1224979098644774929 144115188075856729 2123 3 144115188075856727 1224979098644774928 144115188075856728 3 0 913 3 144115188075856730 6 6 921 2 144115188075856730 0 2120 3 1224979098644774931 144115188075856727 20 2120 3 1224979098644774932 144115188075856729 20 2122 3 1224979098644774933 1224979098644774931 50 2122 3 1224979098644774934 1224979098644774932 50 729 2 1 1224979098644774933 730 2 1 1224979098644774934 925 2 144115188075856730 1 2121 3 1224979098644774935 990 1224979098644774931 2121 3 1224979098644774936 740 1224979098644774932 729 2 1 1224979098644774935 730 2 1 1224979098644774936 926 2 144115188075856730 1 922 2 144115188075856730 68 911 2 144115188075856731 9 911 2 144115188075856732 10 911 2 144115188075856733 11 922 2 144115188075856731 0 922 2 144115188075856732 0 922 2 144115188075856733 0 1 1 136 1 1 137 902 1 999999 
-62.000000  783 2071 1 1224979098644774912 2072 1 1224979098644774913 1700 1 1224979098644774914 1770 2 1224979098644774915 1224979098644774914 2133 2 1224979098644774916 0 4 0 31 2 144115188075856635 1 31 2 1224979098644774912 144115188075856646 2133 2 1224979098644774916 1 2133 2 144115188075856626 1224979098644774913 4 0 31 2 1224979098644774913 1 933 3 144115188075856645 250 68 5 0 933 3 144115188075856645 250 0 3 0 5 0 31 2 144115188075856636 1 31 2 1224979098644774912 144115188075856652 2133 2 1224979098644774916 1 2133 2 144115188075856627 1224979098644774913 4 0 31 2 1224979098644774913 1 933 3 144115188075856651 250 68 5 0 933 3 144115188075856651 250 0 3 0 5 0 31 2 144115188075856637 1 31 2 1224979098644774912 144115188075856658 2133 2 1224979098644774916 1 2133 2 144115188075856628 1224979098644774913 4 0 31 2 1224979098644774913 1 933 3 144115188075856657 250 68 5 0 933 3 144115188075856657 250 0 3 0 5 0 31 2 144115188075856638 1 31 2 1224979098644774912 144115188075856664 2133 2 1224979098644774916 1 2133 2 144115188075856629 1224979098644774913 4 0 31 2 1224979098644774913 1 933 3 144115188075856663 250 68 5 0 933 3 144115188075856663 250 0 3 0 5 0 31 2 144115188075856639 1 31 2 1224979098644774912 144115188075856670 2133 2 1224979098644774916 1 2133 2 144115188075856630 1224979098644774913 4 0 31 2 1224979098644774913 1 933 3 144115188075856669 250 68 5 0 933 3 144115188075856669 250 0 3 0 5 0 31 2 144115188075856640 1 31 2 1224979098644774912 144115188075856676 2133 2 1224979098644774916 1 2133 2 144115188075856631 1224979098644774913 4 0 31 2 1224979098644774913 1 933 3 144115188075856675 250 68 5 0 933 3 144115188075856675 250 0 3 0 5 0 31 2 144115188075856641 1 31 2 1224979098644774912 144115188075856682 2133 2 1224979098644774916 1 2133 2 144115188075856632 1224979098644774913 4 0 31 2 1224979098644774913 1 933 3 144115188075856681 250 68 5 0 933 3 144115188075856681 250 0 3 0 5 0 31 2 144115188075856642 1 31 2 1224979098644774912 144115188075856688 2133 2 1224979098644774916 1 2133 2 144115188075856633 1224979098644774913 4 0 31 2 1224979098644774913 1 933 3 144115188075856687 250 68 5 0 933 3 144115188075856687 250 0 3 0 5 0 31 2 144115188075856643 1 31 2 1224979098644774912 144115188075856694 2133 2 1224979098644774916 1 2133 2 144115188075856634 1224979098644774913 4 0 31 2 1224979098644774913 1 933 3 144115188075856693 250 68 5 0 933 3 144115188075856693 250 0 3 0 5 0 31 2 1224979098644774912 144115188075856645 2133 2 1224979098644774916 1 2133 2 144115188075856626 1 933 3 144115188075856645 250 68 927 2 144115188075856646 1 4 0 31 2 144115188075856636 1 2133 2 144115188075856627 0 927 2 144115188075856652 0 933 3 144115188075856651 250 0 3 0 4 0 31 2 144115188075856637 1 2133 2 144115188075856628 0 927 2 144115188075856658 0 933 3 144115188075856657 250 0 3 0 4 0 31 2 144115188075856638 1 2133 2 144115188075856629 0 927 2 144115188075856664 0 933 3 144115188075856663 250 0 3 0 4 0 31 2 144115188075856639 1 2133 2 144115188075856630 0 927 2 144115188075856670 0 933 3 144115188075856669 250 0 3 0 4 0 31 2 144115188075856640 1 2133 2 144115188075856631 0 927 2 144115188075856676 0 933 3 144115188075856675 250 0 3 0 4 0 31 2 144115188075856641 1 2133 2 144115188075856632 0 927 2 144115188075856682 0 933 3 144115188075856681 250 0 3 0 4 0 31 2 144115188075856642 1 2133 2 144115188075856633 0 927 2 144115188075856688 0 933 3 144115188075856687 250 0 3 0 4 0 31 2 144115188075856643 1 2133 2 144115188075856634 0 927 2 144115188075856694 0 933 3 144115188075856693 250 0 3 0 5 0 31 2 1224979098644774912 144115188075856651 2133 2 1224979098644774916 1 2133 2 144115188075856627 1 933 3 144115188075856651 250 68 927 2 144115188075856652 1 4 0 31 2 144115188075856635 1 2133 2 144115188075856626 0 927 2 144115188075856646 0 933 3 144115188075856645 250 0 3 0 4 0 31 2 144115188075856637 1 2133 2 144115188075856628 0 927 2 144115188075856658 0 933 3 144115188075856657 250 0 3 0 4 0 31 2 144115188075856638 1 2133 2 144115188075856629 0 927 2 144115188075856664 0 933 3 144115188075856663 250 0 3 0 4 0 31 2 144115188075856639 1 2133 2 144115188075856630 0 927 2 144115188075856670 0 933 3 144115188075856669 250 0 3 0 4 0 31 2 144115188075856640 1 2133 2 144115188075856631 0 927 2 144115188075856676 0 933 3 144115188075856675 250 0 3 0 4 0 31 2 144115188075856641 1 2133 2 144115188075856632 0 927 2 144115188075856682 0 933 3 144115188075856681 250 0 3 0 4 0 31 2 144115188075856642 1 2133 2 144115188075856633 0 927 2 144115188075856688 0 933 3 144115188075856687 250 0 3 0 4 0 31 2 144115188075856643 1 2133 2 144115188075856634 0 927 2 144115188075856694 0 933 3 144115188075856693 250 0 3 0 5 0 31 2 1224979098644774912 144115188075856657 2133 2 1224979098644774916 1 2133 2 144115188075856628 1 933 3 144115188075856657 250 68 927 2 144115188075856658 1 4 0 31 2 144115188075856635 1 2133 2 144115188075856626 0 927 2 144115188075856646 0 933 3 144115188075856645 250 0 3 0 4 0 31 2 144115188075856636 1 2133 2 144115188075856627 0 927 2 144115188075856652 0 933 3 144115188075856651 250 0 3 0 4 0 31 2 144115188075856638 1 2133 2 144115188075856629 0 927 2 144115188075856664 0 933 3 144115188075856663 250 0 3 0 4 0 31 2 144115188075856639 1 2133 2 144115188075856630 0 927 2 144115188075856670 0 933 3 144115188075856669 250 0 3 0 4 0 31 2 144115188075856640 1 2133 2 144115188075856631 0 927 2 144115188075856676 0 933 3 144115188075856675 250 0 3 0 4 0 31 2 144115188075856641 1 2133 2 144115188075856632 0 927 2 144115188075856682 0 933 3 144115188075856681 250 0 3 0 4 0 31 2 144115188075856642 1 2133 2 144115188075856633 0 927 2 144115188075856688 0 933 3 144115188075856687 250 0 3 0 4 0 31 2 144115188075856643 1 2133 2 144115188075856634 0 927 2 144115188075856694 0 933 3 144115188075856693 250 0 3 0 5 0 31 2 1224979098644774912 144115188075856663 2133 2 1224979098644774916 1 2133 2 144115188075856629 1 933 3 144115188075856663 250 68 927 2 144115188075856664 1 4 0 31 2 144115188075856635 1 2133 2 144115188075856626 0 927 2 144115188075856646 0 933 3 144115188075856645 250 0 3 0 4 0 31 2 144115188075856636 1 2133 2 144115188075856627 0 927 2 144115188075856652 0 933 3 144115188075856651 250 0 3 0 4 0 31 2 144115188075856637 1 2133 2 144115188075856628 0 927 2 144115188075856658 0 933 3 144115188075856657 250 0 3 0 4 0 31 2 144115188075856639 1 2133 2 144115188075856630 0 927 2 144115188075856670 0 933 3 144115188075856669 250 0 3 0 4 0 31 2 144115188075856640 1 2133 2 144115188075856631 0 927 2 144115188075856676 0 933 3 144115188075856675 250 0 3 0 4 0 31 2 144115188075856641 1 2133 2 144115188075856632 0 927 2 144115188075856682 0 933 3 144115188075856681 250 0 3 0 4 0 31 2 144115188075856642 1 2133 2 144115188075856633 0 927 2 144115188075856688 0 933 3 144115188075856687 250 0 3 0 4 0 31 2 144115188075856643 1 2133 2 144115188075856634 0 927 2 144115188075856694 0 933 3 144115188075856693 250 0 3 0 5 0 31 2 1224979098644774912 144115188075856669 2133 2 1224979098644774916 1 2133 2 144115188075856630 1 933 3 144115188075856669 250 68 927 2 144115188075856670 1 4 0 31 2 144115188075856635 1 2133 2 144115188075856626 0 927 2 144115188075856646 0 933 3 144115188075856645 250 0 3 0 4 0 31 2 144115188075856636 1 2133 2 144115188075856627 0 927 2 144115188075856652 0 933 3 144115188075856651 250 0 3 0 4 0 31 2 144115188075856637 1 2133 2 144115188075856628 0 927 2 144115188075856658 0 933 3 144115188075856657 250 0 3 0 4 0 31 2 144115188075856638 1 2133 2 144115188075856629 0 927 2 144115188075856664 0 933 3 144115188075856663 250 0 3 0 4 0 31 2 144115188075856640 1 2133 2 144115188075856631 0 927 2 144115188075856676 0 933 3 144115188075856675 250 0 3 0 4 0 31 2 144115188075856641 1 2133 2 144115188075856632 0 927 2 144115188075856682 0 933 3 144115188075856681 250 0 3 0 4 0 31 2 144115188075856642 1 2133 2 144115188075856633 0 927 2 144115188075856688 0 933 3 144115188075856687 250 0 3 0 4 0 31 2 144115188075856643 1 2133 2 144115188075856634 0 927 2 144115188075856694 0 933 3 144115188075856693 250 0 3 0 5 0 31 2 1224979098644774912 144115188075856675 2133 2 1224979098644774916 1 2133 2 144115188075856631 1 933 3 144115188075856675 250 68 927 2 144115188075856676 1 4 0 31 2 144115188075856635 1 2133 2 144115188075856626 0 927 2 144115188075856646 0 933 3 144115188075856645 250 0 3 0 4 0 31 2 144115188075856636 1 2133 2 144115188075856627 0 927 2 144115188075856652 0 933 3 144115188075856651 250 0 3 0 4 0 31 2 144115188075856637 1 2133 2 144115188075856628 0 927 2 144115188075856658 0 933 3 144115188075856657 250 0 3 0 4 0 31 2 144115188075856638 1 2133 2 144115188075856629 0 927 2 144115188075856664 0 933 3 144115188075856663 250 0 3 0 4 0 31 2 144115188075856639 1 2133 2 144115188075856630 0 927 2 144115188075856670 0 933 3 144115188075856669 250 0 3 0 4 0 31 2 144115188075856641 1 2133 2 144115188075856632 0 927 2 144115188075856682 0 933 3 144115188075856681 250 0 3 0 4 0 31 2 144115188075856642 1 2133 2 144115188075856633 0 927 2 144115188075856688 0 933 3 144115188075856687 250 0 3 0 4 0 31 2 144115188075856643 1 2133 2 144115188075856634 0 927 2 144115188075856694 0 933 3 144115188075856693 250 0 3 0 5 0 31 2 1224979098644774912 144115188075856681 2133 2 1224979098644774916 1 2133 2 144115188075856632 1 933 3 144115188075856681 250 68 927 2 144115188075856682 1 4 0 31 2 144115188075856635 1 2133 2 144115188075856626 0 927 2 144115188075856646 0 933 3 144115188075856645 250 0 3 0 4 0 31 2 144115188075856636 1 2133 2 144115188075856627 0 927 2 144115188075856652 0 933 3 144115188075856651 250 0 3 0 4 0 31 2 144115188075856637 1 2133 2 144115188075856628 0 927 2 144115188075856658 0 933 3 144115188075856657 250 0 3 0 4 0 31 2 144115188075856638 1 2133 2 144115188075856629 0 927 2 144115188075856664 0 933 3 144115188075856663 250 0 3 0 4 0 31 2 144115188075856639 1 2133 2 144115188075856630 0 927 2 144115188075856670 0 933 3 144115188075856669 250 0 3 0 4 0 31 2 144115188075856640 1 2133 2 144115188075856631 0 927 2 144115188075856676 0 933 3 144115188075856675 250 0 3 0 4 0 31 2 144115188075856642 1 2133 2 144115188075856633 0 927 2 144115188075856688 0 933 3 144115188075856687 250 0 3 0 4 0 31 2 144115188075856643 1 2133 2 144115188075856634 0 927 2 144115188075856694 0 933 3 144115188075856693 250 0 3 0 5 0 31 2 1224979098644774912 144115188075856687 2133 2 1224979098644774916 1 2133 2 144115188075856633 1 933 3 144115188075856687 250 68 927 2 144115188075856688 1 4 0 31 2 144115188075856635 1 2133 2 144115188075856626 0 927 2 144115188075856646 0 933 3 144115188075856645 250 0 3 0 4 0 31 2 144115188075856636 1 2133 2 144115188075856627 0 927 2 144115188075856652 0 933 3 144115188075856651 250 0 3 0 4 0 31 2 144115188075856637 1 2133 2 144115188075856628 0 927 2 144115188075856658 0 933 3 144115188075856657 250 0 3 0 4 0 31 2 144115188075856638 1 2133 2 144115188075856629 0 927 2 144115188075856664 0 933 3 144115188075856663 250 0 3 0 4 0 31 2 144115188075856639 1 2133 2 144115188075856630 0 927 2 144115188075856670 0 933 3 144115188075856669 250 0 3 0 4 0 31 2 144115188075856640 1 2133 2 144115188075856631 0 927 2 144115188075856676 0 933 3 144115188075856675 250 0 3 0 4 0 31 2 144115188075856641 1 2133 2 144115188075856632 0 927 2 144115188075856682 0 933 3 144115188075856681 250 0 3 0 4 0 31 2 144115188075856643 1 2133 2 144115188075856634 0 927 2 144115188075856694 0 933 3 144115188075856693 250 0 3 0 5 0 31 2 1224979098644774912 144115188075856693 2133 2 1224979098644774916 1 2133 2 144115188075856634 1 933 3 144115188075856693 250 68 927 2 144115188075856694 1 4 0 31 2 144115188075856635 1 2133 2 144115188075856626 0 927 2 144115188075856646 0 933 3 144115188075856645 250 0 3 0 4 0 31 2 144115188075856636 1 2133 2 144115188075856627 0 927 2 144115188075856652 0 933 3 144115188075856651 250 0 3 0 4 0 31 2 144115188075856637 1 2133 2 144115188075856628 0 927 2 144115188075856658 0 933 3 144115188075856657 250 0 3 0 4 0 31 2 144115188075856638 1 2133 2 144115188075856629 0 927 2 144115188075856664 0 933 3 144115188075856663 250 0 3 0 4 0 31 2 144115188075856639 1 2133 2 144115188075856630 0 927 2 144115188075856670 0 933 3 144115188075856669 250 0 3 0 4 0 31 2 144115188075856640 1 2133 2 144115188075856631 0 927 2 144115188075856676 0 933 3 144115188075856675 250 0 3 0 4 0 31 2 144115188075856641 1 2133 2 144115188075856632 0 927 2 144115188075856682 0 933 3 144115188075856681 250 0 3 0 4 0 31 2 144115188075856642 1 2133 2 144115188075856633 0 927 2 144115188075856688 0 933 3 144115188075856687 250 0 3 0 5 0 31 2 1224979098644774912 144115188075856703 1 3 131 1224979098644774914 8 5 0 31 2 1224979098644774912 144115188075856704 1 3 131 1224979098644774914 7 5 0 31 2 1224979098644774912 144115188075856705 1 3 131 1224979098644774914 6 5 0 31 2 1224979098644774912 144115188075856706 1 3 131 1224979098644774914 5 5 0 31 2 1224979098644774912 144115188075856699 4 0 31 2 1224979098644774913 3 1 3 131 1224979098644774914 0 1 2 132 1224979098644774915 2133 2 144115188075856293 3 5 0 31 2 1224979098644774913 2 1 3 131 1224979098644774914 1 1 2 132 1224979098644774915 2133 2 144115188075856293 2 5 0 31 2 1224979098644774913 1 1 3 131 1224979098644774914 2 1 2 132 1224979098644774915 2133 2 144115188075856293 1 5 0 31 2 1224979098644774913 0 1 3 131 1224979098644774914 11 1 2 132 1224979098644774915 2133 2 144115188075856293 0 3 0 5 0 31 2 1224979098644774912 144115188075856700 4 0 31 2 1224979098644774913 1 1 3 131 1224979098644774914 3 1 2 132 1224979098644774915 2133 2 144115188075856294 1 5 0 31 2 1224979098644774913 0 1 3 131 1224979098644774914 4 1 2 132 1224979098644774915 2133 2 144115188075856294 0 3 0 5 0 31 2 1224979098644774912 144115188075856701 4 0 31 2 1224979098644774913 1 1 3 131 1224979098644774914 17 1 2 132 1224979098644774915 2133 2 144115188075856295 1 5 0 31 2 1224979098644774913 0 1 3 131 1224979098644774914 13 1 2 132 1224979098644774915 2133 2 144115188075856295 0 3 0 5 0 31 2 1224979098644774912 144115188075856702 4 0 31 2 1224979098644774913 1 1 3 131 1224979098644774914 10 1 2 132 1224979098644774915 2133 2 144115188075856296 1 5 0 31 2 1224979098644774913 0 1 3 131 1224979098644774914 9 1 2 132 1224979098644774915 2133 2 144115188075856296 0 3 0 5 0 31 2 1224979098644774912 144115188075856730 1799 2 2 3 75 1 1 2124 1 1000 726 2 1224979098644774917 1 727 2 1224979098644774918 1 2121 3 1224979098644774919 980 144115188075856727 2121 3 1224979098644774920 730 144115188075856729 2106 2 1224979098644774917 1224979098644774919 2106 2 1224979098644774918 1224979098644774920 2112 3 1224979098644774917 0 144115188075856727 2112 3 1224979098644774918 0 144115188075856729 2107 2 1224979098644774917 144115188075856728 2107 2 1224979098644774918 144115188075856728 2124 1 1000 729 2 1 1224979098644774917 730 2 1 1224979098644774918 716 3 3 2 1 4 0 31 2 144115188075856626 1 1790 3 1224979098644774915 0 0 1791 3 1224979098644774915 0 3 3 0 4 0 31 2 144115188075856627 1 1790 3 1224979098644774915 1 0 1791 3 1224979098644774915 1 3 3 0 4 0 31 2 144115188075856628 1 1790 3 1224979098644774915 2 0 1791 3 1224979098644774915 2 3 3 0 4 0 31 2 144115188075856629 1 1790 3 1224979098644774915 3 0 1791 3 1224979098644774915 3 3 3 0 4 0 31 2 144115188075856630 1 1790 3 1224979098644774915 4 0 1791 3 1224979098644774915 4 3 3 0 4 0 31 2 144115188075856631 1 1790 3 1224979098644774915 5 0 1791 3 1224979098644774915 5 3 3 0 4 0 31 2 144115188075856632 1 1790 3 1224979098644774915 6 0 1791 3 1224979098644774915 6 3 3 0 4 0 31 2 144115188075856633 1 1790 3 1224979098644774915 7 0 1791 3 1224979098644774915 7 3 3 0 4 0 31 2 144115188075856634 1 1790 3 1224979098644774915 8 0 1791 3 1224979098644774915 8 3 3 0 1 1 135 1 2 132 1224979098644774915 3 0 4 0 31 2 1224979098644774916 1 1795 2 1224979098644774915 -1 4 0 1073741855 2 144115188075856626 1 31 2 144115188075856635 0 1073741855 2 144115188075856627 1 31 2 144115188075856636 0 1073741855 2 144115188075856628 1 31 2 144115188075856637 0 1073741855 2 144115188075856629 1 31 2 144115188075856638 0 1073741855 2 144115188075856630 1 31 2 144115188075856639 0 1073741855 2 144115188075856631 1 31 2 144115188075856640 0 1073741855 2 144115188075856632 1 31 2 144115188075856641 0 1073741855 2 144115188075856633 1 31 2 144115188075856642 0 1073741855 2 144115188075856634 1 31 2 144115188075856643 0 1795 2 1224979098644774915 9 5 0 31 2 144115188075856626 1 1795 3 1224979098644774915 0 1 5 0 31 2 144115188075856627 1 1795 3 1224979098644774915 1 1 5 0 31 2 144115188075856628 1 1795 3 1224979098644774915 2 1 5 0 31 2 144115188075856629 1 1795 3 1224979098644774915 3 1 5 0 31 2 144115188075856630 1 1795 3 1224979098644774915 4 1 5 0 31 2 144115188075856631 1 1795 3 1224979098644774915 5 1 5 0 31 2 144115188075856632 1 1795 3 1224979098644774915 6 1 5 0 31 2 144115188075856633 1 1795 3 1224979098644774915 7 1 5 0 31 2 144115188075856634 1 1795 3 1224979098644774915 8 1 3 0 3 0 
-63.000000  129 2071 1 1224979098644774912 2072 1 1224979098644774913 4 0 31 2 1224979098644774912 144115188075856645 4 0 31 2 1224979098644774913 0 932 3 144115188075856648 250 16777215 932 3 144115188075856649 250 16777215 932 3 144115188075856650 250 16777215 932 3 144115188075856647 250 16777215 5 0 932 3 144115188075856648 250 0 932 3 144115188075856649 250 0 932 3 144115188075856650 250 0 932 3 144115188075856647 250 0 3 0 5 0 31 2 1224979098644774912 144115188075856651 4 0 31 2 1224979098644774913 0 932 3 144115188075856654 250 16777215 932 3 144115188075856655 250 16777215 932 3 144115188075856656 250 16777215 932 3 144115188075856653 250 16777215 5 0 932 3 144115188075856654 250 0 932 3 144115188075856655 250 0 932 3 144115188075856656 250 0 932 3 144115188075856653 250 0 3 0 5 0 31 2 1224979098644774912 144115188075856657 4 0 31 2 1224979098644774913 0 932 3 144115188075856660 250 16777215 932 3 144115188075856661 250 16777215 932 3 144115188075856662 250 16777215 932 3 144115188075856659 250 16777215 5 0 932 3 144115188075856660 250 0 932 3 144115188075856661 250 0 932 3 144115188075856662 250 0 932 3 144115188075856659 250 0 3 0 5 0 31 2 1224979098644774912 144115188075856663 4 0 31 2 1224979098644774913 0 932 3 144115188075856666 250 16777215 932 3 144115188075856667 250 16777215 932 3 144115188075856668 250 16777215 932 3 144115188075856665 250 16777215 5 0 932 3 144115188075856666 250 0 932 3 144115188075856667 250 0 932 3 144115188075856668 250 0 932 3 144115188075856665 250 0 3 0 5 0 31 2 1224979098644774912 144115188075856669 4 0 31 2 1224979098644774913 0 932 3 144115188075856672 250 16777215 932 3 144115188075856673 250 16777215 932 3 144115188075856674 250 16777215 932 3 144115188075856671 250 16777215 5 0 932 3 144115188075856672 250 0 932 3 144115188075856673 250 0 932 3 144115188075856674 250 0 932 3 144115188075856671 250 0 3 0 5 0 31 2 1224979098644774912 144115188075856675 4 0 31 2 1224979098644774913 0 932 3 144115188075856678 250 16777215 932 3 144115188075856679 250 16777215 932 3 144115188075856680 250 16777215 932 3 144115188075856677 250 16777215 5 0 932 3 144115188075856678 250 0 932 3 144115188075856679 250 0 932 3 144115188075856680 250 0 932 3 144115188075856677 250 0 3 0 5 0 31 2 1224979098644774912 144115188075856681 4 0 31 2 1224979098644774913 0 932 3 144115188075856684 250 16777215 932 3 144115188075856685 250 16777215 932 3 144115188075856686 250 16777215 932 3 144115188075856683 250 16777215 5 0 932 3 144115188075856684 250 0 932 3 144115188075856685 250 0 932 3 144115188075856686 250 0 932 3 144115188075856683 250 0 3 0 5 0 31 2 1224979098644774912 144115188075856687 4 0 31 2 1224979098644774913 0 932 3 144115188075856690 250 16777215 932 3 144115188075856691 250 16777215 932 3 144115188075856692 250 16777215 932 3 144115188075856689 250 16777215 5 0 932 3 144115188075856690 250 0 932 3 144115188075856691 250 0 932 3 144115188075856692 250 0 932 3 144115188075856689 250 0 3 0 5 0 31 2 1224979098644774912 144115188075856693 4 0 31 2 1224979098644774913 0 932 3 144115188075856696 250 16777215 932 3 144115188075856697 250 16777215 932 3 144115188075856698 250 16777215 932 3 144115188075856695 250 16777215 5 0 932 3 144115188075856696 250 0 932 3 144115188075856697 250 0 932 3 144115188075856698 250 0 932 3 144115188075856695 250 0 3 0 3 0 
-61.000000  35 2071 1 1224979098644774912 4 0 1073741897 1 30 1073741897 1 31 1073741897 1 32 1073741897 1 33 1073741897 1 34 1073741897 1 35 1073741897 1 36 1073741897 1 37 1073741897 1 38 1073741897 1 29 73 1 39 1 1 136 3 0 4 0 1073741897 1 23 1073741897 1 24 1073741897 1 25 1073741897 1 26 1073741897 1 27 73 1 28 1700 1 1224979098644774913 1770 2 1224979098644774914 1224979098644774913 1 2 132 1224979098644774914 3 0 4 0 32 2 1224979098644774912 200 73 1 22 12 1 1224979098644774915 1712 1 1224979098644774915 505 3 1224979098644774915 22 0 3 0 902 1 0 3 0 


prsnt_sliders 0 0 3
-60.000000  39 2124 1 1000 914 3 144115188075856734 0 100 914 3 144115188075856735 0 100 914 3 144115188075856736 0 100 914 3 144115188075856737 0 100 2133 2 72057594037927937 25 2320 2 1 216172782113783816 910 2 144115188075856738 1 910 2 144115188075856739 1 910 2 144115188075856740 1 910 2 144115188075856741 1 2133 2 144115188075856742 25 927 2 144115188075856734 25 2133 2 144115188075856743 25 927 2 144115188075856735 25 2133 2 144115188075856744 25 927 2 144115188075856736 25 2133 2 144115188075856745 25 927 2 144115188075856737 25 729 2 1 600 730 2 1 200 926 2 144115188075856734 1 730 2 1 300 926 2 144115188075856735 1 730 2 1 400 926 2 144115188075856736 1 730 2 1 500 926 2 144115188075856737 1 729 2 1 800 730 2 1 200 926 2 144115188075856738 1 730 2 1 300 926 2 144115188075856739 1 730 2 1 400 926 2 144115188075856740 1 730 2 1 500 926 2 144115188075856741 1 729 2 1 500 925 2 144115188075856736 1 
-61.000000  0 
-62.000000  107 2071 1 1224979098644774912 2072 1 1224979098644774913 2133 2 1224979098644774914 0 4 0 31 2 1224979098644774912 144115188075856734 4 0 2147483679 2 144115188075856742 1224979098644774913 2133 2 144115188075856742 1224979098644774913 2133 2 1224979098644774914 1 3 0 5 0 31 2 1224979098644774912 144115188075856735 4 0 2147483679 2 144115188075856743 1224979098644774913 2133 2 144115188075856743 1224979098644774913 2133 2 1224979098644774914 1 3 0 5 0 31 2 1224979098644774912 144115188075856736 4 0 2147483679 2 144115188075856744 1224979098644774913 2133 2 144115188075856744 1224979098644774913 2133 2 1224979098644774914 1 3 0 5 0 31 2 1224979098644774912 144115188075856737 4 0 2147483679 2 144115188075856745 1224979098644774913 2133 2 144115188075856745 1224979098644774913 2133 2 1224979098644774914 1 3 0 3 0 4 0 31 2 1224979098644774914 1 2133 2 1224979098644774915 0 2105 2 1224979098644774915 144115188075856742 2105 2 1224979098644774915 144115188075856743 2105 2 1224979098644774915 144115188075856744 2105 2 1224979098644774915 144115188075856745 2121 3 1224979098644774916 100 1224979098644774915 2133 2 1224979098644774917 144115188075856742 2133 2 1224979098644774918 144115188075856743 2133 2 1224979098644774919 144115188075856744 2133 2 1224979098644774920 144115188075856745 2133 2 1224979098644774921 1 2133 2 1224979098644774922 0 2133 2 1224979098644774923 100 4 0 2147483678 2 1224979098644774916 0 2107 2 1224979098644774916 -1 2133 2 1224979098644774921 -1 2133 2 1224979098644774922 1 2133 2 1224979098644774923 101 3 0 2121 3 1224979098644774924 1224979098644774915 1224979098644774913 2105 2 1224979098644774924 30 6 3 1224979098644774925 0 1224979098644774916 2136 3 1224979098644774926 0 1224979098644774924 4 0 2147483679 2 1224979098644774912 144115188075856734 2106 2 1224979098644774926 144115188075856742 2106 2 1224979098644774926 10 2147483678 2 1224979098644774926 0 33 3 1224979098644774917 1224979098644774922 1224979098644774923 2105 2 1224979098644774917 1224979098644774921 5 0 2147483679 2 1224979098644774912 144115188075856735 2106 2 1224979098644774926 144115188075856743 2106 2 1224979098644774926 10 2147483678 2 1224979098644774926 0 33 3 1224979098644774918 1224979098644774922 1224979098644774923 2105 2 1224979098644774918 1224979098644774921 5 0 2147483679 2 1224979098644774912 144115188075856736 2106 2 1224979098644774926 144115188075856744 2106 2 1224979098644774926 10 2147483678 2 1224979098644774926 0 33 3 1224979098644774919 1224979098644774922 1224979098644774923 2105 2 1224979098644774919 1224979098644774921 5 0 33 3 1224979098644774920 1224979098644774922 1224979098644774923 2105 2 1224979098644774920 1224979098644774921 5 0 2105 2 1224979098644774916 1 3 0 3 0 2133 2 144115188075856742 1224979098644774917 2133 2 144115188075856743 1224979098644774918 2133 2 144115188075856744 1224979098644774919 2133 2 144115188075856745 1224979098644774920 3 0 927 2 144115188075856734 144115188075856742 927 2 144115188075856735 144115188075856743 927 2 144115188075856736 144115188075856744 927 2 144115188075856737 144115188075856745 2133 2 72057594037927937 144115188075856742 2320 2 1 216172782113783816 920 2 144115188075856738 1 2133 2 72057594037927937 144115188075856743 2320 2 1 216172782113783816 920 2 144115188075856739 1 2133 2 72057594037927937 144115188075856744 2320 2 1 216172782113783816 920 2 144115188075856740 1 2133 2 72057594037927937 144115188075856745 2320 2 1 216172782113783816 920 2 144115188075856741 1 


prsnt_game_before_quit 0 3 2
-60.000000  0 
-61.000000  0 


prsnt_multiplayer_duel_start_counter 3 0 2
-60.000000  13 2124 1 1000 2133 2 144115188075857070 -1 2133 2 144115188075857071 -1 2319 1 0 910 3 144115188075857070 0 65552 921 2 144115188075857070 16777215 729 2 1 500 730 2 1 600 926 2 144115188075857070 1 729 2 1 2000 730 2 1 2000 925 2 144115188075857070 1 902 1 999999 
-61.000000  14 30 2 144115188075857070 0 2370 1 1224979098644774912 2121 3 1224979098644774913 1224979098644774912 144115188075857072 2121 3 1224979098644774914 3 1224979098644774913 4 0 2147483680 2 1224979098644774914 0 902 1 0 5 0 2147483679 2 144115188075857071 1224979098644774914 2133 2 144115188075857071 1224979098644774914 2133 2 72057594037927936 1224979098644774914 2320 2 0 216172782113784378 920 2 144115188075857070 0 3 0 


prsnt_multiplayer_music 2 0 3
-60.000000  210 2124 1 1000 911 2 72057594037927936 13 729 2 1 450 730 2 1 80 926 2 72057594037927936 1 729 2 1 700 730 2 1 1000 925 2 72057594037927936 1 2319 1 0 910 3 144115188075856479 0 131072 729 2 1 370 730 2 1 125 926 2 144115188075856479 1 729 2 1 355 730 2 1 500 929 2 144115188075856479 1 945 1 144115188075856479 415 1 1224979098644774912 32 2 1224979098644774912 -1 406 2 1224979098644774913 1224979098644774912 32 2 1224979098644774913 -1 1718 2 1224979098644774914 1224979098644774913 2173 2 1224979098644774915 1224979098644774914 4 0 32 2 1224979098644774915 15 2106 2 1224979098644774915 15 2105 2 1224979098644774915 1 3 0 2133 2 1224979098644774916 -1 4 0 32 2 144115188075857352 0 2133 2 1224979098644774916 144115188075857352 2133 2 144115188075857352 -1 5 0 1726 3 1224979098644774916 1224979098644774913 0 3 0 2133 2 1224979098644774917 0 2133 2 1224979098644774918 0 2133 2 1224979098644774919 0 4 0 31 2 1224979098644774916 150 1718 2 1224979098644774914 1224979098644774913 1 3 398 1224979098644774915 1224979098644774914 2133 2 1224979098644774917 72057594037927936 2133 2 1224979098644774918 72057594037927937 2133 2 1224979098644774920 72057594037927938 2133 2 1224979098644774919 1 2133 2 1224979098644774921 216172782113784695 2133 2 1224979098644774922 464 2133 2 1224979098644774923 467 2133 2 1224979098644774924 216172782113784733 5 0 31 2 1224979098644774916 151 1 2 399 1224979098644774915 2133 2 1224979098644774917 72057594037927936 2133 2 1224979098644774918 72057594037927937 2133 2 1224979098644774920 72057594037927938 5 0 33 3 1224979098644774916 152 155 1 2 400 1224979098644774915 2133 2 1224979098644774917 72057594037927936 2133 2 1224979098644774918 72057594037927937 2133 2 1224979098644774920 72057594037927938 2133 2 1224979098644774919 1 2133 2 1224979098644774921 216172782113784695 2133 2 1224979098644774922 518 2133 2 1224979098644774923 523 2133 2 1224979098644774924 216172782113784787 5 0 31 2 1224979098644774916 155 4 0 31 2 1224979098644774915 6 2133 2 1224979098644774917 523 2133 2 1224979098644774918 525 2133 2 1224979098644774920 216172782113784792 2133 2 1224979098644774919 1 2133 2 1224979098644774921 216172782113784696 2133 2 1224979098644774922 525 2133 2 1224979098644774923 534 2133 2 1224979098644774924 216172782113784794 3 0 5 0 31 2 1224979098644774916 1354 2133 2 1224979098644774917 534 2133 2 1224979098644774918 542 2133 2 1224979098644774920 216172782113784803 5 0 31 2 1224979098644774916 1355 2133 2 1224979098644774917 542 2133 2 1224979098644774918 550 2133 2 1224979098644774920 216172782113784811 3 0 2133 2 1224979098644774925 0 4 0 1073741855 2 1224979098644774917 0 31 2 1224979098644774918 0 2133 2 1224979098644774925 1 902 1 0 3 0 31 2 1224979098644774925 0 2133 2 1224979098644774926 800 2133 2 1224979098644774927 40 910 3 72057594037927936 216172782113784694 0 921 2 72057594037927936 16777215 729 2 1 100 730 2 1 1224979098644774926 926 2 72057594037927936 1 729 2 1 800 730 2 1 800 925 2 72057594037927936 1 2106 2 1224979098644774926 1224979098644774927 730 2 1 1224979098644774926 729 2 1 100 6 3 1224979098644774928 0 20 500 3 1439 1224979098644774928 -1 3 0 2133 2 1224979098644774929 0 6 3 1224979098644774930 1224979098644774917 1224979098644774918 2120 3 1224979098644774931 1224979098644774929 1224979098644774920 912 3 72057594037927937 1224979098644774931 0 921 2 72057594037927937 16777215 730 2 1 1224979098644774926 926 2 72057594037927937 1 2106 2 1224979098644774926 1224979098644774927 730 2 1 1224979098644774926 729 2 3 1000 730 2 3 1000 925 2 72057594037927937 3 500 3 1439 1224979098644774929 72057594037927937 2105 2 1224979098644774929 1 3 0 4 0 31 2 1224979098644774919 1 2106 2 1224979098644774926 20 911 2 72057594037927936 6 921 2 72057594037927936 16777215 922 2 72057594037927936 208 729 2 1 100 730 2 1 1224979098644774926 926 2 72057594037927936 1 729 2 1 10000 730 2 1 50 925 2 72057594037927936 1 2106 2 1224979098644774926 30 910 3 72057594037927936 1224979098644774921 0 921 2 72057594037927936 16777215 729 2 1 100 730 2 1 1224979098644774926 926 2 72057594037927936 1 729 2 1 900 730 2 1 900 925 2 72057594037927936 1 2106 2 1224979098644774926 10 911 2 72057594037927936 6 921 2 72057594037927936 16777215 922 2 72057594037927936 208 729 2 1 100 730 2 1 1224979098644774926 926 2 72057594037927936 1 729 2 1 10000 730 2 1 50 925 2 72057594037927936 1 2106 2 1224979098644774926 1224979098644774927 730 2 1 1224979098644774926 729 2 1 100 2133 2 1224979098644774932 0 6 3 1224979098644774930 1224979098644774922 1224979098644774923 2120 3 1224979098644774931 1224979098644774932 1224979098644774924 912 3 72057594037927937 1224979098644774931 0 921 2 72057594037927937 16777215 730 2 1 1224979098644774926 926 2 72057594037927937 1 2106 2 1224979098644774926 1224979098644774927 730 2 1 1224979098644774926 729 2 3 1000 730 2 3 1000 925 2 72057594037927937 3 500 3 1439 1224979098644774929 72057594037927937 2105 2 1224979098644774929 1 2105 2 1224979098644774932 1 3 0 3 0 2106 2 1224979098644774926 20 911 2 72057594037927936 6 921 2 72057594037927936 16777215 922 2 72057594037927936 208 729 2 1 100 730 2 1 1224979098644774926 926 2 72057594037927936 1 729 2 1 10000 730 2 1 50 925 2 72057594037927936 1 2106 2 1224979098644774926 30 918 3 144115188075857353 4 5 927 2 144115188075857353 144115188075857354 729 2 1 100 730 2 1 1224979098644774926 926 2 144115188075857353 1 729 2 1 1000 730 2 1 1000 925 2 144115188075857353 1 910 3 72057594037927936 216172782113784697 0 921 2 72057594037927936 16777215 729 2 1 120 730 2 1 1224979098644774926 926 2 72057594037927936 1 729 2 1 1000 730 2 1 1000 925 2 72057594037927936 1 902 1 999999 
-62.000000  17 2071 1 1224979098644774912 2072 1 1224979098644774913 2147483679 2 144115188075856383 1 4 0 31 2 1224979098644774912 144115188075857353 2133 2 144115188075857354 1224979098644774913 900 1 39 391 4 4 2 3 1224979098644774913 3 0 2133 2 1224979098644774914 20 6 3 1224979098644774915 0 1224979098644774914 540 3 1439 1224979098644774915 1224979098644774912 391 4 4 2 1 1224979098644774915 2370 1 144115188075857355 2133 2 1224979098644774914 0 3 0 902 1 0 
-61.000000  8 2071 1 1224979098644774912 4 0 32 2 1224979098644774912 200 1073741895 1 1 73 1 7 2133 2 144115188075856383 0 902 1 0 3 0 


prsnt_conquest_flag_select 0 0 3
-60.000000  188 2124 1 1000 2319 1 0 910 3 144115188075857218 0 131072 729 2 1 0 730 2 1 0 926 2 144115188075857218 1 729 2 1 1150 730 2 1 690 929 2 144115188075857218 1 945 1 144115188075857218 1799 2 52 53 717 3 54 52 53 726 2 1224979098644774912 54 727 2 1224979098644774913 54 2123 3 1224979098644774914 1224979098644774913 50 2123 3 1224979098644774914 1224979098644774912 1224979098644774914 4 0 32 2 1224979098644774914 100 2133 2 144115188075856727 600 2123 3 144115188075856728 1224979098644774912 144115188075856727 2123 3 144115188075856729 1224979098644774913 144115188075856728 5 0 2133 2 144115188075856729 600 2123 3 144115188075856728 1224979098644774913 144115188075856729 2123 3 144115188075856727 1224979098644774912 144115188075856728 3 0 911 2 144115188075856730 6 921 2 144115188075856730 0 2120 3 1224979098644774915 144115188075856727 20 2120 3 1224979098644774916 144115188075856729 20 2122 3 1224979098644774917 1224979098644774915 50 2122 3 1224979098644774918 1224979098644774916 50 729 2 51 1224979098644774917 730 2 51 1224979098644774918 925 2 144115188075856730 51 2121 3 1224979098644774919 800 1224979098644774915 2121 3 1224979098644774920 690 1224979098644774916 729 2 51 1224979098644774919 730 2 51 1224979098644774920 926 2 144115188075856730 51 922 2 144115188075856730 68 415 1 1224979098644774921 402 2 1224979098644774922 1224979098644774921 2120 3 1224979098644774923 1224979098644774922 1 4 0 2147483679 2 144115188075857221 1224979098644774923 2133 2 144115188075857219 -1 3 0 4 0 32 2 144115188075857219 -1 2120 3 1224979098644774924 232 144115188075857219 520 3 1224979098644774925 5 1224979098644774924 2147483679 2 1224979098644774925 1224979098644774923 2133 2 144115188075857219 -1 3 0 4 0 31 2 144115188075857219 -1 2133 2 1224979098644774926 144115188075856374 6 3 1224979098644774927 0 1224979098644774926 2120 3 1224979098644774924 232 1224979098644774927 520 3 1224979098644774925 5 1224979098644774924 31 2 1224979098644774925 1224979098644774923 2133 2 144115188075857219 1224979098644774927 2133 2 1224979098644774926 0 3 0 3 0 4 0 31 2 1224979098644774922 0 2133 2 1224979098644774928 1 5 0 2133 2 1224979098644774928 0 3 0 458 2 1224979098644774929 1224979098644774922 458 2 1224979098644774930 1224979098644774928 2133 2 1224979098644774931 0 4 0 31 2 1224979098644774922 1 31 2 1224979098644774929 1224979098644774930 2133 2 1224979098644774931 198 5 0 1 2 405 1224979098644774929 2133 2 1224979098644774931 72057594037927936 3 0 2133 2 1224979098644774932 0 4 0 31 2 1224979098644774928 1 31 2 1224979098644774929 1224979098644774930 2133 2 1224979098644774932 198 5 0 1 2 405 1224979098644774930 2133 2 1224979098644774932 72057594037927936 3 0 6 3 1224979098644774933 0 30 500 3 1438 1224979098644774933 -1 3 0 2133 2 1224979098644774934 0 2133 2 1224979098644774926 144115188075856374 6 3 1224979098644774927 0 1224979098644774926 2120 3 1224979098644774924 232 1224979098644774927 520 3 1224979098644774925 5 1224979098644774924 4 0 31 2 1224979098644774925 0 913 3 72057594037927977 199 199 5 0 31 2 1224979098644774925 1224979098644774923 913 3 72057594037927977 1224979098644774931 1224979098644774931 5 0 913 3 72057594037927977 1224979098644774932 1224979098644774932 3 0 729 2 51 50 730 2 51 50 925 2 72057594037927977 51 922 2 72057594037927977 136 4 0 1811 3 1224979098644774935 438 1224979098644774927 3 0 1850 2 51 1224979098644774935 717 3 53 52 51 726 2 1224979098644774936 53 727 2 1224979098644774937 53 2133 2 1224979098644774938 144115188075856728 2108 2 1224979098644774936 1224979098644774938 2108 2 1224979098644774937 1224979098644774938 2121 3 1224979098644774939 790 144115188075856727 2121 3 1224979098644774940 680 144115188075856729 2105 2 1224979098644774936 1224979098644774939 2105 2 1224979098644774937 1224979098644774940 729 2 50 1224979098644774936 730 2 50 1224979098644774937 926 2 72057594037927977 50 1 2 216 1224979098644774927 912 3 72057594037927978 0 16 2105 2 1224979098644774936 0 2105 2 1224979098644774937 -44 729 2 50 1224979098644774936 730 2 50 1224979098644774937 926 2 72057594037927978 50 729 2 50 1100 730 2 50 1100 925 2 72057594037927978 50 4 0 31 2 144115188075857219 1224979098644774927 921 2 72057594037927978 15526786 5 0 921 2 72057594037927978 16777215 3 0 500 3 1438 1224979098644774934 72057594037927977 2120 3 1224979098644774941 1224979098644774934 50 500 3 1438 1224979098644774941 72057594037927978 2105 2 1224979098644774934 1 3 0 912 3 144115188075857220 216172782113784213 0 4 0 32 2 144115188075857219 -1 921 2 144115188075857220 16777215 923 2 144115188075857220 5635920 5 0 921 2 144115188075857220 8947848 923 2 144115188075857220 8947848 3 0 729 2 51 450 730 2 51 80 926 2 144115188075857220 51 729 2 51 1500 730 2 51 1500 925 2 144115188075857220 51 911 2 144115188075857356 8 729 2 1 1500 730 2 1 1500 925 2 144115188075857356 1 2010 1 51 740 2 1224979098644774942 51 701 1 10 725 2 10 1224979098644774942 930 2 144115188075857356 10 717 3 53 52 51 726 2 1224979098644774943 53 727 2 1224979098644774944 53 2108 2 1224979098644774943 144115188075856728 2108 2 1224979098644774944 144115188075856728 2121 3 1224979098644774939 790 144115188075856727 2121 3 1224979098644774940 680 144115188075856729 2105 2 1224979098644774943 1224979098644774939 2105 2 1224979098644774944 1224979098644774940 729 2 50 1224979098644774943 730 2 50 1224979098644774944 926 2 144115188075857356 50 902 1 999999 
-62.000000  32 2071 1 1224979098644774912 4 0 31 2 1224979098644774912 144115188075857220 2133 2 144115188075856476 0 2133 2 144115188075856383 1 4 0 32 2 144115188075857219 -1 389 2 10 144115188075857219 3 0 5 0 2133 2 1224979098644774913 30 6 3 1224979098644774914 0 1224979098644774913 2120 3 1224979098644774915 1224979098644774914 50 1073742364 3 1438 1224979098644774914 1224979098644774912 540 3 1438 1224979098644774915 1224979098644774912 415 1 1224979098644774916 402 2 1224979098644774917 1224979098644774916 2120 3 1224979098644774918 1224979098644774917 1 2120 3 1224979098644774919 232 1224979098644774914 520 3 1224979098644774920 5 1224979098644774919 4 0 31 2 1224979098644774920 1224979098644774918 2133 2 144115188075857219 1224979098644774914 2133 2 144115188075857221 1224979098644774918 902 1 0 900 1 40 5 0 1106 1 216172782113784687 3 0 2133 2 1224979098644774913 0 3 0 3 0 
-61.000000  41 4 0 71 1 1 2133 2 144115188075856383 0 1 1 55 902 1 0 5 0 31 2 144115188075856383 1 31 2 144115188075856476 1 2133 2 144115188075856383 0 1 1 55 902 1 0 5 0 31 2 144115188075856383 1 31 2 144115188075856476 -1 2133 2 144115188075856383 0 902 1 0 900 1 40 900 1 10 5 0 2124 1 1000 1799 2 72 73 2010 1 71 740 2 1224979098644774912 71 701 1 70 725 2 70 1224979098644774912 930 2 144115188075857356 70 717 3 73 72 71 726 2 1224979098644774913 73 727 2 1224979098644774914 73 2108 2 1224979098644774913 144115188075856728 2108 2 1224979098644774914 144115188075856728 2121 3 1224979098644774915 790 144115188075856727 2121 3 1224979098644774916 680 144115188075856729 2105 2 1224979098644774913 1224979098644774915 2105 2 1224979098644774914 1224979098644774916 701 1 70 729 2 70 1224979098644774913 730 2 70 1224979098644774914 926 2 144115188075857356 70 2124 1 100 3 0 


prsnt_message_conquest_round_ended 3 0 2
-60.000000  39 2124 1 1000 415 1 1224979098644774912 402 2 1224979098644774913 1224979098644774912 455 2 1224979098644774914 0 455 2 1224979098644774915 1 4 0 2147483680 2 1224979098644774914 0 2133 2 1224979098644774916 1 5 0 2147483680 2 1224979098644774915 0 2133 2 1224979098644774916 0 3 0 2133 2 1224979098644774917 -1 4 0 31 2 1224979098644774916 1224979098644774913 2133 2 1224979098644774917 218 2133 2 1224979098644774918 4281589009 5 0 2133 2 1224979098644774917 227 2133 2 1224979098644774918 4294919202 3 0 458 2 1224979098644774919 1224979098644774916 2335 2 1 1224979098644774919 2320 2 0 216172782113784209 4 0 32 2 1224979098644774917 -1 2121 3 1224979098644774920 1224979098644774919 6 2105 2 1224979098644774917 1224979098644774920 600 1 1224979098644774917 3 0 910 3 72057594037927936 0 65552 921 2 72057594037927936 1224979098644774918 729 2 1 500 730 2 1 400 926 2 72057594037927936 1 729 2 1 2000 730 2 1 2000 925 2 72057594037927936 1 902 1 300 
-61.000000  0 


prsnt_multiplayer_construct 2 0 4
-60.000000  125 2124 1 1000 2133 2 144115188075857357 0 911 2 72057594037927936 13 729 2 1 450 730 2 1 80 926 2 72057594037927936 1 729 2 1 550 730 2 1 1000 925 2 72057594037927936 1 911 2 72057594037927936 30 729 2 1 200 730 2 1 330 926 2 72057594037927936 1 729 2 1 380 730 2 1 1400 925 2 72057594037927936 1 2319 1 0 910 3 144115188075856479 0 131072 729 2 1 370 730 2 1 125 926 2 144115188075856479 1 729 2 1 305 730 2 1 500 929 2 144115188075856479 1 945 1 144115188075856479 2133 2 1224979098644774912 800 2133 2 1224979098644774913 50 411 1 1224979098644774914 2133 2 1224979098644774915 1 4 0 31 2 1224979098644774914 0 2133 2 1224979098644774916 144115188075857076 2133 2 1224979098644774915 144115188075857668 5 0 31 2 1224979098644774914 1 2133 2 1224979098644774916 144115188075857077 2133 2 1224979098644774915 144115188075857669 3 0 2133 2 72057594037927942 1224979098644774916 2133 2 144115188075857358 1224979098644774916 910 3 144115188075857359 216172782113784678 0 921 2 144115188075857359 16777215 729 2 1 100 730 2 1 1224979098644774912 926 2 144115188075857359 1 729 2 1 800 730 2 1 800 925 2 144115188075857359 1 2106 2 1224979098644774912 1224979098644774913 730 2 1 1224979098644774912 729 2 1 100 6 3 1224979098644774917 70 110 500 3 1439 1224979098644774917 -1 3 0 2133 2 1224979098644774918 0 6 3 1224979098644774919 1298 1307 2120 3 1224979098644774920 50 1224979098644774919 2106 2 1224979098644774920 1298 520 3 1224979098644774921 1439 1224979098644774920 4 0 30 2 1224979098644774916 1224979098644774921 2133 2 1224979098644774922 1 5 0 2133 2 1224979098644774922 0 3 0 4 0 31 2 1224979098644774919 1306 2370 1 1224979098644774923 2121 3 1224979098644774924 1224979098644774923 144115188075856385 1073741855 2 144115188075857389 0 1073741855 2 1224979098644774915 0 2147483680 2 1224979098644774924 33 2133 2 1224979098644774922 0 3 0 2120 3 1224979098644774925 1224979098644774918 216172782113784669 2320 2 1 1224979098644774925 4 0 31 2 1224979098644774922 1 912 3 72057594037927936 1 0 921 2 72057594037927936 16777215 5 0 910 3 72057594037927936 1 0 921 2 72057594037927936 8947848 3 0 2120 3 1224979098644774926 1224979098644774918 70 500 3 1439 1224979098644774926 72057594037927936 730 2 1 1224979098644774912 926 2 72057594037927936 1 2106 2 1224979098644774912 1224979098644774913 730 2 1 1224979098644774912 729 2 3 1000 730 2 3 1000 925 2 72057594037927936 3 2133 2 72057594037927943 1224979098644774921 4 0 31 2 1224979098644774922 1 910 3 72057594037927936 216172782113784679 0 921 2 72057594037927936 61440 5 0 910 3 72057594037927936 216172782113784679 0 921 2 72057594037927936 15728640 3 0 700 2 4 1 727 2 1224979098644774927 4 2105 2 1224979098644774927 35 730 2 4 1224979098644774927 926 2 72057594037927936 4 729 2 3 800 730 2 3 800 925 2 72057594037927936 3 2120 3 1224979098644774928 1224979098644774918 200 911 2 72057594037927937 1224979098644774928 951 2 72057594037927937 -1 729 2 2 310 730 2 2 450 926 2 72057594037927937 2 729 2 2 225 730 2 2 225 925 2 72057594037927937 2 947 2 72057594037927937 0 2120 3 1224979098644774926 1224979098644774918 90 500 3 1439 1224979098644774926 72057594037927937 2105 2 1224979098644774918 1 3 0 902 1 999999 
-62.000000  31 2071 1 1224979098644774912 2147483679 2 144115188075856383 1 411 1 1224979098644774913 4 0 31 2 1224979098644774913 0 2133 2 1224979098644774914 144115188075857076 5 0 31 2 1224979098644774913 1 2133 2 1224979098644774914 144115188075857077 3 0 2133 2 1224979098644774915 -1 2133 2 1224979098644774916 90 6 3 1224979098644774917 70 1224979098644774916 540 3 1439 1224979098644774917 1224979098644774912 2121 3 1224979098644774918 1224979098644774917 70 2120 3 1224979098644774915 1298 1224979098644774918 33 3 1224979098644774915 1298 1307 2120 3 1224979098644774919 50 1224979098644774915 2106 2 1224979098644774919 1298 520 3 1224979098644774920 1439 1224979098644774919 4 0 30 2 1224979098644774914 1224979098644774920 2133 2 1224979098644774921 1 5 0 2133 2 1224979098644774921 0 3 0 31 2 1224979098644774921 1 389 2 5 1224979098644774915 2133 2 144115188075856383 1 2133 2 1224979098644774916 0 3 0 
-63.000000  16 2071 1 1224979098644774912 2072 1 1224979098644774913 2133 2 1224979098644774914 90 6 3 1224979098644774915 70 1224979098644774914 540 3 1439 1224979098644774915 1224979098644774912 2121 3 1224979098644774916 1224979098644774915 70 2120 3 1224979098644774917 1224979098644774916 90 520 3 1224979098644774918 1439 1224979098644774917 4 0 31 2 1224979098644774913 0 947 2 1224979098644774918 1 5 0 947 2 1224979098644774918 0 3 0 2133 2 1224979098644774914 0 3 0 
-61.000000  51 2071 1 1224979098644774912 4 0 32 2 1224979098644774912 200 1073741895 1 1 73 1 7 2133 2 144115188075856383 0 902 1 0 5 0 31 2 144115188075856383 1 31 2 144115188075856476 1 2133 2 144115188075856383 0 902 1 0 5 0 31 2 144115188075856383 1 31 2 144115188075856476 -1 2133 2 144115188075856383 0 902 1 0 900 1 42 5 0 31 2 144115188075857357 1 411 1 1224979098644774913 4 0 31 2 1224979098644774913 0 2133 2 1224979098644774914 144115188075857076 5 0 31 2 1224979098644774913 1 2133 2 1224979098644774914 144115188075857077 3 0 2133 2 1224979098644774915 0 4 0 31 2 1224979098644774914 144115188075857358 5 0 30 2 1224979098644774914 6 2147483678 2 144115188075857358 6 2133 2 1224979098644774915 1 5 0 2147483678 2 1224979098644774914 6 30 2 144115188075857358 6 2133 2 1224979098644774915 1 3 0 4 0 31 2 1224979098644774915 0 2133 2 72057594037927942 1224979098644774914 920 2 144115188075857359 216172782113784678 5 0 31 2 1224979098644774915 1 902 1 0 900 1 42 3 0 2133 2 144115188075857357 0 3 0 


prsnt_display_server_notice 3 0 2
-60.000000  39 2124 1 1000 4 0 31 2 144115188075857274 0 2133 2 1224979098644774912 4294967295 5 0 31 2 144115188075857274 1 2133 2 1224979098644774912 4294919202 5 0 31 2 144115188075857274 2 2133 2 1224979098644774912 4281589009 5 0 31 2 144115188075857274 3 2133 2 1224979098644774912 4281545727 5 0 31 2 144115188075857274 4 2133 2 1224979098644774912 4292725777 5 0 31 2 144115188075857274 5 2133 2 1224979098644774912 8192125 5 0 31 2 144115188075857274 6 2133 2 1224979098644774912 4293835724 5 0 31 2 144115188075857274 7 2133 2 1224979098644774912 16711935 5 0 31 2 144115188075857274 8 2133 2 1224979098644774912 0 3 0 910 3 72057594037927936 60 65552 921 2 72057594037927936 1224979098644774912 729 2 1 380 729 2 1 500 730 2 1 670 926 2 72057594037927936 1 729 2 1 1500 730 2 1 1500 925 2 72057594037927936 1 902 1 400 
-61.000000  0 


prsnt_multiplayer_cannon_crosshair 3 0 2
-60.000000  39 2124 1 1000 2133 2 144115188075857222 0 911 2 72057594037927936 6 921 2 72057594037927936 16777215 922 2 72057594037927936 214 729 2 1 500 730 2 1 335 926 2 72057594037927936 1 729 2 1 80 730 2 1 2000 925 2 72057594037927936 1 911 2 72057594037927936 6 921 2 72057594037927936 16777215 922 2 72057594037927936 214 729 2 1 480 730 2 1 375 926 2 72057594037927936 1 729 2 1 2000 730 2 1 80 925 2 72057594037927936 1 911 2 72057594037927936 6 921 2 72057594037927936 16777215 922 2 72057594037927936 214 729 2 1 485 730 2 1 360 926 2 72057594037927936 1 729 2 1 1500 730 2 1 90 925 2 72057594037927936 1 911 2 72057594037927936 6 921 2 72057594037927936 16777215 922 2 72057594037927936 214 729 2 1 490 730 2 1 345 926 2 72057594037927936 1 729 2 1 1000 730 2 1 80 925 2 72057594037927936 1 902 1 999999 
-61.000000  2 31 2 144115188075857222 1 902 1 0 


prsnt_spyglass_dummy 3 0 2
-60.000000  21 1 1 196 2133 2 1224979098644774912 72057594037927936 1712 1 1224979098644774912 1702 1 1224979098644774912 2096 2 1224979098644774912 0 2124 1 100 2221 1 165 911 2 72057594037927936 223 729 2 1 50 730 2 1 40 926 2 72057594037927936 1 729 2 1 101 730 2 1 100 925 2 72057594037927936 1 4 0 419 0 390 3 4 3 1 5 0 1 3 260 1224979098644774912 1 3 0 902 1 999999 
-61.000000  23 1 1 196 2133 2 1224979098644774912 72057594037927936 1712 1 1224979098644774912 2133 2 1224979098644774913 0 4 0 2147483720 1 7 2133 2 1224979098644774913 1 5 0 1726 3 1224979098644774914 1224979098644774912 0 2147483679 2 1224979098644774914 398 2133 2 1224979098644774913 1 3 0 31 2 1224979098644774913 1 2124 1 100 2221 1 0 2096 2 1224979098644774912 1 4 0 419 0 390 3 4 3 2 5 0 1 3 260 1224979098644774912 2 3 0 902 1 0 


prsnt_drinking 3 0 2
-60.000000  11 1 1 196 2133 2 1224979098644774912 72057594037927936 1712 1 1224979098644774912 1702 1 1224979098644774912 4 0 419 0 390 3 4 19 1 5 0 1 3 264 1224979098644774912 1 3 0 902 1 999999 
-61.000000  21 1 1 196 2133 2 1224979098644774912 72057594037927936 1712 1 1224979098644774912 2133 2 1224979098644774913 0 4 0 2147483720 1 7 2133 2 1224979098644774913 1 5 0 1726 3 1224979098644774914 1224979098644774912 0 1 2 263 1224979098644774914 2147483678 2 72057594037927936 0 2133 2 1224979098644774913 1 3 0 31 2 1224979098644774913 1 4 0 419 0 390 3 4 19 2 5 0 1 3 264 1224979098644774912 2 3 0 902 1 0 


prsnt_multiplayer_bonus_icons 3 0 2
-60.000000  37 2370 1 144115188075857360 2106 2 144115188075857360 10 2124 1 1000 2133 2 1224979098644774912 300 2133 2 1224979098644774913 40 911 2 144115188075857361 209 729 2 1 1224979098644774913 730 2 1 1224979098644774912 926 2 144115188075857361 1 947 2 144115188075857361 0 911 2 144115188075857362 210 729 2 1 1224979098644774913 730 2 1 1224979098644774912 926 2 144115188075857362 1 947 2 144115188075857362 0 911 2 144115188075857363 211 729 2 1 1224979098644774913 730 2 1 1224979098644774912 926 2 144115188075857363 1 947 2 144115188075857363 0 911 2 144115188075857364 212 729 2 1 1224979098644774913 730 2 1 1224979098644774912 926 2 144115188075857364 1 947 2 144115188075857364 0 911 2 144115188075857365 213 729 2 1 1224979098644774913 730 2 1 1224979098644774912 926 2 144115188075857365 1 947 2 144115188075857365 0 911 2 144115188075857366 214 729 2 1 1224979098644774913 730 2 1 1224979098644774912 926 2 144115188075857366 1 947 2 144115188075857366 0 902 1 999999 2124 1 100 
-61.000000  214 4 0 31 2 144115188075857341 0 902 1 0 5 0 31 2 144115188075857341 1 4 0 31 2 144115188075857879 0 947 2 144115188075857361 0 947 2 144115188075857362 0 947 2 144115188075857363 0 947 2 144115188075857364 0 947 2 144115188075857365 0 947 2 144115188075857366 0 3 0 31 2 144115188075857879 1 2370 1 1224979098644774912 2106 2 1224979098644774912 144115188075857360 30 2 1224979098644774912 2 2133 2 1224979098644774913 0 2133 2 1224979098644774914 0 2133 2 1224979098644774915 0 2133 2 1224979098644774916 0 2133 2 1224979098644774917 0 2133 2 1224979098644774918 0 4 0 415 1 1224979098644774919 401 1 1224979098644774919 406 2 1224979098644774920 1224979098644774919 1712 1 1224979098644774920 1702 1 1224979098644774920 1718 2 1224979098644774921 1224979098644774920 520 3 1224979098644774922 1224979098644774921 11 520 3 1224979098644774923 1224979098644774921 12 4 0 31 2 144115188075856367 7 2133 2 1224979098644774923 1 3 0 1073741855 2 1224979098644774923 1 1073741855 2 1224979098644774922 14 1073741855 2 1224979098644774922 20 31 2 1224979098644774922 12 1710 2 27 1224979098644774920 1770 2 1224979098644774924 1224979098644774920 2124 1 100 2122 3 1224979098644774925 144115188075857404 150 4 0 31 2 144115188075856367 7 2133 2 1224979098644774925 125000 3 0 2133 2 1224979098644774926 0 2133 2 1224979098644774927 0 2133 2 1224979098644774928 0 2133 2 1224979098644774929 0 2133 2 1224979098644774930 0 12 3 1224979098644774931 27 1224979098644774925 1712 1 1224979098644774931 1702 1 1224979098644774931 1704 1 1224979098644774931 1770 2 1224979098644774932 1224979098644774931 31 2 1224979098644774932 1224979098644774924 2133 2 1224979098644774933 1 4 0 31 2 144115188075856367 7 1765 2 1224979098644774934 1224979098644774931 2147483679 2 1224979098644774919 1224979098644774934 2133 2 1224979098644774933 0 3 0 31 2 1224979098644774933 1 1718 2 1224979098644774935 1224979098644774931 520 3 1224979098644774936 1224979098644774935 12 1710 2 4 1224979098644774931 711 3 1224979098644774937 4 27 2133 2 1224979098644774938 144115188075857404 520 3 1224979098644774939 1224979098644774935 11 4 0 31 2 144115188075856367 7 2133 2 1224979098644774938 125000 5 0 31 2 1224979098644774939 14 1073741855 2 1224979098644774936 5 1073741855 2 1224979098644774936 3 31 2 1224979098644774936 2 2107 2 1224979098644774938 12 2108 2 1224979098644774938 10 5 0 31 2 1224979098644774936 6 2107 2 1224979098644774938 15 2108 2 1224979098644774938 10 3 0 2147483680 2 1224979098644774937 1224979098644774938 1073741855 2 1224979098644774939 1224979098644774922 31 2 1224979098644774936 6 4 0 31 2 1224979098644774936 5 2105 2 1224979098644774926 1 5 0 31 2 1224979098644774936 2 1 2 202 1224979098644774931 2105 2 1224979098644774929 1 5 0 31 2 1224979098644774936 6 2105 2 1224979098644774930 1 5 0 1726 3 1224979098644774940 1224979098644774931 0 30 2 1224979098644774940 0 547 3 1224979098644774940 1 8 2105 2 1224979098644774927 1 5 0 31 2 1224979098644774936 3 2105 2 1224979098644774928 1 3 0 3 0 4 0 32 2 1224979098644774926 0 4 0 1073741855 2 1224979098644774922 10 31 2 1224979098644774922 12 31 2 1224979098644774923 1 2133 2 1224979098644774914 1 5 0 31 2 1224979098644774922 14 1714 2 1224979098644774941 1224979098644774920 32 2 1224979098644774941 -1 2133 2 1224979098644774915 1 5 0 31 2 1224979098644774922 20 2133 2 1224979098644774917 1 3 0 3 0 4 0 1073741856 2 1224979098644774927 0 32 2 1224979098644774928 0 4 0 1073741855 2 1224979098644774922 10 31 2 1224979098644774922 14 31 2 1224979098644774923 1 2133 2 1224979098644774913 1 3 0 4 0 31 2 1224979098644774922 12 2133 2 1224979098644774915 1 3 0 3 0 4 0 32 2 1224979098644774929 0 4 0 1073741855 2 1224979098644774922 10 31 2 1224979098644774922 12 31 2 1224979098644774923 1 2133 2 1224979098644774916 1 5 0 31 2 1224979098644774922 14 31 2 1224979098644774923 1 2133 2 1224979098644774913 1 3 0 3 0 4 0 32 2 1224979098644774930 0 1073741855 2 1224979098644774913 1 1073741855 2 1224979098644774914 1 1073741855 2 1224979098644774915 1 1073741855 2 1224979098644774916 1 31 2 1224979098644774917 1 2133 2 1224979098644774918 1 3 0 3 0 2124 1 1000 730 2 5 650 2133 2 1224979098644774942 85 2133 2 1224979098644774943 65 947 2 144115188075857361 1224979098644774913 4 0 31 2 1224979098644774913 1 729 2 5 1224979098644774942 926 2 144115188075857361 5 2105 2 1224979098644774942 1224979098644774943 3 0 947 2 144115188075857362 1224979098644774914 4 0 31 2 1224979098644774914 1 729 2 5 1224979098644774942 926 2 144115188075857362 5 2105 2 1224979098644774942 1224979098644774943 3 0 947 2 144115188075857363 1224979098644774915 4 0 31 2 1224979098644774915 1 729 2 5 1224979098644774942 926 2 144115188075857363 5 2105 2 1224979098644774942 1224979098644774943 3 0 947 2 144115188075857364 1224979098644774916 4 0 31 2 1224979098644774916 1 729 2 5 1224979098644774942 926 2 144115188075857364 5 2105 2 1224979098644774942 1224979098644774943 3 0 947 2 144115188075857365 1224979098644774917 4 0 31 2 1224979098644774917 1 729 2 5 1224979098644774942 926 2 144115188075857365 5 2105 2 1224979098644774942 1224979098644774943 3 0 947 2 144115188075857366 1224979098644774918 4 0 31 2 1224979098644774918 1 729 2 5 1224979098644774942 926 2 144115188075857366 5 3 0 2124 1 100 2370 1 144115188075857360 3 0 


prsnt_multiplayer_artillery_icons 3 0 2
-60.000000  19 2124 1 1000 911 2 144115188075857367 215 911 2 144115188075857368 216 911 2 144115188075857369 217 911 2 144115188075857370 218 911 2 144115188075857371 219 729 2 1 250 730 2 1 250 925 2 144115188075857367 1 925 2 144115188075857368 1 925 2 144115188075857369 1 925 2 144115188075857370 1 925 2 144115188075857371 1 947 2 144115188075857367 0 947 2 144115188075857368 0 947 2 144115188075857369 0 947 2 144115188075857370 0 947 2 144115188075857371 0 902 1 999999 
-61.000000  317 2124 1 1000 4 0 1 1 196 2133 2 1224979098644774912 72057594037927936 1712 1 1224979098644774912 1702 1 1224979098644774912 1718 2 1224979098644774913 1224979098644774912 32 2 1224979098644774913 -1 31 2 144115188075857880 1 520 3 1224979098644774914 1224979098644774913 10 1073741855 2 1224979098644774914 21 1073741855 2 1224979098644774914 24 1073741855 2 1224979098644774914 29 31 2 1224979098644774914 25 1710 2 17 1224979098644774912 4 0 1073741855 2 1224979098644774914 24 1073741855 2 1224979098644774914 29 31 2 1224979098644774914 25 4 0 2133 2 1224979098644774915 1 7 3 1224979098644774916 0 4 1804 3 1224979098644774917 1224979098644774912 1224979098644774916 32 2 1224979098644774917 -1 33 3 1224979098644774917 163 167 2133 2 1224979098644774915 0 3 0 31 2 1224979098644774915 1 2133 2 1224979098644774918 -1 2133 2 1224979098644774919 500 16 3 1224979098644774920 1525 11 1850 2 1 1224979098644774920 710 3 1224979098644774921 1 17 2147483678 2 1224979098644774921 1224979098644774919 2133 2 1224979098644774919 1224979098644774921 2133 2 1224979098644774918 1224979098644774920 3 0 16 3 1224979098644774920 1526 11 1850 2 1 1224979098644774920 710 3 1224979098644774921 1 17 2147483678 2 1224979098644774921 1224979098644774919 2133 2 1224979098644774919 1224979098644774921 2133 2 1224979098644774918 1224979098644774920 3 0 16 3 1224979098644774920 1527 11 1850 2 1 1224979098644774920 710 3 1224979098644774921 1 17 2147483678 2 1224979098644774921 1224979098644774919 2133 2 1224979098644774919 1224979098644774921 2133 2 1224979098644774918 1224979098644774920 3 0 16 3 1224979098644774920 1528 11 1850 2 1 1224979098644774920 710 3 1224979098644774921 1 17 2147483678 2 1224979098644774921 1224979098644774919 2133 2 1224979098644774919 1224979098644774921 2133 2 1224979098644774918 1224979098644774920 3 0 16 3 1224979098644774920 1529 11 1850 2 1 1224979098644774920 710 3 1224979098644774921 1 17 2147483678 2 1224979098644774921 1224979098644774919 2133 2 1224979098644774919 1224979098644774921 2133 2 1224979098644774918 1224979098644774920 3 0 4 0 32 2 1224979098644774918 -1 1850 2 1 1224979098644774918 722 3 1 20 1 750 2 5 1 726 2 1224979098644774922 5 727 2 1224979098644774923 5 730 2 5 1224979098644774923 33 3 1224979098644774922 -100 1100 33 3 1224979098644774923 -100 850 926 2 144115188075857367 5 947 2 144115188075857367 1 5 0 947 2 144115188075857367 0 3 0 5 0 947 2 144115188075857367 0 3 0 4 0 2133 2 1224979098644774915 0 7 3 1224979098644774916 0 4 1804 3 1224979098644774917 1224979098644774912 1224979098644774916 32 2 1224979098644774917 -1 33 3 1224979098644774917 163 167 2133 2 1224979098644774915 1 3 0 31 2 1224979098644774915 1 2133 2 1224979098644774918 -1 2133 2 1224979098644774919 500 16 3 1224979098644774920 1517 11 1850 2 1 1224979098644774920 710 3 1224979098644774921 1 17 2147483678 2 1224979098644774921 1224979098644774919 2133 2 1224979098644774919 1224979098644774921 2133 2 1224979098644774918 1224979098644774920 3 0 16 3 1224979098644774920 1518 11 1850 2 1 1224979098644774920 710 3 1224979098644774921 1 17 2147483678 2 1224979098644774921 1224979098644774919 2133 2 1224979098644774919 1224979098644774921 2133 2 1224979098644774918 1224979098644774920 3 0 4 0 32 2 1224979098644774918 -1 1850 2 1 1224979098644774918 722 3 1 20 1 750 2 5 1 726 2 1224979098644774922 5 727 2 1224979098644774923 5 730 2 5 1224979098644774923 33 3 1224979098644774922 -100 1100 33 3 1224979098644774923 -100 850 926 2 144115188075857368 5 947 2 144115188075857368 1 5 0 947 2 144115188075857368 0 3 0 5 0 947 2 144115188075857368 0 3 0 4 0 2133 2 1224979098644774915 0 7 3 1224979098644774916 0 4 1804 3 1224979098644774917 1224979098644774912 1224979098644774916 32 2 1224979098644774917 -1 31 2 1224979098644774917 396 2133 2 1224979098644774915 1 3 0 31 2 1224979098644774915 1 2133 2 1224979098644774918 -1 2133 2 1224979098644774919 500 16 3 1224979098644774920 1520 11 1850 2 1 1224979098644774920 710 3 1224979098644774921 1 17 2147483678 2 1224979098644774921 1224979098644774919 2133 2 1224979098644774919 1224979098644774921 2133 2 1224979098644774918 1224979098644774920 3 0 4 0 32 2 1224979098644774918 -1 1850 2 1 1224979098644774918 722 3 1 20 1 750 2 5 1 726 2 1224979098644774922 5 727 2 1224979098644774923 5 730 2 5 1224979098644774923 33 3 1224979098644774922 -100 1100 33 3 1224979098644774923 -100 850 926 2 144115188075857369 5 947 2 144115188075857369 1 5 0 947 2 144115188075857369 0 3 0 5 0 947 2 144115188075857369 0 3 0 4 0 2133 2 1224979098644774918 -1 2133 2 1224979098644774919 500 16 3 1224979098644774920 1521 11 1850 2 1 1224979098644774920 710 3 1224979098644774921 1 17 2147483678 2 1224979098644774921 1224979098644774919 2133 2 1224979098644774919 1224979098644774921 2133 2 1224979098644774918 1224979098644774920 3 0 16 3 1224979098644774920 1522 11 1850 2 1 1224979098644774920 710 3 1224979098644774921 1 17 2147483678 2 1224979098644774921 1224979098644774919 2133 2 1224979098644774919 1224979098644774921 2133 2 1224979098644774918 1224979098644774920 3 0 16 3 1224979098644774920 1523 11 1850 2 1 1224979098644774920 710 3 1224979098644774921 1 17 2147483678 2 1224979098644774921 1224979098644774919 2133 2 1224979098644774919 1224979098644774921 2133 2 1224979098644774918 1224979098644774920 3 0 16 3 1224979098644774920 1524 11 1850 2 1 1224979098644774920 710 3 1224979098644774921 1 17 2147483678 2 1224979098644774921 1224979098644774919 2133 2 1224979098644774919 1224979098644774921 2133 2 1224979098644774918 1224979098644774920 3 0 4 0 32 2 1224979098644774918 -1 1850 2 1 1224979098644774918 722 3 1 50 1 750 2 5 1 726 2 1224979098644774922 5 727 2 1224979098644774923 5 730 2 5 1224979098644774923 33 3 1224979098644774922 -100 1100 33 3 1224979098644774923 -100 850 926 2 144115188075857370 5 947 2 144115188075857370 1 5 0 947 2 144115188075857370 0 3 0 5 0 947 2 144115188075857370 0 3 0 4 0 1768 3 1224979098644774924 1224979098644774912 0 2147483679 2 1224979098644774924 509 2133 2 1224979098644774918 -1 2133 2 1224979098644774919 500 16 3 1224979098644774920 1516 11 1850 2 1 1224979098644774920 710 3 1224979098644774921 1 17 2147483678 2 1224979098644774921 1224979098644774919 2133 2 1224979098644774919 1224979098644774921 2133 2 1224979098644774918 1224979098644774920 3 0 4 0 32 2 1224979098644774918 -1 1850 2 1 1224979098644774918 722 3 1 20 1 750 2 5 1 726 2 1224979098644774922 5 727 2 1224979098644774923 5 730 2 5 1224979098644774923 33 3 1224979098644774922 -100 1100 33 3 1224979098644774923 -100 850 926 2 144115188075857371 5 947 2 144115188075857371 1 5 0 947 2 144115188075857371 0 3 0 5 0 947 2 144115188075857371 0 3 0 5 0 31 2 1224979098644774914 21 4 0 2133 2 1224979098644774915 0 7 3 1224979098644774916 0 4 1804 3 1224979098644774917 1224979098644774912 1224979098644774916 32 2 1224979098644774917 -1 31 1 167 2133 2 1224979098644774915 1 3 0 31 2 1224979098644774915 1 2133 2 1224979098644774918 -1 2133 2 1224979098644774919 500 16 3 1224979098644774920 1519 11 1850 2 1 1224979098644774920 710 3 1224979098644774921 1 17 2147483678 2 1224979098644774921 1224979098644774919 2133 2 1224979098644774919 1224979098644774921 2133 2 1224979098644774918 1224979098644774920 3 0 4 0 32 2 1224979098644774918 -1 1850 2 1 1224979098644774918 722 3 1 20 1 750 2 5 1 726 2 1224979098644774922 5 727 2 1224979098644774923 5 730 2 5 1224979098644774923 33 3 1224979098644774922 -100 1100 33 3 1224979098644774923 -100 850 926 2 144115188075857368 5 947 2 144115188075857368 1 5 0 947 2 144115188075857368 0 3 0 5 0 947 2 144115188075857368 0 3 0 4 0 1768 3 1224979098644774924 1224979098644774912 0 2147483679 2 1224979098644774924 509 2133 2 1224979098644774918 -1 2133 2 1224979098644774919 500 16 3 1224979098644774920 1516 11 1850 2 1 1224979098644774920 710 3 1224979098644774921 1 17 2147483678 2 1224979098644774921 1224979098644774919 2133 2 1224979098644774919 1224979098644774921 2133 2 1224979098644774918 1224979098644774920 3 0 4 0 32 2 1224979098644774918 -1 1850 2 1 1224979098644774918 722 3 1 20 1 750 2 5 1 726 2 1224979098644774922 5 727 2 1224979098644774923 5 730 2 5 1224979098644774923 33 3 1224979098644774922 -100 1100 33 3 1224979098644774923 -100 850 926 2 144115188075857371 5 947 2 144115188075857371 1 5 0 947 2 144115188075857371 0 3 0 5 0 947 2 144115188075857371 0 3 0 3 0 5 0 947 2 144115188075857367 0 947 2 144115188075857368 0 947 2 144115188075857369 0 947 2 144115188075857370 0 947 2 144115188075857371 0 3 0 


prsnt_multiplayer_medic_icons 3 0 2
-60.000000  39 911 2 144115188075857557 220 911 2 144115188075857558 220 911 2 144115188075857559 220 911 2 144115188075857560 220 911 2 144115188075857561 220 911 2 144115188075857562 220 911 2 144115188075857563 220 911 2 144115188075857564 220 911 2 144115188075857565 220 911 2 144115188075857566 220 911 2 144115188075857567 221 2124 1 1000 729 2 1 400 730 2 1 500 925 2 144115188075857557 1 925 2 144115188075857558 1 925 2 144115188075857559 1 925 2 144115188075857560 1 925 2 144115188075857561 1 925 2 144115188075857562 1 925 2 144115188075857563 1 925 2 144115188075857564 1 925 2 144115188075857565 1 925 2 144115188075857566 1 925 2 144115188075857567 1 947 2 144115188075857557 0 947 2 144115188075857558 0 947 2 144115188075857559 0 947 2 144115188075857560 0 947 2 144115188075857561 0 947 2 144115188075857562 0 947 2 144115188075857563 0 947 2 144115188075857564 0 947 2 144115188075857565 0 947 2 144115188075857566 0 947 2 144115188075857567 0 2133 2 144115188075857568 0 2133 2 144115188075857569 -1 902 1 999999 
-61.000000  162 2124 1 1000 2133 2 1224979098644774912 1 2133 2 1224979098644774913 0 415 1 1224979098644774914 4 0 401 1 1224979098644774914 406 2 1224979098644774915 1224979098644774914 1712 1 1224979098644774915 1702 1 1224979098644774915 1710 2 2 1224979098644774915 1770 2 1224979098644774916 1224979098644774915 31 2 144115188075857881 1 1718 2 1224979098644774917 1224979098644774915 4 0 540 3 1224979098644774917 10 23 12 3 1224979098644774918 2 10000 2147483678 2 1224979098644774912 10 2147483679 2 1224979098644774915 1224979098644774918 1712 1 1224979098644774918 1702 1 1224979098644774918 1704 1 1224979098644774918 1770 2 1224979098644774919 1224979098644774918 31 2 1224979098644774919 1224979098644774916 1720 3 1224979098644774920 1224979098644774918 0 2147483678 2 1224979098644774920 100 525 3 1224979098644774921 1224979098644774918 28 2147483678 2 1224979098644774921 144115188075857680 1710 2 1 1224979098644774918 722 3 1 220 1 4 0 1714 2 1224979098644774922 1224979098644774918 1712 1 1224979098644774922 1702 1 1224979098644774922 722 3 1 100 1 3 0 750 2 5 1 726 2 1224979098644774923 5 727 2 1224979098644774924 5 2105 2 1224979098644774923 -1 720 3 5 -1 1 33 3 1224979098644774923 -100 1100 33 3 1224979098644774924 -100 850 4 0 31 2 1224979098644774912 1 926 2 144115188075857557 5 947 2 144115188075857557 1 5 0 31 2 1224979098644774912 2 926 2 144115188075857558 5 947 2 144115188075857558 1 5 0 31 2 1224979098644774912 3 926 2 144115188075857559 5 947 2 144115188075857559 1 5 0 31 2 1224979098644774912 4 926 2 144115188075857560 5 947 2 144115188075857560 1 5 0 31 2 1224979098644774912 5 926 2 144115188075857561 5 947 2 144115188075857561 1 5 0 31 2 1224979098644774912 6 926 2 144115188075857562 5 947 2 144115188075857562 1 5 0 31 2 1224979098644774912 7 926 2 144115188075857563 5 947 2 144115188075857563 1 5 0 31 2 1224979098644774912 8 926 2 144115188075857564 5 947 2 144115188075857564 1 5 0 31 2 1224979098644774912 9 926 2 144115188075857565 5 947 2 144115188075857565 1 5 0 31 2 1224979098644774912 10 926 2 144115188075857566 5 947 2 144115188075857566 1 3 0 2105 2 1224979098644774912 1 3 0 3 0 4 0 1720 3 1224979098644774920 1224979098644774915 0 2147483678 2 1224979098644774920 100 525 3 1224979098644774921 1224979098644774915 28 2147483678 2 1224979098644774921 144115188075857680 2370 1 1224979098644774925 2121 3 1224979098644774926 1224979098644774925 144115188075857568 4 0 32 2 1224979098644774926 1 2133 2 1224979098644774927 0 2133 2 1224979098644774928 999999999 12 3 1224979098644774918 2 10000 2147483679 2 1224979098644774915 1224979098644774918 1712 1 1224979098644774918 1702 1 1224979098644774918 1704 1 1224979098644774918 1770 2 1224979098644774919 1224979098644774918 31 2 1224979098644774919 1224979098644774916 1718 2 1224979098644774917 1224979098644774918 540 3 1224979098644774917 10 23 1710 2 1 1224979098644774918 710 3 1224979098644774929 1 2 2147483678 2 1224979098644774929 1224979098644774928 2133 2 1224979098644774928 1224979098644774929 2133 2 1224979098644774927 1 2133 2 144115188075857569 1224979098644774918 3 0 31 2 1224979098644774927 0 2133 2 144115188075857569 -1 3 0 32 2 144115188075857569 -1 722 3 1 220 1 4 0 1714 2 1224979098644774922 1224979098644774918 1712 1 1224979098644774922 1702 1 1224979098644774922 722 3 1 100 1 3 0 750 2 5 1 726 2 1224979098644774923 5 727 2 1224979098644774924 5 2105 2 1224979098644774923 -1 720 3 5 -1 1 33 3 1224979098644774923 -100 1100 33 3 1224979098644774924 -100 850 926 2 144115188075857567 5 947 2 144115188075857567 1 2133 2 1224979098644774913 1 3 0 3 0 4 0 2147483680 2 1224979098644774912 10 947 2 144115188075857566 0 2147483680 2 1224979098644774912 9 947 2 144115188075857565 0 2147483680 2 1224979098644774912 8 947 2 144115188075857564 0 2147483680 2 1224979098644774912 7 947 2 144115188075857563 0 2147483680 2 1224979098644774912 6 947 2 144115188075857562 0 2147483680 2 1224979098644774912 5 947 2 144115188075857561 0 2147483680 2 1224979098644774912 4 947 2 144115188075857560 0 2147483680 2 1224979098644774912 3 947 2 144115188075857559 0 2147483680 2 1224979098644774912 2 947 2 144115188075857558 0 2147483680 2 1224979098644774912 1 947 2 144115188075857557 0 3 0 4 0 31 2 1224979098644774913 0 947 2 144115188075857567 0 3 0 


prsnt_multiplayer_beacon_player 3 0 2
-60.000000  50 2124 1 1000 729 2 1 250 730 2 1 250 458 2 1224979098644774912 0 458 2 1224979098644774913 1 529 3 1224979098644774914 0 2 529 3 1224979098644774915 1 2 1 2 404 1224979098644774912 2133 2 1224979098644774916 72057594037927936 911 2 144115188075857372 1224979098644774916 911 2 144115188075857373 1224979098644774916 925 2 144115188075857372 1 925 2 144115188075857373 1 947 2 144115188075857372 0 947 2 144115188075857373 0 4 0 32 2 1224979098644774914 0 1 2 404 1224979098644774914 2133 2 1224979098644774916 72057594037927936 911 2 144115188075857570 1224979098644774916 911 2 144115188075857571 1224979098644774916 925 2 144115188075857570 1 925 2 144115188075857571 1 947 2 144115188075857570 0 947 2 144115188075857571 0 3 0 1 2 404 1224979098644774913 2133 2 1224979098644774916 72057594037927936 4 0 31 2 1224979098644774913 1224979098644774912 2133 2 1224979098644774916 189 3 0 911 2 144115188075857374 1224979098644774916 911 2 144115188075857375 1224979098644774916 925 2 144115188075857374 1 925 2 144115188075857375 1 947 2 144115188075857374 0 947 2 144115188075857375 0 4 0 32 2 1224979098644774915 0 1 2 404 1224979098644774915 2133 2 1224979098644774916 72057594037927936 911 2 144115188075857572 1224979098644774916 911 2 144115188075857573 1224979098644774916 925 2 144115188075857572 1 925 2 144115188075857573 1 947 2 144115188075857572 0 947 2 144115188075857573 0 3 0 902 1 999999 
-61.000000  181 2124 1 1000 4 0 31 2 144115188075857574 1 2133 2 144115188075857574 0 902 1 0 900 1 50 3 0 415 1 1224979098644774912 4 0 401 1 144115188075857292 2147483679 2 144115188075857292 1224979098644774912 406 2 1224979098644774913 144115188075857292 1712 1 1224979098644774913 1702 1 1224979098644774913 31 2 144115188075857882 1 525 2 1224979098644774914 1224979098644774913 2121 3 1224979098644774915 15 1 2173 2 1224979098644774916 1224979098644774914 4 0 32 2 1224979098644774916 15 2106 2 1224979098644774916 1224979098644774915 3 0 1710 2 1 1224979098644774913 722 3 1 220 1 750 2 5 1 726 2 1224979098644774917 5 727 2 1224979098644774918 5 730 2 5 1224979098644774918 33 3 1224979098644774917 -100 1100 33 3 1224979098644774918 -100 850 458 2 1224979098644774919 0 529 3 1224979098644774920 0 2 4 0 31 2 1224979098644774916 1224979098644774919 926 2 144115188075857372 5 947 2 144115188075857372 1 4 0 32 2 1224979098644774920 0 947 2 144115188075857570 0 3 0 5 0 926 2 144115188075857570 5 947 2 144115188075857570 1 947 2 144115188075857372 0 3 0 5 0 947 2 144115188075857372 0 529 3 1224979098644774920 0 2 4 0 32 2 1224979098644774920 0 947 2 144115188075857570 0 3 0 3 0 4 0 401 1 144115188075857293 2147483679 2 144115188075857293 1224979098644774912 406 2 1224979098644774913 144115188075857293 1712 1 1224979098644774913 1702 1 1224979098644774913 31 2 144115188075857882 1 1718 2 1224979098644774914 1224979098644774913 2121 3 1224979098644774915 15 1 2173 2 1224979098644774916 1224979098644774914 4 0 32 2 1224979098644774916 15 2106 2 1224979098644774916 1224979098644774915 3 0 1710 2 1 1224979098644774913 722 3 1 220 1 750 2 5 1 726 2 1224979098644774917 5 727 2 1224979098644774918 5 730 2 5 1224979098644774918 33 3 1224979098644774917 -100 1100 33 3 1224979098644774918 -100 850 458 2 1224979098644774921 1 529 3 1224979098644774922 1 2 4 0 31 2 1224979098644774916 1224979098644774921 926 2 144115188075857374 5 947 2 144115188075857374 1 4 0 32 2 1224979098644774922 0 947 2 144115188075857572 0 3 0 5 0 926 2 144115188075857572 5 947 2 144115188075857572 1 947 2 144115188075857374 0 3 0 5 0 947 2 144115188075857374 0 4 0 529 3 1224979098644774922 1 2 32 2 1224979098644774922 0 947 2 144115188075857572 0 3 0 3 0 4 0 401 1 144115188075857409 2147483679 2 144115188075857409 1224979098644774912 406 2 1224979098644774913 144115188075857409 1712 1 1224979098644774913 1702 1 1224979098644774913 1718 2 1224979098644774914 1224979098644774913 2121 3 1224979098644774915 15 1 2173 2 1224979098644774916 1224979098644774914 4 0 32 2 1224979098644774916 15 2106 2 1224979098644774916 1224979098644774915 3 0 1770 2 1224979098644774923 1224979098644774913 1710 2 1 1224979098644774913 722 3 1 220 1 750 2 5 1 726 2 1224979098644774917 5 727 2 1224979098644774918 5 730 2 5 1224979098644774918 33 3 1224979098644774917 -100 1100 33 3 1224979098644774918 -100 850 4 0 31 2 1224979098644774923 0 458 2 1224979098644774919 0 529 3 1224979098644774920 0 2 4 0 31 2 1224979098644774916 1224979098644774919 926 2 144115188075857373 5 947 2 144115188075857373 1 4 0 32 2 1224979098644774920 0 947 2 144115188075857571 0 3 0 5 0 926 2 144115188075857571 5 947 2 144115188075857571 1 947 2 144115188075857373 0 3 0 947 2 144115188075857375 0 529 3 1224979098644774922 1 2 4 0 32 2 1224979098644774922 0 947 2 144115188075857573 0 3 0 5 0 31 2 1224979098644774923 1 458 2 1224979098644774921 1 529 3 1224979098644774922 1 2 4 0 31 2 1224979098644774916 1224979098644774921 926 2 144115188075857375 5 947 2 144115188075857375 1 4 0 32 2 1224979098644774922 0 947 2 144115188075857573 0 3 0 5 0 926 2 144115188075857573 5 947 2 144115188075857573 1 947 2 144115188075857375 0 3 0 947 2 144115188075857373 0 529 3 1224979098644774920 0 2 4 0 32 2 1224979098644774920 0 947 2 144115188075857571 0 3 0 3 0 5 0 947 2 144115188075857373 0 947 2 144115188075857375 0 529 3 1224979098644774920 0 2 529 3 1224979098644774922 1 2 4 0 32 2 1224979098644774920 0 947 2 144115188075857571 0 3 0 4 0 32 2 1224979098644774922 0 947 2 144115188075857573 0 3 0 3 0 


prsnt_custom_order_menu 3 0 2
-60.000000  113 2124 1 1000 2133 2 144115188075857575 1 2133 2 144115188075857576 0 2133 2 144115188075857577 -1 2133 2 144115188075857578 -1 2133 2 144115188075857579 -1 2133 2 144115188075857580 -1 2133 2 144115188075857581 -1 2133 2 144115188075857582 -1 2133 2 144115188075857583 -1 2133 2 144115188075857584 -1 2133 2 144115188075857585 -1 2133 2 144115188075857586 -1 2133 2 144115188075857587 -1 4 0 32 2 72057594037927998 10 2133 2 72057594037927998 10 3 0 2133 2 144115188075857588 72057594037927997 2133 2 144115188075857589 72057594037927998 701 1 0 2133 2 1224979098644774912 300 2133 2 1224979098644774913 22 701 1 0 730 2 0 1224979098644774912 910 2 144115188075857577 61 921 2 144115188075857577 16777215 926 2 144115188075857577 0 922 2 144115188075857577 255 6 3 1224979098644774914 0 144115188075857589 2120 3 1224979098644774915 1224979098644774914 1 701 1 0 911 2 1224979098644774916 224 922 2 1224979098644774916 255 2121 3 1224979098644774917 144115188075857589 1224979098644774915 2122 3 1224979098644774918 1224979098644774913 1224979098644774917 2105 2 1224979098644774918 1224979098644774912 730 2 0 1224979098644774918 926 2 1224979098644774916 0 4 0 31 2 1224979098644774915 1 2133 2 144115188075857578 1224979098644774916 5 0 31 2 1224979098644774915 2 2133 2 144115188075857579 1224979098644774916 5 0 31 2 1224979098644774915 3 2133 2 144115188075857580 1224979098644774916 5 0 31 2 1224979098644774915 4 2133 2 144115188075857581 1224979098644774916 5 0 31 2 1224979098644774915 5 2133 2 144115188075857582 1224979098644774916 5 0 31 2 1224979098644774915 6 2133 2 144115188075857583 1224979098644774916 5 0 31 2 1224979098644774915 7 2133 2 144115188075857584 1224979098644774916 5 0 31 2 1224979098644774915 8 2133 2 144115188075857585 1224979098644774916 5 0 31 2 1224979098644774915 9 2133 2 144115188075857586 1224979098644774916 5 0 31 2 1224979098644774915 10 2133 2 144115188075857587 1224979098644774916 3 0 3 0 902 1 999999 77 1 1 4 0 32 2 144115188075857589 0 77 1 2 3 0 4 0 32 2 144115188075857589 1 77 1 3 3 0 4 0 32 2 144115188075857589 2 77 1 4 3 0 4 0 32 2 144115188075857589 3 77 1 5 3 0 4 0 32 2 144115188075857589 4 77 1 6 3 0 4 0 32 2 144115188075857589 5 77 1 7 3 0 4 0 32 2 144115188075857589 6 77 1 8 3 0 4 0 32 2 144115188075857589 7 77 1 9 3 0 4 0 32 2 144115188075857589 8 77 1 10 3 0 4 0 32 2 144115188075857589 9 77 1 11 3 0 
-61.000000  98 4 0 31 2 144115188075857576 1 78 0 902 1 0 2133 2 144115188075857575 0 5 0 31 2 144115188075857575 1 2133 2 1224979098644774912 -1 4 0 32 2 144115188075857589 0 71 1 2 2133 2 1224979098644774912 1 5 0 32 2 144115188075857589 1 71 1 3 2133 2 1224979098644774912 2 5 0 32 2 144115188075857589 2 71 1 4 2133 2 1224979098644774912 3 5 0 32 2 144115188075857589 3 71 1 5 2133 2 1224979098644774912 4 5 0 32 2 144115188075857589 4 71 1 6 2133 2 1224979098644774912 5 5 0 32 2 144115188075857589 5 71 1 7 2133 2 1224979098644774912 6 5 0 32 2 144115188075857589 6 71 1 8 2133 2 1224979098644774912 7 5 0 32 2 144115188075857589 7 71 1 9 2133 2 1224979098644774912 8 5 0 32 2 144115188075857589 8 71 1 10 2133 2 1224979098644774912 9 5 0 32 2 144115188075857589 9 71 1 11 2133 2 1224979098644774912 10 5 0 71 1 1 2133 2 1224979098644774912 99 3 0 2147483679 2 1224979098644774912 -1 2133 2 144115188075857575 0 6 3 1224979098644774913 0 144115188075857589 2120 3 1224979098644774914 1224979098644774913 1 4 0 31 2 1224979098644774914 1 2133 2 1224979098644774915 144115188075857578 5 0 31 2 1224979098644774914 2 2133 2 1224979098644774915 144115188075857579 5 0 31 2 1224979098644774914 3 2133 2 1224979098644774915 144115188075857580 5 0 31 2 1224979098644774914 4 2133 2 1224979098644774915 144115188075857581 5 0 31 2 1224979098644774914 5 2133 2 1224979098644774915 144115188075857582 5 0 31 2 1224979098644774914 6 2133 2 1224979098644774915 144115188075857583 5 0 31 2 1224979098644774914 7 2133 2 1224979098644774915 144115188075857584 5 0 31 2 1224979098644774914 8 2133 2 1224979098644774915 144115188075857585 5 0 31 2 1224979098644774914 9 2133 2 1224979098644774915 144115188075857586 5 0 31 2 1224979098644774914 10 2133 2 1224979098644774915 144115188075857587 3 0 4 0 31 2 1224979098644774912 1224979098644774914 933 3 1224979098644774915 1000 0 5 0 933 3 1224979098644774915 100 0 3 0 3 0 933 3 144115188075857577 1000 0 391 4 4 20 144115188075857588 1224979098644774912 78 0 902 1 1000 


prsnt_new_order_stuff 3 0 2
-60.000000  22 2124 1 1000 2133 2 144115188075857223 0 2133 2 144115188075857224 0 910 2 144115188075857225 1585267068834414616 910 2 144115188075857226 1585267068834414617 910 2 144115188075857227 1585267068834414618 910 2 144115188075857228 1585267068834414619 921 2 144115188075857225 16711680 921 2 144115188075857226 16711680 921 2 144115188075857227 16711680 921 2 144115188075857228 16711680 729 2 1 100 730 2 1 500 926 2 144115188075857225 1 926 2 144115188075857226 1 926 2 144115188075857227 1 926 2 144115188075857228 1 922 2 144115188075857225 255 922 2 144115188075857226 0 922 2 144115188075857227 0 922 2 144115188075857228 0 902 1 999999 
-61.000000  168 2071 1 1224979098644774912 2121 3 1224979098644774913 1224979098644774912 144115188075857224 32 2 1224979098644774913 500 2133 2 1224979098644774914 0 4 0 71 1 62 2147483679 2 144115188075857223 1 4 0 31 2 144115188075857223 0 922 2 144115188075857225 0 922 2 144115188075857226 255 2133 2 144115188075857223 1 2133 2 144115188075857224 1224979098644774912 5 0 31 2 144115188075857223 2 1 4 233 1 0 0 2133 2 1224979098644774914 1 5 0 31 2 144115188075857223 3 1 4 233 2 0 0 2133 2 1224979098644774914 1 3 0 5 0 70 1 62 4 0 31 2 144115188075857223 1 2124 1 1000 1700 1 1224979098644774915 1709 2 23 1224979098644774915 2133 2 1224979098644774916 1 722 3 23 180 1 6 3 1224979098644774917 0 1224979098644774916 721 3 23 5 0 793 2 1224979098644774918 23 32 2 1224979098644774918 10 2105 2 1224979098644774916 1 32 2 1224979098644774916 10000 2133 2 1224979098644774916 0 3 0 1855 2 144115188075857108 23 1813 2 144115188075857108 1 2124 1 100 3 0 5 0 31 2 144115188075857223 1 2147483718 1 62 1812 2 1224979098644774919 144115188075857108 31 2 1224979098644774919 1 1 4 233 0 0 0 1813 2 144115188075857108 0 2133 2 1224979098644774914 1 5 0 71 1 63 4 0 31 2 144115188075857223 0 922 2 144115188075857225 0 922 2 144115188075857227 255 2133 2 144115188075857223 2 2133 2 144115188075857224 1224979098644774912 5 0 31 2 144115188075857223 1 1 4 233 0 1 0 2133 2 1224979098644774914 1 5 0 31 2 144115188075857223 2 1 4 233 1 1 0 2133 2 1224979098644774914 1 5 0 31 2 144115188075857223 3 1 4 233 2 1 0 2133 2 1224979098644774914 1 3 0 5 0 71 1 64 4 0 31 2 144115188075857223 0 922 2 144115188075857225 0 922 2 144115188075857228 255 2133 2 144115188075857223 3 2133 2 144115188075857224 1224979098644774912 5 0 31 2 144115188075857223 1 1 4 233 0 2 0 2133 2 1224979098644774914 1 5 0 31 2 144115188075857223 2 1 4 233 1 2 0 2133 2 1224979098644774914 1 5 0 31 2 144115188075857223 3 1 4 233 2 2 0 2133 2 1224979098644774914 1 3 0 5 0 71 1 65 4 0 31 2 144115188075857223 1 1 4 233 0 3 0 2133 2 1224979098644774914 1 5 0 31 2 144115188075857223 2 1 4 233 1 3 0 2133 2 1224979098644774914 1 5 0 31 2 144115188075857223 3 1 4 233 2 3 0 2133 2 1224979098644774914 1 3 0 5 0 71 1 66 4 0 31 2 144115188075857223 1 1 4 233 0 4 0 2133 2 1224979098644774914 1 5 0 31 2 144115188075857223 2 1 4 233 1 4 0 2133 2 1224979098644774914 1 5 0 31 2 144115188075857223 3 1 4 233 2 4 0 2133 2 1224979098644774914 1 3 0 5 0 71 1 67 4 0 31 2 144115188075857223 1 1 4 233 0 5 0 2133 2 1224979098644774914 1 5 0 31 2 144115188075857223 2 1 4 233 1 5 0 2133 2 1224979098644774914 1 3 0 5 0 71 1 68 4 0 31 2 144115188075857223 1 1 4 233 0 6 0 2133 2 1224979098644774914 1 5 0 31 2 144115188075857223 2 1 4 233 1 6 0 2133 2 1224979098644774914 1 3 0 5 0 71 1 87 4 0 31 2 144115188075857223 1 1 4 233 0 7 0 2133 2 1224979098644774914 1 3 0 5 0 71 1 88 4 0 31 2 144115188075857223 1 1 4 233 0 8 0 2133 2 1224979098644774914 1 3 0 5 0 1073741895 1 1 71 1 65 2133 2 1224979098644774914 1 3 0 4 0 31 2 1224979098644774914 1 902 1 0 3 0 


prsnt_singleplayer_progress_counter 3 0 2
-60.000000  13 2124 1 1000 2133 2 144115188075857229 -1 2370 1 144115188075857230 2319 1 0 910 3 144115188075857231 0 98308 921 2 144115188075857231 16777215 729 2 1 20 730 2 1 590 926 2 144115188075857231 1 729 2 1 2000 730 2 1 2000 925 2 144115188075857231 1 902 1 999999 
-61.000000  37 2370 1 1224979098644774912 2147483679 2 1224979098644774912 144115188075857229 2133 2 144115188075857229 1224979098644774912 2124 1 100 4 0 31 2 144115188075857111 1 2121 3 1224979098644774913 1224979098644774912 144115188075857230 2121 3 1224979098644774914 144115188075857113 1224979098644774913 2111 2 1224979098644774914 0 4 0 2147483679 2 144115188075857112 1224979098644774914 2133 2 144115188075857112 1224979098644774914 2123 3 72057594037927936 1224979098644774914 60 2123 3 72057594037927937 1224979098644774914 10 2109 2 72057594037927937 6 2133 2 72057594037927938 1224979098644774914 2109 2 72057594037927938 10 2320 2 0 216172782113784188 920 2 144115188075857231 0 729 2 1 200 730 2 1 200 925 2 144115188075857231 1 3 0 5 0 31 2 144115188075857111 2 32 2 144115188075857114 -1 2133 2 72057594037927936 144115188075857112 2133 2 72057594037927937 144115188075857113 2320 2 0 144115188075857114 920 2 144115188075857231 0 729 2 1 100 730 2 1 100 925 2 144115188075857231 1 5 0 31 2 144115188075857111 -1 902 1 0 3 0 


prsnt_singleplayer_campain_map 0 3 3
-60.000000  117 2124 1 1000 701 1 1 910 2 144115188075857185 1585267068834414620 921 2 144115188075857185 4294967295 701 1 22 729 2 22 10 730 2 22 700 926 2 144115188075857185 22 2133 2 1224979098644774912 700 2133 2 1224979098644774913 850 4 0 31 2 144115188075857086 0 729 2 1 447 730 2 1 377 5 0 30 2 144115188075857086 1 2133 2 1224979098644774912 250 2133 2 1224979098644774913 250 729 2 1 500 730 2 1 417 5 0 2133 2 144115188075857232 -1 3 0 4 0 32 2 144115188075857232 -1 926 2 144115188075857232 1 729 2 1 1224979098644774912 730 2 1 1224979098644774913 925 2 144115188075857232 1 910 3 144115188075857233 1585267068834414621 16 921 2 144115188075857233 0 729 2 1 530 730 2 1 390 926 2 144115188075857233 1 3 0 2133 2 1224979098644774912 700 2133 2 1224979098644774913 850 4 0 31 2 144115188075857086 1 729 2 1 430 730 2 1 430 5 0 30 2 144115188075857086 2 2133 2 1224979098644774912 250 2133 2 1224979098644774913 250 729 2 1 500 730 2 1 490 5 0 2133 2 144115188075857234 -1 3 0 4 0 32 2 144115188075857234 -1 926 2 144115188075857234 1 729 2 1 1224979098644774912 730 2 1 1224979098644774913 925 2 144115188075857234 1 910 3 144115188075857233 1585267068834414622 16 921 2 144115188075857233 0 729 2 1 525 730 2 1 536 926 2 144115188075857233 1 3 0 2133 2 1224979098644774912 700 2133 2 1224979098644774913 850 4 0 31 2 144115188075857086 2 729 2 1 816 730 2 1 470 5 0 30 2 144115188075857086 3 729 2 1 878 730 2 1 572 2133 2 1224979098644774912 250 2133 2 1224979098644774913 250 5 0 2133 2 144115188075857235 -1 3 0 4 0 32 2 144115188075857235 -1 926 2 144115188075857235 1 729 2 1 1224979098644774912 730 2 1 1224979098644774913 925 2 144115188075857235 1 910 3 144115188075857233 1585267068834414623 16 921 2 144115188075857233 0 729 2 1 900 730 2 1 582 926 2 144115188075857233 1 3 0 729 2 1 40 730 2 1 700 926 2 144115188075857236 1 729 2 1 550 730 2 1 600 925 2 144115188075857236 1 940 2 144115188075857237 1585267068834414624 729 2 1 100 730 2 1 30 926 2 144115188075857237 1 729 2 1 200 730 2 1 55 925 2 144115188075857237 1 940 2 144115188075857238 1585267068834414625 729 2 1 460 730 2 1 30 926 2 144115188075857238 1 729 2 1 200 730 2 1 55 925 2 144115188075857238 1 940 2 144115188075857239 1585267068834414626 729 2 1 850 730 2 1 30 926 2 144115188075857239 1 729 2 1 200 730 2 1 55 925 2 144115188075857239 1 902 1 999999 
-62.000000  20 2071 1 1224979098644774912 4 0 31 2 1224979098644774912 144115188075857239 900 1 56 4 0 31 2 144115188075857079 1 902 1 0 3 0 5 0 31 2 1224979098644774912 144115188075857238 900 1 55 4 0 31 2 144115188075857079 1 902 1 0 3 0 5 0 31 2 1224979098644774912 144115188075857237 902 1 0 2060 1 14 3 0 
-61.000000  4 75 1 22 726 2 72057594037927957 22 727 2 72057594037927958 22 920 2 144115188075857185 1585267068834414627 


prsnt_singleplayer_camp_screen 0 3 3
-60.000000  37 2124 1 1000 701 1 1 910 2 144115188075857185 1585267068834414620 921 2 144115188075857185 4294967295 701 1 22 729 2 22 10 730 2 22 700 926 2 144115188075857185 22 940 2 144115188075857240 1585267068834414628 729 2 1 100 730 2 1 30 926 2 144115188075857240 1 729 2 1 200 730 2 1 55 925 2 144115188075857240 1 940 2 144115188075857241 1585267068834414629 729 2 1 350 730 2 1 30 926 2 144115188075857241 1 729 2 1 200 730 2 1 55 925 2 144115188075857241 1 940 2 144115188075857242 1585267068834414630 729 2 1 600 730 2 1 30 926 2 144115188075857242 1 729 2 1 200 730 2 1 55 925 2 144115188075857242 1 940 2 144115188075857243 1585267068834414631 729 2 1 850 730 2 1 30 926 2 144115188075857243 1 729 2 1 200 730 2 1 55 925 2 144115188075857243 1 902 1 999999 
-62.000000  21 2071 1 1224979098644774912 4 0 31 2 1224979098644774912 144115188075857240 900 1 54 5 0 31 2 1224979098644774912 144115188075857241 2133 2 144115188075857091 284 2060 1 12 902 1 0 5 0 31 2 1224979098644774912 144115188075857242 900 1 58 4 0 31 2 144115188075857079 1 902 1 0 3 0 5 0 31 2 1224979098644774912 144115188075857243 2060 1 8 902 1 0 3 0 
-61.000000  4 75 1 22 726 2 72057594037927957 22 727 2 72057594037927958 22 920 2 144115188075857185 1585267068834414627 


prsnt_singleplayer_memoir_screen 0 3 3
-60.000000  38 2124 1 1000 701 1 1 910 2 144115188075857185 1585267068834414620 921 2 144115188075857185 4294967295 701 1 22 729 2 22 10 730 2 22 700 926 2 144115188075857185 22 2120 3 1224979098644774912 216172782113785014 144115188075857086 2320 2 0 1224979098644774912 910 3 144115188075857244 0 0 921 2 144115188075857244 0 729 2 1 246 730 2 1 168 926 2 144115188075857244 1 729 2 1 700 730 2 1 900 925 2 144115188075857244 1 2120 3 1224979098644774913 578 144115188075857086 4 0 32 2 1224979098644774913 -1 600 1 1224979098644774913 3 0 940 2 144115188075857245 1585267068834414628 729 2 1 100 730 2 1 30 926 2 144115188075857245 1 729 2 1 200 730 2 1 55 925 2 144115188075857245 1 940 2 144115188075857246 1585267068834414632 729 2 1 850 730 2 1 30 926 2 144115188075857246 1 729 2 1 200 730 2 1 55 925 2 144115188075857246 1 902 1 999999 
-62.000000  18 2071 1 1224979098644774912 4 0 31 2 1224979098644774912 144115188075857245 609 0 900 1 54 4 0 31 2 144115188075857079 1 902 1 0 3 0 5 0 31 2 1224979098644774912 144115188075857246 609 0 900 1 57 4 0 31 2 144115188075857079 1 902 1 0 3 0 3 0 
-61.000000  4 75 1 22 726 2 72057594037927957 22 727 2 72057594037927958 22 920 2 144115188075857185 1585267068834414627 


prsnt_singleplayer_companion_select 0 3 3
-60.000000  103 2124 1 1000 701 1 1 910 2 144115188075857185 1585267068834414620 921 2 144115188075857185 4294967295 701 1 22 729 2 22 10 730 2 22 700 926 2 144115188075857185 22 2320 2 0 1585267068834414633 910 3 72057594037927936 0 65536 921 2 72057594037927936 16777215 729 2 1 50 730 2 1 660 926 2 72057594037927936 1 729 2 1 1700 730 2 1 1700 925 2 72057594037927936 1 2320 2 0 1585267068834414634 910 3 72057594037927936 0 65536 921 2 72057594037927936 16777215 729 2 1 510 730 2 1 660 926 2 72057594037927936 1 729 2 1 1700 730 2 1 1700 925 2 72057594037927936 1 2133 2 1224979098644774912 30 2133 2 1224979098644774913 120 2133 2 1224979098644774914 500 2133 2 1224979098644774915 120 2133 2 1224979098644774916 0 2133 2 1224979098644774917 0 6 3 1224979098644774918 1734 1764 540 3 1224979098644774918 2 5 2122 3 1224979098644774919 1224979098644774918 2 938 4 72057594037927936 -1 3 1224979098644774919 500 3 1224979098644774918 20 72057594037927936 4 0 540 3 1224979098644774918 22 0 729 2 1 1224979098644774912 730 2 1 1224979098644774913 5 0 729 2 1 1224979098644774914 730 2 1 1224979098644774915 3 0 926 2 72057594037927936 1 729 2 1 350 730 2 1 350 925 2 72057594037927936 1 2322 2 7 1224979098644774918 912 2 72057594037927936 7 500 3 1224979098644774918 21 72057594037927936 921 2 72057594037927936 0 4 0 540 3 1224979098644774918 22 0 2120 3 1224979098644774920 1224979098644774912 70 729 2 1 1224979098644774920 2120 3 1224979098644774921 1224979098644774913 35 730 2 1 1224979098644774921 5 0 2120 3 1224979098644774920 1224979098644774914 70 729 2 1 1224979098644774920 2120 3 1224979098644774921 1224979098644774915 35 730 2 1 1224979098644774921 3 0 926 2 72057594037927936 1 729 2 1 900 730 2 1 900 925 2 72057594037927936 1 4 0 540 3 1224979098644774918 22 0 2105 2 1224979098644774913 100 2105 2 1224979098644774916 1 4 0 31 2 1224979098644774916 5 2105 2 1224979098644774912 190 2106 2 1224979098644774913 500 3 0 5 0 2105 2 1224979098644774915 100 2105 2 1224979098644774917 1 4 0 31 2 1224979098644774917 5 2105 2 1224979098644774914 190 2106 2 1224979098644774915 500 3 0 3 0 3 0 940 2 144115188075857247 1585267068834414628 729 2 1 100 730 2 1 30 926 2 144115188075857247 1 729 2 1 200 730 2 1 55 925 2 144115188075857247 1 940 2 144115188075857248 1585267068834414635 729 2 1 850 730 2 1 30 926 2 144115188075857248 1 729 2 1 200 730 2 1 55 925 2 144115188075857248 1 902 1 999999 
-62.000000  32 2071 1 1224979098644774912 4 0 31 2 1224979098644774912 144115188075857247 900 1 56 4 0 31 2 144115188075857079 1 902 1 0 3 0 5 0 31 2 1224979098644774912 144115188075857248 2133 2 144115188075857249 144115188075857086 2133 2 144115188075857250 144115188075857087 2133 2 144115188075857089 1 2060 1 10 902 1 0 5 0 6 3 1224979098644774913 1734 1764 1073742364 3 1224979098644774913 20 1224979098644774912 540 3 1224979098644774913 21 1224979098644774912 4 0 540 3 1224979098644774913 22 1 500 3 1224979098644774913 22 0 5 0 500 3 1224979098644774913 22 1 3 0 900 1 57 4 0 31 2 144115188075857079 1 902 1 0 3 0 3 0 3 0 
-61.000000  4 75 1 22 726 2 72057594037927957 22 727 2 72057594037927958 22 920 2 144115188075857185 1585267068834414627 


prsnt_singleplayer_companion_equipment_select 0 3 3
-60.000000  67 2124 1 1000 701 1 1 910 2 144115188075857185 1585267068834414620 921 2 144115188075857185 4294967295 701 1 22 729 2 22 10 730 2 22 700 926 2 144115188075857185 22 2320 2 0 1585267068834414636 910 3 72057594037927936 0 65536 921 2 72057594037927936 16777215 729 2 1 50 730 2 1 660 926 2 72057594037927936 1 729 2 1 1700 730 2 1 1700 925 2 72057594037927936 1 2133 2 1224979098644774912 30 2133 2 1224979098644774913 120 2133 2 1224979098644774914 0 6 3 1224979098644774915 1734 1764 540 3 1224979098644774915 2 5 2122 3 1224979098644774916 1224979098644774915 2 938 4 72057594037927936 -1 3 1224979098644774916 500 3 1224979098644774915 20 72057594037927936 729 2 1 1224979098644774912 730 2 1 1224979098644774913 926 2 72057594037927936 1 729 2 1 350 730 2 1 350 925 2 72057594037927936 1 2322 2 7 1224979098644774915 912 2 72057594037927936 7 500 3 1224979098644774915 21 72057594037927936 921 2 72057594037927936 0 2120 3 1224979098644774917 1224979098644774912 70 729 2 1 1224979098644774917 2120 3 1224979098644774918 1224979098644774913 35 730 2 1 1224979098644774918 926 2 72057594037927936 1 729 2 1 900 730 2 1 900 925 2 72057594037927936 1 2105 2 1224979098644774913 100 2105 2 1224979098644774914 1 4 0 31 2 1224979098644774914 5 2105 2 1224979098644774912 190 2106 2 1224979098644774913 500 5 0 31 2 1224979098644774914 10 2105 2 1224979098644774912 190 2106 2 1224979098644774913 500 5 0 31 2 1224979098644774914 15 2105 2 1224979098644774912 190 2106 2 1224979098644774913 500 3 0 3 0 940 2 144115188075857251 1585267068834414628 729 2 1 100 730 2 1 30 926 2 144115188075857251 1 729 2 1 200 730 2 1 55 925 2 144115188075857251 1 902 1 999999 
-62.000000  17 2071 1 1224979098644774912 4 0 31 2 1224979098644774912 144115188075857251 900 1 55 4 0 31 2 144115188075857079 1 902 1 0 3 0 5 0 6 3 1224979098644774913 1734 1764 1073742364 3 1224979098644774913 20 1224979098644774912 540 3 1224979098644774913 21 1224979098644774912 2133 2 144115188075857090 1224979098644774913 2060 1 11 902 1 0 3 0 3 0 
-61.000000  4 75 1 22 726 2 72057594037927957 22 727 2 72057594037927958 22 920 2 144115188075857185 1585267068834414627 


prsnt_singleplayer_mission_results 0 3 3
-60.000000  220 2124 1 1000 701 1 1 910 2 144115188075857185 1585267068834414620 921 2 144115188075857185 4294967295 701 1 22 729 2 22 10 730 2 22 700 926 2 144115188075857185 22 2133 2 1224979098644774912 680 2320 2 0 1585267068834414637 910 3 72057594037927936 0 65552 921 2 72057594037927936 16777215 729 2 1 475 730 2 1 1224979098644774912 926 2 72057594037927936 1 729 2 1 1800 730 2 1 1800 925 2 72057594037927936 1 2106 2 1224979098644774912 45 2320 2 0 1585267068834414638 910 3 72057594037927936 0 65536 921 2 72057594037927936 16777215 729 2 1 420 730 2 1 1224979098644774912 926 2 72057594037927936 1 729 2 1 1500 730 2 1 1500 925 2 72057594037927936 1 911 3 72057594037927936 6 65536 921 2 72057594037927936 0 922 2 72057594037927936 208 729 2 1 522 730 2 1 442 926 2 72057594037927936 1 729 2 1 100 730 2 1 9000 925 2 72057594037927936 1 2320 2 0 1585267068834414639 910 3 72057594037927936 0 65536 921 2 72057594037927936 16777215 729 2 1 520 730 2 1 1224979098644774912 926 2 72057594037927936 1 729 2 1 1500 730 2 1 1500 925 2 72057594037927936 1 2106 2 1224979098644774912 45 2320 2 0 1585267068834414640 910 3 72057594037927936 0 65536 921 2 72057594037927936 16777215 729 2 1 250 730 2 1 1224979098644774912 926 2 72057594037927936 1 729 2 1 1300 730 2 1 1300 925 2 72057594037927936 1 2133 2 72057594037927937 144115188075857084 2320 2 0 1585267068834414641 910 3 72057594037927936 0 65536 921 2 72057594037927936 16777215 729 2 1 445 730 2 1 1224979098644774912 926 2 72057594037927936 1 729 2 1 1300 730 2 1 1300 925 2 72057594037927936 1 2122 3 72057594037927937 144115188075857084 10 2320 2 0 1585267068834414641 910 3 72057594037927936 0 65536 921 2 72057594037927936 65339 729 2 1 540 730 2 1 1224979098644774912 926 2 72057594037927936 1 729 2 1 1300 730 2 1 1300 925 2 72057594037927936 1 2106 2 1224979098644774912 35 2320 2 0 1585267068834414642 910 3 72057594037927936 0 65536 921 2 72057594037927936 16777215 729 2 1 250 730 2 1 1224979098644774912 926 2 72057594037927936 1 729 2 1 1300 730 2 1 1300 925 2 72057594037927936 1 2133 2 72057594037927937 144115188075857085 2320 2 0 1585267068834414641 910 3 72057594037927936 0 65536 921 2 72057594037927936 16777215 729 2 1 445 730 2 1 1224979098644774912 926 2 72057594037927936 1 729 2 1 1300 730 2 1 1300 925 2 72057594037927936 1 2122 3 72057594037927937 144115188075857085 10 2320 2 0 1585267068834414641 910 3 72057594037927936 0 65536 921 2 72057594037927936 65339 729 2 1 540 730 2 1 1224979098644774912 926 2 72057594037927936 1 729 2 1 1300 730 2 1 1300 925 2 72057594037927936 1 2106 2 1224979098644774912 35 2320 2 0 1585267068834414643 910 3 72057594037927936 0 65536 921 2 72057594037927936 16777215 729 2 1 250 730 2 1 1224979098644774912 926 2 72057594037927936 1 729 2 1 1300 730 2 1 1300 925 2 72057594037927936 1 2133 2 72057594037927937 144115188075857082 2320 2 0 1585267068834414641 910 3 72057594037927936 0 65536 921 2 72057594037927936 16777215 729 2 1 445 730 2 1 1224979098644774912 926 2 72057594037927936 1 729 2 1 1300 730 2 1 1300 925 2 72057594037927936 1 2122 3 72057594037927937 144115188075857082 5 2320 2 0 1585267068834414644 910 3 72057594037927936 0 65536 921 2 72057594037927936 16711680 729 2 1 530 730 2 1 1224979098644774912 926 2 72057594037927936 1 729 2 1 1300 730 2 1 1300 925 2 72057594037927936 1 2106 2 1224979098644774912 35 2320 2 0 1585267068834414645 910 3 72057594037927936 0 65536 921 2 72057594037927936 16777215 729 2 1 250 730 2 1 1224979098644774912 926 2 72057594037927936 1 729 2 1 1300 730 2 1 1300 925 2 72057594037927936 1 2133 2 72057594037927937 144115188075857083 2320 2 0 1585267068834414641 910 3 72057594037927936 0 65536 921 2 72057594037927936 16777215 729 2 1 445 730 2 1 1224979098644774912 926 2 72057594037927936 1 729 2 1 1300 730 2 1 1300 925 2 72057594037927936 1 2122 3 72057594037927937 144115188075857083 10 2320 2 0 1585267068834414644 910 3 72057594037927936 0 65536 921 2 72057594037927936 16711680 729 2 1 530 730 2 1 1224979098644774912 926 2 72057594037927936 1 729 2 1 1300 730 2 1 1300 925 2 72057594037927936 1 911 3 72057594037927936 6 65536 921 2 72057594037927936 0 922 2 72057594037927936 208 729 2 1 260 730 2 1 478 926 2 72057594037927936 1 729 2 1 17000 730 2 1 120 925 2 72057594037927936 1 2106 2 1224979098644774912 45 2320 2 0 1585267068834414646 910 3 72057594037927936 0 65536 921 2 72057594037927936 16777215 729 2 1 250 730 2 1 1224979098644774912 926 2 72057594037927936 1 729 2 1 1300 730 2 1 1300 925 2 72057594037927936 1 2120 3 72057594037927937 144115188075857084 144115188075857082 2320 2 0 1585267068834414641 910 3 72057594037927936 0 65536 921 2 72057594037927936 16777215 729 2 1 445 730 2 1 1224979098644774912 926 2 72057594037927936 1 729 2 1 1300 730 2 1 1300 925 2 72057594037927936 1 2133 2 72057594037927937 144115188075857081 2320 2 0 1585267068834414641 910 3 72057594037927936 0 65536 921 2 72057594037927936 65339 729 2 1 540 730 2 1 1224979098644774912 926 2 72057594037927936 1 729 2 1 1300 730 2 1 1300 925 2 72057594037927936 1 940 2 144115188075857252 1585267068834414647 729 2 1 100 730 2 1 30 926 2 144115188075857252 1 729 2 1 200 730 2 1 55 925 2 144115188075857252 1 940 2 144115188075857253 1585267068834414648 729 2 1 850 730 2 1 30 926 2 144115188075857253 1 729 2 1 200 730 2 1 55 925 2 144115188075857253 1 902 1 999999 
-62.000000  17 2071 1 1224979098644774912 4 0 31 2 1224979098644774912 144115188075857252 2133 2 144115188075857086 144115188075857249 2133 2 144115188075857087 144115188075857250 2133 2 144115188075857089 1 2060 1 10 902 1 0 5 0 31 2 1224979098644774912 144115188075857253 4 0 3221225503 2 144115188075857086 144115188075857249 2147483679 2 144115188075857087 144115188075857250 1528 2 0 144115188075857081 3 0 900 1 54 3 0 
-61.000000  4 75 1 22 726 2 72057594037927957 22 727 2 72057594037927958 22 920 2 144115188075857185 1585267068834414627 


prsnt_singleplayer_cutscene_bars 3 0 2
-60.000000  20 2124 1 1000 701 1 1 2133 2 144115188075857109 1 911 3 72057594037927936 6 65536 921 2 72057594037927936 0 729 2 1 0 730 2 1 0 926 2 72057594037927936 1 729 2 1 90000 730 2 1 4500 925 2 72057594037927936 1 911 3 72057594037927936 6 65536 921 2 72057594037927936 0 729 2 1 0 730 2 1 660 926 2 72057594037927936 1 729 2 1 90000 730 2 1 4500 925 2 72057594037927936 1 902 1 999999 
-61.000000  2 31 2 144115188075857109 0 902 1 0 


prsnt_singleplayer_objective_projection_display 3 0 2
-60.000000  22 2124 1 1000 911 2 144115188075857254 225 911 2 144115188075857255 225 911 2 144115188075857256 225 911 2 144115188075857257 225 729 2 1 250 730 2 1 250 729 2 2 250 730 2 2 250 729 2 3 250 730 2 3 250 729 2 4 250 730 2 4 250 925 2 144115188075857254 1 925 2 144115188075857255 2 925 2 144115188075857256 3 925 2 144115188075857257 4 947 2 144115188075857254 0 947 2 144115188075857255 0 947 2 144115188075857256 0 947 2 144115188075857257 0 902 1 999999 
-61.000000  80 4 0 30 2 144115188075857110 1 2124 1 1000 1850 2 1 144115188075857104 722 3 1 250 1 750 2 5 1 726 2 1224979098644774912 5 727 2 1224979098644774913 5 730 2 5 1224979098644774913 4 0 33 3 1224979098644774912 -100 1100 33 3 1224979098644774913 -100 850 926 2 144115188075857254 5 947 2 144115188075857254 1 5 0 947 2 144115188075857254 0 3 0 4 0 30 2 144115188075857110 2 2124 1 1000 1850 2 2 144115188075857105 722 3 2 250 1 750 2 5 2 726 2 1224979098644774912 5 727 2 1224979098644774913 5 730 2 5 1224979098644774913 4 0 33 3 1224979098644774912 -100 1100 33 3 1224979098644774913 -100 850 926 2 144115188075857255 5 947 2 144115188075857255 1 5 0 947 2 144115188075857255 0 3 0 4 0 30 2 144115188075857110 3 2124 1 1000 1850 2 3 144115188075857106 722 3 3 250 1 750 2 5 3 726 2 1224979098644774912 5 727 2 1224979098644774913 5 730 2 5 1224979098644774913 4 0 33 3 1224979098644774912 -100 1100 33 3 1224979098644774913 -100 850 926 2 144115188075857256 5 947 2 144115188075857256 1 5 0 947 2 144115188075857256 0 3 0 4 0 30 2 144115188075857110 4 2124 1 1000 1850 2 4 144115188075857107 722 3 4 250 1 750 2 5 4 726 2 1224979098644774912 5 727 2 1224979098644774913 5 730 2 5 1224979098644774913 4 0 33 3 1224979098644774912 -100 1100 33 3 1224979098644774913 -100 850 926 2 144115188075857257 5 947 2 144115188075857257 1 5 0 947 2 144115188075857257 0 3 0 5 0 947 2 144115188075857257 0 3 0 5 0 947 2 144115188075857256 0 3 0 5 0 947 2 144115188075857255 0 3 0 5 0 902 1 0 3 0 


prsnt_multiplayer_beacon_flag_bearer 3 0 2
-60.000000  7 2124 1 1000 911 2 144115188075857590 324 729 2 1 250 730 2 1 250 925 2 144115188075857590 1 947 2 144115188075857590 0 902 1 999999 
-61.000000  25 2124 1 1000 4 0 1712 1 144115188075857773 1702 1 144115188075857773 1726 3 1224979098644774912 144115188075857773 0 32 2 1224979098644774912 -1 547 3 1224979098644774912 1 8 1710 2 1 144115188075857773 722 3 1 220 1 750 2 5 1 726 2 1224979098644774913 5 727 2 1224979098644774914 5 730 2 5 1224979098644774914 4 0 33 3 1224979098644774913 -100 1100 33 3 1224979098644774914 -100 850 31 2 144115188075857883 1 926 2 144115188075857590 5 947 2 144115188075857590 1 5 0 947 2 144115188075857590 0 3 0 5 0 902 1 0 3 0 


prsnt_game_multiplayer_mod_options 2 0 3
-60.000000  275 2124 1 1000 4 0 2133 2 1224979098644774912 280 2133 2 1224979098644774913 430 2133 2 1224979098644774914 550 2133 2 1224979098644774915 665 2133 2 1224979098644774916 450 2133 2 1224979098644774917 1224979098644774912 2133 2 1224979098644774918 1224979098644774913 2133 2 1224979098644774919 1224979098644774914 911 2 72057594037927936 6 921 2 72057594037927936 0 922 2 72057594037927936 208 729 2 1 1224979098644774917 730 2 1 1224979098644774915 926 2 72057594037927936 1 729 2 1 6500 730 2 1 1600 925 2 72057594037927936 1 911 2 72057594037927936 6 921 2 72057594037927936 0 922 2 72057594037927936 208 729 2 1 1224979098644774918 730 2 1 1224979098644774915 926 2 72057594037927936 1 729 2 1 5300 730 2 1 1600 925 2 72057594037927936 1 911 2 72057594037927936 6 921 2 72057594037927936 0 922 2 72057594037927936 208 729 2 1 1224979098644774919 730 2 1 1224979098644774915 926 2 72057594037927936 1 729 2 1 6500 730 2 1 1600 925 2 72057594037927936 1 912 3 144115188075857591 216172782113785492 0 912 3 144115188075857592 216172782113785493 0 912 3 144115188075857837 216172782113785494 0 921 2 144115188075857591 16777215 921 2 144115188075857592 16777215 921 2 144115188075857837 16777215 4 0 31 2 144115188075857596 0 921 2 144115188075857591 15526786 5 0 31 2 144115188075857596 1 921 2 144115188075857592 15526786 5 0 31 2 144115188075857596 2 921 2 144115188075857837 15526786 3 0 729 2 1 1224979098644774912 730 2 1 1224979098644774915 926 2 144115188075857591 1 729 2 1 1224979098644774913 730 2 1 1224979098644774915 926 2 144115188075857592 1 729 2 1 1224979098644774914 730 2 1 1224979098644774915 926 2 144115188075857837 1 911 2 72057594037927936 13 729 2 1 200 730 2 1 80 926 2 72057594037927936 1 729 2 1 1250 730 2 1 1000 925 2 72057594037927936 1 2133 2 1224979098644774920 40 4 0 31 2 144115188075857596 0 2133 2 1224979098644774921 470 5 0 31 2 144115188075857596 1 2133 2 1224979098644774921 470 5 0 31 2 144115188075857596 2 2133 2 1224979098644774921 470 3 0 2133 2 1224979098644774922 40 2133 2 1224979098644774923 17 2319 1 0 910 3 144115188075857537 0 131072 729 2 1 235 730 2 1 125 926 2 144115188075857537 1 729 2 1 530 730 2 1 500 929 2 144115188075857537 1 945 1 144115188075857537 4 0 31 2 144115188075857596 0 1 2 294 2 1 2 294 3 910 3 72057594037927936 216172782113785496 0 729 2 1 1224979098644774922 730 2 1 1224979098644774921 926 2 72057594037927936 1 921 2 72057594037927936 16777215 918 3 144115188075857593 4 5 729 2 1 1224979098644774923 2120 3 1224979098644774924 1224979098644774921 7 730 2 1 1224979098644774924 926 2 144115188075857593 1 927 2 144115188075857593 144115188075857597 2106 2 1224979098644774921 1224979098644774920 910 3 72057594037927936 216172782113785497 0 729 2 1 1224979098644774922 730 2 1 1224979098644774921 926 2 72057594037927936 1 921 2 72057594037927936 16777215 918 3 144115188075857594 4 5 729 2 1 1224979098644774923 2120 3 1224979098644774924 1224979098644774921 7 730 2 1 1224979098644774924 926 2 144115188075857594 1 927 2 144115188075857594 144115188075857598 2106 2 1224979098644774921 1224979098644774920 910 3 72057594037927936 216172782113785498 0 729 2 1 1224979098644774922 730 2 1 1224979098644774921 926 2 72057594037927936 1 921 2 72057594037927936 16777215 918 3 144115188075857838 4 5 729 2 1 1224979098644774923 2120 3 1224979098644774924 1224979098644774921 7 730 2 1 1224979098644774924 926 2 144115188075857838 1 927 2 144115188075857838 144115188075857849 2106 2 1224979098644774921 1224979098644774920 910 3 72057594037927936 216172782113785499 0 729 2 1 1224979098644774922 730 2 1 1224979098644774921 926 2 72057594037927936 1 921 2 72057594037927936 16777215 918 3 144115188075857839 4 5 729 2 1 1224979098644774923 2120 3 1224979098644774924 1224979098644774921 7 730 2 1 1224979098644774924 926 2 144115188075857839 1 927 2 144115188075857839 144115188075857850 2106 2 1224979098644774921 1224979098644774920 5 0 31 2 144115188075857596 1 1 2 294 1 1 2 294 3 910 3 72057594037927936 216172782113785500 0 729 2 1 1224979098644774922 730 2 1 1224979098644774921 926 2 72057594037927936 1 921 2 72057594037927936 16777215 918 3 144115188075857840 4 5 729 2 1 1224979098644774923 2120 3 1224979098644774924 1224979098644774921 7 730 2 1 1224979098644774924 926 2 144115188075857840 1 927 2 144115188075857840 144115188075857851 2106 2 1224979098644774921 1224979098644774920 910 3 72057594037927936 216172782113785501 0 729 2 1 1224979098644774922 730 2 1 1224979098644774921 926 2 72057594037927936 1 921 2 72057594037927936 16777215 918 3 144115188075857595 4 5 729 2 1 1224979098644774923 2120 3 1224979098644774924 1224979098644774921 7 730 2 1 1224979098644774924 926 2 144115188075857595 1 927 2 144115188075857595 144115188075857599 2106 2 1224979098644774921 1224979098644774920 5 0 31 2 144115188075857596 2 1 2 294 1 1 2 294 2 910 3 72057594037927936 216172782113785502 0 729 2 1 1224979098644774922 730 2 1 1224979098644774921 926 2 72057594037927936 1 921 2 72057594037927936 16777215 918 3 144115188075857841 4 5 729 2 1 1224979098644774923 2120 3 1224979098644774924 1224979098644774921 7 730 2 1 1224979098644774924 926 2 144115188075857841 1 927 2 144115188075857841 144115188075857852 2106 2 1224979098644774921 1224979098644774920 4 0 31 2 144115188075857852 1 910 3 72057594037927936 216172782113785503 0 729 2 1 1224979098644774922 730 2 1 1224979098644774921 926 2 72057594037927936 1 921 2 72057594037927936 16777215 918 3 144115188075857842 4 5 729 2 1 1224979098644774923 2120 3 1224979098644774924 1224979098644774921 7 730 2 1 1224979098644774924 926 2 144115188075857842 1 927 2 144115188075857842 144115188075857853 2106 2 1224979098644774921 1224979098644774920 910 3 72057594037927936 216172782113785504 0 729 2 1 1224979098644774922 730 2 1 1224979098644774921 926 2 72057594037927936 1 921 2 72057594037927936 16777215 918 3 144115188075857843 4 5 729 2 1 1224979098644774923 2120 3 1224979098644774924 1224979098644774921 7 730 2 1 1224979098644774924 926 2 144115188075857843 1 927 2 144115188075857843 144115188075857854 2106 2 1224979098644774921 1224979098644774920 910 3 72057594037927936 216172782113785505 0 729 2 1 1224979098644774922 730 2 1 1224979098644774921 926 2 72057594037927936 1 921 2 72057594037927936 16777215 918 3 144115188075857844 4 5 729 2 1 1224979098644774923 2120 3 1224979098644774924 1224979098644774921 7 730 2 1 1224979098644774924 926 2 144115188075857844 1 927 2 144115188075857844 144115188075857855 2106 2 1224979098644774921 1224979098644774920 910 3 72057594037927936 216172782113785506 0 729 2 1 0 730 2 1 1224979098644774921 926 2 72057594037927936 1 921 2 72057594037927936 16777215 942 3 144115188075857845 0 101 729 2 1 1224979098644774916 730 2 1 1224979098644774921 926 2 144115188075857845 1 927 2 144115188075857845 144115188075857856 2106 2 1224979098644774921 1224979098644774920 910 3 72057594037927936 216172782113785507 0 729 2 1 0 730 2 1 1224979098644774921 926 2 72057594037927936 1 921 2 72057594037927936 16777215 942 3 144115188075857846 0 101 729 2 1 1224979098644774916 730 2 1 1224979098644774921 926 2 144115188075857846 1 927 2 144115188075857846 144115188075857857 2106 2 1224979098644774921 1224979098644774920 910 3 72057594037927936 216172782113785508 0 729 2 1 1224979098644774922 730 2 1 1224979098644774921 926 2 72057594037927936 1 921 2 72057594037927936 16777215 918 3 144115188075857847 4 5 729 2 1 1224979098644774923 2120 3 1224979098644774924 1224979098644774921 7 730 2 1 1224979098644774924 926 2 144115188075857847 1 927 2 144115188075857847 144115188075857926 2106 2 1224979098644774921 1224979098644774920 910 3 72057594037927936 216172782113785509 0 729 2 1 1224979098644774922 730 2 1 1224979098644774921 926 2 72057594037927936 1 921 2 72057594037927936 16777215 918 3 144115188075857848 4 5 729 2 1 1224979098644774923 2120 3 1224979098644774924 1224979098644774921 7 730 2 1 1224979098644774924 926 2 144115188075857848 1 927 2 144115188075857848 144115188075857927 2106 2 1224979098644774921 1224979098644774920 3 0 3 0 945 1 -1 902 1 999999 
-62.000000  102 2071 1 1224979098644774912 2072 1 1224979098644774913 4 0 31 2 1224979098644774912 144115188075857591 2133 2 144115188075857596 0 902 1 0 900 1 63 5 0 31 2 1224979098644774912 144115188075857592 2133 2 144115188075857596 1 902 1 0 900 1 63 5 0 31 2 1224979098644774912 144115188075857837 2133 2 144115188075857596 2 902 1 0 900 1 63 5 0 31 2 1224979098644774912 144115188075857593 4 0 2147483679 2 1224979098644774913 144115188075857597 2133 2 144115188075857597 1224979098644774913 1 1 302 3 0 5 0 31 2 1224979098644774912 144115188075857594 4 0 2147483679 2 1224979098644774913 144115188075857598 2133 2 144115188075857598 1224979098644774913 1 1 302 3 0 5 0 31 2 1224979098644774912 144115188075857838 4 0 2147483679 2 1224979098644774913 144115188075857849 2133 2 144115188075857849 1224979098644774913 3 0 5 0 31 2 1224979098644774912 144115188075857839 4 0 2147483679 2 1224979098644774913 144115188075857850 2133 2 144115188075857850 1224979098644774913 1 1 395 3 0 5 0 31 2 1224979098644774912 144115188075857595 4 0 2147483679 2 1224979098644774913 144115188075857599 2133 2 144115188075857599 1224979098644774913 1 1 306 3 0 5 0 31 2 1224979098644774912 144115188075857840 4 0 2147483679 2 1224979098644774913 144115188075857851 2133 2 144115188075857851 1224979098644774913 3 0 5 0 31 2 1224979098644774912 144115188075857841 2133 2 144115188075857852 1224979098644774913 4 0 31 2 144115188075857852 1 1 1 384 902 1 0 900 1 63 5 0 31 2 144115188075857852 0 1 1 385 902 1 0 900 1 63 3 0 5 0 31 2 1224979098644774912 144115188075857842 4 0 2147483679 2 1224979098644774913 144115188075857853 2133 2 144115188075857853 1224979098644774913 3 0 5 0 31 2 1224979098644774912 144115188075857843 4 0 2147483679 2 1224979098644774913 144115188075857854 2133 2 144115188075857854 1224979098644774913 3 0 5 0 31 2 1224979098644774912 144115188075857844 4 0 2147483679 2 1224979098644774913 144115188075857855 2133 2 144115188075857855 1224979098644774913 3 0 5 0 31 2 1224979098644774912 144115188075857845 4 0 2147483679 2 1224979098644774913 144115188075857856 2133 2 144115188075857856 1224979098644774913 3 0 5 0 31 2 1224979098644774912 144115188075857846 4 0 2147483679 2 1224979098644774913 144115188075857857 2133 2 144115188075857857 1224979098644774913 3 0 3 0 
-61.000000  4 4 0 71 1 1 902 1 0 3 0 


prsnt_multiplayer_units_overview 2 0 3
-60.000000  163 911 2 72057594037927936 2 729 2 1 50 730 2 1 50 926 2 72057594037927936 1 729 2 1 1150 730 2 1 1130 925 2 72057594037927936 1 2319 1 0 910 3 144115188075857600 0 131072 729 2 1 60 730 2 1 100 926 2 144115188075857600 1 729 2 1 850 730 2 1 580 929 2 144115188075857600 1 945 1 144115188075857600 6 3 1224979098644774912 240 1412 500 3 1224979098644774912 26 0 500 3 1224979098644774912 29 0 3 0 17 1 1224979098644774913 401 1 1224979098644774913 508 3 1224979098644774913 52 0 404 2 1224979098644774912 1224979098644774913 32 2 1224979098644774912 0 1 2 298 1224979098644774912 2133 2 1224979098644774914 72057594037927936 508 3 1224979098644774913 52 1224979098644774914 32 2 1224979098644774914 0 520 3 1224979098644774915 1224979098644774914 26 2105 2 1224979098644774915 1 500 3 1224979098644774914 26 1224979098644774915 3 0 2133 2 1224979098644774916 18 2133 2 1224979098644774917 600 2133 2 1224979098644774918 3000 2133 2 1224979098644774919 1224979098644774918 2133 2 1224979098644774920 20 2133 2 1224979098644774921 450 2133 2 1224979098644774922 25 2133 2 1224979098644774923 30 2133 2 1224979098644774924 50 2133 2 1224979098644774925 1000 2133 2 144115188075857601 0 458 2 1224979098644774926 0 2335 2 0 1224979098644774926 910 3 1224979098644774927 0 0 921 2 1224979098644774927 16777215 729 2 1 1224979098644774924 730 2 1 1224979098644774919 926 2 1224979098644774927 1 729 2 1 1224979098644774925 730 2 1 1224979098644774925 925 2 1224979098644774927 1 2120 3 1224979098644774928 1224979098644774919 10 1 5 304 1224979098644774926 1224979098644774922 1224979098644774928 1224979098644774923 2106 2 1224979098644774919 30 1 6 303 1224979098644774926 1224979098644774919 1224979098644774920 1224979098644774921 1224979098644774916 2133 2 1224979098644774919 72057594037927936 2106 2 1224979098644774919 30 529 3 1224979098644774929 0 2 4 0 32 2 1224979098644774929 0 2335 2 0 1224979098644774929 910 3 1224979098644774927 0 0 921 2 1224979098644774927 16777215 729 2 1 1224979098644774924 730 2 1 1224979098644774919 926 2 1224979098644774927 1 729 2 1 1224979098644774925 730 2 1 1224979098644774925 925 2 1224979098644774927 1 2120 3 1224979098644774928 1224979098644774919 10 1 5 304 1224979098644774929 1224979098644774922 1224979098644774928 1224979098644774923 2106 2 1224979098644774919 30 1 6 303 1224979098644774929 1224979098644774919 1224979098644774920 1224979098644774921 1224979098644774916 2133 2 1224979098644774919 72057594037927936 2106 2 1224979098644774919 30 3 0 911 2 72057594037927936 6 921 2 72057594037927936 16777215 922 2 72057594037927936 208 729 2 1 1224979098644774924 730 2 1 1224979098644774919 926 2 72057594037927936 1 729 2 1 35000 730 2 1 70 925 2 72057594037927936 1 2106 2 1224979098644774919 40 458 2 1224979098644774926 1 2335 2 0 1224979098644774926 910 3 1224979098644774927 0 0 921 2 1224979098644774927 16777215 729 2 1 1224979098644774924 730 2 1 1224979098644774919 926 2 1224979098644774927 1 729 2 1 1224979098644774925 730 2 1 1224979098644774925 925 2 1224979098644774927 1 2120 3 1224979098644774928 1224979098644774919 10 1 5 304 1224979098644774926 1224979098644774922 1224979098644774928 1224979098644774923 2106 2 1224979098644774919 30 1 6 303 1224979098644774926 1224979098644774919 1224979098644774920 1224979098644774921 1224979098644774916 2133 2 1224979098644774919 72057594037927936 2106 2 1224979098644774919 30 529 3 1224979098644774929 1 2 4 0 32 2 1224979098644774929 0 2335 2 0 1224979098644774929 910 3 1224979098644774927 0 0 921 2 1224979098644774927 16777215 729 2 1 1224979098644774924 730 2 1 1224979098644774919 926 2 1224979098644774927 1 729 2 1 1224979098644774925 730 2 1 1224979098644774925 925 2 1224979098644774927 1 2120 3 1224979098644774928 1224979098644774919 10 1 5 304 1224979098644774929 1224979098644774922 1224979098644774928 1224979098644774923 2106 2 1224979098644774919 30 1 6 303 1224979098644774929 1224979098644774919 1224979098644774920 1224979098644774921 1224979098644774916 3 0 17 1 1224979098644774913 401 1 1224979098644774913 528 3 1224979098644774914 1224979098644774913 52 32 2 1224979098644774914 0 520 3 1224979098644774930 1224979098644774914 29 520 3 1224979098644774931 1224979098644774914 27 520 3 1224979098644774932 1224979098644774914 28 2122 3 1224979098644774933 1224979098644774916 1224979098644774930 2121 3 1224979098644774919 1224979098644774932 1224979098644774933 406 2 1224979098644774934 1224979098644774913 2121 3 1224979098644774935 1224979098644774931 10 2133 2 1224979098644774936 4294901760 4 0 1712 1 1224979098644774934 1702 1 1224979098644774934 2133 2 1224979098644774936 4281589009 3 0 910 3 72057594037927936 1585267068834414649 0 921 2 72057594037927936 1224979098644774936 729 2 1 1224979098644774935 730 2 1 1224979098644774919 926 2 72057594037927936 1 729 2 1 1224979098644774917 730 2 1 1224979098644774917 925 2 72057594037927936 1 404 2 1224979098644774912 1224979098644774913 1 2 314 1224979098644774912 2133 2 1224979098644774937 72057594037927936 2350 2 0 1224979098644774913 910 3 72057594037927936 0 0 921 2 72057594037927936 1224979098644774937 729 2 1 1224979098644774931 730 2 1 1224979098644774919 926 2 72057594037927936 1 729 2 1 1224979098644774917 730 2 1 1224979098644774917 925 2 72057594037927936 1 2105 2 1224979098644774930 1 500 3 1224979098644774914 29 1224979098644774930 3 0 902 1 999999 
-62.000000  8 2071 1 1224979098644774912 6 3 1224979098644774913 240 1412 520 3 1224979098644774914 1224979098644774913 20 31 2 1224979098644774914 1224979098644774912 2133 2 144115188075857601 1224979098644774913 902 1 0 900 1 65 3 0 
-61.000000  4 4 0 71 1 1 902 1 0 3 0 


prsnt_multiplayer_one_unit_overview 2 0 3
-60.000000  349 2124 1 1000 911 2 72057594037927936 1 729 2 1 260 730 2 1 10 926 2 72057594037927936 1 729 2 1 1200 730 2 1 1250 925 2 72057594037927936 1 520 3 1224979098644774912 144115188075857601 26 2133 2 1224979098644774913 20 2133 2 1224979098644774914 330 2133 2 1224979098644774915 680 2133 2 1224979098644774916 1000 2133 2 1224979098644774917 16777215 2322 2 0 144115188075857601 2133 2 72057594037927936 1224979098644774912 2320 2 0 1585267068834414650 910 3 1224979098644774918 0 0 921 2 1224979098644774918 16777215 729 2 1 1224979098644774914 730 2 1 1224979098644774915 926 2 1224979098644774918 1 729 2 1 1224979098644774916 730 2 1 1224979098644774916 925 2 1224979098644774918 1 2173 2 1224979098644774919 144115188075857601 2121 3 1224979098644774920 1224979098644774914 30 2120 3 1224979098644774921 1224979098644774915 5 2133 2 1224979098644774922 30 1 5 304 1224979098644774919 1224979098644774920 1224979098644774921 1224979098644774922 2133 2 1224979098644774923 330 2133 2 1224979098644774924 650 910 3 72057594037927936 216172782113784214 0 921 2 72057594037927936 16777215 729 2 1 1224979098644774923 730 2 1 1224979098644774924 926 2 72057594037927936 1 729 2 1 750 730 2 1 750 925 2 72057594037927936 1 910 3 72057594037927936 216172782113784215 16 921 2 72057594037927936 16777215 2120 3 1224979098644774925 1224979098644774923 179 729 2 1 1224979098644774925 730 2 1 1224979098644774924 926 2 72057594037927936 1 729 2 1 750 730 2 1 750 925 2 72057594037927936 1 910 3 72057594037927936 216172782113784216 16 921 2 72057594037927936 16777215 2120 3 1224979098644774925 1224979098644774923 233 729 2 1 1224979098644774925 730 2 1 1224979098644774924 926 2 72057594037927936 1 729 2 1 750 730 2 1 750 925 2 72057594037927936 1 910 3 72057594037927936 216172782113784217 16 921 2 72057594037927936 16777215 2120 3 1224979098644774925 1224979098644774923 282 729 2 1 1224979098644774925 730 2 1 1224979098644774924 926 2 72057594037927936 1 729 2 1 750 730 2 1 750 925 2 72057594037927936 1 911 2 72057594037927936 6 921 2 72057594037927936 16777215 922 2 72057594037927936 208 2120 3 1224979098644774925 1224979098644774923 0 729 2 1 1224979098644774925 2120 3 1224979098644774926 1224979098644774924 -10 730 2 1 1224979098644774926 926 2 72057594037927936 1 729 2 1 15250 730 2 1 100 925 2 72057594037927936 1 2133 2 1224979098644774924 230 2133 2 1224979098644774927 34 2133 2 1224979098644774928 300 2133 2 1224979098644774929 380 2133 2 1224979098644774930 480 2133 2 1224979098644774931 570 910 2 1224979098644774932 216172782113785167 921 2 1224979098644774932 16777215 729 2 1 1224979098644774928 730 2 1 1224979098644774924 926 2 1224979098644774932 1 729 2 1 1000 730 2 1 1000 925 2 1224979098644774932 1 912 2 144115188075857602 216172782113785168 921 2 144115188075857602 16777215 729 2 1 380 730 2 1 1224979098644774924 926 2 144115188075857602 1 729 2 1 1000 730 2 1 1000 925 2 144115188075857602 1 910 2 1224979098644774932 216172782113785169 921 2 1224979098644774932 16777215 729 2 1 425 730 2 1 1224979098644774924 926 2 1224979098644774932 1 729 2 1 1000 730 2 1 1000 925 2 1224979098644774932 1 912 2 144115188075857603 216172782113785170 921 2 144115188075857603 16777215 729 2 1 440 730 2 1 1224979098644774924 926 2 144115188075857603 1 729 2 1 1000 730 2 1 1000 925 2 144115188075857603 1 2106 2 1224979098644774924 15 911 2 72057594037927936 6 921 2 72057594037927936 16777215 922 2 72057594037927936 208 729 2 1 300 730 2 1 1224979098644774924 926 2 72057594037927936 1 729 2 1 16250 730 2 1 100 925 2 72057594037927936 1 415 1 1224979098644774933 4 0 430 1 1224979098644774933 2106 2 1224979098644774924 1224979098644774927 912 2 144115188075857604 216172782113785523 921 2 144115188075857604 16777215 729 2 1 1224979098644774928 730 2 1 1224979098644774924 926 2 144115188075857604 1 729 2 1 1000 730 2 1 1000 925 2 144115188075857604 1 912 2 144115188075857605 216172782113785527 921 2 144115188075857605 16777215 729 2 1 1224979098644774929 730 2 1 1224979098644774924 926 2 144115188075857605 1 729 2 1 1000 730 2 1 1000 925 2 144115188075857605 1 912 2 144115188075857606 216172782113785528 921 2 144115188075857606 16777215 729 2 1 1224979098644774930 730 2 1 1224979098644774924 926 2 144115188075857606 1 729 2 1 1000 730 2 1 1000 925 2 144115188075857606 1 912 2 144115188075857607 216172782113785524 921 2 144115188075857607 16777215 729 2 1 1224979098644774931 730 2 1 1224979098644774924 926 2 144115188075857607 1 729 2 1 1000 730 2 1 1000 925 2 144115188075857607 1 2106 2 1224979098644774924 1224979098644774927 912 2 144115188075857608 216172782113785529 921 2 144115188075857608 16777215 729 2 1 1224979098644774928 730 2 1 1224979098644774924 926 2 144115188075857608 1 729 2 1 1000 730 2 1 1000 925 2 144115188075857608 1 912 2 144115188075857609 216172782113785531 921 2 144115188075857609 16777215 729 2 1 1224979098644774929 730 2 1 1224979098644774924 926 2 144115188075857609 1 729 2 1 1000 730 2 1 1000 925 2 144115188075857609 1 912 2 144115188075857610 216172782113785530 921 2 144115188075857610 16777215 729 2 1 1224979098644774930 730 2 1 1224979098644774924 926 2 144115188075857610 1 729 2 1 1000 730 2 1 1000 925 2 144115188075857610 1 912 2 144115188075857611 216172782113785535 921 2 144115188075857611 16777215 729 2 1 1224979098644774931 730 2 1 1224979098644774924 926 2 144115188075857611 1 729 2 1 1000 730 2 1 1000 925 2 144115188075857611 1 2106 2 1224979098644774924 1224979098644774927 912 2 144115188075857612 216172782113785525 921 2 144115188075857612 16777215 729 2 1 1224979098644774928 730 2 1 1224979098644774924 926 2 144115188075857612 1 729 2 1 1000 730 2 1 1000 925 2 144115188075857612 1 912 2 144115188075857613 216172782113785526 921 2 144115188075857613 16777215 729 2 1 1224979098644774931 730 2 1 1224979098644774924 926 2 144115188075857613 1 729 2 1 1000 730 2 1 1000 925 2 144115188075857613 1 2106 2 1224979098644774924 1224979098644774927 912 2 144115188075857614 216172782113785532 921 2 144115188075857614 16777215 729 2 1 1224979098644774928 730 2 1 1224979098644774924 926 2 144115188075857614 1 729 2 1 1000 730 2 1 1000 925 2 144115188075857614 1 912 2 144115188075857615 216172782113785533 921 2 144115188075857615 16777215 729 2 1 1224979098644774929 730 2 1 1224979098644774924 926 2 144115188075857615 1 729 2 1 1000 730 2 1 1000 925 2 144115188075857615 1 912 2 144115188075857616 216172782113785534 921 2 144115188075857616 16777215 729 2 1 1224979098644774930 730 2 1 1224979098644774924 926 2 144115188075857616 1 729 2 1 1000 730 2 1 1000 925 2 144115188075857616 1 912 2 144115188075857617 216172782113785537 921 2 144115188075857617 16777215 729 2 1 1224979098644774931 730 2 1 1224979098644774924 926 2 144115188075857617 1 729 2 1 1000 730 2 1 1000 925 2 144115188075857617 1 2106 2 1224979098644774924 1224979098644774927 3 0 912 2 144115188075857618 216172782113785538 921 2 144115188075857618 16777215 729 2 1 1224979098644774928 730 2 1 1224979098644774924 926 2 144115188075857618 1 729 2 1 1000 730 2 1 1000 925 2 144115188075857618 1 912 2 144115188075857619 216172782113785539 921 2 144115188075857619 16777215 729 2 1 1224979098644774929 730 2 1 1224979098644774924 926 2 144115188075857619 1 729 2 1 1000 730 2 1 1000 925 2 144115188075857619 1 2319 1 0 910 3 144115188075857620 0 131072 729 2 1 280 730 2 1 270 926 2 144115188075857620 1 729 2 1 360 730 2 1 340 929 2 144115188075857620 1 945 1 144115188075857620 2133 2 1224979098644774923 50 2122 3 1224979098644774934 1224979098644774912 1224979098644774913 2120 3 1224979098644774924 1224979098644774934 340 17 1 1224979098644774935 401 1 1224979098644774935 528 3 1224979098644774936 1224979098644774935 52 31 2 1224979098644774936 144115188075857601 2121 3 1224979098644774937 1224979098644774923 25 918 3 1224979098644774938 4 5 729 2 1 1224979098644774937 730 2 1 1224979098644774924 926 2 1224979098644774938 1 927 2 1224979098644774938 0 406 2 1224979098644774939 1224979098644774935 2121 3 1224979098644774940 1224979098644774923 10 2133 2 1224979098644774941 4294901760 4 0 1712 1 1224979098644774939 1702 1 1224979098644774939 2133 2 1224979098644774941 4281589009 3 0 910 3 72057594037927936 1585267068834414649 0 921 2 72057594037927936 1224979098644774941 729 2 1 1224979098644774940 730 2 1 1224979098644774924 926 2 72057594037927936 1 729 2 1 1000 730 2 1 1000 925 2 72057594037927936 1 404 2 1224979098644774942 1224979098644774935 1 2 314 1224979098644774942 2133 2 1224979098644774917 72057594037927936 2350 2 1 1224979098644774935 910 3 1224979098644774943 1 0 921 2 1224979098644774943 1224979098644774917 729 2 1 750 730 2 1 750 925 2 1224979098644774943 1 729 2 1 1224979098644774923 730 2 1 1224979098644774924 926 2 1224979098644774943 1 1 3 289 1224979098644774943 1224979098644774938 2133 2 1224979098644774944 72057594037927936 508 3 1224979098644774935 22 1224979098644774944 433 2 72057594037927936 1224979098644774935 910 3 72057594037927936 216172782113784185 8 921 2 72057594037927936 1224979098644774917 729 2 1 750 730 2 1 750 925 2 72057594037927936 1 2120 3 1224979098644774925 1224979098644774923 188 729 2 1 1224979098644774925 730 2 1 1224979098644774924 926 2 72057594037927936 1 435 2 72057594037927936 1224979098644774935 910 3 72057594037927936 216172782113784185 8 921 2 72057594037927936 1224979098644774917 729 2 1 750 730 2 1 750 925 2 72057594037927936 1 2120 3 1224979098644774925 1224979098644774923 238 729 2 1 1224979098644774925 730 2 1 1224979098644774924 926 2 72057594037927936 1 437 2 72057594037927936 1224979098644774935 910 3 72057594037927936 216172782113784185 8 921 2 72057594037927936 1224979098644774917 729 2 1 750 730 2 1 750 925 2 72057594037927936 1 2120 3 1224979098644774925 1224979098644774923 288 729 2 1 1224979098644774925 730 2 1 1224979098644774924 926 2 72057594037927936 1 2106 2 1224979098644774924 1224979098644774913 3 0 902 1 999999 
-62.000000  147 2071 1 1224979098644774912 2133 2 1224979098644774913 0 415 1 1224979098644774914 4 0 31 2 1224979098644774912 144115188075857604 2133 2 144115188075856549 4 2133 2 1224979098644774913 1 5 0 31 2 1224979098644774912 144115188075857605 2133 2 144115188075856549 17 2133 2 1224979098644774913 1 5 0 31 2 1224979098644774912 144115188075857606 2133 2 144115188075856549 19 2133 2 1224979098644774913 1 5 0 31 2 1224979098644774912 144115188075857607 2133 2 144115188075856549 5 2133 2 1224979098644774913 1 5 0 31 2 1224979098644774912 144115188075857608 2133 2 144115188075856549 3 2133 2 1224979098644774913 1 5 0 31 2 1224979098644774912 144115188075857609 2133 2 144115188075856549 7 2133 2 1224979098644774913 1 5 0 31 2 1224979098644774912 144115188075857610 2133 2 144115188075856549 6 2133 2 1224979098644774913 1 5 0 31 2 1224979098644774912 144115188075857611 2133 2 144115188075856549 16 2133 2 1224979098644774913 1 5 0 31 2 1224979098644774912 144115188075857612 2133 2 144115188075856549 8 2133 2 1224979098644774913 1 5 0 31 2 1224979098644774912 144115188075857613 2133 2 144115188075856549 9 2133 2 1224979098644774913 1 5 0 31 2 1224979098644774912 144115188075857614 2133 2 144115188075856549 12 2133 2 1224979098644774913 1 5 0 31 2 1224979098644774912 144115188075857615 2133 2 144115188075856549 13 2133 2 1224979098644774913 1 5 0 31 2 1224979098644774912 144115188075857616 2133 2 144115188075856549 18 2133 2 1224979098644774913 1 5 0 31 2 1224979098644774912 144115188075857617 2133 2 144115188075856549 14 2133 2 1224979098644774913 1 5 0 31 2 1224979098644774912 144115188075857618 2133 2 144115188075856549 10 2133 2 1224979098644774913 1 5 0 31 2 1224979098644774912 144115188075857619 2133 2 144115188075856549 11 2133 2 1224979098644774913 1 3 0 4 0 31 2 1224979098644774913 1 17 1 1224979098644774915 401 1 1224979098644774915 528 3 1224979098644774916 1224979098644774915 52 31 2 1224979098644774916 144115188075857601 528 3 1224979098644774917 1224979098644774915 22 2147483679 2 1224979098644774917 -1 1 2 290 1224979098644774917 2133 2 1224979098644774918 72057594037927937 2133 2 1224979098644774919 72057594037927938 4 0 31 2 1224979098644774919 1 2133 2 1224979098644774920 0 4 0 31 2 1224979098644774915 1224979098644774914 1073741855 2 144115188075856549 16 1073741855 2 144115188075856549 7 1073741855 2 144115188075856549 6 1073741855 2 144115188075856549 3 1073741855 2 144115188075856549 10 31 2 144115188075856549 11 2133 2 1224979098644774920 0 3 0 31 2 1224979098644774920 0 1 2 291 1224979098644774915 3 0 3 0 902 1 0 3 0 4 0 31 2 144115188075857602 1224979098644774912 17 1 1224979098644774915 401 1 1224979098644774915 528 3 1224979098644774916 1224979098644774915 52 31 2 1224979098644774916 144115188075857601 528 3 1224979098644774917 1224979098644774915 22 2147483679 2 1224979098644774917 -1 1 2 290 1224979098644774917 2133 2 1224979098644774918 72057594037927937 2133 2 1224979098644774919 72057594037927938 4 0 31 2 1224979098644774919 0 2107 2 1224979098644774917 -1 508 3 1224979098644774915 22 1224979098644774917 927 2 1224979098644774918 1 3 0 3 0 3 0 4 0 31 2 144115188075857603 1224979098644774912 17 1 1224979098644774915 401 1 1224979098644774915 528 3 1224979098644774916 1224979098644774915 52 31 2 1224979098644774916 144115188075857601 528 3 1224979098644774917 1224979098644774915 22 2147483679 2 1224979098644774917 -1 1 2 290 1224979098644774917 2133 2 1224979098644774918 72057594037927937 2133 2 1224979098644774919 72057594037927938 4 0 31 2 1224979098644774919 1 2107 2 1224979098644774917 -1 508 3 1224979098644774915 22 1224979098644774917 927 2 1224979098644774918 0 3 0 3 0 3 0 17 1 1224979098644774915 401 1 1224979098644774915 528 3 1224979098644774917 1224979098644774915 22 1 2 290 1224979098644774917 2133 2 1224979098644774918 72057594037927937 4 0 31 2 1224979098644774912 1224979098644774918 2107 2 1224979098644774917 -1 508 3 1224979098644774915 22 1224979098644774917 3 0 3 0 
-61.000000  4 4 0 71 1 1 902 1 0 3 0 


prsnt_multiplayer_unit_attachment 2 0 3
-60.000000  99 911 2 72057594037927936 2 729 2 1 50 730 2 1 50 926 2 72057594037927936 1 729 2 1 1100 730 2 1 1130 925 2 72057594037927936 1 2319 1 0 910 3 144115188075857621 0 131072 729 2 1 60 730 2 1 100 926 2 144115188075857621 1 729 2 1 800 730 2 1 580 929 2 144115188075857621 1 945 1 144115188075857621 2133 2 1224979098644774912 1000 2133 2 1224979098644774913 1224979098644774912 2133 2 1224979098644774914 20 2133 2 1224979098644774915 400 2133 2 1224979098644774916 25 2133 2 1224979098644774917 30 2133 2 1224979098644774918 50 2133 2 1224979098644774919 1000 415 1 1224979098644774920 401 1 1224979098644774920 402 2 1224979098644774921 1224979098644774920 4 0 31 2 1224979098644774921 0 458 2 1224979098644774922 0 2335 2 0 1224979098644774922 910 3 1224979098644774923 0 0 921 2 1224979098644774923 16777215 729 2 1 1224979098644774918 730 2 1 1224979098644774913 926 2 1224979098644774923 1 729 2 1 1224979098644774919 730 2 1 1224979098644774919 925 2 1224979098644774923 1 2120 3 1224979098644774924 1224979098644774913 10 1 5 304 1224979098644774922 1224979098644774916 1224979098644774924 1224979098644774917 2106 2 1224979098644774913 30 1 6 305 1224979098644774922 1224979098644774913 1224979098644774914 1224979098644774915 1 2133 2 1224979098644774913 72057594037927936 2106 2 1224979098644774913 30 529 3 1224979098644774925 0 2 4 0 32 2 1224979098644774925 0 2335 2 0 1224979098644774925 910 3 1224979098644774923 0 0 921 2 1224979098644774923 16777215 729 2 1 1224979098644774918 730 2 1 1224979098644774913 926 2 1224979098644774923 1 729 2 1 1224979098644774919 730 2 1 1224979098644774919 925 2 1224979098644774923 1 2120 3 1224979098644774924 1224979098644774913 10 1 5 304 1224979098644774925 1224979098644774916 1224979098644774924 1224979098644774917 2106 2 1224979098644774913 30 1 6 305 1224979098644774925 1224979098644774913 1224979098644774914 1224979098644774915 0 3 0 5 0 31 2 1224979098644774921 1 458 2 1224979098644774922 1 2335 2 0 1224979098644774922 910 3 1224979098644774923 0 0 921 2 1224979098644774923 16777215 729 2 1 1224979098644774918 730 2 1 1224979098644774913 926 2 1224979098644774923 1 729 2 1 1224979098644774919 730 2 1 1224979098644774919 925 2 1224979098644774923 1 2120 3 1224979098644774924 1224979098644774913 10 1 5 304 1224979098644774922 1224979098644774916 1224979098644774924 1224979098644774917 2106 2 1224979098644774913 30 1 6 305 1224979098644774922 1224979098644774913 1224979098644774914 1224979098644774915 1 2133 2 1224979098644774913 72057594037927936 2106 2 1224979098644774913 30 529 3 1224979098644774925 1 2 4 0 32 2 1224979098644774925 0 2335 2 0 1224979098644774925 910 3 1224979098644774923 0 0 921 2 1224979098644774923 16777215 729 2 1 1224979098644774918 730 2 1 1224979098644774913 926 2 1224979098644774923 1 729 2 1 1224979098644774919 730 2 1 1224979098644774919 925 2 1224979098644774923 1 2120 3 1224979098644774924 1224979098644774913 10 1 5 304 1224979098644774925 1224979098644774916 1224979098644774924 1224979098644774917 2106 2 1224979098644774913 30 1 6 305 1224979098644774925 1224979098644774913 1224979098644774914 1224979098644774915 0 3 0 3 0 902 1 999999 
-62.000000  21 2071 1 1224979098644774912 415 1 1224979098644774913 520 3 1224979098644774914 3 20 4 0 31 2 1224979098644774914 1224979098644774912 2133 2 144115188075857516 0 391 3 47 96 0 508 3 1224979098644774913 53 0 902 1 0 900 1 9 5 0 6 3 1224979098644774915 240 1412 520 3 1224979098644774914 1224979098644774915 20 31 2 1224979098644774914 1224979098644774912 2133 2 144115188075857516 1224979098644774915 391 3 47 96 1224979098644774915 508 3 1224979098644774913 53 1224979098644774915 902 1 0 900 1 9 3 0 3 0 
-61.000000  5 4 0 71 1 1 902 1 0 900 1 9 3 0 


prsnt_multiplayer_zoom 3 0 2
-60.000000  7 1 1 196 2133 2 1224979098644774912 72057594037927936 1712 1 1224979098644774912 1702 1 1224979098644774912 2124 1 100 2221 1 40 902 1 999999 
-61.000000  9 4 0 2147483720 1 144115188075857730 1 1 196 2133 2 1224979098644774912 72057594037927936 1712 1 1224979098644774912 2124 1 100 2221 1 0 902 1 0 3 0 


prsnt_multiplayer_player_status 3 0 2
-60.000000  28 2124 1 1000 2133 2 144115188075857622 -1 2319 1 0 910 3 144115188075857623 0 98308 921 2 144115188075857623 16777215 729 2 1 0 730 2 1 610 926 2 144115188075857623 1 729 2 1 900 730 2 1 900 925 2 144115188075857623 1 910 3 144115188075857858 0 98308 921 2 144115188075857858 4294944333 729 2 1 0 730 2 1 580 926 2 144115188075857858 1 729 2 1 900 730 2 1 900 925 2 144115188075857858 1 910 3 144115188075857859 0 98308 921 2 144115188075857859 4294919202 729 2 1 0 730 2 1 550 926 2 144115188075857859 1 729 2 1 900 730 2 1 900 925 2 144115188075857859 1 902 1 999999 
-61.000000  97 4 0 31 2 144115188075857624 1 2133 2 144115188075857624 0 902 1 0 900 1 68 3 0 4 0 31 2 144115188075857849 0 31 2 144115188075857884 1 4 0 415 1 1224979098644774912 406 2 1224979098644774913 1224979098644774912 3221227184 1 1224979098644774913 2147485350 1 1224979098644774913 4 0 31 2 144115188075857685 1 2133 2 144115188075857625 6 2133 2 1224979098644774914 4283684330 5 0 31 2 144115188075857684 1 2133 2 144115188075857625 5 2133 2 1224979098644774914 4293491703 5 0 2133 2 144115188075857625 0 2133 2 1224979098644774914 16777215 3 0 2147483679 2 144115188075857625 144115188075857622 2133 2 144115188075857622 144115188075857625 2120 3 1224979098644774915 216172782113785541 144115188075857625 920 2 144115188075857623 1224979098644774915 921 2 144115188075857623 1224979098644774914 2133 2 144115188075857774 0 2133 2 144115188075857775 0 5 0 4 0 2147483679 2 144115188075857625 144115188075857622 2133 2 144115188075857622 144115188075857625 2120 3 1224979098644774915 216172782113785541 144115188075857625 920 2 144115188075857623 1224979098644774915 2133 2 1224979098644774914 16777215 4 0 31 2 144115188075857625 1 2133 2 1224979098644774914 4281589009 5 0 31 2 144115188075857625 2 2133 2 1224979098644774914 4294944333 5 0 31 2 144115188075857625 3 2133 2 1224979098644774914 4283684330 5 0 31 2 144115188075857625 4 2133 2 1224979098644774914 4294919202 5 0 31 2 144115188075857625 5 2133 2 1224979098644774914 4293491703 5 0 31 2 144115188075857625 6 2133 2 1224979098644774914 4283684330 3 0 921 2 144115188075857623 1224979098644774914 3 0 3 0 4 0 4 0 2147483679 2 144115188075857774 144115188075857860 2133 2 144115188075857860 144115188075857774 4 0 31 2 144115188075857774 0 2319 1 0 920 2 144115188075857858 0 5 0 31 2 144115188075857774 1 920 2 144115188075857858 216172782113785548 3 0 3 0 4 0 2147483679 2 144115188075857775 144115188075857861 2133 2 144115188075857861 144115188075857775 4 0 31 2 144115188075857775 0 2319 1 0 920 2 144115188075857859 0 5 0 31 2 144115188075857775 1 920 2 144115188075857859 216172782113785549 3 0 3 0 3 0 5 0 2319 1 0 920 2 144115188075857858 0 920 2 144115188075857859 0 920 2 144115188075857623 0 2133 2 144115188075857625 0 2133 2 144115188075857774 -1 2133 2 144115188075857775 -1 3 0 


prsnt_multiplayer_display_close_usernames 3 0 3
-60.000000  29 2124 1 1000 2319 1 0 910 3 72057594037927936 0 0 947 2 72057594037927936 0 12 1 1224979098644774912 1712 1 1224979098644774912 505 3 1224979098644774912 44 0 505 3 1224979098644774912 45 0 1702 1 1224979098644774912 1704 1 1224979098644774912 1710 2 1 1224979098644774912 1 2 315 1224979098644774912 910 3 1224979098644774913 0 0 921 2 1224979098644774913 0 729 2 1 680 730 2 1 680 925 2 1224979098644774913 1 947 2 1224979098644774913 0 902 1 999999 912 3 1224979098644774914 0 0 921 2 1224979098644774914 16777215 729 2 1 680 730 2 1 680 925 2 1224979098644774914 1 947 2 1224979098644774914 0 902 1 999999 505 3 1224979098644774912 45 1224979098644774913 505 3 1224979098644774912 44 1224979098644774914 3 0 
-62.000000  18 2071 1 1224979098644774912 415 1 1224979098644774913 12 1 1224979098644774914 1712 1 1224979098644774914 525 3 1224979098644774915 1224979098644774914 44 32 2 1224979098644774915 0 31 2 1224979098644774912 1224979098644774915 2133 2 144115188075857626 1224979098644774914 1724 2 1224979098644774916 144115188075857626 902 1 0 4 0 1073742254 1 1224979098644774913 401 1 1224979098644774916 903 1 73 2133 2 144115188075857627 1 3 0 900 1 74 3 0 
-61.000000  68 2124 1 1000 415 1 1224979098644774912 406 2 1224979098644774913 1224979098644774912 402 2 1224979098644774914 1224979098644774912 12 1 1224979098644774915 525 3 1224979098644774916 1224979098644774915 44 525 3 1224979098644774917 1224979098644774915 45 32 2 1224979098644774916 0 4 0 1712 1 1224979098644774915 1702 1 1224979098644774915 1710 2 1 1224979098644774915 2133 2 1224979098644774918 0 4 0 1073741855 2 1224979098644774914 2 2147485360 1 1224979098644774913 4 0 430 1 1224979098644774912 2133 2 1224979098644774918 1 3 0 5 0 1712 1 1224979098644774913 4 0 1702 1 1224979098644774913 4 0 2147483679 2 1224979098644774913 1224979098644774915 1710 2 2 1224979098644774913 711 3 1224979098644774919 1 2 2147483678 2 1224979098644774919 20 2133 2 1224979098644774918 1 3 0 5 0 430 1 1224979098644774912 2133 2 1224979098644774918 1 3 0 3 0 31 2 1224979098644774918 1 722 3 1 220 1 750 2 5 1 726 2 1224979098644774920 5 727 2 1224979098644774921 5 33 3 1224979098644774920 -100 1100 33 3 1224979098644774921 -100 850 4 0 32 2 1224979098644774917 0 2120 3 1224979098644774922 1224979098644774920 1 2121 3 1224979098644774923 1224979098644774921 1 701 1 3 729 2 3 1224979098644774922 730 2 3 1224979098644774923 926 2 1224979098644774917 3 947 2 1224979098644774917 1 3 0 926 2 1224979098644774916 5 947 2 1224979098644774916 1 5 0 947 2 1224979098644774916 0 947 2 1224979098644774917 0 505 3 1224979098644774915 44 0 505 3 1224979098644774915 45 0 3 0 3 0 4 0 2147483718 1 29 2147484551 1 73 78 0 902 1 0 3 0 


prsnt_multiplayer_display_unit_usernames 3 0 3
-60.000000  46 2124 1 1000 415 1 1224979098644774912 402 2 1224979098644774913 1224979098644774912 4 0 2147483679 2 1224979098644774913 2 2319 1 0 910 3 72057594037927936 0 0 947 2 72057594037927936 0 404 2 1224979098644774914 1224979098644774912 1 2 298 1224979098644774914 2133 2 1224979098644774915 72057594037927936 12 1 1224979098644774916 1712 1 1224979098644774916 505 3 1224979098644774916 44 0 505 3 1224979098644774916 45 0 1702 1 1224979098644774916 1704 1 1224979098644774916 1770 2 1224979098644774917 1224979098644774916 31 2 1224979098644774917 1224979098644774913 1718 2 1224979098644774918 1224979098644774916 1 2 298 1224979098644774918 2133 2 1224979098644774919 72057594037927936 4 0 31 2 1224979098644774919 1224979098644774915 1710 2 1 1224979098644774916 1 2 314 1224979098644774918 2133 2 1224979098644774920 72057594037927936 1 2 315 1224979098644774916 910 3 1224979098644774921 0 0 921 2 1224979098644774921 0 729 2 1 680 730 2 1 680 925 2 1224979098644774921 1 947 2 1224979098644774921 0 912 3 1224979098644774922 0 0 921 2 1224979098644774922 1224979098644774920 729 2 1 680 730 2 1 680 925 2 1224979098644774922 1 947 2 1224979098644774922 0 505 3 1224979098644774916 44 1224979098644774922 505 3 1224979098644774916 45 1224979098644774921 3 0 3 0 902 1 999999 3 0 
-62.000000  18 2071 1 1224979098644774912 415 1 1224979098644774913 12 1 1224979098644774914 1712 1 1224979098644774914 525 3 1224979098644774915 1224979098644774914 44 32 2 1224979098644774915 0 31 2 1224979098644774912 1224979098644774915 2133 2 144115188075857626 1224979098644774914 1724 2 1224979098644774916 144115188075857626 902 1 0 4 0 1073742254 1 1224979098644774913 401 1 1224979098644774916 903 1 73 2133 2 144115188075857627 1 3 0 900 1 74 3 0 
-61.000000  47 2124 1 1000 415 1 1224979098644774912 406 2 1224979098644774913 1224979098644774912 1712 1 1224979098644774913 1702 1 1224979098644774913 1710 2 2 1224979098644774913 12 1 1224979098644774914 1712 1 1224979098644774914 1704 1 1224979098644774914 2147483679 2 1224979098644774913 1224979098644774914 525 3 1224979098644774915 1224979098644774914 44 525 3 1224979098644774916 1224979098644774914 45 32 2 1224979098644774915 0 4 0 1702 1 1224979098644774914 1710 2 1 1224979098644774914 722 3 1 220 1 750 2 5 1 726 2 1224979098644774917 5 727 2 1224979098644774918 5 33 3 1224979098644774917 -100 1100 33 3 1224979098644774918 -100 850 4 0 32 2 1224979098644774916 0 2120 3 1224979098644774919 1224979098644774917 1 2121 3 1224979098644774920 1224979098644774918 1 701 1 3 729 2 3 1224979098644774919 730 2 3 1224979098644774920 926 2 1224979098644774916 3 947 2 1224979098644774916 1 3 0 926 2 1224979098644774915 5 947 2 1224979098644774915 1 5 0 947 2 1224979098644774915 0 947 2 1224979098644774916 0 505 3 1224979098644774914 44 -1 505 3 1224979098644774914 45 -1 3 0 3 0 4 0 2147483718 1 56 2147484551 1 73 78 0 902 1 0 3 0 


prsnt_multiplayer_mute_panel 2 0 3
-60.000000  416 2124 1 1000 2133 2 1224979098644774912 300 2133 2 1224979098644774913 380 2133 2 1224979098644774914 500 2133 2 1224979098644774915 688 2133 2 1224979098644774916 1224979098644774912 2133 2 1224979098644774917 1224979098644774913 2133 2 1224979098644774918 1224979098644774914 911 2 72057594037927936 6 921 2 72057594037927936 0 922 2 72057594037927936 208 729 2 1 1224979098644774916 730 2 1 1224979098644774915 926 2 72057594037927936 1 729 2 1 3700 730 2 1 1600 925 2 72057594037927936 1 911 2 72057594037927936 6 921 2 72057594037927936 0 922 2 72057594037927936 208 729 2 1 1224979098644774917 730 2 1 1224979098644774915 926 2 72057594037927936 1 729 2 1 4000 730 2 1 1600 925 2 72057594037927936 1 911 2 72057594037927936 6 921 2 72057594037927936 0 922 2 72057594037927936 208 729 2 1 1224979098644774918 730 2 1 1224979098644774915 926 2 72057594037927936 1 729 2 1 6500 730 2 1 1600 925 2 72057594037927936 1 912 3 144115188075857628 216172782113785510 0 912 3 144115188075857629 216172782113785511 0 912 3 144115188075857630 216172782113785512 0 921 2 144115188075857628 16777215 921 2 144115188075857629 16777215 921 2 144115188075857630 16777215 4 0 31 2 144115188075857534 0 921 2 144115188075857628 15526786 2133 2 144115188075856549 10 5 0 31 2 144115188075857534 1 921 2 144115188075857629 15526786 2133 2 144115188075856549 11 5 0 31 2 144115188075857534 2 921 2 144115188075857630 15526786 2133 2 144115188075856549 20 3 0 729 2 1 1224979098644774912 730 2 1 1224979098644774915 926 2 144115188075857628 1 729 2 1 1224979098644774913 730 2 1 1224979098644774915 926 2 144115188075857629 1 729 2 1 1224979098644774914 730 2 1 1224979098644774915 926 2 144115188075857630 1 2133 2 1224979098644774919 40 2120 3 1224979098644774920 1224979098644774919 64 2120 3 1224979098644774921 1224979098644774919 30 2133 2 1224979098644774922 450 2319 1 3 2319 1 4 4 0 31 2 144115188075857534 0 2320 2 3 216172782113784543 2320 2 4 216172782113785172 5 0 31 2 144115188075857534 1 2320 2 3 216172782113784544 2320 2 4 216172782113785173 3 0 4 0 2318 1 3 912 2 144115188075857631 216172782113785514 921 2 144115188075857631 16777215 729 2 1 450 730 2 1 1224979098644774921 926 2 144115188075857631 1 729 2 1 1000 730 2 1 1000 925 2 144115188075857631 1 2133 2 144115188075857217 -1 5 0 912 2 144115188075857217 3 921 2 144115188075857217 16777215 729 2 1 450 730 2 1 1224979098644774921 926 2 144115188075857217 1 729 2 1 1000 730 2 1 1000 925 2 144115188075857217 1 3 0 910 2 1224979098644774923 216172782113785167 921 2 1224979098644774923 16777215 729 2 1 295 730 2 1 1224979098644774920 926 2 1224979098644774923 1 729 2 1 1000 730 2 1 1000 925 2 1224979098644774923 1 912 2 144115188075857554 216172782113785168 921 2 144115188075857554 16777215 729 2 1 375 730 2 1 1224979098644774920 926 2 144115188075857554 1 729 2 1 1000 730 2 1 1000 925 2 144115188075857554 1 910 2 1224979098644774923 216172782113785169 921 2 1224979098644774923 16777215 729 2 1 400 730 2 1 1224979098644774920 926 2 1224979098644774923 1 729 2 1 1000 730 2 1 1000 925 2 1224979098644774923 1 912 2 144115188075857555 216172782113785170 921 2 144115188075857555 16777215 729 2 1 415 730 2 1 1224979098644774920 926 2 144115188075857555 1 729 2 1 1000 730 2 1 1000 925 2 144115188075857555 1 4 0 2318 1 4 912 2 144115188075857632 216172782113785513 921 2 144115188075857632 16777215 729 2 1 480 730 2 1 1224979098644774920 926 2 144115188075857632 1 729 2 1 1000 730 2 1 1000 925 2 144115188075857632 1 2133 2 144115188075857556 -2 5 0 912 2 144115188075857556 4 921 2 144115188075857556 16777215 729 2 1 480 730 2 1 1224979098644774920 926 2 144115188075857556 1 729 2 1 1000 730 2 1 1000 925 2 144115188075857556 1 3 0 2133 2 1224979098644774924 1 4 0 417 0 2133 2 1224979098644774924 0 3 0 6 3 1224979098644774925 1224979098644774924 250 401 1 1224979098644774925 508 3 1224979098644774925 22 -1 3 0 911 2 72057594037927936 1 729 2 1 275 730 2 1 1224979098644774919 926 2 72057594037927936 1 729 2 1 1100 730 2 1 1100 925 2 72057594037927936 1 2133 2 1224979098644774926 0 2133 2 1224979098644774927 0 2133 2 1224979098644774928 0 2133 2 1224979098644774929 0 415 1 1224979098644774930 2133 2 1224979098644774931 250 17 2 1224979098644774925 144115188075857700 401 1 1224979098644774925 2133 2 1224979098644774932 0 4 0 31 2 144115188075856549 10 2147483679 2 1224979098644774925 1224979098644774930 439 2 1224979098644774933 1224979098644774925 31 2 1224979098644774933 0 2133 2 1224979098644774932 1 5 0 31 2 144115188075856549 11 2147483679 2 1224979098644774925 1224979098644774930 439 2 1224979098644774933 1224979098644774925 31 2 1224979098644774933 1 2133 2 1224979098644774932 1 5 0 31 2 144115188075856549 20 528 3 1224979098644774934 1224979098644774925 56 4 0 31 2 1224979098644774934 1 2105 2 1224979098644774928 1 5 0 2105 2 1224979098644774929 1 3 0 2133 2 1224979098644774932 1 3 0 31 2 1224979098644774932 1 2120 3 1224979098644774935 1224979098644774925 282 4 0 500 3 5 1224979098644774935 1 402 2 1224979098644774936 1224979098644774925 4 0 1073741855 2 1224979098644774936 0 31 2 1224979098644774936 1 2105 2 1224979098644774926 1 5 0 31 2 1224979098644774936 2 2105 2 1224979098644774927 1 3 0 5 0 500 3 5 1224979098644774935 0 3 0 3 0 2120 3 1224979098644774937 1224979098644774926 1224979098644774927 2120 3 1224979098644774938 1224979098644774919 100 2319 1 0 910 3 144115188075856534 0 131072 729 2 1 300 730 2 1 1224979098644774938 926 2 144115188075856534 1 729 2 1 346 730 2 1 500 929 2 144115188075856534 1 945 1 144115188075856534 2122 3 1224979098644774939 1224979098644774937 20 2105 2 1224979098644774939 250 4 0 32 2 1224979098644774927 0 2105 2 1224979098644774939 70 3 0 2133 2 144115188075856533 120 2133 2 1224979098644774922 1224979098644774939 2133 2 1224979098644774940 42 910 3 72057594037927936 216172782113784214 0 921 2 72057594037927936 16777215 729 2 1 1224979098644774940 730 2 1 1224979098644774922 926 2 72057594037927936 1 729 2 1 750 730 2 1 750 925 2 72057594037927936 1 910 3 72057594037927936 216172782113784215 16 921 2 72057594037927936 16777215 2120 3 1224979098644774941 1224979098644774940 179 729 2 1 1224979098644774941 730 2 1 1224979098644774922 926 2 72057594037927936 1 729 2 1 750 730 2 1 750 925 2 72057594037927936 1 910 3 72057594037927936 216172782113784216 16 921 2 72057594037927936 16777215 2120 3 1224979098644774941 1224979098644774940 233 729 2 1 1224979098644774941 730 2 1 1224979098644774922 926 2 72057594037927936 1 729 2 1 750 730 2 1 750 925 2 72057594037927936 1 910 3 72057594037927936 216172782113784217 16 921 2 72057594037927936 16777215 2120 3 1224979098644774941 1224979098644774940 282 729 2 1 1224979098644774941 730 2 1 1224979098644774922 926 2 72057594037927936 1 729 2 1 750 730 2 1 750 925 2 72057594037927936 1 911 2 72057594037927936 6 921 2 72057594037927936 16777215 922 2 72057594037927936 208 2120 3 1224979098644774941 1224979098644774940 0 729 2 1 1224979098644774941 2120 3 1224979098644774942 1224979098644774922 -10 730 2 1 1224979098644774942 926 2 72057594037927936 1 729 2 1 15250 730 2 1 50 925 2 72057594037927936 1 2106 2 1224979098644774922 35 2133 2 1224979098644774943 1224979098644774922 2133 2 1224979098644774944 1224979098644774922 4 0 32 2 1224979098644774928 0 2122 3 1224979098644774945 1224979098644774928 20 2106 2 1224979098644774944 1224979098644774945 3 0 2120 3 1224979098644774946 1224979098644774931 1 6 3 1224979098644774947 0 1224979098644774946 2133 2 1224979098644774948 -2147483648 2133 2 1224979098644774949 -1 6 3 1224979098644774925 1224979098644774924 1224979098644774931 401 1 1224979098644774925 2133 2 1224979098644774932 0 4 0 31 2 144115188075856549 10 2147483679 2 1224979098644774925 1224979098644774930 439 2 1224979098644774933 1224979098644774925 31 2 1224979098644774933 0 2133 2 1224979098644774932 1 5 0 31 2 144115188075856549 11 2147483679 2 1224979098644774925 1224979098644774930 439 2 1224979098644774933 1224979098644774925 31 2 1224979098644774933 1 2133 2 1224979098644774932 1 5 0 31 2 144115188075856549 20 2147483679 2 1224979098644774925 1224979098644774930 2133 2 1224979098644774932 1 3 0 31 2 1224979098644774932 1 2120 3 1224979098644774935 1224979098644774925 282 540 3 5 1224979098644774935 1 433 2 1224979098644774950 1224979098644774925 435 2 1224979098644774951 1224979098644774925 2122 3 1224979098644774952 1224979098644774950 1000 2106 2 1224979098644774952 1224979098644774951 1073741856 2 1224979098644774952 1224979098644774948 31 2 1224979098644774952 -2147483648 2133 2 1224979098644774948 1224979098644774952 2133 2 1224979098644774949 1224979098644774925 3 0 4 0 30 2 1224979098644774949 0 401 1 1224979098644774949 2120 3 1224979098644774935 1224979098644774949 282 500 3 5 1224979098644774935 0 508 3 1224979098644774949 22 0 2350 2 1 1224979098644774949 4 0 31 2 144115188075856549 20 528 3 1224979098644774934 1224979098644774949 56 4 0 31 2 1224979098644774934 1 2133 2 1224979098644774953 4283684330 2133 2 1224979098644774922 1224979098644774943 5 0 2133 2 1224979098644774953 16777215 2133 2 1224979098644774922 1224979098644774944 3 0 5 0 402 2 1224979098644774954 1224979098644774949 4 0 31 2 1224979098644774954 0 2133 2 1224979098644774953 3398929 5 0 31 2 1224979098644774954 1 2133 2 1224979098644774953 16729122 5 0 2133 2 1224979098644774953 16777215 3 0 3 0 2121 3 1224979098644774955 1224979098644774940 25 918 3 1224979098644774956 4 5 729 2 1 1224979098644774955 730 2 1 1224979098644774922 926 2 1224979098644774956 1 927 2 1224979098644774956 0 912 3 1224979098644774957 216172782113784274 0 921 2 1224979098644774957 1224979098644774953 729 2 1 750 730 2 1 750 925 2 1224979098644774957 1 729 2 1 1224979098644774940 730 2 1 1224979098644774922 926 2 1224979098644774957 1 1 3 289 1224979098644774957 1224979098644774956 2133 2 1224979098644774958 72057594037927936 508 3 1224979098644774949 22 1224979098644774958 433 2 72057594037927936 1224979098644774949 910 3 72057594037927936 216172782113784185 8 921 2 72057594037927936 1224979098644774953 729 2 1 750 730 2 1 750 925 2 72057594037927936 1 2120 3 1224979098644774941 1224979098644774940 188 729 2 1 1224979098644774941 730 2 1 1224979098644774922 926 2 72057594037927936 1 435 2 72057594037927936 1224979098644774949 910 3 72057594037927936 216172782113784185 8 921 2 72057594037927936 1224979098644774953 729 2 1 750 730 2 1 750 925 2 72057594037927936 1 2120 3 1224979098644774941 1224979098644774940 238 729 2 1 1224979098644774941 730 2 1 1224979098644774922 926 2 72057594037927936 1 437 2 72057594037927936 1224979098644774949 910 3 72057594037927936 216172782113784185 8 921 2 72057594037927936 1224979098644774953 729 2 1 750 730 2 1 750 925 2 72057594037927936 1 2120 3 1224979098644774941 1224979098644774940 288 729 2 1 1224979098644774941 730 2 1 1224979098644774922 926 2 72057594037927936 1 2106 2 1224979098644774922 20 4 0 31 2 1224979098644774934 1 2133 2 1224979098644774943 1224979098644774922 5 0 2133 2 1224979098644774944 1224979098644774922 3 0 5 0 2133 2 1224979098644774946 0 3 0 3 0 902 1 999999 
-62.000000  128 2071 1 1224979098644774912 4 0 31 2 1224979098644774912 144115188075857628 2133 2 144115188075857534 0 902 1 0 900 1 71 5 0 31 2 1224979098644774912 144115188075857629 2133 2 144115188075857534 1 902 1 0 900 1 71 5 0 31 2 1224979098644774912 144115188075857630 2133 2 144115188075857534 2 902 1 0 900 1 71 3 0 2133 2 1224979098644774913 250 4 0 31 2 144115188075857217 1224979098644774912 415 1 1224979098644774914 4 0 31 2 144115188075856549 10 6 3 1224979098644774915 1 1224979098644774913 401 1 1224979098644774915 2147483679 2 1224979098644774915 1224979098644774914 548 3 1224979098644774915 56 0 440 2 1224979098644774915 1 3 0 5 0 31 2 144115188075856549 11 6 3 1224979098644774915 1 1224979098644774913 401 1 1224979098644774915 2147483679 2 1224979098644774915 1224979098644774914 440 2 1224979098644774915 0 3 0 3 0 902 1 0 900 1 71 3 0 4 0 31 2 144115188075857554 1224979098644774912 6 3 1224979098644774915 0 1224979098644774913 401 1 1224979098644774915 528 3 1224979098644774916 1224979098644774915 22 2147483679 2 1224979098644774916 0 1 2 290 1224979098644774916 2133 2 1224979098644774917 72057594037927936 2133 2 1224979098644774918 72057594037927937 2133 2 1224979098644774919 72057594037927938 4 0 31 2 1224979098644774919 0 2107 2 1224979098644774916 -1 508 3 1224979098644774915 22 1224979098644774916 927 2 1224979098644774918 1 3 0 3 0 3 0 4 0 31 2 144115188075857555 1224979098644774912 6 3 1224979098644774915 0 1224979098644774913 401 1 1224979098644774915 528 3 1224979098644774916 1224979098644774915 22 2147483679 2 1224979098644774916 0 1 2 290 1224979098644774916 2133 2 1224979098644774917 72057594037927936 2133 2 1224979098644774918 72057594037927937 2133 2 1224979098644774919 72057594037927938 4 0 31 2 1224979098644774919 1 2107 2 1224979098644774916 -1 508 3 1224979098644774915 22 1224979098644774916 927 2 1224979098644774918 0 3 0 3 0 3 0 4 0 31 2 144115188075857632 1224979098644774912 2133 2 144115188075856549 21 2133 2 1224979098644774912 144115188075857556 5 0 31 2 144115188075857631 1224979098644774912 2133 2 144115188075856549 22 2133 2 1224979098644774912 144115188075857556 3 0 4 0 31 2 144115188075857556 1224979098644774912 6 3 1224979098644774915 0 1224979098644774913 401 1 1224979098644774915 528 3 1224979098644774916 1224979098644774915 22 2147483679 2 1224979098644774916 0 1 2 290 1224979098644774916 2133 2 1224979098644774917 72057594037927936 2133 2 1224979098644774918 72057594037927937 2133 2 1224979098644774919 72057594037927938 4 0 31 2 1224979098644774919 1 1 2 291 1224979098644774915 3 0 3 0 902 1 0 900 1 71 3 0 2133 2 1224979098644774920 1 4 0 417 0 2133 2 1224979098644774920 0 3 0 6 3 1224979098644774915 1224979098644774920 1224979098644774913 401 1 1224979098644774915 528 3 1224979098644774916 1224979098644774915 22 2147483679 2 1224979098644774916 0 1 2 290 1224979098644774916 2133 2 1224979098644774917 72057594037927936 2133 2 1224979098644774918 72057594037927937 4 0 31 2 1224979098644774912 1224979098644774917 1 2 291 1224979098644774915 2133 2 1224979098644774913 0 902 1 0 900 1 71 5 0 31 2 1224979098644774912 1224979098644774918 2107 2 1224979098644774916 -1 508 3 1224979098644774915 22 1224979098644774916 2133 2 1224979098644774913 0 3 0 3 0 
-61.000000  6 2071 1 1224979098644774912 4 0 71 1 1 32 2 1224979098644774912 200 902 1 0 3 0 


prsnt_multiplayer_always_mute_panel 2 0 3
-60.000000  350 2124 1 1000 2133 2 1224979098644774912 300 2133 2 1224979098644774913 450 2133 2 1224979098644774914 688 2133 2 1224979098644774915 1224979098644774912 2133 2 1224979098644774916 1224979098644774913 911 2 72057594037927936 6 921 2 72057594037927936 0 922 2 72057594037927936 208 729 2 1 1224979098644774915 730 2 1 1224979098644774914 926 2 72057594037927936 1 729 2 1 6000 730 2 1 1600 925 2 72057594037927936 1 911 2 72057594037927936 6 921 2 72057594037927936 0 922 2 72057594037927936 208 729 2 1 1224979098644774916 730 2 1 1224979098644774914 926 2 72057594037927936 1 729 2 1 4400 730 2 1 1600 925 2 72057594037927936 1 912 3 144115188075857628 216172782113785515 0 912 3 144115188075857629 216172782113785516 0 921 2 144115188075857628 16777215 921 2 144115188075857629 16777215 4 0 31 2 144115188075857553 0 921 2 144115188075857628 15526786 5 0 31 2 144115188075857553 1 921 2 144115188075857629 15526786 3 0 729 2 1 1224979098644774912 730 2 1 1224979098644774914 926 2 144115188075857628 1 729 2 1 1224979098644774913 730 2 1 1224979098644774914 926 2 144115188075857629 1 2133 2 1224979098644774917 40 2120 3 1224979098644774918 1224979098644774917 64 2120 3 1224979098644774919 1224979098644774917 30 2133 2 1224979098644774920 450 2319 1 3 2319 1 4 4 0 31 2 144115188075857553 0 2320 2 3 216172782113784543 2320 2 4 216172782113785172 5 0 31 2 144115188075857553 1 2320 2 3 216172782113784544 2320 2 4 216172782113785173 3 0 912 2 144115188075857633 3 921 2 144115188075857633 16777215 729 2 1 450 730 2 1 1224979098644774919 926 2 144115188075857633 1 729 2 1 1000 730 2 1 1000 925 2 144115188075857633 1 910 2 1224979098644774921 216172782113785167 921 2 1224979098644774921 16777215 729 2 1 295 730 2 1 1224979098644774918 926 2 1224979098644774921 1 729 2 1 1000 730 2 1 1000 925 2 1224979098644774921 1 912 2 144115188075857634 216172782113785168 921 2 144115188075857634 16777215 729 2 1 375 730 2 1 1224979098644774918 926 2 144115188075857634 1 729 2 1 1000 730 2 1 1000 925 2 144115188075857634 1 910 2 1224979098644774921 216172782113785169 921 2 1224979098644774921 16777215 729 2 1 400 730 2 1 1224979098644774918 926 2 1224979098644774921 1 729 2 1 1000 730 2 1 1000 925 2 1224979098644774921 1 912 2 144115188075857635 216172782113785170 921 2 144115188075857635 16777215 729 2 1 415 730 2 1 1224979098644774918 926 2 144115188075857635 1 729 2 1 1000 730 2 1 1000 925 2 144115188075857635 1 912 2 144115188075857636 4 921 2 144115188075857636 16777215 729 2 1 480 730 2 1 1224979098644774918 926 2 144115188075857636 1 729 2 1 1000 730 2 1 1000 925 2 144115188075857636 1 911 2 72057594037927936 1 729 2 1 275 730 2 1 1224979098644774917 926 2 72057594037927936 1 729 2 1 1100 730 2 1 1100 925 2 72057594037927936 1 2133 2 144115188075856533 120 4 0 31 2 144115188075857553 0 2133 2 1224979098644774922 1 4 0 417 0 2133 2 1224979098644774922 0 3 0 6 3 1224979098644774923 1224979098644774922 250 401 1 1224979098644774923 508 3 1224979098644774923 22 -1 3 0 2133 2 1224979098644774924 0 2133 2 1224979098644774925 0 2133 2 1224979098644774926 250 17 2 1224979098644774923 144115188075857700 401 1 1224979098644774923 548 3 1224979098644774923 59 0 2120 3 1224979098644774927 1224979098644774923 282 4 0 500 3 5 1224979098644774927 1 402 2 1224979098644774928 1224979098644774923 4 0 1073741855 2 1224979098644774928 0 31 2 1224979098644774928 1 2105 2 1224979098644774924 1 5 0 31 2 1224979098644774928 2 2105 2 1224979098644774925 1 3 0 5 0 500 3 5 1224979098644774927 0 3 0 3 0 2120 3 1224979098644774929 1224979098644774924 1224979098644774925 2120 3 1224979098644774930 1224979098644774917 100 2319 1 0 910 3 144115188075856534 0 131072 729 2 1 300 730 2 1 1224979098644774930 926 2 144115188075856534 1 729 2 1 346 730 2 1 500 929 2 144115188075856534 1 945 1 144115188075856534 2122 3 1224979098644774931 1224979098644774929 20 2105 2 1224979098644774931 80 4 0 32 2 1224979098644774925 0 2105 2 1224979098644774931 70 3 0 2133 2 1224979098644774920 1224979098644774931 2133 2 1224979098644774932 42 910 3 72057594037927936 216172782113784214 0 921 2 72057594037927936 16777215 729 2 1 1224979098644774932 730 2 1 1224979098644774920 926 2 72057594037927936 1 729 2 1 750 730 2 1 750 925 2 72057594037927936 1 910 3 72057594037927936 216172782113784215 16 921 2 72057594037927936 16777215 2120 3 1224979098644774933 1224979098644774932 179 729 2 1 1224979098644774933 730 2 1 1224979098644774920 926 2 72057594037927936 1 729 2 1 750 730 2 1 750 925 2 72057594037927936 1 910 3 72057594037927936 216172782113784216 16 921 2 72057594037927936 16777215 2120 3 1224979098644774933 1224979098644774932 233 729 2 1 1224979098644774933 730 2 1 1224979098644774920 926 2 72057594037927936 1 729 2 1 750 730 2 1 750 925 2 72057594037927936 1 910 3 72057594037927936 216172782113784217 16 921 2 72057594037927936 16777215 2120 3 1224979098644774933 1224979098644774932 282 729 2 1 1224979098644774933 730 2 1 1224979098644774920 926 2 72057594037927936 1 729 2 1 750 730 2 1 750 925 2 72057594037927936 1 911 2 72057594037927936 6 921 2 72057594037927936 16777215 922 2 72057594037927936 208 2120 3 1224979098644774933 1224979098644774932 0 729 2 1 1224979098644774933 2120 3 1224979098644774934 1224979098644774920 -10 730 2 1 1224979098644774934 926 2 72057594037927936 1 729 2 1 15250 730 2 1 50 925 2 72057594037927936 1 2106 2 1224979098644774920 35 2120 3 1224979098644774935 1224979098644774926 1 6 3 1224979098644774936 0 1224979098644774935 2133 2 1224979098644774937 -2147483648 2133 2 1224979098644774938 -1 6 3 1224979098644774923 1224979098644774922 1224979098644774926 401 1 1224979098644774923 548 3 1224979098644774923 59 0 2120 3 1224979098644774927 1224979098644774923 282 540 3 5 1224979098644774927 1 433 2 1224979098644774939 1224979098644774923 435 2 1224979098644774940 1224979098644774923 2122 3 1224979098644774941 1224979098644774939 1000 2106 2 1224979098644774941 1224979098644774940 1073741856 2 1224979098644774941 1224979098644774937 31 2 1224979098644774941 -2147483648 2133 2 1224979098644774937 1224979098644774941 2133 2 1224979098644774938 1224979098644774923 3 0 4 0 30 2 1224979098644774938 0 2120 3 1224979098644774927 1224979098644774938 282 500 3 5 1224979098644774927 0 508 3 1224979098644774938 22 0 2350 2 1 1224979098644774938 402 2 1224979098644774942 1224979098644774938 4 0 31 2 1224979098644774942 0 2133 2 1224979098644774943 3398929 5 0 31 2 1224979098644774942 1 2133 2 1224979098644774943 16729122 5 0 2133 2 1224979098644774943 16777215 3 0 2121 3 1224979098644774944 1224979098644774932 25 918 3 1224979098644774945 4 5 729 2 1 1224979098644774944 730 2 1 1224979098644774920 926 2 1224979098644774945 1 927 2 1224979098644774945 0 912 3 1224979098644774946 216172782113784274 0 921 2 1224979098644774946 1224979098644774943 729 2 1 750 730 2 1 750 925 2 1224979098644774946 1 729 2 1 1224979098644774932 730 2 1 1224979098644774920 926 2 1224979098644774946 1 1 3 289 1224979098644774946 1224979098644774945 2133 2 1224979098644774947 72057594037927936 508 3 1224979098644774938 22 1224979098644774947 433 2 72057594037927936 1224979098644774938 910 3 72057594037927936 216172782113784185 8 921 2 72057594037927936 1224979098644774943 729 2 1 750 730 2 1 750 925 2 72057594037927936 1 2120 3 1224979098644774933 1224979098644774932 188 729 2 1 1224979098644774933 730 2 1 1224979098644774920 926 2 72057594037927936 1 435 2 72057594037927936 1224979098644774938 910 3 72057594037927936 216172782113784185 8 921 2 72057594037927936 1224979098644774943 729 2 1 750 730 2 1 750 925 2 72057594037927936 1 2120 3 1224979098644774933 1224979098644774932 238 729 2 1 1224979098644774933 730 2 1 1224979098644774920 926 2 72057594037927936 1 437 2 72057594037927936 1224979098644774938 910 3 72057594037927936 216172782113784185 8 921 2 72057594037927936 1224979098644774943 729 2 1 750 730 2 1 750 925 2 72057594037927936 1 2120 3 1224979098644774933 1224979098644774932 288 729 2 1 1224979098644774933 730 2 1 1224979098644774920 926 2 72057594037927936 1 2106 2 1224979098644774920 20 5 0 2133 2 1224979098644774935 0 3 0 3 0 5 0 31 2 144115188075857553 1 520 3 1224979098644774948 7 0 32 2 1224979098644774948 0 2120 3 1224979098644774930 1224979098644774917 100 2319 1 0 910 3 144115188075856534 0 131072 729 2 1 300 730 2 1 1224979098644774930 926 2 144115188075856534 1 729 2 1 346 730 2 1 500 929 2 144115188075856534 1 945 1 144115188075856534 2122 3 1224979098644774931 1224979098644774948 20 2105 2 1224979098644774931 80 2133 2 1224979098644774920 1224979098644774931 2133 2 1224979098644774932 42 2120 3 1224979098644774949 1224979098644774948 1 6 3 1224979098644774950 1 1224979098644774949 520 3 1224979098644774951 7 1224979098644774950 520 3 1224979098644774952 8 1224979098644774950 500 3 9 1224979098644774950 0 2121 3 1224979098644774944 1224979098644774932 25 918 3 1224979098644774945 4 5 729 2 1 1224979098644774944 730 2 1 1224979098644774920 926 2 1224979098644774945 1 927 2 1224979098644774945 0 4 0 32 2 1224979098644774952 0 401 1 1224979098644774952 2350 2 1 1224979098644774952 2133 2 72057594037927936 1224979098644774951 912 3 1224979098644774946 216172782113785517 0 5 0 2133 2 72057594037927936 1224979098644774951 912 3 1224979098644774946 216172782113785518 0 3 0 921 2 1224979098644774946 16777215 729 2 1 750 730 2 1 750 925 2 1224979098644774946 1 729 2 1 1224979098644774932 730 2 1 1224979098644774920 926 2 1224979098644774946 1 1 3 289 1224979098644774946 1224979098644774945 2133 2 1224979098644774947 72057594037927936 500 3 9 1224979098644774950 1224979098644774947 2106 2 1224979098644774920 20 3 0 3 0 902 1 999999 
-62.000000  198 2071 1 1224979098644774912 2133 2 1224979098644774913 250 2133 2 1224979098644774914 1 4 0 417 0 2133 2 1224979098644774914 0 3 0 4 0 31 2 1224979098644774912 144115188075857628 2133 2 144115188075857553 0 902 1 0 900 1 72 5 0 31 2 1224979098644774912 144115188075857629 2133 2 144115188075857553 1 902 1 0 900 1 72 5 0 31 2 144115188075857633 1224979098644774912 4 0 31 2 144115188075857553 0 6 3 1224979098644774915 1224979098644774914 1224979098644774913 401 1 1224979098644774915 390 3 47 127 1224979098644774915 1 2 317 1224979098644774915 3 0 5 0 31 2 144115188075857553 1 520 3 1224979098644774916 7 0 2120 3 1224979098644774917 1224979098644774916 1 6 3 1224979098644774918 1 1224979098644774917 520 3 1224979098644774919 7 1224979098644774918 390 3 47 128 1224979098644774919 3 0 3 0 902 1 0 900 1 72 5 0 31 2 144115188075857634 1224979098644774912 4 0 31 2 144115188075857553 0 6 3 1224979098644774915 1224979098644774914 1224979098644774913 401 1 1224979098644774915 528 3 1224979098644774920 1224979098644774915 22 2147483679 2 1224979098644774920 0 1 2 290 1224979098644774920 2133 2 1224979098644774921 72057594037927936 2133 2 1224979098644774922 72057594037927937 2133 2 1224979098644774923 72057594037927938 4 0 31 2 1224979098644774923 0 2107 2 1224979098644774920 -1 508 3 1224979098644774915 22 1224979098644774920 927 2 1224979098644774922 1 3 0 3 0 5 0 31 2 144115188075857553 1 520 3 1224979098644774916 7 0 2120 3 1224979098644774917 1224979098644774916 1 6 3 1224979098644774918 1 1224979098644774917 520 3 1224979098644774920 9 1224979098644774918 2147483679 2 1224979098644774920 0 1 2 290 1224979098644774920 2133 2 1224979098644774921 72057594037927936 2133 2 1224979098644774922 72057594037927937 2133 2 1224979098644774923 72057594037927938 4 0 31 2 1224979098644774923 0 2107 2 1224979098644774920 -1 500 3 9 1224979098644774918 1224979098644774920 927 2 1224979098644774922 1 3 0 3 0 3 0 5 0 31 2 144115188075857635 1224979098644774912 4 0 31 2 144115188075857553 0 6 3 1224979098644774915 1224979098644774914 1224979098644774913 401 1 1224979098644774915 528 3 1224979098644774920 1224979098644774915 22 2147483679 2 1224979098644774920 0 1 2 290 1224979098644774920 2133 2 1224979098644774921 72057594037927936 2133 2 1224979098644774922 72057594037927937 2133 2 1224979098644774923 72057594037927938 4 0 31 2 1224979098644774923 1 2107 2 1224979098644774920 -1 508 3 1224979098644774915 22 1224979098644774920 927 2 1224979098644774922 0 3 0 3 0 5 0 31 2 144115188075857553 1 520 3 1224979098644774916 7 0 2120 3 1224979098644774917 1224979098644774916 1 6 3 1224979098644774918 1 1224979098644774917 520 3 1224979098644774920 9 1224979098644774918 2147483679 2 1224979098644774920 0 1 2 290 1224979098644774920 2133 2 1224979098644774921 72057594037927936 2133 2 1224979098644774922 72057594037927937 2133 2 1224979098644774923 72057594037927938 4 0 31 2 1224979098644774923 1 2107 2 1224979098644774920 -1 500 3 9 1224979098644774918 1224979098644774920 927 2 1224979098644774922 0 3 0 3 0 3 0 5 0 31 2 144115188075857636 1224979098644774912 4 0 31 2 144115188075857553 0 6 3 1224979098644774915 1224979098644774914 1224979098644774913 401 1 1224979098644774915 528 3 1224979098644774920 1224979098644774915 22 1 2 290 1224979098644774920 2133 2 1224979098644774921 72057594037927936 2133 2 1224979098644774922 72057594037927937 2133 2 1224979098644774923 72057594037927938 2147483679 2 1224979098644774920 0 4 0 31 2 1224979098644774923 1 390 3 47 127 1224979098644774915 3 0 3 0 5 0 31 2 144115188075857553 1 520 3 1224979098644774916 7 0 2120 3 1224979098644774917 1224979098644774916 1 6 3 1224979098644774918 1 1224979098644774917 520 3 1224979098644774920 9 1224979098644774918 2147483679 2 1224979098644774920 0 1 2 290 1224979098644774920 2133 2 1224979098644774921 72057594037927936 2133 2 1224979098644774922 72057594037927937 2133 2 1224979098644774923 72057594037927938 4 0 31 2 1224979098644774923 1 520 3 1224979098644774919 7 1224979098644774918 390 3 47 128 1224979098644774919 3 0 3 0 3 0 902 1 0 900 1 72 5 0 4 0 31 2 144115188075857553 0 6 3 1224979098644774915 1224979098644774914 1224979098644774913 401 1 1224979098644774915 528 3 1224979098644774920 1224979098644774915 22 1 2 290 1224979098644774920 2133 2 1224979098644774921 72057594037927936 2133 2 1224979098644774922 72057594037927937 4 0 31 2 1224979098644774912 1224979098644774921 390 3 47 127 1224979098644774915 2133 2 1224979098644774913 0 902 1 0 900 1 72 5 0 31 2 1224979098644774912 1224979098644774922 2107 2 1224979098644774920 -1 508 3 1224979098644774915 22 1224979098644774920 2133 2 1224979098644774913 0 3 0 3 0 5 0 31 2 144115188075857553 1 520 3 1224979098644774916 7 0 2120 3 1224979098644774917 1224979098644774916 1 6 3 1224979098644774918 1 1224979098644774917 520 3 1224979098644774920 9 1224979098644774918 2147483679 2 1224979098644774920 0 1 2 290 1224979098644774920 2133 2 1224979098644774921 72057594037927936 2133 2 1224979098644774922 72057594037927937 4 0 31 2 1224979098644774912 1224979098644774921 520 3 1224979098644774919 7 1224979098644774918 390 3 47 128 1224979098644774919 2133 2 1224979098644774913 0 902 1 0 900 1 72 5 0 31 2 1224979098644774912 1224979098644774922 2107 2 1224979098644774920 -1 500 3 9 1224979098644774918 1224979098644774920 2133 2 1224979098644774913 0 3 0 3 0 3 0 3 0 
-61.000000  12 2071 1 1224979098644774912 4 0 71 1 1 32 2 1224979098644774912 200 902 1 0 3 0 4 0 31 2 144115188075857637 1 2133 2 144115188075857637 0 902 1 0 900 1 72 3 0 


prsnt_multiplayer_activate_interactions 2 0 2
-60.000000  2 2124 1 1000 902 1 999999 
-61.000000  12 2071 1 1224979098644774912 4 0 1073741895 1 1 71 1 46 32 2 1224979098644774912 200 902 1 0 3 0 4 0 31 2 144115188075857627 1 2133 2 144115188075857627 0 902 1 0 3 0 


prsnt_multiplayer_interaction_one_agent 2 0 3
-60.000000  160 2124 1 1000 4 0 1712 1 144115188075857626 1724 2 1224979098644774912 144115188075857626 415 1 1224979098644774913 911 2 72057594037927936 13 729 2 1 250 730 2 1 80 926 2 72057594037927936 1 729 2 1 1000 730 2 1 1000 925 2 72057594037927936 1 2319 1 0 910 3 144115188075857537 0 131072 729 2 1 285 730 2 1 125 926 2 144115188075857537 1 729 2 1 405 730 2 1 500 929 2 144115188075857537 1 945 1 144115188075857537 2133 2 1224979098644774914 450 729 2 1 60 2133 2 1224979098644774915 900 2133 2 1224979098644774916 27 701 1 2 729 2 2 1224979098644774915 730 2 2 1224979098644774915 1 2 315 144115188075857626 910 3 144115188075857638 216172782113785188 0 921 2 144115188075857638 16777215 730 2 1 1224979098644774914 926 2 144115188075857638 1 925 2 144115188075857638 2 2106 2 1224979098644774914 33 2133 2 144115188075857639 -1 2133 2 144115188075857640 -1 2133 2 144115188075857641 -1 2133 2 144115188075857642 -1 2133 2 144115188075857643 -1 2133 2 144115188075857644 -1 2133 2 144115188075857645 -1 2133 2 144115188075857646 -1 2133 2 144115188075857647 -1 2133 2 144115188075857648 -1 2133 2 144115188075857649 -1 2133 2 144115188075857650 -1 2133 2 144115188075857651 -1 2133 2 144115188075857652 -1 2133 2 144115188075857653 -1 2133 2 144115188075857654 -1 4 0 430 1 1224979098644774913 912 3 144115188075857639 216172782113785523 0 921 2 144115188075857639 16777215 730 2 1 1224979098644774914 926 2 144115188075857639 1 925 2 144115188075857639 2 2106 2 1224979098644774914 1224979098644774916 912 3 144115188075857640 216172782113785524 0 921 2 144115188075857640 16777215 730 2 1 1224979098644774914 926 2 144115188075857640 1 925 2 144115188075857640 2 2106 2 1224979098644774914 1224979098644774916 4 0 401 1 1224979098644774912 912 3 144115188075857641 216172782113785529 0 921 2 144115188075857641 16777215 730 2 1 1224979098644774914 926 2 144115188075857641 1 925 2 144115188075857641 2 2106 2 1224979098644774914 1224979098644774916 912 3 144115188075857642 216172782113785531 0 921 2 144115188075857642 16777215 730 2 1 1224979098644774914 926 2 144115188075857642 1 925 2 144115188075857642 2 2106 2 1224979098644774914 1224979098644774916 912 3 144115188075857643 216172782113785530 0 921 2 144115188075857643 16777215 730 2 1 1224979098644774914 926 2 144115188075857643 1 925 2 144115188075857643 2 2106 2 1224979098644774914 1224979098644774916 912 3 144115188075857644 216172782113785525 0 921 2 144115188075857644 16777215 730 2 1 1224979098644774914 926 2 144115188075857644 1 925 2 144115188075857644 2 2106 2 1224979098644774914 1224979098644774916 912 3 144115188075857645 216172782113785526 0 921 2 144115188075857645 16777215 730 2 1 1224979098644774914 926 2 144115188075857645 1 925 2 144115188075857645 2 2106 2 1224979098644774914 1224979098644774916 912 3 144115188075857647 216172782113785537 0 921 2 144115188075857647 16777215 730 2 1 1224979098644774914 926 2 144115188075857647 1 925 2 144115188075857647 2 2106 2 1224979098644774914 1224979098644774916 912 3 144115188075857648 216172782113785189 0 921 2 144115188075857648 16777215 730 2 1 1224979098644774914 926 2 144115188075857648 1 925 2 144115188075857648 2 2106 2 1224979098644774914 1224979098644774916 912 3 144115188075857651 216172782113785534 0 921 2 144115188075857651 16777215 730 2 1 1224979098644774914 926 2 144115188075857651 1 925 2 144115188075857651 2 2106 2 1224979098644774914 1224979098644774916 3 0 912 3 144115188075857646 216172782113785532 0 921 2 144115188075857646 16777215 730 2 1 1224979098644774914 926 2 144115188075857646 1 925 2 144115188075857646 2 2106 2 1224979098644774914 1224979098644774916 912 3 144115188075857649 216172782113785536 0 921 2 144115188075857649 16777215 730 2 1 1224979098644774914 926 2 144115188075857649 1 925 2 144115188075857649 2 2106 2 1224979098644774914 1224979098644774916 912 3 144115188075857650 216172782113785535 0 921 2 144115188075857650 16777215 730 2 1 1224979098644774914 926 2 144115188075857650 1 925 2 144115188075857650 2 2106 2 1224979098644774914 1224979098644774916 912 3 144115188075857652 216172782113785190 0 921 2 144115188075857652 16777215 730 2 1 1224979098644774914 926 2 144115188075857652 1 925 2 144115188075857652 2 2106 2 1224979098644774914 1224979098644774916 3 0 4 0 401 1 1224979098644774912 912 3 144115188075857653 216172782113785538 0 921 2 144115188075857653 16777215 730 2 1 1224979098644774914 926 2 144115188075857653 1 925 2 144115188075857653 2 2106 2 1224979098644774914 1224979098644774916 912 3 144115188075857654 216172782113785191 0 921 2 144115188075857654 16777215 730 2 1 1224979098644774914 926 2 144115188075857654 1 925 2 144115188075857654 2 2106 2 1224979098644774914 1224979098644774916 3 0 902 1 999999 5 0 902 1 0 3 0 
-62.000000  73 2071 1 1224979098644774912 4 0 1712 1 144115188075857626 1724 2 1224979098644774913 144115188075857626 2133 2 144115188075856549 -1 4 0 1702 1 144115188075857626 4 0 31 2 1224979098644774912 144115188075857639 2133 2 144115188075856549 4 5 0 31 2 1224979098644774912 144115188075857640 2133 2 144115188075856549 5 5 0 31 2 1224979098644774912 144115188075857646 2133 2 144115188075856549 12 5 0 31 2 1224979098644774912 144115188075857647 2133 2 144115188075856549 14 5 0 31 2 1224979098644774912 144115188075857649 2133 2 144115188075856549 15 5 0 31 2 1224979098644774912 144115188075857650 2133 2 144115188075856549 16 5 0 31 2 1224979098644774912 144115188075857651 2133 2 144115188075856549 18 3 0 3 0 4 0 31 2 1224979098644774912 144115188075857652 1 2 315 144115188075857626 1501 2 1495 0 5 0 31 2 1224979098644774912 144115188075857641 2133 2 144115188075856549 3 5 0 31 2 1224979098644774912 144115188075857642 2133 2 144115188075856549 7 5 0 31 2 1224979098644774912 144115188075857643 2133 2 144115188075856549 6 5 0 31 2 1224979098644774912 144115188075857653 2133 2 144115188075856549 10 5 0 31 2 1224979098644774912 144115188075857654 401 1 1224979098644774913 2133 2 144115188075857655 1224979098644774913 2319 1 60 900 1 75 5 0 31 2 1224979098644774912 144115188075857648 2133 2 144115188075856549 23 5 0 31 2 1224979098644774912 144115188075857644 2133 2 144115188075856549 8 5 0 31 2 1224979098644774912 144115188075857645 2133 2 144115188075856549 9 3 0 4 0 2147483679 2 144115188075856549 -1 4 0 401 1 1224979098644774913 1 2 291 1224979098644774913 5 0 1 2 292 144115188075857626 3 0 3 0 3 0 902 1 0 
-61.000000  6 2071 1 1224979098644774912 4 0 71 1 1 32 2 1224979098644774912 200 902 1 0 3 0 


prsnt_multiplayer_send_wisper 2 0 3
-60.000000  79 2124 1 1000 2133 2 1224979098644774912 850 911 2 72057594037927936 13 729 2 1 50 730 2 1 180 926 2 72057594037927936 1 729 2 1 1200 730 2 1 700 925 2 72057594037927936 1 2319 1 1 910 3 144115188075857537 1 131072 729 2 1 55 730 2 1 185 926 2 144115188075857537 1 729 2 1 605 730 2 1 300 929 2 144115188075857537 1 945 1 144115188075857537 2133 2 1224979098644774913 250 729 2 1 40 4 0 401 1 144115188075857655 2350 2 1 144115188075857655 5 0 2319 1 1 3 0 701 1 2 912 3 144115188075857656 216172782113785552 0 921 2 144115188075857656 16777215 730 2 1 1224979098644774913 926 2 144115188075857656 1 729 2 2 1224979098644774912 730 2 2 1224979098644774912 925 2 144115188075857656 2 2106 2 1224979098644774913 33 2319 1 0 4 0 2147485966 1 60 2321 2 0 60 3 0 919 1 144115188075857657 729 2 2 30 730 2 2 1224979098644774913 926 2 144115188075857657 2 729 2 2 500 730 2 2 1000 925 2 144115188075857657 2 920 2 144115188075857657 0 4 0 401 1 144115188075857732 2106 2 1224979098644774913 33 2350 2 1 144115188075857732 910 3 144115188075857658 216172782113785553 0 921 2 144115188075857658 16777215 730 2 1 1224979098644774913 926 2 144115188075857658 1 729 2 2 1224979098644774912 730 2 2 1224979098644774912 925 2 144115188075857658 2 2106 2 1224979098644774913 33 2322 2 1 1487 910 3 144115188075857659 1 0 921 2 144115188075857659 4283684330 730 2 1 1224979098644774913 926 2 144115188075857659 1 729 2 2 1224979098644774912 730 2 2 1224979098644774912 925 2 144115188075857659 2 2106 2 1224979098644774913 33 912 3 144115188075857660 216172782113785556 0 921 2 144115188075857660 16777215 730 2 1 1224979098644774913 926 2 144115188075857660 1 729 2 2 1224979098644774912 730 2 2 1224979098644774912 925 2 144115188075857660 2 2106 2 1224979098644774913 33 3 0 902 1 999999 
-62.000000  26 2071 1 1224979098644774912 4 0 31 2 1224979098644774912 144115188075857656 2133 2 144115188075857661 0 2321 2 60 0 900 1 76 5 0 31 2 1224979098644774912 144115188075857660 2133 2 144115188075857655 144115188075857732 2321 2 60 0 2133 2 144115188075857662 1 5 0 31 2 1224979098644774912 144115188075857657 4 0 2147483719 1 1 2147483719 1 224 2147483719 1 225 2147483719 1 226 2147485966 1 0 401 1 144115188075857655 1501 2 1488 0 391 4 4 23 0 144115188075857655 902 1 0 2319 1 60 3 0 3 0 
-61.000000  20 2071 1 1224979098644774912 4 0 71 1 1 32 2 1224979098644774912 200 902 1 0 903 1 76 2133 2 144115188075857663 1 2319 1 60 5 0 1073741894 1 29 70 1 157 71 1 47 1 2 336 144115188075857657 3 0 4 0 31 2 144115188075857662 1 2133 2 144115188075857662 0 902 1 0 900 1 75 3 0 


prsnt_multiplayer_small_players_list 2 0 3
-60.000000  110 2124 1 1000 2133 2 1224979098644774912 1 4 0 417 0 2133 2 1224979098644774912 0 3 0 6 3 1224979098644774913 1224979098644774912 250 401 1 1224979098644774913 508 3 1224979098644774913 22 -1 3 0 911 2 72057594037927936 1 729 2 1 650 730 2 1 40 926 2 72057594037927936 1 729 2 1 700 730 2 1 1150 925 2 72057594037927936 1 2133 2 1224979098644774914 0 2133 2 1224979098644774915 0 2133 2 1224979098644774916 250 17 2 1224979098644774913 144115188075857700 401 1 1224979098644774913 2120 3 1224979098644774917 1224979098644774913 282 4 0 500 3 5 1224979098644774917 1 402 2 1224979098644774918 1224979098644774913 4 0 1073741855 2 1224979098644774918 0 31 2 1224979098644774918 1 2105 2 1224979098644774914 1 5 0 31 2 1224979098644774918 2 2105 2 1224979098644774915 1 3 0 5 0 500 3 5 1224979098644774917 0 3 0 3 0 4 0 1073741856 2 144115188075856770 0 32 2 144115188075856771 0 2105 2 1224979098644774914 1 3 0 2120 3 1224979098644774919 1224979098644774914 1224979098644774915 2319 1 0 910 3 144115188075856534 0 131072 729 2 1 650 730 2 1 140 926 2 144115188075856534 1 729 2 1 500 730 2 1 530 929 2 144115188075856534 1 945 1 144115188075856534 2122 3 1224979098644774920 1224979098644774919 20 2105 2 1224979098644774920 80 4 0 32 2 1224979098644774915 0 2105 2 1224979098644774920 70 3 0 2133 2 144115188075856533 120 2133 2 1224979098644774921 1224979098644774920 2133 2 1224979098644774922 20 2120 3 1224979098644774923 1224979098644774916 1 6 3 1224979098644774924 0 1224979098644774923 2133 2 1224979098644774925 -2147483648 2133 2 1224979098644774926 -1 6 3 1224979098644774913 1224979098644774912 1224979098644774916 401 1 1224979098644774913 2120 3 1224979098644774917 1224979098644774913 282 540 3 5 1224979098644774917 1 433 2 1224979098644774927 1224979098644774913 435 2 1224979098644774928 1224979098644774913 2122 3 1224979098644774929 1224979098644774927 1000 2106 2 1224979098644774929 1224979098644774928 1073741856 2 1224979098644774929 1224979098644774925 31 2 1224979098644774929 -2147483648 2133 2 1224979098644774925 1224979098644774929 2133 2 1224979098644774926 1224979098644774913 3 0 4 0 30 2 1224979098644774926 0 2120 3 1224979098644774917 1224979098644774926 282 500 3 5 1224979098644774917 0 508 3 1224979098644774926 22 -1 2350 2 1 1224979098644774926 402 2 1224979098644774930 1224979098644774926 4 0 31 2 1224979098644774930 0 2133 2 1224979098644774931 4281589009 5 0 31 2 1224979098644774930 1 2133 2 1224979098644774931 4294919202 5 0 2133 2 1224979098644774931 16777215 3 0 912 3 1224979098644774932 216172782113784274 0 921 2 1224979098644774932 1224979098644774931 729 2 1 750 730 2 1 750 925 2 1224979098644774932 1 729 2 1 1224979098644774922 730 2 1 1224979098644774921 926 2 1224979098644774932 1 508 3 1224979098644774926 22 1224979098644774932 2106 2 1224979098644774921 20 5 0 2133 2 1224979098644774923 0 3 0 3 0 902 1 999999 
-62.000000  19 2071 1 1224979098644774912 2133 2 1224979098644774913 250 2133 2 1224979098644774914 1 4 0 417 0 2133 2 1224979098644774914 0 3 0 6 3 1224979098644774915 1224979098644774914 1224979098644774913 401 1 1224979098644774915 528 3 1224979098644774916 1224979098644774915 22 31 2 1224979098644774912 1224979098644774916 4 0 31 2 144115188075857661 0 2133 2 144115188075857655 1224979098644774915 2133 2 144115188075857662 1 3 0 2133 2 1224979098644774913 0 902 1 0 3 0 
-61.000000  11 2071 1 1224979098644774912 4 0 71 1 1 32 2 1224979098644774912 200 902 1 0 3 0 4 0 31 2 144115188075857663 1 2133 2 144115188075857663 0 902 1 0 3 0 


prsnt_multiplayer_officer_chat 2 0 3
-60.000000  20 2124 1 1000 910 2 144115188075857664 216172782113785560 921 2 144115188075857664 16777215 729 2 1 200 730 2 1 530 926 2 144115188075857664 1 729 2 1 1000 730 2 1 980 925 2 144115188075857664 1 919 1 144115188075857665 729 2 1 200 730 2 1 500 926 2 144115188075857665 1 729 2 1 600 730 2 1 1000 925 2 144115188075857665 1 949 1 144115188075857665 2319 1 0 920 2 144115188075857665 0 902 1 999999 
-62.000000  11 2071 1 1224979098644774912 4 0 31 2 1224979098644774912 144115188075857665 4 0 2147483719 1 1 2147485966 1 0 1501 2 1492 0 390 3 4 23 2 3 0 902 1 0 3 0 
-61.000000  11 2071 1 1224979098644774912 4 0 71 1 1 32 2 1224979098644774912 200 902 1 0 5 0 1073741894 1 29 70 1 157 71 1 47 1 2 336 144115188075857665 3 0 


prsnt_multiplayer_local_chat 2 0 3
-60.000000  20 2124 1 1000 910 2 144115188075857666 216172782113785562 921 2 144115188075857666 16777215 729 2 1 200 730 2 1 530 926 2 144115188075857666 1 729 2 1 1000 730 2 1 980 925 2 144115188075857666 1 919 1 144115188075857667 729 2 1 200 730 2 1 500 926 2 144115188075857667 1 729 2 1 600 730 2 1 1000 925 2 144115188075857667 1 949 1 144115188075857667 2319 1 0 920 2 144115188075857667 0 902 1 999999 
-62.000000  11 2071 1 1224979098644774912 4 0 31 2 1224979098644774912 144115188075857667 4 0 2147483719 1 1 2147485966 1 0 1501 2 1494 0 390 3 4 23 3 3 0 902 1 0 3 0 
-61.000000  11 2071 1 1224979098644774912 4 0 71 1 1 32 2 1224979098644774912 200 902 1 0 5 0 1073741894 1 29 70 1 157 71 1 47 1 2 336 144115188075857667 3 0 


prsnt_multiplayer_regiment_assignment 2 0 3
-60.000000  236 458 2 1224979098644774912 0 458 2 1224979098644774913 1 529 3 1224979098644774914 0 2 529 3 1224979098644774915 1 2 415 1 1224979098644774916 2133 2 1224979098644774917 0 4 0 401 1 1224979098644774916 430 1 1224979098644774916 2133 2 1224979098644774917 1 3 0 2133 2 1224979098644774918 250 2133 2 1224979098644774919 350 2133 2 1224979098644774920 500 2133 2 1224979098644774921 600 2133 2 1224979098644774922 630 2133 2 1224979098644774923 1224979098644774918 2133 2 1224979098644774924 1224979098644774919 2133 2 1224979098644774925 1224979098644774920 2133 2 1224979098644774926 1224979098644774921 2133 2 1224979098644774927 2000 2133 2 1224979098644774928 60 2120 3 1224979098644774929 1224979098644774918 1224979098644774928 2120 3 1224979098644774930 1224979098644774919 1224979098644774928 2120 3 1224979098644774931 1224979098644774920 1224979098644774928 2120 3 1224979098644774932 1224979098644774921 1224979098644774928 2120 3 1224979098644774933 1224979098644774922 10 2133 2 1224979098644774934 30 911 2 72057594037927936 6 921 2 72057594037927936 0 922 2 72057594037927936 208 729 2 1 1224979098644774923 730 2 1 1224979098644774922 926 2 72057594037927936 1 729 2 1 1224979098644774927 730 2 1 1600 925 2 72057594037927936 1 1 2 330 1224979098644774912 912 3 144115188075857862 1 0 921 2 144115188075857862 16777215 729 2 1 1224979098644774918 730 2 1 1224979098644774922 926 2 144115188075857862 1 1 5 304 1224979098644774912 1224979098644774929 1224979098644774933 1224979098644774934 4 0 32 2 1224979098644774914 0 911 2 72057594037927936 6 921 2 72057594037927936 0 922 2 72057594037927936 208 729 2 1 1224979098644774924 730 2 1 1224979098644774922 926 2 72057594037927936 1 729 2 1 1224979098644774927 730 2 1 1600 925 2 72057594037927936 1 1 2 330 1224979098644774914 912 3 144115188075857863 1 0 921 2 144115188075857863 16777215 729 2 1 1224979098644774919 730 2 1 1224979098644774922 926 2 144115188075857863 1 1 5 304 1224979098644774914 1224979098644774930 1224979098644774933 1224979098644774934 5 0 2133 2 144115188075857863 -1 3 0 911 2 72057594037927936 6 921 2 72057594037927936 0 922 2 72057594037927936 208 729 2 1 1224979098644774925 730 2 1 1224979098644774922 926 2 72057594037927936 1 729 2 1 1224979098644774927 730 2 1 1600 925 2 72057594037927936 1 1 2 330 1224979098644774913 912 3 144115188075857864 1 0 921 2 144115188075857864 16777215 729 2 1 1224979098644774920 730 2 1 1224979098644774922 926 2 144115188075857864 1 1 5 304 1224979098644774913 1224979098644774931 1224979098644774933 1224979098644774934 4 0 32 2 1224979098644774915 0 911 2 72057594037927936 6 921 2 72057594037927936 0 922 2 72057594037927936 208 729 2 1 1224979098644774926 730 2 1 1224979098644774922 926 2 72057594037927936 1 729 2 1 1224979098644774927 730 2 1 1600 925 2 72057594037927936 1 1 2 330 1224979098644774915 912 3 144115188075857865 1 0 921 2 144115188075857865 16777215 729 2 1 1224979098644774921 730 2 1 1224979098644774922 926 2 144115188075857865 1 1 5 304 1224979098644774915 1224979098644774932 1224979098644774933 1224979098644774934 5 0 2133 2 144115188075857865 -1 3 0 4 0 31 2 144115188075856367 14 2120 3 1224979098644774935 1224979098644774921 0 2120 3 1224979098644774936 1224979098644774935 220 2120 3 1224979098644774937 1224979098644774922 40 910 3 72057594037927936 216172782113785469 0 921 2 72057594037927936 16777215 729 2 1 1224979098644774935 730 2 1 1224979098644774937 926 2 72057594037927936 1 729 2 1 1000 730 2 1 980 925 2 72057594037927936 1 916 1 144115188075857866 729 2 1 800 730 2 1 800 925 2 144115188075857866 1 729 2 1 1224979098644774936 730 2 1 1224979098644774937 926 2 144115188075857866 1 931 2 144115188075857866 216172782113785472 931 2 144115188075857866 216172782113785471 931 2 144115188075857866 216172782113785473 931 2 144115188075857866 216172782113785474 927 2 144115188075857866 144115188075857824 5 0 2133 2 144115188075857866 -1 3 0 4 0 31 2 144115188075857836 0 921 2 144115188075857862 15526786 5 0 31 2 144115188075857836 1 32 2 144115188075857863 -1 921 2 144115188075857863 15526786 5 0 31 2 144115188075857836 2 921 2 144115188075857864 15526786 5 0 31 2 144115188075857836 3 32 2 144115188075857865 -1 921 2 144115188075857865 15526786 3 0 911 2 72057594037927936 2 729 2 1 50 730 2 1 150 926 2 72057594037927936 1 729 2 1 1150 730 2 1 820 925 2 72057594037927936 1 2319 1 0 910 3 144115188075857867 0 131072 729 2 1 60 730 2 1 180 926 2 144115188075857867 1 729 2 1 850 730 2 1 420 929 2 144115188075857867 1 945 1 144115188075857867 2133 2 1224979098644774938 650 2133 2 1224979098644774939 1224979098644774938 2133 2 1224979098644774940 20 2133 2 1224979098644774941 450 2133 2 1224979098644774942 25 2133 2 1224979098644774943 50 2133 2 1224979098644774944 1000 4 0 31 2 144115188075857836 0 2335 2 0 1224979098644774912 910 3 1224979098644774945 0 0 921 2 1224979098644774945 16777215 729 2 1 1224979098644774943 730 2 1 1224979098644774939 926 2 1224979098644774945 1 729 2 1 1224979098644774944 730 2 1 1224979098644774944 925 2 1224979098644774945 1 2120 3 1224979098644774933 1224979098644774939 10 1 5 304 1224979098644774912 1224979098644774942 1224979098644774933 1224979098644774934 2106 2 1224979098644774939 30 1 6 331 1224979098644774912 1224979098644774939 1224979098644774940 1224979098644774941 1224979098644774917 5 0 31 2 144115188075857836 1 4 0 32 2 1224979098644774914 0 2335 2 0 1224979098644774914 910 3 1224979098644774945 0 0 921 2 1224979098644774945 16777215 729 2 1 1224979098644774943 730 2 1 1224979098644774939 926 2 1224979098644774945 1 729 2 1 1224979098644774944 730 2 1 1224979098644774944 925 2 1224979098644774945 1 2120 3 1224979098644774933 1224979098644774939 10 1 5 304 1224979098644774914 1224979098644774942 1224979098644774933 1224979098644774934 2106 2 1224979098644774939 30 1 6 331 1224979098644774914 1224979098644774939 1224979098644774940 1224979098644774941 1224979098644774917 3 0 5 0 31 2 144115188075857836 2 2335 2 0 1224979098644774913 910 3 1224979098644774945 0 0 921 2 1224979098644774945 16777215 729 2 1 1224979098644774943 730 2 1 1224979098644774939 926 2 1224979098644774945 1 729 2 1 1224979098644774944 730 2 1 1224979098644774944 925 2 1224979098644774945 1 2120 3 1224979098644774933 1224979098644774939 10 1 5 304 1224979098644774913 1224979098644774942 1224979098644774933 1224979098644774934 2106 2 1224979098644774939 30 1 6 331 1224979098644774913 1224979098644774939 1224979098644774940 1224979098644774941 1224979098644774917 5 0 31 2 144115188075857836 3 4 0 32 2 1224979098644774915 0 2335 2 0 1224979098644774915 910 3 1224979098644774945 0 0 921 2 1224979098644774945 16777215 729 2 1 1224979098644774943 730 2 1 1224979098644774939 926 2 1224979098644774945 1 729 2 1 1224979098644774944 730 2 1 1224979098644774944 925 2 1224979098644774945 1 2120 3 1224979098644774933 1224979098644774939 10 1 5 304 1224979098644774915 1224979098644774942 1224979098644774933 1224979098644774934 2106 2 1224979098644774939 30 1 6 331 1224979098644774915 1224979098644774939 1224979098644774940 1224979098644774941 1224979098644774917 3 0 3 0 902 1 999999 
-62.000000  62 2071 1 1224979098644774912 4 0 31 2 1224979098644774912 144115188075857862 2133 2 144115188075857836 0 902 1 0 900 1 79 5 0 31 2 1224979098644774912 144115188075857863 2133 2 144115188075857836 1 902 1 0 900 1 79 5 0 31 2 1224979098644774912 144115188075857864 2133 2 144115188075857836 2 902 1 0 900 1 79 5 0 31 2 1224979098644774912 144115188075857865 2133 2 144115188075857836 3 902 1 0 900 1 79 5 0 31 2 1224979098644774912 144115188075857866 2072 1 1224979098644774913 2133 2 144115188075857824 1224979098644774913 390 3 47 155 1224979098644774913 1 2 514 1224979098644774913 2133 2 144115188075857868 1 5 0 458 2 1224979098644774914 0 458 2 1224979098644774915 1 529 3 1224979098644774916 0 2 529 3 1224979098644774917 1 2 4 0 31 2 144115188075857836 0 2133 2 1224979098644774918 1224979098644774914 5 0 31 2 144115188075857836 1 2133 2 1224979098644774918 1224979098644774916 5 0 31 2 144115188075857836 2 2133 2 1224979098644774918 1224979098644774915 5 0 31 2 144115188075857836 3 2133 2 1224979098644774918 1224979098644774917 3 0 6 3 1224979098644774919 240 1412 2173 2 1224979098644774920 1224979098644774919 31 2 1224979098644774920 1224979098644774918 520 3 1224979098644774921 1224979098644774919 145 31 2 1224979098644774921 1224979098644774912 520 3 1224979098644774922 1224979098644774919 35 32 2 1224979098644774922 0 2133 2 144115188075857869 1224979098644774919 4 0 903 1 80 2133 2 144115188075857870 1 5 0 900 1 80 3 0 3 0 3 0 
-61.000000  11 4 0 71 1 1 2133 2 144115188075857871 1 902 1 0 3 0 4 0 31 2 144115188075857868 1 2133 2 144115188075857868 0 902 1 0 900 1 79 3 0 


prsnt_multiplayer_enter_regiment_name 2 0 3
-60.000000  70 2124 1 1000 2133 2 1224979098644774912 200 2133 2 1224979098644774913 80 2121 3 1224979098644774914 1224979098644774913 30 2322 2 1 144115188075857869 910 2 72057594037927936 216172782113785579 921 2 72057594037927936 16777215 729 2 1 1224979098644774912 730 2 1 1224979098644774913 926 2 72057594037927936 1 729 2 1 1000 730 2 1 980 925 2 72057594037927936 1 919 1 144115188075857872 729 2 1 1224979098644774912 730 2 1 1224979098644774914 926 2 144115188075857872 1 729 2 1 600 730 2 1 1000 925 2 144115188075857872 1 4 0 2147483679 2 144115188075856367 14 949 1 144115188075857872 3 0 2319 1 0 520 3 1224979098644774915 144115188075857869 35 4 0 32 2 1224979098644774915 0 520 3 1224979098644774916 144115188075857869 36 4 0 31 2 1224979098644774916 0 540 3 1224979098644774915 1 1 2322 2 0 1224979098644774915 5 0 31 2 1224979098644774916 1 540 3 1224979098644774915 2 1 2323 2 0 1224979098644774915 3 0 3 0 920 2 144115188075857872 0 4 0 31 2 144115188075856367 14 2120 3 1224979098644774917 1224979098644774912 350 2120 3 1224979098644774918 1224979098644774917 260 2120 3 1224979098644774919 1224979098644774913 30 910 3 72057594037927936 216172782113785470 0 921 2 72057594037927936 16777215 729 2 1 1224979098644774917 730 2 1 1224979098644774919 926 2 72057594037927936 1 729 2 1 1000 730 2 1 980 925 2 72057594037927936 1 916 1 144115188075857873 729 2 1 800 730 2 1 800 925 2 144115188075857873 1 729 2 1 1224979098644774918 730 2 1 1224979098644774919 926 2 144115188075857873 1 931 2 144115188075857873 216172782113785472 931 2 144115188075857873 216172782113785471 931 2 144115188075857873 216172782113785473 931 2 144115188075857873 216172782113785474 520 3 1224979098644774920 144115188075857869 144 927 2 144115188075857873 1224979098644774920 5 0 2133 2 144115188075857873 -1 3 0 902 1 999999 
-62.000000  31 2071 1 1224979098644774912 4 0 31 2 1224979098644774912 144115188075857873 2072 1 1224979098644774913 1 3 515 144115188075857873 1224979098644774913 391 4 47 156 144115188075857869 1224979098644774913 2133 2 144115188075857868 1 5 0 31 2 1224979098644774912 144115188075857872 4 0 2147483719 1 1 520 3 1224979098644774914 144115188075857869 35 32 2 1224979098644774914 0 520 3 1224979098644774915 144115188075857869 36 4 0 4 0 31 2 1224979098644774915 0 1501 2 1224979098644774914 0 500 3 1224979098644774914 1 1 391 4 4 23 4 144115188075857869 2133 2 144115188075857868 1 5 0 31 2 1224979098644774915 1 1502 2 1224979098644774914 0 500 3 1224979098644774914 2 1 391 4 4 23 4 144115188075857869 2133 2 144115188075857868 1 3 0 3 0 3 0 3 0 
-61.000000  15 2071 1 1224979098644774912 4 0 71 1 1 32 2 1224979098644774912 200 902 1 0 5 0 31 2 144115188075857871 1 2133 2 144115188075857871 0 902 1 0 5 0 31 2 144115188075857870 1 2133 2 144115188075857870 0 902 1 0 900 1 80 3 0 


prsnt_multiplayer_display_team_pinpoints 3 0 3
-60.000000  25 2124 1 1000 2319 1 0 910 3 72057594037927936 0 0 947 2 72057594037927936 0 12 1 1224979098644774912 1712 1 1224979098644774912 505 3 1224979098644774912 44 0 1702 1 1224979098644774912 1704 1 1224979098644774912 1710 2 1 1224979098644774912 2133 2 1224979098644774913 4283684330 4 0 1770 2 1224979098644774914 1224979098644774912 31 2 1224979098644774914 1 2133 2 1224979098644774913 4294901760 3 0 912 3 1224979098644774915 1585267068834414651 0 921 2 1224979098644774915 1224979098644774913 729 2 1 680 730 2 1 680 925 2 1224979098644774915 1 947 2 1224979098644774915 0 902 1 999999 505 3 1224979098644774912 44 1224979098644774915 3 0 
-62.000000  18 2071 1 1224979098644774912 415 1 1224979098644774913 12 1 1224979098644774914 1712 1 1224979098644774914 525 3 1224979098644774915 1224979098644774914 44 32 2 1224979098644774915 0 31 2 1224979098644774912 1224979098644774915 2133 2 144115188075857626 1224979098644774914 1724 2 1224979098644774916 144115188075857626 902 1 0 4 0 1073742254 1 1224979098644774913 401 1 1224979098644774916 903 1 73 2133 2 144115188075857627 1 3 0 900 1 74 3 0 
-61.000000  59 2124 1 1000 415 1 1224979098644774912 406 2 1224979098644774913 1224979098644774912 402 2 1224979098644774914 1224979098644774912 12 1 1224979098644774915 525 3 1224979098644774916 1224979098644774915 44 32 2 1224979098644774916 0 4 0 1712 1 1224979098644774915 1702 1 1224979098644774915 1710 2 1 1224979098644774915 2133 2 1224979098644774917 0 4 0 1073741855 2 1224979098644774914 2 2147485360 1 1224979098644774913 4 0 430 1 1224979098644774912 2133 2 1224979098644774917 1 3 0 5 0 1712 1 1224979098644774913 4 0 1702 1 1224979098644774913 4 0 2147483679 2 1224979098644774913 1224979098644774915 1710 2 2 1224979098644774913 711 3 1224979098644774918 1 2 2147483678 2 1224979098644774918 20 2133 2 1224979098644774917 1 3 0 5 0 430 1 1224979098644774912 2133 2 1224979098644774917 1 3 0 3 0 31 2 1224979098644774917 1 722 3 1 220 1 750 2 5 1 726 2 1224979098644774919 5 727 2 1224979098644774920 5 4 0 33 3 1224979098644774919 -100 1100 33 3 1224979098644774920 -100 850 926 2 1224979098644774916 5 947 2 1224979098644774916 1 5 0 947 2 1224979098644774916 0 3 0 5 0 947 2 1224979098644774916 0 505 3 1224979098644774915 44 0 3 0 3 0 4 0 2147483718 1 47 2147484551 1 73 78 0 902 1 0 3 0 


prsnt_multiplayer_display_unit_pinpoints 3 0 3
-60.000000  23 2124 1 1000 2319 1 0 910 3 72057594037927936 0 0 947 2 72057594037927936 0 1 1 341 12 1 1224979098644774912 1712 1 1224979098644774912 505 3 1224979098644774912 44 0 1702 1 1224979098644774912 1704 1 1224979098644774912 1710 2 1 1224979098644774912 1 2 343 1224979098644774912 2133 2 1224979098644774913 72057594037927936 1 2 344 1224979098644774912 912 3 1224979098644774914 0 0 921 2 1224979098644774914 1224979098644774913 729 2 1 680 730 2 1 680 925 2 1224979098644774914 1 947 2 1224979098644774914 0 902 1 999999 505 3 1224979098644774912 44 1224979098644774914 3 0 
-62.000000  18 2071 1 1224979098644774912 415 1 1224979098644774913 12 1 1224979098644774914 1712 1 1224979098644774914 525 3 1224979098644774915 1224979098644774914 44 32 2 1224979098644774915 0 31 2 1224979098644774912 1224979098644774915 2133 2 144115188075857626 1224979098644774914 1724 2 1224979098644774916 144115188075857626 902 1 0 4 0 1073742254 1 1224979098644774913 401 1 1224979098644774916 903 1 73 2133 2 144115188075857627 1 3 0 900 1 74 3 0 
-61.000000  59 2124 1 1000 415 1 1224979098644774912 406 2 1224979098644774913 1224979098644774912 402 2 1224979098644774914 1224979098644774912 12 1 1224979098644774915 525 3 1224979098644774916 1224979098644774915 44 32 2 1224979098644774916 0 4 0 1712 1 1224979098644774915 1702 1 1224979098644774915 1710 2 1 1224979098644774915 2133 2 1224979098644774917 0 4 0 1073741855 2 1224979098644774914 2 2147485360 1 1224979098644774913 4 0 430 1 1224979098644774912 2133 2 1224979098644774917 1 3 0 5 0 1712 1 1224979098644774913 4 0 1702 1 1224979098644774913 4 0 2147483679 2 1224979098644774913 1224979098644774915 1710 2 2 1224979098644774913 711 3 1224979098644774918 1 2 2147483678 2 1224979098644774918 20 2133 2 1224979098644774917 1 3 0 5 0 430 1 1224979098644774912 2133 2 1224979098644774917 1 3 0 3 0 31 2 1224979098644774917 1 722 3 1 220 1 750 2 5 1 726 2 1224979098644774919 5 727 2 1224979098644774920 5 4 0 33 3 1224979098644774919 -100 1100 33 3 1224979098644774920 -100 850 926 2 1224979098644774916 5 947 2 1224979098644774916 1 5 0 947 2 1224979098644774916 0 3 0 5 0 947 2 1224979098644774916 0 505 3 1224979098644774915 44 0 3 0 3 0 4 0 2147483718 1 45 2147484551 1 73 78 0 902 1 0 3 0 


prsnt_multiplayer_crlb_order_menu 3 0 2
-60.000000  94 2124 1 1000 415 1 1224979098644774912 406 2 1224979098644774913 1224979098644774912 4 0 1712 1 1224979098644774913 1702 1 1224979098644774913 1718 2 1224979098644774914 1224979098644774913 32 2 1224979098644774914 0 520 3 1224979098644774915 1224979098644774914 10 520 3 1224979098644774916 1224979098644774914 11 2133 2 1224979098644774917 300 2133 2 1224979098644774918 22 2133 2 1224979098644774919 1000 2133 2 1224979098644774920 0 2133 2 1224979098644774921 0 2133 2 1224979098644774922 1224979098644774917 2319 1 0 4 0 31 2 144115188075857777 0 2320 2 0 216172782113785582 2133 2 1224979098644774920 5 2133 2 1224979098644774921 216172782113785591 5 0 31 2 144115188075857777 1 4 0 31 2 1224979098644774916 20 2320 2 0 216172782113785590 2133 2 1224979098644774920 7 2133 2 1224979098644774921 216172782113785615 5 0 2320 2 0 216172782113785583 2133 2 1224979098644774920 4 2133 2 1224979098644774921 216172782113785596 3 0 5 0 31 2 144115188075857777 2 2320 2 0 216172782113785584 2133 2 1224979098644774920 2 2133 2 1224979098644774921 216172782113785600 5 0 31 2 144115188075857777 3 2320 2 0 216172782113785585 2133 2 1224979098644774920 4 2133 2 1224979098644774921 216172782113785602 5 0 31 2 144115188075857777 4 2320 2 0 216172782113785586 2133 2 1224979098644774920 2 2133 2 1224979098644774921 216172782113785606 5 0 31 2 144115188075857777 5 2320 2 0 216172782113785587 2133 2 1224979098644774920 5 2133 2 1224979098644774921 216172782113785608 5 0 31 2 144115188075857777 6 2320 2 0 216172782113785588 2133 2 1224979098644774920 2 2133 2 1224979098644774921 216172782113785611 5 0 1073741855 2 1224979098644774916 14 31 2 1224979098644774915 25 31 2 144115188075857777 7 2320 2 0 216172782113785589 2133 2 1224979098644774920 2 2133 2 1224979098644774921 216172782113785613 5 0 902 1 0 3 0 4 0 2147485966 1 0 1106 2 0 4290028882 3 0 6 3 1224979098644774923 0 1224979098644774920 701 1 0 911 2 1224979098644774924 224 922 2 1224979098644774924 255 2121 3 1224979098644774925 1224979098644774920 1224979098644774923 2122 3 1224979098644774922 1224979098644774918 1224979098644774925 2105 2 1224979098644774922 1224979098644774917 730 2 0 1224979098644774922 926 2 1224979098644774924 0 2120 3 1224979098644774926 1224979098644774921 1224979098644774923 910 2 1224979098644774924 1224979098644774926 921 2 1224979098644774924 16777215 926 2 1224979098644774924 0 729 2 1 1224979098644774919 730 2 1 1224979098644774919 925 2 1224979098644774924 1 3 0 902 1 999999 5 0 902 1 0 3 0 
-61.000000  187 2124 1 1000 4 0 71 1 1 902 1 0 3 0 415 1 1224979098644774912 406 2 1224979098644774913 1224979098644774912 4 0 1712 1 1224979098644774913 1702 1 1224979098644774913 1718 2 1224979098644774914 1224979098644774913 32 2 1224979098644774914 0 520 3 1224979098644774915 1224979098644774914 10 520 3 1224979098644774916 1224979098644774914 11 2319 1 0 4 0 31 2 144115188075857777 0 4 0 71 1 63 2320 2 0 216172782113785591 391 4 4 24 0 1 5 0 71 1 64 2320 2 0 216172782113785592 391 4 4 24 0 2 5 0 71 1 65 2320 2 0 216172782113785593 391 4 4 24 0 3 5 0 71 1 66 2320 2 0 216172782113785594 391 4 4 24 0 5 5 0 71 1 67 2320 2 0 216172782113785595 391 4 4 24 0 4 3 0 5 0 31 2 144115188075857777 1 4 0 31 2 1224979098644774916 20 4 0 71 1 63 2320 2 0 216172782113785615 391 4 4 24 8 1 5 0 71 1 64 2320 2 0 216172782113785616 391 4 4 24 8 2 5 0 71 1 65 2320 2 0 216172782113785617 391 4 4 24 8 3 5 0 71 1 66 2320 2 0 216172782113785618 391 4 4 24 8 4 5 0 71 1 67 2320 2 0 216172782113785619 391 4 4 24 8 5 5 0 71 1 8 2320 2 0 216172782113785620 391 4 4 24 8 0 5 0 71 1 9 2320 2 0 216172782113785621 391 4 4 24 8 6 3 0 5 0 4 0 71 1 63 2320 2 0 216172782113785596 391 4 4 24 1 0 5 0 71 1 64 2320 2 0 216172782113785597 391 4 4 24 1 1 5 0 71 1 65 2320 2 0 216172782113785598 391 4 4 24 1 2 5 0 71 1 66 2320 2 0 216172782113785599 391 4 4 24 1 3 3 0 3 0 5 0 31 2 144115188075857777 2 4 0 71 1 63 2320 2 0 216172782113785600 391 4 4 24 2 0 5 0 71 1 64 2320 2 0 216172782113785601 391 4 4 24 2 1 3 0 5 0 31 2 144115188075857777 3 4 0 71 1 63 2320 2 0 216172782113785602 391 4 4 24 3 0 5 0 71 1 64 2320 2 0 216172782113785603 391 4 4 24 3 1 5 0 71 1 65 2320 2 0 216172782113785604 391 4 4 24 3 2 5 0 71 1 66 2320 2 0 216172782113785605 391 4 4 24 3 3 3 0 5 0 31 2 144115188075857777 4 4 0 71 1 63 2320 2 0 216172782113785606 391 4 4 24 4 0 5 0 71 1 64 2320 2 0 216172782113785607 391 4 4 24 4 1 3 0 5 0 31 2 144115188075857777 5 4 0 71 1 63 2320 2 0 216172782113785608 391 4 4 24 5 1 5 0 71 1 64 2320 2 0 216172782113785609 391 4 4 24 5 2 5 0 71 1 65 2320 2 0 216172782113785610 391 4 4 24 5 3 5 0 71 1 66 2320 2 0 216172782113785611 391 4 4 24 6 0 5 0 71 1 67 2320 2 0 216172782113785612 391 4 4 24 6 1 3 0 5 0 31 2 144115188075857777 6 4 0 71 1 63 2320 2 0 216172782113785611 391 4 4 24 6 0 5 0 71 1 64 2320 2 0 216172782113785612 391 4 4 24 6 1 3 0 5 0 31 2 144115188075857777 7 1073741855 2 1224979098644774916 14 31 2 1224979098644774915 25 4 0 71 1 63 2320 2 0 216172782113785613 391 4 4 24 7 1 5 0 71 1 64 2320 2 0 216172782113785614 391 4 4 24 7 2 3 0 3 0 4 0 2147485966 1 0 902 1 0 1106 2 0 4290028882 3 0 5 0 902 1 0 3 0 


prsnt_multiplayer_kill_counts 3 0 2
-60.000000  292 2124 1 1000 911 2 72057594037927936 2 729 2 1 100 730 2 1 115 926 2 72057594037927936 1 729 2 1 1000 730 2 1 1000 925 2 72057594037927936 1 1 1 206 2133 2 1224979098644774912 72057594037927987 2133 2 1224979098644774913 72057594037927990 2120 3 1224979098644774914 1224979098644774912 1224979098644774913 2133 2 1224979098644774915 250 2319 1 0 910 3 144115188075856534 0 131072 729 2 1 150 730 2 1 140 926 2 144115188075856534 1 729 2 1 950 730 2 1 530 929 2 144115188075856534 1 945 1 144115188075856534 2122 3 1224979098644774916 1224979098644774914 20 2105 2 1224979098644774916 80 2133 2 1224979098644774917 1224979098644774916 2133 2 1224979098644774918 42 2133 2 1224979098644774919 0 910 3 72057594037927936 216172782113785669 0 921 2 72057594037927936 144115188075857939 729 2 1 1224979098644774919 730 2 1 1224979098644774917 926 2 72057594037927936 1 729 2 1 750 730 2 1 750 925 2 72057594037927936 1 910 3 72057594037927936 216172782113784214 0 921 2 72057594037927936 144115188075857939 729 2 1 1224979098644774918 730 2 1 1224979098644774917 926 2 72057594037927936 1 729 2 1 750 730 2 1 750 925 2 72057594037927936 1 910 3 72057594037927936 216172782113785663 16 921 2 72057594037927936 144115188075857939 2120 3 1224979098644774920 1224979098644774918 179 729 2 1 1224979098644774920 730 2 1 1224979098644774917 926 2 72057594037927936 1 729 2 1 750 730 2 1 750 925 2 72057594037927936 1 910 3 72057594037927936 216172782113785664 16 921 2 72057594037927936 144115188075857939 2120 3 1224979098644774920 1224979098644774918 233 729 2 1 1224979098644774920 730 2 1 1224979098644774917 926 2 72057594037927936 1 729 2 1 750 730 2 1 750 925 2 72057594037927936 1 910 3 72057594037927936 216172782113785665 16 921 2 72057594037927936 144115188075857939 2120 3 1224979098644774920 1224979098644774918 282 729 2 1 1224979098644774920 730 2 1 1224979098644774917 926 2 72057594037927936 1 729 2 1 750 730 2 1 750 925 2 72057594037927936 1 910 3 72057594037927936 216172782113784216 16 921 2 72057594037927936 144115188075857939 2120 3 1224979098644774920 1224979098644774918 332 729 2 1 1224979098644774920 730 2 1 1224979098644774917 926 2 72057594037927936 1 729 2 1 750 730 2 1 750 925 2 72057594037927936 1 910 3 72057594037927936 216172782113785668 16 921 2 72057594037927936 144115188075857939 2120 3 1224979098644774920 1224979098644774918 382 729 2 1 1224979098644774920 730 2 1 1224979098644774917 926 2 72057594037927936 1 729 2 1 750 730 2 1 750 925 2 72057594037927936 1 2120 3 1224979098644774921 1224979098644774918 442 2133 2 1224979098644774922 1224979098644774917 2133 2 1224979098644774923 20000 4 0 31 2 144115188075857925 1 910 3 72057594037927936 216172782113785666 16 921 2 72057594037927936 144115188075857939 2120 3 1224979098644774920 1224979098644774918 442 729 2 1 1224979098644774920 730 2 1 1224979098644774917 926 2 72057594037927936 1 729 2 1 750 730 2 1 750 925 2 72057594037927936 1 910 3 72057594037927936 216172782113785667 16 921 2 72057594037927936 144115188075857939 2120 3 1224979098644774920 1224979098644774918 522 729 2 1 1224979098644774920 730 2 1 1224979098644774917 926 2 72057594037927936 1 729 2 1 750 730 2 1 750 925 2 72057594037927936 1 2120 3 1224979098644774921 1224979098644774918 600 2133 2 1224979098644774923 31000 3 0 911 2 72057594037927936 6 921 2 72057594037927936 144115188075857939 922 2 72057594037927936 208 729 2 1 1224979098644774919 2120 3 1224979098644774924 1224979098644774917 -10 730 2 1 1224979098644774924 926 2 72057594037927936 1 729 2 1 1224979098644774923 730 2 1 50 925 2 72057594037927936 1 2106 2 1224979098644774917 35 415 1 1224979098644774925 402 2 1224979098644774926 1224979098644774925 404 2 1224979098644774927 1224979098644774925 2133 2 1224979098644774928 0 6 3 1224979098644774929 0 1224979098644774915 401 1 1224979098644774929 402 2 1224979098644774930 1224979098644774929 31 2 1224979098644774930 1224979098644774926 404 2 1224979098644774931 1224979098644774929 1 3 356 1224979098644774927 1224979098644774931 2133 2 1224979098644774932 72057594037927946 4 0 32 2 1224979098644774932 0 1 2 362 1224979098644774929 2133 2 1224979098644774933 72057594037927956 2133 2 1224979098644774934 72057594037927957 2133 2 1224979098644774935 72057594037927958 2133 2 1224979098644774936 72057594037927959 2133 2 1224979098644774937 72057594037927960 2133 2 1224979098644774938 72057594037927961 4 0 31 2 1224979098644774930 2 2133 2 1224979098644774939 16777215 5 0 1 2 314 1224979098644774931 2133 2 1224979098644774939 72057594037927936 3 0 508 3 1224979098644774929 64 1224979098644774932 2105 2 1224979098644774928 1 2320 2 0 216172782113785671 2133 2 1224979098644774940 144115188075857928 406 2 1224979098644774941 1224979098644774929 4 0 1712 1 1224979098644774941 1702 1 1224979098644774941 2320 2 0 216172782113785670 2133 2 1224979098644774940 144115188075857941 3 0 4 0 4 0 31 2 144115188075857925 1 2133 2 1224979098644774942 31000 5 0 2133 2 1224979098644774942 20000 3 0 31 2 1224979098644774925 1224979098644774929 911 2 72057594037927936 6 921 2 72057594037927936 144115188075857939 922 2 72057594037927936 53 729 2 1 1224979098644774919 730 2 1 1224979098644774917 926 2 72057594037927936 1 729 2 1 1224979098644774942 730 2 1 1000 925 2 72057594037927936 1 3 0 910 3 72057594037927936 0 0 921 2 72057594037927936 1224979098644774940 729 2 1 750 730 2 1 750 925 2 72057594037927936 1 729 2 1 1224979098644774919 730 2 1 1224979098644774917 926 2 72057594037927936 1 2350 2 0 1224979098644774929 910 3 72057594037927936 0 0 921 2 72057594037927936 1224979098644774939 729 2 1 750 730 2 1 750 925 2 72057594037927936 1 729 2 1 1224979098644774918 730 2 1 1224979098644774917 926 2 72057594037927936 1 2133 2 72057594037927936 1224979098644774933 910 3 72057594037927936 216172782113784185 8 921 2 72057594037927936 1224979098644774939 729 2 1 750 730 2 1 750 925 2 72057594037927936 1 2120 3 1224979098644774920 1224979098644774918 188 729 2 1 1224979098644774920 730 2 1 1224979098644774917 926 2 72057594037927936 1 2133 2 72057594037927936 1224979098644774934 910 3 72057594037927936 216172782113784185 8 921 2 72057594037927936 1224979098644774939 729 2 1 750 730 2 1 750 925 2 72057594037927936 1 2120 3 1224979098644774920 1224979098644774918 238 729 2 1 1224979098644774920 730 2 1 1224979098644774917 926 2 72057594037927936 1 2120 3 72057594037927936 1224979098644774933 1224979098644774934 910 3 72057594037927936 216172782113784185 8 921 2 72057594037927936 1224979098644774939 729 2 1 750 730 2 1 750 925 2 72057594037927936 1 2120 3 1224979098644774920 1224979098644774918 288 729 2 1 1224979098644774920 730 2 1 1224979098644774917 926 2 72057594037927936 1 2133 2 72057594037927936 1224979098644774935 910 3 72057594037927936 216172782113784185 8 921 2 72057594037927936 1224979098644774939 729 2 1 750 730 2 1 750 925 2 72057594037927936 1 2120 3 1224979098644774920 1224979098644774918 338 729 2 1 1224979098644774920 730 2 1 1224979098644774917 926 2 72057594037927936 1 2133 2 72057594037927936 1224979098644774936 910 3 72057594037927936 216172782113784185 8 921 2 72057594037927936 1224979098644774939 729 2 1 750 730 2 1 750 925 2 72057594037927936 1 2120 3 1224979098644774920 1224979098644774918 388 729 2 1 1224979098644774920 730 2 1 1224979098644774917 926 2 72057594037927936 1 4 0 31 2 144115188075857925 1 2133 2 72057594037927936 1224979098644774937 910 3 72057594037927936 216172782113784185 8 921 2 72057594037927936 1224979098644774939 729 2 1 750 730 2 1 750 925 2 72057594037927936 1 2120 3 1224979098644774920 1224979098644774918 448 729 2 1 1224979098644774920 730 2 1 1224979098644774917 926 2 72057594037927936 1 2133 2 72057594037927936 1224979098644774938 910 3 72057594037927936 216172782113784185 8 921 2 72057594037927936 1224979098644774939 729 2 1 750 730 2 1 750 925 2 72057594037927936 1 2120 3 1224979098644774920 1224979098644774918 528 729 2 1 1224979098644774920 730 2 1 1224979098644774917 926 2 72057594037927936 1 3 0 2106 2 1224979098644774917 20 3 0 3 0 4 0 31 2 1224979098644774928 1 2320 2 1 216172782113785673 5 0 2133 2 72057594037927937 1224979098644774928 2320 2 1 216172782113785672 3 0 910 3 72057594037927936 1 16 921 2 72057594037927936 144115188075857940 729 2 1 1224979098644774921 730 2 1 1224979098644774922 926 2 72057594037927936 1 729 2 1 750 730 2 1 750 925 2 72057594037927936 1 77 1 238 77 1 239 902 1 999999 
-61.000000  11 4 0 1073741895 1 238 71 1 239 77 1 238 77 1 239 3 0 4 0 2147483718 1 16 78 0 902 1 0 3 0 


