troopsfile version 2
1777 
trp_player Player Player 0 268435472 0 0 4 0 0
  -1 0 -1 0 -1 0 -1 0 -1 0 -1 0 -1 0 -1 0 -1 0 -1 0 -1 0 -1 0 -1 0 -1 0 -1 0 -1 0 -1 0 -1 0 -1 0 -1 0 -1 0 -1 0 -1 0 -1 0 -1 0 -1 0 -1 0 -1 0 -1 0 -1 0 -1 0 -1 0 -1 0 -1 0 -1 0 -1 0 -1 0 -1 0 -1 0 -1 0 -1 0 -1 0 -1 0 -1 0 -1 0 -1 0 -1 0 -1 0 -1 0 -1 0 -1 0 -1 0 -1 0 -1 0 -1 0 -1 0 -1 0 -1 0 -1 0 -1 0 -1 0 -1 0 -1 0 -1 0 
  12 9 4 4 0
 100 100 100 100 100 100 0
0 0 0 0 0 0 
  6442450945 3952873730080618203 1947355 0 0 0 0 0 

trp_multiplayer_profile_troop_male multiplayer_profile_troop_male multiplayer_profile_troop_male 0 133169168 0 0 1 0 0
  1135 0 1639 0 61 0 79 0 -1 0 -1 0 -1 0 -1 0 -1 0 -1 0 -1 0 -1 0 -1 0 -1 0 -1 0 -1 0 -1 0 -1 0 -1 0 -1 0 -1 0 -1 0 -1 0 -1 0 -1 0 -1 0 -1 0 -1 0 -1 0 -1 0 -1 0 -1 0 -1 0 -1 0 -1 0 -1 0 -1 0 -1 0 -1 0 -1 0 -1 0 -1 0 -1 0 -1 0 -1 0 -1 0 -1 0 -1 0 -1 0 -1 0 -1 0 -1 0 -1 0 -1 0 -1 0 -1 0 -1 0 -1 0 -1 0 -1 0 -1 0 -1 0 -1 0 -1 0 
  0 0 0 0 0
 0 0 0 0 0 0 0
0 0 0 0 0 0 
  6442450945 3952873730080618203 1947355 0 0 0 0 0 

trp_multiplayer_profile_troop_female multiplayer_profile_troop_female multiplayer_profile_troop_female 0 133169169 0 0 1 0 0
  1135 0 1639 0 61 0 79 0 -1 0 -1 0 -1 0 -1 0 -1 0 -1 0 -1 0 -1 0 -1 0 -1 0 -1 0 -1 0 -1 0 -1 0 -1 0 -1 0 -1 0 -1 0 -1 0 -1 0 -1 0 -1 0 -1 0 -1 0 -1 0 -1 0 -1 0 -1 0 -1 0 -1 0 -1 0 -1 0 -1 0 -1 0 -1 0 -1 0 -1 0 -1 0 -1 0 -1 0 -1 0 -1 0 -1 0 -1 0 -1 0 -1 0 -1 0 -1 0 -1 0 -1 0 -1 0 -1 0 -1 0 -1 0 -1 0 -1 0 -1 0 -1 0 -1 0 -1 0 
  0 0 0 0 0
 0 0 0 0 0 0 0
0 0 0 0 0 0 
  6442450945 3952873730080618203 1947355 0 0 0 0 0 

trp_temp_troop Temp_Troop Temp_Troop 0 16 0 0 1 0 0
  -1 0 -1 0 -1 0 -1 0 -1 0 -1 0 -1 0 -1 0 -1 0 -1 0 -1 0 -1 0 -1 0 -1 0 -1 0 -1 0 -1 0 -1 0 -1 0 -1 0 -1 0 -1 0 -1 0 -1 0 -1 0 -1 0 -1 0 -1 0 -1 0 -1 0 -1 0 -1 0 -1 0 -1 0 -1 0 -1 0 -1 0 -1 0 -1 0 -1 0 -1 0 -1 0 -1 0 -1 0 -1 0 -1 0 -1 0 -1 0 -1 0 -1 0 -1 0 -1 0 -1 0 -1 0 -1 0 -1 0 -1 0 -1 0 -1 0 -1 0 -1 0 -1 0 -1 0 -1 0 
  12 10 15 15 0
 0 0 0 0 0 0 0
2586 655360 0 0 0 0 
  0 0 0 0 0 0 0 0 

trp_temp_array_a {!}temp_array_a {!}temp_array_a 0 48 0 0 3 0 0
  -1 0 -1 0 -1 0 -1 0 -1 0 -1 0 -1 0 -1 0 -1 0 -1 0 -1 0 -1 0 -1 0 -1 0 -1 0 -1 0 -1 0 -1 0 -1 0 -1 0 -1 0 -1 0 -1 0 -1 0 -1 0 -1 0 -1 0 -1 0 -1 0 -1 0 -1 0 -1 0 -1 0 -1 0 -1 0 -1 0 -1 0 -1 0 -1 0 -1 0 -1 0 -1 0 -1 0 -1 0 -1 0 -1 0 -1 0 -1 0 -1 0 -1 0 -1 0 -1 0 -1 0 -1 0 -1 0 -1 0 -1 0 -1 0 -1 0 -1 0 -1 0 -1 0 -1 0 -1 0 
  12 10 15 15 18
 60 60 60 60 60 60 0
2586 131072 0 0 0 0 
  0 0 0 0 0 0 0 0 

trp_multiplayer_data {!}multiplayer_data {!}multiplayer_data 0 48 0 0 3 0 0
  -1 0 -1 0 -1 0 -1 0 -1 0 -1 0 -1 0 -1 0 -1 0 -1 0 -1 0 -1 0 -1 0 -1 0 -1 0 -1 0 -1 0 -1 0 -1 0 -1 0 -1 0 -1 0 -1 0 -1 0 -1 0 -1 0 -1 0 -1 0 -1 0 -1 0 -1 0 -1 0 -1 0 -1 0 -1 0 -1 0 -1 0 -1 0 -1 0 -1 0 -1 0 -1 0 -1 0 -1 0 -1 0 -1 0 -1 0 -1 0 -1 0 -1 0 -1 0 -1 0 -1 0 -1 0 -1 0 -1 0 -1 0 -1 0 -1 0 -1 0 -1 0 -1 0 -1 0 -1 0 
  12 10 15 15 0
 0 0 0 0 0 0 0
2586 131072 0 0 0 0 
  0 0 0 0 0 0 0 0 

trp_welcomed_players {!}welcomed_players {!}welcomed_players 0 48 0 0 3 0 0
  -1 0 -1 0 -1 0 -1 0 -1 0 -1 0 -1 0 -1 0 -1 0 -1 0 -1 0 -1 0 -1 0 -1 0 -1 0 -1 0 -1 0 -1 0 -1 0 -1 0 -1 0 -1 0 -1 0 -1 0 -1 0 -1 0 -1 0 -1 0 -1 0 -1 0 -1 0 -1 0 -1 0 -1 0 -1 0 -1 0 -1 0 -1 0 -1 0 -1 0 -1 0 -1 0 -1 0 -1 0 -1 0 -1 0 -1 0 -1 0 -1 0 -1 0 -1 0 -1 0 -1 0 -1 0 -1 0 -1 0 -1 0 -1 0 -1 0 -1 0 -1 0 -1 0 -1 0 -1 0 
  12 10 15 15 0
 0 0 0 0 0 0 0
2586 131072 0 0 0 0 
  0 0 0 0 0 0 0 0 

trp_always_muted_player_unique_id {!}always_muted_player_unique_id {!}always_muted_player_unique_id 0 48 0 0 3 0 0
  -1 0 -1 0 -1 0 -1 0 -1 0 -1 0 -1 0 -1 0 -1 0 -1 0 -1 0 -1 0 -1 0 -1 0 -1 0 -1 0 -1 0 -1 0 -1 0 -1 0 -1 0 -1 0 -1 0 -1 0 -1 0 -1 0 -1 0 -1 0 -1 0 -1 0 -1 0 -1 0 -1 0 -1 0 -1 0 -1 0 -1 0 -1 0 -1 0 -1 0 -1 0 -1 0 -1 0 -1 0 -1 0 -1 0 -1 0 -1 0 -1 0 -1 0 -1 0 -1 0 -1 0 -1 0 -1 0 -1 0 -1 0 -1 0 -1 0 -1 0 -1 0 -1 0 -1 0 -1 0 
  12 10 15 15 0
 0 0 0 0 0 0 0
2586 131072 0 0 0 0 
  0 0 0 0 0 0 0 0 

trp_always_muted_player_id {!}always_muted_player_id {!}always_muted_player_id 0 48 0 0 3 0 0
  -1 0 -1 0 -1 0 -1 0 -1 0 -1 0 -1 0 -1 0 -1 0 -1 0 -1 0 -1 0 -1 0 -1 0 -1 0 -1 0 -1 0 -1 0 -1 0 -1 0 -1 0 -1 0 -1 0 -1 0 -1 0 -1 0 -1 0 -1 0 -1 0 -1 0 -1 0 -1 0 -1 0 -1 0 -1 0 -1 0 -1 0 -1 0 -1 0 -1 0 -1 0 -1 0 -1 0 -1 0 -1 0 -1 0 -1 0 -1 0 -1 0 -1 0 -1 0 -1 0 -1 0 -1 0 -1 0 -1 0 -1 0 -1 0 -1 0 -1 0 -1 0 -1 0 -1 0 -1 0 
  12 10 15 15 0
 0 0 0 0 0 0 0
2586 131072 0 0 0 0 
  0 0 0 0 0 0 0 0 

trp_always_muted_player_overlay_id {!}always_muted_player_overlay_id {!}always_muted_player_overlay_id 0 48 0 0 3 0 0
  -1 0 -1 0 -1 0 -1 0 -1 0 -1 0 -1 0 -1 0 -1 0 -1 0 -1 0 -1 0 -1 0 -1 0 -1 0 -1 0 -1 0 -1 0 -1 0 -1 0 -1 0 -1 0 -1 0 -1 0 -1 0 -1 0 -1 0 -1 0 -1 0 -1 0 -1 0 -1 0 -1 0 -1 0 -1 0 -1 0 -1 0 -1 0 -1 0 -1 0 -1 0 -1 0 -1 0 -1 0 -1 0 -1 0 -1 0 -1 0 -1 0 -1 0 -1 0 -1 0 -1 0 -1 0 -1 0 -1 0 -1 0 -1 0 -1 0 -1 0 -1 0 -1 0 -1 0 -1 0 
  12 10 15 15 0
 0 0 0 0 0 0 0
2586 131072 0 0 0 0 
  0 0 0 0 0 0 0 0 

trp_color_list1 {!}color_list1 {!}color_list1 0 48 0 0 3 0 0
  -1 0 -1 0 -1 0 -1 0 -1 0 -1 0 -1 0 -1 0 -1 0 -1 0 -1 0 -1 0 -1 0 -1 0 -1 0 -1 0 -1 0 -1 0 -1 0 -1 0 -1 0 -1 0 -1 0 -1 0 -1 0 -1 0 -1 0 -1 0 -1 0 -1 0 -1 0 -1 0 -1 0 -1 0 -1 0 -1 0 -1 0 -1 0 -1 0 -1 0 -1 0 -1 0 -1 0 -1 0 -1 0 -1 0 -1 0 -1 0 -1 0 -1 0 -1 0 -1 0 -1 0 -1 0 -1 0 -1 0 -1 0 -1 0 -1 0 -1 0 -1 0 -1 0 -1 0 -1 0 
  12 10 15 15 0
 0 0 0 0 0 0 0
2586 131072 0 0 0 0 
  0 0 0 0 0 0 0 0 

trp_color_list2 {!}color_list2 {!}color_list1 0 48 0 0 3 0 0
  -1 0 -1 0 -1 0 -1 0 -1 0 -1 0 -1 0 -1 0 -1 0 -1 0 -1 0 -1 0 -1 0 -1 0 -1 0 -1 0 -1 0 -1 0 -1 0 -1 0 -1 0 -1 0 -1 0 -1 0 -1 0 -1 0 -1 0 -1 0 -1 0 -1 0 -1 0 -1 0 -1 0 -1 0 -1 0 -1 0 -1 0 -1 0 -1 0 -1 0 -1 0 -1 0 -1 0 -1 0 -1 0 -1 0 -1 0 -1 0 -1 0 -1 0 -1 0 -1 0 -1 0 -1 0 -1 0 -1 0 -1 0 -1 0 -1 0 -1 0 -1 0 -1 0 -1 0 -1 0 
  12 10 15 15 0
 0 0 0 0 0 0 0
2586 131072 0 0 0 0 
  0 0 0 0 0 0 0 0 

trp_british_infantry_ai British_Line_Infantry Line_Infantry 0 133169152 0 0 6 0 0
  521 0 1639 0 1367 0 63 0 156 0 -1 0 -1 0 -1 0 -1 0 -1 0 -1 0 -1 0 -1 0 -1 0 -1 0 -1 0 -1 0 -1 0 -1 0 -1 0 -1 0 -1 0 -1 0 -1 0 -1 0 -1 0 -1 0 -1 0 -1 0 -1 0 -1 0 -1 0 -1 0 -1 0 -1 0 -1 0 -1 0 -1 0 -1 0 -1 0 -1 0 -1 0 -1 0 -1 0 -1 0 -1 0 -1 0 -1 0 -1 0 -1 0 -1 0 -1 0 -1 0 -1 0 -1 0 -1 0 -1 0 -1 0 -1 0 -1 0 -1 0 -1 0 -1 0 -1 0 
  12 10 15 15 20
 50 5 130 5 120 5 30
2586 131072 0 48 208896 0 
  34359738369 1315051091194281984 1835136 0 50465891015 7916447985573822463 2031036 0 

trp_british_infantry2_ai German_Line_Infantry German_Line_Infantry 0 133169152 0 0 6 0 0
  526 0 1639 0 1352 0 63 0 156 0 -1 0 -1 0 -1 0 -1 0 -1 0 -1 0 -1 0 -1 0 -1 0 -1 0 -1 0 -1 0 -1 0 -1 0 -1 0 -1 0 -1 0 -1 0 -1 0 -1 0 -1 0 -1 0 -1 0 -1 0 -1 0 -1 0 -1 0 -1 0 -1 0 -1 0 -1 0 -1 0 -1 0 -1 0 -1 0 -1 0 -1 0 -1 0 -1 0 -1 0 -1 0 -1 0 -1 0 -1 0 -1 0 -1 0 -1 0 -1 0 -1 0 -1 0 -1 0 -1 0 -1 0 -1 0 -1 0 -1 0 -1 0 -1 0 -1 0 
  12 10 15 15 20
 50 5 130 5 120 5 30
2586 131072 0 48 208896 0 
  34359738369 1315051091194281984 1835136 0 50465891015 7916447985573822463 2031036 0 

trp_british_highlander_ai British_Highland_Infantry Highland_Infantry 0 133169152 0 0 6 0 0
  531 0 1705 0 1706 0 1361 0 63 0 156 0 -1 0 -1 0 -1 0 -1 0 -1 0 -1 0 -1 0 -1 0 -1 0 -1 0 -1 0 -1 0 -1 0 -1 0 -1 0 -1 0 -1 0 -1 0 -1 0 -1 0 -1 0 -1 0 -1 0 -1 0 -1 0 -1 0 -1 0 -1 0 -1 0 -1 0 -1 0 -1 0 -1 0 -1 0 -1 0 -1 0 -1 0 -1 0 -1 0 -1 0 -1 0 -1 0 -1 0 -1 0 -1 0 -1 0 -1 0 -1 0 -1 0 -1 0 -1 0 -1 0 -1 0 -1 0 -1 0 -1 0 -1 0 -1 0 
  12 10 15 15 20
 50 5 130 5 120 5 30
2586 131072 0 48 208896 0 
  34359738369 1315051091194281984 1835136 0 50465891015 7916447985573822463 2031036 0 

trp_brit_canadian_infantry_ai Canadian_Colonial_Infantry Canadian_Line_Infantry 0 133169152 0 0 6 0 0
  584 0 1724 0 1390 0 63 0 156 0 -1 0 -1 0 -1 0 -1 0 -1 0 -1 0 -1 0 -1 0 -1 0 -1 0 -1 0 -1 0 -1 0 -1 0 -1 0 -1 0 -1 0 -1 0 -1 0 -1 0 -1 0 -1 0 -1 0 -1 0 -1 0 -1 0 -1 0 -1 0 -1 0 -1 0 -1 0 -1 0 -1 0 -1 0 -1 0 -1 0 -1 0 -1 0 -1 0 -1 0 -1 0 -1 0 -1 0 -1 0 -1 0 -1 0 -1 0 -1 0 -1 0 -1 0 -1 0 -1 0 -1 0 -1 0 -1 0 -1 0 -1 0 -1 0 -1 0 
  12 10 15 15 20
 50 5 130 5 150 5 30
2586 131072 0 48 208896 0 
  34359738369 1315051091194281984 1835136 0 50465891015 7916447985573822463 2031036 0 

trp_british_infantry14_ai British_Line_Infantry Line_Infantry 0 133169152 0 0 6 0 0
  590 0 1639 0 1397 0 63 0 156 0 -1 0 -1 0 -1 0 -1 0 -1 0 -1 0 -1 0 -1 0 -1 0 -1 0 -1 0 -1 0 -1 0 -1 0 -1 0 -1 0 -1 0 -1 0 -1 0 -1 0 -1 0 -1 0 -1 0 -1 0 -1 0 -1 0 -1 0 -1 0 -1 0 -1 0 -1 0 -1 0 -1 0 -1 0 -1 0 -1 0 -1 0 -1 0 -1 0 -1 0 -1 0 -1 0 -1 0 -1 0 -1 0 -1 0 -1 0 -1 0 -1 0 -1 0 -1 0 -1 0 -1 0 -1 0 -1 0 -1 0 -1 0 -1 0 -1 0 
  12 10 15 15 20
 50 5 130 5 150 5 30
2586 131072 0 48 208896 0 
  34359738369 1315051091194281984 1835136 0 50465891015 7916447985573822463 2031036 0 

trp_british_highlander78_ai British_Line_Infantry Line_Infantry 0 133169152 0 0 6 0 0
  595 0 1725 0 1726 0 1361 0 63 0 156 0 -1 0 -1 0 -1 0 -1 0 -1 0 -1 0 -1 0 -1 0 -1 0 -1 0 -1 0 -1 0 -1 0 -1 0 -1 0 -1 0 -1 0 -1 0 -1 0 -1 0 -1 0 -1 0 -1 0 -1 0 -1 0 -1 0 -1 0 -1 0 -1 0 -1 0 -1 0 -1 0 -1 0 -1 0 -1 0 -1 0 -1 0 -1 0 -1 0 -1 0 -1 0 -1 0 -1 0 -1 0 -1 0 -1 0 -1 0 -1 0 -1 0 -1 0 -1 0 -1 0 -1 0 -1 0 -1 0 -1 0 -1 0 -1 0 
  12 10 15 15 20
 50 5 130 5 150 5 30
2586 131072 0 48 208896 0 
  34359738369 1315051091194281984 1835136 0 50465891015 7916447985573822463 2031036 0 

trp_british_foot_guard1_ai British_Foot_Guard Foot_Guard 0 133169152 0 0 6 0 0
  582 0 1710 0 1366 0 63 0 156 0 -1 0 -1 0 -1 0 -1 0 -1 0 -1 0 -1 0 -1 0 -1 0 -1 0 -1 0 -1 0 -1 0 -1 0 -1 0 -1 0 -1 0 -1 0 -1 0 -1 0 -1 0 -1 0 -1 0 -1 0 -1 0 -1 0 -1 0 -1 0 -1 0 -1 0 -1 0 -1 0 -1 0 -1 0 -1 0 -1 0 -1 0 -1 0 -1 0 -1 0 -1 0 -1 0 -1 0 -1 0 -1 0 -1 0 -1 0 -1 0 -1 0 -1 0 -1 0 -1 0 -1 0 -1 0 -1 0 -1 0 -1 0 -1 0 -1 0 
  12 10 15 15 20
 70 5 170 5 130 5 30
2586 131072 0 48 208896 0 
  34359738369 1315051091194281984 1835136 0 50465891015 7916447985573822463 2031036 0 

trp_british_foot_guard_ai British_Foot_Guard Foot_Guards 0 133169152 0 0 6 0 0
  537 0 1712 0 1366 0 63 0 156 0 -1 0 -1 0 -1 0 -1 0 -1 0 -1 0 -1 0 -1 0 -1 0 -1 0 -1 0 -1 0 -1 0 -1 0 -1 0 -1 0 -1 0 -1 0 -1 0 -1 0 -1 0 -1 0 -1 0 -1 0 -1 0 -1 0 -1 0 -1 0 -1 0 -1 0 -1 0 -1 0 -1 0 -1 0 -1 0 -1 0 -1 0 -1 0 -1 0 -1 0 -1 0 -1 0 -1 0 -1 0 -1 0 -1 0 -1 0 -1 0 -1 0 -1 0 -1 0 -1 0 -1 0 -1 0 -1 0 -1 0 -1 0 -1 0 -1 0 
  12 10 15 15 20
 70 5 170 5 130 5 30
2586 131072 0 48 208896 0 
  34359738369 1315051091194281984 1835136 0 50465891015 7916447985573822463 2031036 0 

trp_brit_indian_ai Indian_Infantry Foot_Guard 0 133169152 0 0 6 0 0
  576 0 1723 0 1396 0 63 0 156 0 -1 0 -1 0 -1 0 -1 0 -1 0 -1 0 -1 0 -1 0 -1 0 -1 0 -1 0 -1 0 -1 0 -1 0 -1 0 -1 0 -1 0 -1 0 -1 0 -1 0 -1 0 -1 0 -1 0 -1 0 -1 0 -1 0 -1 0 -1 0 -1 0 -1 0 -1 0 -1 0 -1 0 -1 0 -1 0 -1 0 -1 0 -1 0 -1 0 -1 0 -1 0 -1 0 -1 0 -1 0 -1 0 -1 0 -1 0 -1 0 -1 0 -1 0 -1 0 -1 0 -1 0 -1 0 -1 0 -1 0 -1 0 -1 0 -1 0 
  12 10 15 15 20
 50 5 145 5 150 5 30
2586 131072 0 48 208896 0 
  34359738369 1315051091194281984 1835136 0 50465891015 7916447985573822463 2031036 0 

trp_british_light_infantry_ai British_Light_Infantry Light_Infantry 0 133169152 0 0 6 0 0
  542 0 1639 0 1353 0 63 0 156 0 -1 0 -1 0 -1 0 -1 0 -1 0 -1 0 -1 0 -1 0 -1 0 -1 0 -1 0 -1 0 -1 0 -1 0 -1 0 -1 0 -1 0 -1 0 -1 0 -1 0 -1 0 -1 0 -1 0 -1 0 -1 0 -1 0 -1 0 -1 0 -1 0 -1 0 -1 0 -1 0 -1 0 -1 0 -1 0 -1 0 -1 0 -1 0 -1 0 -1 0 -1 0 -1 0 -1 0 -1 0 -1 0 -1 0 -1 0 -1 0 -1 0 -1 0 -1 0 -1 0 -1 0 -1 0 -1 0 -1 0 -1 0 -1 0 -1 0 
  12 10 15 15 20
 40 5 90 5 170 5 30
2586 131072 0 48 135168 0 
  34359738369 1315051091194281984 1835136 0 50465891015 7916447985573822463 2031036 0 

trp_british_rifle_ai British_Rifleman Riflemen 0 133169152 0 0 6 0 0
  546 0 1709 0 1710 0 1711 0 1358 0 1358 0 1358 0 1359 0 1360 0 49 0 156 0 113 0 -1 0 -1 0 -1 0 -1 0 -1 0 -1 0 -1 0 -1 0 -1 0 -1 0 -1 0 -1 0 -1 0 -1 0 -1 0 -1 0 -1 0 -1 0 -1 0 -1 0 -1 0 -1 0 -1 0 -1 0 -1 0 -1 0 -1 0 -1 0 -1 0 -1 0 -1 0 -1 0 -1 0 -1 0 -1 0 -1 0 -1 0 -1 0 -1 0 -1 0 -1 0 -1 0 -1 0 -1 0 -1 0 -1 0 -1 0 -1 0 -1 0 -1 0 -1 0 -1 0 
  12 10 15 15 20
 30 5 90 5 170 5 30
2586 131072 0 48 135168 0 
  34359738369 1315051091194281984 1835136 0 50465891015 7916447985573822463 2031036 0 

trp_british_hussar_ai British_Hussar Hussars 0 133170176 0 0 6 0 0
  559 0 1718 0 1380 0 112 0 1852 0 -1 0 -1 0 -1 0 -1 0 -1 0 -1 0 -1 0 -1 0 -1 0 -1 0 -1 0 -1 0 -1 0 -1 0 -1 0 -1 0 -1 0 -1 0 -1 0 -1 0 -1 0 -1 0 -1 0 -1 0 -1 0 -1 0 -1 0 -1 0 -1 0 -1 0 -1 0 -1 0 -1 0 -1 0 -1 0 -1 0 -1 0 -1 0 -1 0 -1 0 -1 0 -1 0 -1 0 -1 0 -1 0 -1 0 -1 0 -1 0 -1 0 -1 0 -1 0 -1 0 -1 0 -1 0 -1 0 -1 0 -1 0 -1 0 -1 0 
  12 10 15 15 20
 150 5 30 5 30 5 30
2586 131072 0 4 208896 0 
  34359738369 1315051091194281984 1835136 0 50465891015 7916447985573822463 2031036 0 

trp_british_hussar2_ai British_Hussar Hussars 0 133170176 0 0 6 0 0
  573 0 1728 0 1380 0 112 0 1858 0 -1 0 -1 0 -1 0 -1 0 -1 0 -1 0 -1 0 -1 0 -1 0 -1 0 -1 0 -1 0 -1 0 -1 0 -1 0 -1 0 -1 0 -1 0 -1 0 -1 0 -1 0 -1 0 -1 0 -1 0 -1 0 -1 0 -1 0 -1 0 -1 0 -1 0 -1 0 -1 0 -1 0 -1 0 -1 0 -1 0 -1 0 -1 0 -1 0 -1 0 -1 0 -1 0 -1 0 -1 0 -1 0 -1 0 -1 0 -1 0 -1 0 -1 0 -1 0 -1 0 -1 0 -1 0 -1 0 -1 0 -1 0 -1 0 -1 0 
  12 10 15 15 20
 150 5 30 5 30 5 30
2586 131072 0 6 208896 0 
  34359738369 1315051091194281984 1835136 0 50465891015 7916447985573822463 2031036 0 

trp_brit_canadian_horsemen_ai Canadian_Colonial_Light_Cavalry Hussar 0 133170176 0 0 6 0 0
  570 0 1722 0 1390 0 1826 0 112 0 1855 0 1856 0 -1 0 -1 0 -1 0 -1 0 -1 0 -1 0 -1 0 -1 0 -1 0 -1 0 -1 0 -1 0 -1 0 -1 0 -1 0 -1 0 -1 0 -1 0 -1 0 -1 0 -1 0 -1 0 -1 0 -1 0 -1 0 -1 0 -1 0 -1 0 -1 0 -1 0 -1 0 -1 0 -1 0 -1 0 -1 0 -1 0 -1 0 -1 0 -1 0 -1 0 -1 0 -1 0 -1 0 -1 0 -1 0 -1 0 -1 0 -1 0 -1 0 -1 0 -1 0 -1 0 -1 0 -1 0 -1 0 -1 0 -1 0 
  12 10 15 15 20
 50 5 130 5 40 5 30
2586 131072 0 22 208896 0 
  34359738369 1315051091194281984 1835136 0 50465891015 7916447985573822463 2031036 0 

trp_british_light_dragoon_ai British_Light_Dragoon Light_Dragoons 0 133170176 0 0 6 0 0
  553 0 1715 0 1368 0 1826 0 112 0 26 0 156 0 1848 0 1849 0 1850 0 1851 0 -1 0 -1 0 -1 0 -1 0 -1 0 -1 0 -1 0 -1 0 -1 0 -1 0 -1 0 -1 0 -1 0 -1 0 -1 0 -1 0 -1 0 -1 0 -1 0 -1 0 -1 0 -1 0 -1 0 -1 0 -1 0 -1 0 -1 0 -1 0 -1 0 -1 0 -1 0 -1 0 -1 0 -1 0 -1 0 -1 0 -1 0 -1 0 -1 0 -1 0 -1 0 -1 0 -1 0 -1 0 -1 0 -1 0 -1 0 -1 0 -1 0 -1 0 -1 0 -1 0 -1 0 
  12 10 15 15 20
 90 5 30 5 135 5 30
2586 131072 0 4 143360 0 
  34359738369 1315051091194281984 1835136 0 50465891015 7916447985573822463 2031036 0 

trp_british_dragoon_ai British_Dragoon Heavy_Dragoons 0 133170176 0 0 6 0 0
  555 0 1717 0 1372 0 1824 0 111 0 1853 0 -1 0 -1 0 -1 0 -1 0 -1 0 -1 0 -1 0 -1 0 -1 0 -1 0 -1 0 -1 0 -1 0 -1 0 -1 0 -1 0 -1 0 -1 0 -1 0 -1 0 -1 0 -1 0 -1 0 -1 0 -1 0 -1 0 -1 0 -1 0 -1 0 -1 0 -1 0 -1 0 -1 0 -1 0 -1 0 -1 0 -1 0 -1 0 -1 0 -1 0 -1 0 -1 0 -1 0 -1 0 -1 0 -1 0 -1 0 -1 0 -1 0 -1 0 -1 0 -1 0 -1 0 -1 0 -1 0 -1 0 -1 0 -1 0 
  12 10 15 15 20
 140 5 30 5 30 5 30
2586 131072 0 4 208896 0 
  34359738369 1315051091194281984 1835136 0 50465891015 7916447985573822463 2031036 0 

trp_british_horseguard_ai British_Horse_Guard Horse_Guards 0 133170176 0 0 6 0 0
  557 0 1717 0 1375 0 1825 0 111 0 1854 0 -1 0 -1 0 -1 0 -1 0 -1 0 -1 0 -1 0 -1 0 -1 0 -1 0 -1 0 -1 0 -1 0 -1 0 -1 0 -1 0 -1 0 -1 0 -1 0 -1 0 -1 0 -1 0 -1 0 -1 0 -1 0 -1 0 -1 0 -1 0 -1 0 -1 0 -1 0 -1 0 -1 0 -1 0 -1 0 -1 0 -1 0 -1 0 -1 0 -1 0 -1 0 -1 0 -1 0 -1 0 -1 0 -1 0 -1 0 -1 0 -1 0 -1 0 -1 0 -1 0 -1 0 -1 0 -1 0 -1 0 -1 0 -1 0 
  12 10 15 15 20
 140 5 30 5 30 5 30
2586 131072 0 4 208896 0 
  34359738369 1315051091194281984 1835136 0 50465891015 7916447985573822463 2031036 0 

trp_british_ship_ai British_Sailor Sailors 0 133169152 0 0 6 0 0
  1721 0 1385 0 1386 0 115 0 113 0 101 0 108 0 187 0 187 0 187 0 187 0 188 0 188 0 189 0 186 0 156 0 28 0 157 0 11 0 11 0 11 0 -1 0 -1 0 -1 0 -1 0 -1 0 -1 0 -1 0 -1 0 -1 0 -1 0 -1 0 -1 0 -1 0 -1 0 -1 0 -1 0 -1 0 -1 0 -1 0 -1 0 -1 0 -1 0 -1 0 -1 0 -1 0 -1 0 -1 0 -1 0 -1 0 -1 0 -1 0 -1 0 -1 0 -1 0 -1 0 -1 0 -1 0 -1 0 -1 0 -1 0 -1 0 -1 0 -1 0 
  12 10 15 15 20
 40 5 80 5 80 60 30
2586 131072 0 48 208896 0 
  34359738369 1315051091194281984 1835136 0 50465891015 7916447985573822463 2031036 0 

trp_british_ship_marine_ai British_Marine Marines 0 133169152 0 0 6 0 0
  566 0 1712 0 1388 0 1388 0 1388 0 1388 0 1387 0 63 0 156 0 -1 0 -1 0 -1 0 -1 0 -1 0 -1 0 -1 0 -1 0 -1 0 -1 0 -1 0 -1 0 -1 0 -1 0 -1 0 -1 0 -1 0 -1 0 -1 0 -1 0 -1 0 -1 0 -1 0 -1 0 -1 0 -1 0 -1 0 -1 0 -1 0 -1 0 -1 0 -1 0 -1 0 -1 0 -1 0 -1 0 -1 0 -1 0 -1 0 -1 0 -1 0 -1 0 -1 0 -1 0 -1 0 -1 0 -1 0 -1 0 -1 0 -1 0 -1 0 -1 0 -1 0 -1 0 -1 0 
  12 10 15 15 20
 50 5 130 5 120 5 30
2586 131072 0 48 208896 0 
  34359738369 1315051091194281984 1835136 0 50465891015 7916447985573822463 2031036 0 

trp_british_arty_ai British_Artillerist Artillery_(Cannon) 0 133169152 0 0 6 0 0
  550 0 1639 0 1348 0 396 0 63 0 156 0 -1 0 -1 0 -1 0 -1 0 -1 0 -1 0 -1 0 -1 0 -1 0 -1 0 -1 0 -1 0 -1 0 -1 0 -1 0 -1 0 -1 0 -1 0 -1 0 -1 0 -1 0 -1 0 -1 0 -1 0 -1 0 -1 0 -1 0 -1 0 -1 0 -1 0 -1 0 -1 0 -1 0 -1 0 -1 0 -1 0 -1 0 -1 0 -1 0 -1 0 -1 0 -1 0 -1 0 -1 0 -1 0 -1 0 -1 0 -1 0 -1 0 -1 0 -1 0 -1 0 -1 0 -1 0 -1 0 -1 0 -1 0 -1 0 
  12 10 15 15 20
 50 5 50 5 80 5 30
2586 131072 0 49 204800 0 
  34359738369 1315051091194281984 1835136 0 50465891015 7916447985573822463 2031036 0 

trp_british_arty_alt_ai British_Artillerist Artillery_(Howitzer) 0 133169152 0 0 6 0 0
  550 0 1639 0 1348 0 396 0 63 0 156 0 -1 0 -1 0 -1 0 -1 0 -1 0 -1 0 -1 0 -1 0 -1 0 -1 0 -1 0 -1 0 -1 0 -1 0 -1 0 -1 0 -1 0 -1 0 -1 0 -1 0 -1 0 -1 0 -1 0 -1 0 -1 0 -1 0 -1 0 -1 0 -1 0 -1 0 -1 0 -1 0 -1 0 -1 0 -1 0 -1 0 -1 0 -1 0 -1 0 -1 0 -1 0 -1 0 -1 0 -1 0 -1 0 -1 0 -1 0 -1 0 -1 0 -1 0 -1 0 -1 0 -1 0 -1 0 -1 0 -1 0 -1 0 -1 0 
  12 10 15 15 20
 50 5 50 5 80 5 30
2586 131072 0 49 204800 0 
  34359738369 1315051091194281984 1835136 0 50465891015 7916447985573822463 2031036 0 

trp_brit_horseart_ai Royal_Horse_Artillery Artillery 0 133169152 0 0 6 0 0
  563 0 1716 0 1349 0 1826 0 396 0 395 0 117 0 1857 0 1856 0 -1 0 -1 0 -1 0 -1 0 -1 0 -1 0 -1 0 -1 0 -1 0 -1 0 -1 0 -1 0 -1 0 -1 0 -1 0 -1 0 -1 0 -1 0 -1 0 -1 0 -1 0 -1 0 -1 0 -1 0 -1 0 -1 0 -1 0 -1 0 -1 0 -1 0 -1 0 -1 0 -1 0 -1 0 -1 0 -1 0 -1 0 -1 0 -1 0 -1 0 -1 0 -1 0 -1 0 -1 0 -1 0 -1 0 -1 0 -1 0 -1 0 -1 0 -1 0 -1 0 -1 0 -1 0 -1 0 
  12 10 15 15 20
 70 5 30 5 30 5 30
2586 131072 0 49 204800 0 
  34359738369 1315051091194281984 1835136 0 50465891015 7916447985573822463 2031036 0 

trp_british_rocket_ai British_Rocketeer Rocket_Artillery 0 133169152 0 0 6 0 0
  563 0 1716 0 1349 0 1826 0 112 0 167 0 -1 0 -1 0 -1 0 -1 0 -1 0 -1 0 -1 0 -1 0 -1 0 -1 0 -1 0 -1 0 -1 0 -1 0 -1 0 -1 0 -1 0 -1 0 -1 0 -1 0 -1 0 -1 0 -1 0 -1 0 -1 0 -1 0 -1 0 -1 0 -1 0 -1 0 -1 0 -1 0 -1 0 -1 0 -1 0 -1 0 -1 0 -1 0 -1 0 -1 0 -1 0 -1 0 -1 0 -1 0 -1 0 -1 0 -1 0 -1 0 -1 0 -1 0 -1 0 -1 0 -1 0 -1 0 -1 0 -1 0 -1 0 -1 0 
  12 10 15 15 20
 50 5 50 5 80 5 30
2586 131072 0 48 204800 0 
  34359738369 1315051091194281984 1835136 0 50465891015 7916447985573822463 2031036 0 

trp_french_infantry_ai French_Line_Infantry Line_Infantry 0 133169152 0 0 7 0 0
  421 0 1639 0 1216 0 156 0 59 0 -1 0 -1 0 -1 0 -1 0 -1 0 -1 0 -1 0 -1 0 -1 0 -1 0 -1 0 -1 0 -1 0 -1 0 -1 0 -1 0 -1 0 -1 0 -1 0 -1 0 -1 0 -1 0 -1 0 -1 0 -1 0 -1 0 -1 0 -1 0 -1 0 -1 0 -1 0 -1 0 -1 0 -1 0 -1 0 -1 0 -1 0 -1 0 -1 0 -1 0 -1 0 -1 0 -1 0 -1 0 -1 0 -1 0 -1 0 -1 0 -1 0 -1 0 -1 0 -1 0 -1 0 -1 0 -1 0 -1 0 -1 0 -1 0 -1 0 
  12 10 15 15 20
 50 5 130 5 120 5 30
2586 131072 0 48 208896 0 
  34359738369 1315051091194281984 1835136 0 50465891015 7916447985573822463 2031036 0 

trp_french_infantry2_ai French_Grenadier Grenadiers 0 133169152 0 0 7 0 0
  423 0 1656 0 1223 0 156 0 59 0 142 0 -1 0 -1 0 -1 0 -1 0 -1 0 -1 0 -1 0 -1 0 -1 0 -1 0 -1 0 -1 0 -1 0 -1 0 -1 0 -1 0 -1 0 -1 0 -1 0 -1 0 -1 0 -1 0 -1 0 -1 0 -1 0 -1 0 -1 0 -1 0 -1 0 -1 0 -1 0 -1 0 -1 0 -1 0 -1 0 -1 0 -1 0 -1 0 -1 0 -1 0 -1 0 -1 0 -1 0 -1 0 -1 0 -1 0 -1 0 -1 0 -1 0 -1 0 -1 0 -1 0 -1 0 -1 0 -1 0 -1 0 -1 0 -1 0 
  12 10 15 15 20
 50 5 130 5 120 5 30
2586 131072 0 48 208896 0 
  34359738369 1315051091194281984 1835136 0 50465891015 7916447985573822463 2031036 0 

trp_french_infantry_vistula_ai Polish_Line_Infantry Polish_Line_Infantry 0 133169152 0 0 7 0 0
  437 0 1643 0 1219 0 156 0 59 0 142 0 -1 0 -1 0 -1 0 -1 0 -1 0 -1 0 -1 0 -1 0 -1 0 -1 0 -1 0 -1 0 -1 0 -1 0 -1 0 -1 0 -1 0 -1 0 -1 0 -1 0 -1 0 -1 0 -1 0 -1 0 -1 0 -1 0 -1 0 -1 0 -1 0 -1 0 -1 0 -1 0 -1 0 -1 0 -1 0 -1 0 -1 0 -1 0 -1 0 -1 0 -1 0 -1 0 -1 0 -1 0 -1 0 -1 0 -1 0 -1 0 -1 0 -1 0 -1 0 -1 0 -1 0 -1 0 -1 0 -1 0 -1 0 -1 0 
  12 10 15 15 20
 50 5 130 5 120 5 30
2586 131072 0 48 208896 0 
  34359738369 1315051091194281984 1835136 0 50465891015 7916447985573822463 2031036 0 

trp_french_infantry_swiss_ai Swiss_Line_Infantry Swiss_Line_Infantry 0 133169152 0 0 7 0 0
  477 0 1639 0 1262 0 156 0 59 0 88 0 -1 0 -1 0 -1 0 -1 0 -1 0 -1 0 -1 0 -1 0 -1 0 -1 0 -1 0 -1 0 -1 0 -1 0 -1 0 -1 0 -1 0 -1 0 -1 0 -1 0 -1 0 -1 0 -1 0 -1 0 -1 0 -1 0 -1 0 -1 0 -1 0 -1 0 -1 0 -1 0 -1 0 -1 0 -1 0 -1 0 -1 0 -1 0 -1 0 -1 0 -1 0 -1 0 -1 0 -1 0 -1 0 -1 0 -1 0 -1 0 -1 0 -1 0 -1 0 -1 0 -1 0 -1 0 -1 0 -1 0 -1 0 -1 0 
  12 10 15 15 20
 50 5 130 5 150 5 30
2586 131072 0 48 208896 0 
  34359738369 1315051091194281984 1835136 0 50465891015 7916447985573822463 2031036 0 

trp_french_infantry_1er_ai French_Line_Infantry Line_Infantry 0 133169152 0 0 7 0 0
  421 0 1639 0 1267 0 156 0 59 0 88 0 -1 0 -1 0 -1 0 -1 0 -1 0 -1 0 -1 0 -1 0 -1 0 -1 0 -1 0 -1 0 -1 0 -1 0 -1 0 -1 0 -1 0 -1 0 -1 0 -1 0 -1 0 -1 0 -1 0 -1 0 -1 0 -1 0 -1 0 -1 0 -1 0 -1 0 -1 0 -1 0 -1 0 -1 0 -1 0 -1 0 -1 0 -1 0 -1 0 -1 0 -1 0 -1 0 -1 0 -1 0 -1 0 -1 0 -1 0 -1 0 -1 0 -1 0 -1 0 -1 0 -1 0 -1 0 -1 0 -1 0 -1 0 -1 0 
  12 10 15 15 20
 50 5 130 5 150 5 30
2586 131072 0 48 208896 0 
  34359738369 1315051091194281984 1835136 0 50465891015 7916447985573822463 2031036 0 

trp_french_infantry3_ai French_Line_Infantry Line_Infantry 0 133169152 0 0 7 0 0
  421 0 1639 0 1268 0 156 0 59 0 88 0 -1 0 -1 0 -1 0 -1 0 -1 0 -1 0 -1 0 -1 0 -1 0 -1 0 -1 0 -1 0 -1 0 -1 0 -1 0 -1 0 -1 0 -1 0 -1 0 -1 0 -1 0 -1 0 -1 0 -1 0 -1 0 -1 0 -1 0 -1 0 -1 0 -1 0 -1 0 -1 0 -1 0 -1 0 -1 0 -1 0 -1 0 -1 0 -1 0 -1 0 -1 0 -1 0 -1 0 -1 0 -1 0 -1 0 -1 0 -1 0 -1 0 -1 0 -1 0 -1 0 -1 0 -1 0 -1 0 -1 0 -1 0 -1 0 
  12 10 15 15 20
 50 5 130 5 150 5 30
2586 131072 0 48 208896 0 
  34359738369 1315051091194281984 1835136 0 50465891015 7916447985573822463 2031036 0 

trp_french_infantry14_ai French_Line_Infantry Line_Infantry 0 133169152 0 0 7 0 0
  478 0 1651 0 1216 0 156 0 59 0 88 0 -1 0 -1 0 -1 0 -1 0 -1 0 -1 0 -1 0 -1 0 -1 0 -1 0 -1 0 -1 0 -1 0 -1 0 -1 0 -1 0 -1 0 -1 0 -1 0 -1 0 -1 0 -1 0 -1 0 -1 0 -1 0 -1 0 -1 0 -1 0 -1 0 -1 0 -1 0 -1 0 -1 0 -1 0 -1 0 -1 0 -1 0 -1 0 -1 0 -1 0 -1 0 -1 0 -1 0 -1 0 -1 0 -1 0 -1 0 -1 0 -1 0 -1 0 -1 0 -1 0 -1 0 -1 0 -1 0 -1 0 -1 0 -1 0 
  12 10 15 15 20
 50 5 130 5 150 5 30
2586 131072 0 48 208896 0 
  34359738369 1315051091194281984 1835136 0 50465891015 7916447985573822463 2031036 0 

trp_french_infantry65_ai French_Line_Infantry Line_Infantry 0 133169152 0 0 7 0 0
  483 0 1651 0 1269 0 156 0 59 0 88 0 -1 0 -1 0 -1 0 -1 0 -1 0 -1 0 -1 0 -1 0 -1 0 -1 0 -1 0 -1 0 -1 0 -1 0 -1 0 -1 0 -1 0 -1 0 -1 0 -1 0 -1 0 -1 0 -1 0 -1 0 -1 0 -1 0 -1 0 -1 0 -1 0 -1 0 -1 0 -1 0 -1 0 -1 0 -1 0 -1 0 -1 0 -1 0 -1 0 -1 0 -1 0 -1 0 -1 0 -1 0 -1 0 -1 0 -1 0 -1 0 -1 0 -1 0 -1 0 -1 0 -1 0 -1 0 -1 0 -1 0 -1 0 -1 0 
  12 10 15 15 20
 50 5 130 5 150 5 30
2586 131072 0 48 208896 0 
  34359738369 1315051091194281984 1835136 0 50465891015 7916447985573822463 2031036 0 

trp_french_old_guard_ai French_Grenadier_Guard Grenadier_Guards 0 133169152 0 0 7 0 0
  432 0 1651 0 1243 0 156 0 61 0 141 0 1819 0 -1 0 -1 0 -1 0 -1 0 -1 0 -1 0 -1 0 -1 0 -1 0 -1 0 -1 0 -1 0 -1 0 -1 0 -1 0 -1 0 -1 0 -1 0 -1 0 -1 0 -1 0 -1 0 -1 0 -1 0 -1 0 -1 0 -1 0 -1 0 -1 0 -1 0 -1 0 -1 0 -1 0 -1 0 -1 0 -1 0 -1 0 -1 0 -1 0 -1 0 -1 0 -1 0 -1 0 -1 0 -1 0 -1 0 -1 0 -1 0 -1 0 -1 0 -1 0 -1 0 -1 0 -1 0 -1 0 -1 0 -1 0 
  12 10 15 15 20
 70 5 170 5 130 5 30
2586 131072 0 48 208896 0 
  34359738369 1315051091194281984 1835136 0 50465891015 7916447985573822463 2031036 0 

trp_french_guard_marines_ai French_Marine_Guard Marine_Foot_Guard 0 133169152 0 0 7 0 0
  492 0 1661 0 1272 0 156 0 61 0 79 0 -1 0 -1 0 -1 0 -1 0 -1 0 -1 0 -1 0 -1 0 -1 0 -1 0 -1 0 -1 0 -1 0 -1 0 -1 0 -1 0 -1 0 -1 0 -1 0 -1 0 -1 0 -1 0 -1 0 -1 0 -1 0 -1 0 -1 0 -1 0 -1 0 -1 0 -1 0 -1 0 -1 0 -1 0 -1 0 -1 0 -1 0 -1 0 -1 0 -1 0 -1 0 -1 0 -1 0 -1 0 -1 0 -1 0 -1 0 -1 0 -1 0 -1 0 -1 0 -1 0 -1 0 -1 0 -1 0 -1 0 -1 0 -1 0 
  12 10 15 15 20
 50 5 145 5 150 5 30
2586 131072 0 48 208896 0 
  34359738369 1315051091194281984 1835136 0 50465891015 7916447985573822463 2031036 0 

trp_french_gendarme_ai French_Gendarme Foot_Guard 0 133169152 0 0 7 0 0
  497 0 1662 0 1270 0 156 0 61 0 79 0 -1 0 -1 0 -1 0 -1 0 -1 0 -1 0 -1 0 -1 0 -1 0 -1 0 -1 0 -1 0 -1 0 -1 0 -1 0 -1 0 -1 0 -1 0 -1 0 -1 0 -1 0 -1 0 -1 0 -1 0 -1 0 -1 0 -1 0 -1 0 -1 0 -1 0 -1 0 -1 0 -1 0 -1 0 -1 0 -1 0 -1 0 -1 0 -1 0 -1 0 -1 0 -1 0 -1 0 -1 0 -1 0 -1 0 -1 0 -1 0 -1 0 -1 0 -1 0 -1 0 -1 0 -1 0 -1 0 -1 0 -1 0 -1 0 
  12 10 15 15 20
 50 5 145 5 150 5 30
2586 131072 0 48 208896 0 
  34359738369 1315051091194281984 1835136 0 50465891015 7916447985573822463 2031036 0 

trp_french_voltigeur_ai French_Voltigeur Light_Infantry 0 133169152 0 0 7 0 0
  417 0 1639 0 1638 0 1228 0 156 0 59 0 21 0 88 0 -1 0 -1 0 -1 0 -1 0 -1 0 -1 0 -1 0 -1 0 -1 0 -1 0 -1 0 -1 0 -1 0 -1 0 -1 0 -1 0 -1 0 -1 0 -1 0 -1 0 -1 0 -1 0 -1 0 -1 0 -1 0 -1 0 -1 0 -1 0 -1 0 -1 0 -1 0 -1 0 -1 0 -1 0 -1 0 -1 0 -1 0 -1 0 -1 0 -1 0 -1 0 -1 0 -1 0 -1 0 -1 0 -1 0 -1 0 -1 0 -1 0 -1 0 -1 0 -1 0 -1 0 -1 0 -1 0 -1 0 
  12 10 15 15 20
 50 5 90 5 206 5 30
2586 131072 0 48 135168 0 
  34359738369 1315051091194281984 1835136 0 50465891015 7916447985573822463 2031036 0 

trp_french_guard_light_ai French_Voltigeur Light_Infantry 0 133169152 0 0 7 0 0
  498 0 1651 0 1276 0 156 0 59 0 21 0 88 0 -1 0 -1 0 -1 0 -1 0 -1 0 -1 0 -1 0 -1 0 -1 0 -1 0 -1 0 -1 0 -1 0 -1 0 -1 0 -1 0 -1 0 -1 0 -1 0 -1 0 -1 0 -1 0 -1 0 -1 0 -1 0 -1 0 -1 0 -1 0 -1 0 -1 0 -1 0 -1 0 -1 0 -1 0 -1 0 -1 0 -1 0 -1 0 -1 0 -1 0 -1 0 -1 0 -1 0 -1 0 -1 0 -1 0 -1 0 -1 0 -1 0 -1 0 -1 0 -1 0 -1 0 -1 0 -1 0 -1 0 -1 0 
  12 10 15 15 20
 40 5 90 5 170 5 30
2586 131072 0 48 135168 0 
  34359738369 1315051091194281984 1835136 0 50465891015 7916447985573822463 2031036 0 

trp_french_corses_ai Corsican_Rifle Corsican_Rifleman 0 133169152 0 0 7 0 0
  503 0 1663 0 1280 0 156 0 21 0 88 0 -1 0 -1 0 -1 0 -1 0 -1 0 -1 0 -1 0 -1 0 -1 0 -1 0 -1 0 -1 0 -1 0 -1 0 -1 0 -1 0 -1 0 -1 0 -1 0 -1 0 -1 0 -1 0 -1 0 -1 0 -1 0 -1 0 -1 0 -1 0 -1 0 -1 0 -1 0 -1 0 -1 0 -1 0 -1 0 -1 0 -1 0 -1 0 -1 0 -1 0 -1 0 -1 0 -1 0 -1 0 -1 0 -1 0 -1 0 -1 0 -1 0 -1 0 -1 0 -1 0 -1 0 -1 0 -1 0 -1 0 -1 0 -1 0 
  12 10 15 15 20
 50 5 90 5 206 5 30
2586 131072 0 48 135168 0 
  34359738369 1315051091194281984 1835136 0 50465891015 7916447985573822463 2031036 0 

trp_french_foot_dragoon_ai French_Dragoon Rifleman 0 133169152 0 0 7 0 0
  507 0 1640 0 1284 0 156 0 21 0 88 0 -1 0 -1 0 -1 0 -1 0 -1 0 -1 0 -1 0 -1 0 -1 0 -1 0 -1 0 -1 0 -1 0 -1 0 -1 0 -1 0 -1 0 -1 0 -1 0 -1 0 -1 0 -1 0 -1 0 -1 0 -1 0 -1 0 -1 0 -1 0 -1 0 -1 0 -1 0 -1 0 -1 0 -1 0 -1 0 -1 0 -1 0 -1 0 -1 0 -1 0 -1 0 -1 0 -1 0 -1 0 -1 0 -1 0 -1 0 -1 0 -1 0 -1 0 -1 0 -1 0 -1 0 -1 0 -1 0 -1 0 -1 0 -1 0 
  12 10 15 15 20
 50 5 90 5 206 5 30
2586 131072 0 48 135168 0 
  34359738369 1315051091194281984 1835136 0 50465891015 7916447985573822463 2031036 0 

trp_french_hussar_ai French_Hussar Hussars 0 133170176 0 0 7 0 0
  449 0 1646 0 1210 0 89 0 1828 0 -1 0 -1 0 -1 0 -1 0 -1 0 -1 0 -1 0 -1 0 -1 0 -1 0 -1 0 -1 0 -1 0 -1 0 -1 0 -1 0 -1 0 -1 0 -1 0 -1 0 -1 0 -1 0 -1 0 -1 0 -1 0 -1 0 -1 0 -1 0 -1 0 -1 0 -1 0 -1 0 -1 0 -1 0 -1 0 -1 0 -1 0 -1 0 -1 0 -1 0 -1 0 -1 0 -1 0 -1 0 -1 0 -1 0 -1 0 -1 0 -1 0 -1 0 -1 0 -1 0 -1 0 -1 0 -1 0 -1 0 -1 0 -1 0 -1 0 
  12 10 15 15 20
 150 5 30 5 30 5 30
2586 131072 0 4 208896 0 
  34359738369 1315051091194281984 1835136 0 50465891015 7916447985573822463 2031036 0 

trp_french_hussar5_ai French_Hussar Hussar 0 133170176 0 0 7 0 0
  510 0 1664 0 1288 0 89 0 1842 0 -1 0 -1 0 -1 0 -1 0 -1 0 -1 0 -1 0 -1 0 -1 0 -1 0 -1 0 -1 0 -1 0 -1 0 -1 0 -1 0 -1 0 -1 0 -1 0 -1 0 -1 0 -1 0 -1 0 -1 0 -1 0 -1 0 -1 0 -1 0 -1 0 -1 0 -1 0 -1 0 -1 0 -1 0 -1 0 -1 0 -1 0 -1 0 -1 0 -1 0 -1 0 -1 0 -1 0 -1 0 -1 0 -1 0 -1 0 -1 0 -1 0 -1 0 -1 0 -1 0 -1 0 -1 0 -1 0 -1 0 -1 0 -1 0 -1 0 
  12 10 15 15 20
 160 5 30 5 30 5 30
2586 131072 0 22 208896 0 
  34359738369 1315051091194281984 1835136 0 50465891015 7916447985573822463 2031036 0 

trp_french_lancer_ai Polish_Lancer Polish_Lancers 0 133170176 0 0 7 0 0
  440 0 1644 0 1231 0 1822 0 168 0 80 0 1830 0 -1 0 -1 0 -1 0 -1 0 -1 0 -1 0 -1 0 -1 0 -1 0 -1 0 -1 0 -1 0 -1 0 -1 0 -1 0 -1 0 -1 0 -1 0 -1 0 -1 0 -1 0 -1 0 -1 0 -1 0 -1 0 -1 0 -1 0 -1 0 -1 0 -1 0 -1 0 -1 0 -1 0 -1 0 -1 0 -1 0 -1 0 -1 0 -1 0 -1 0 -1 0 -1 0 -1 0 -1 0 -1 0 -1 0 -1 0 -1 0 -1 0 -1 0 -1 0 -1 0 -1 0 -1 0 -1 0 -1 0 -1 0 
  12 10 15 15 20
 50 5 130 5 40 5 30
2586 131072 0 4 208896 0 
  34359738369 1315051091194281984 1835136 0 50465891015 7916447985573822463 2031036 0 

trp_french_dragoon_ai French_Dragoon Dragoons 0 133170176 0 0 7 0 0
  425 0 1640 0 1193 0 1822 0 17 0 20 0 23 0 156 0 81 0 1832 0 -1 0 -1 0 -1 0 -1 0 -1 0 -1 0 -1 0 -1 0 -1 0 -1 0 -1 0 -1 0 -1 0 -1 0 -1 0 -1 0 -1 0 -1 0 -1 0 -1 0 -1 0 -1 0 -1 0 -1 0 -1 0 -1 0 -1 0 -1 0 -1 0 -1 0 -1 0 -1 0 -1 0 -1 0 -1 0 -1 0 -1 0 -1 0 -1 0 -1 0 -1 0 -1 0 -1 0 -1 0 -1 0 -1 0 -1 0 -1 0 -1 0 -1 0 -1 0 -1 0 -1 0 -1 0 
  12 10 15 15 20
 100 5 30 5 100 5 30
2586 131072 0 3 208896 0 
  34359738369 1315051091194281984 1835136 0 50465891015 7916447985573822463 2031036 0 

trp_french_mounted_chasseur_ai French_Mounted_Chasseur Dragoon 0 133170176 0 0 7 0 0
  514 0 1666 0 1294 0 1819 0 15 0 21 0 156 0 81 0 1844 0 -1 0 -1 0 -1 0 -1 0 -1 0 -1 0 -1 0 -1 0 -1 0 -1 0 -1 0 -1 0 -1 0 -1 0 -1 0 -1 0 -1 0 -1 0 -1 0 -1 0 -1 0 -1 0 -1 0 -1 0 -1 0 -1 0 -1 0 -1 0 -1 0 -1 0 -1 0 -1 0 -1 0 -1 0 -1 0 -1 0 -1 0 -1 0 -1 0 -1 0 -1 0 -1 0 -1 0 -1 0 -1 0 -1 0 -1 0 -1 0 -1 0 -1 0 -1 0 -1 0 -1 0 -1 0 -1 0 
  12 10 15 15 20
 125 5 30 5 125 5 30
2586 131072 0 37 208896 0 
  34359738369 1315051091194281984 1835136 0 50465891015 7916447985573822463 2031036 0 

trp_french_cuirassier_ai French_Cuirassier Cuirassiers 0 133170176 0 0 7 0 0
  443 0 1676 0 1199 0 1822 0 87 0 1834 0 1676 0 -1 0 -1 0 -1 0 -1 0 -1 0 -1 0 -1 0 -1 0 -1 0 -1 0 -1 0 -1 0 -1 0 -1 0 -1 0 -1 0 -1 0 -1 0 -1 0 -1 0 -1 0 -1 0 -1 0 -1 0 -1 0 -1 0 -1 0 -1 0 -1 0 -1 0 -1 0 -1 0 -1 0 -1 0 -1 0 -1 0 -1 0 -1 0 -1 0 -1 0 -1 0 -1 0 -1 0 -1 0 -1 0 -1 0 -1 0 -1 0 -1 0 -1 0 -1 0 -1 0 -1 0 -1 0 -1 0 -1 0 -1 0 
  12 10 15 15 20
 120 5 30 5 30 5 30
2586 131072 0 4 208896 0 
  34359738369 1315051091194281984 1835136 0 50465891015 7916447985573822463 2031036 0 

trp_french_carabineer_ai French_Carabinier Carabiniers 0 133170176 0 0 7 0 0
  446 0 1676 0 1205 0 1822 0 78 0 1837 0 -1 0 -1 0 -1 0 -1 0 -1 0 -1 0 -1 0 -1 0 -1 0 -1 0 -1 0 -1 0 -1 0 -1 0 -1 0 -1 0 -1 0 -1 0 -1 0 -1 0 -1 0 -1 0 -1 0 -1 0 -1 0 -1 0 -1 0 -1 0 -1 0 -1 0 -1 0 -1 0 -1 0 -1 0 -1 0 -1 0 -1 0 -1 0 -1 0 -1 0 -1 0 -1 0 -1 0 -1 0 -1 0 -1 0 -1 0 -1 0 -1 0 -1 0 -1 0 -1 0 -1 0 -1 0 -1 0 -1 0 -1 0 -1 0 
  12 10 15 15 20
 120 5 30 5 30 5 30
2586 131072 0 4 208896 0 
  34359738369 1315051091194281984 1835136 0 50465891015 7916447985573822463 2031036 0 

trp_french_grenadier_a_cheval_ai French_Horse_Grenadier Horse_Grenadiers 0 133170176 0 0 7 0 0
  429 0 1642 0 1250 0 1822 0 81 0 1840 0 -1 0 -1 0 -1 0 -1 0 -1 0 -1 0 -1 0 -1 0 -1 0 -1 0 -1 0 -1 0 -1 0 -1 0 -1 0 -1 0 -1 0 -1 0 -1 0 -1 0 -1 0 -1 0 -1 0 -1 0 -1 0 -1 0 -1 0 -1 0 -1 0 -1 0 -1 0 -1 0 -1 0 -1 0 -1 0 -1 0 -1 0 -1 0 -1 0 -1 0 -1 0 -1 0 -1 0 -1 0 -1 0 -1 0 -1 0 -1 0 -1 0 -1 0 -1 0 -1 0 -1 0 -1 0 -1 0 -1 0 -1 0 -1 0 
  12 10 15 15 20
 140 5 30 5 30 5 30
2586 131072 0 4 208896 0 
  34359738369 1315051091194281984 1835136 0 50465891015 7916447985573822463 2031036 0 

trp_french_ship_ai French_Sailor Sailors 0 133169152 0 0 7 0 0
  1659 0 1258 0 1258 0 1259 0 88 0 90 0 101 0 108 0 187 0 187 0 187 0 187 0 188 0 189 0 189 0 186 0 156 0 28 0 157 0 5 0 5 0 5 0 -1 0 -1 0 -1 0 -1 0 -1 0 -1 0 -1 0 -1 0 -1 0 -1 0 -1 0 -1 0 -1 0 -1 0 -1 0 -1 0 -1 0 -1 0 -1 0 -1 0 -1 0 -1 0 -1 0 -1 0 -1 0 -1 0 -1 0 -1 0 -1 0 -1 0 -1 0 -1 0 -1 0 -1 0 -1 0 -1 0 -1 0 -1 0 -1 0 -1 0 -1 0 -1 0 
  12 10 15 15 20
 40 5 80 5 80 60 30
2586 131072 0 48 208896 0 
  34359738369 1315051091194281984 1835136 0 50465891015 7916447985573822463 2031036 0 

trp_french_ship_marine_ai French_Marine Marines 0 133169152 0 0 7 0 0
  471 0 1658 0 1257 0 59 0 156 0 -1 0 -1 0 -1 0 -1 0 -1 0 -1 0 -1 0 -1 0 -1 0 -1 0 -1 0 -1 0 -1 0 -1 0 -1 0 -1 0 -1 0 -1 0 -1 0 -1 0 -1 0 -1 0 -1 0 -1 0 -1 0 -1 0 -1 0 -1 0 -1 0 -1 0 -1 0 -1 0 -1 0 -1 0 -1 0 -1 0 -1 0 -1 0 -1 0 -1 0 -1 0 -1 0 -1 0 -1 0 -1 0 -1 0 -1 0 -1 0 -1 0 -1 0 -1 0 -1 0 -1 0 -1 0 -1 0 -1 0 -1 0 -1 0 -1 0 
  12 10 15 15 20
 50 5 130 5 120 5 30
2586 131072 0 48 208896 0 
  34359738369 1315051091194281984 1835136 0 50465891015 7916447985573822463 2031036 0 

trp_french_arty_ai French_Artillerist Artillery_(Cannon) 0 133169152 0 0 7 0 0
  434 0 435 0 1650 0 1237 0 396 0 156 0 59 0 -1 0 -1 0 -1 0 -1 0 -1 0 -1 0 -1 0 -1 0 -1 0 -1 0 -1 0 -1 0 -1 0 -1 0 -1 0 -1 0 -1 0 -1 0 -1 0 -1 0 -1 0 -1 0 -1 0 -1 0 -1 0 -1 0 -1 0 -1 0 -1 0 -1 0 -1 0 -1 0 -1 0 -1 0 -1 0 -1 0 -1 0 -1 0 -1 0 -1 0 -1 0 -1 0 -1 0 -1 0 -1 0 -1 0 -1 0 -1 0 -1 0 -1 0 -1 0 -1 0 -1 0 -1 0 -1 0 -1 0 -1 0 
  12 10 15 15 20
 50 5 50 5 80 5 30
2586 131072 0 49 204800 0 
  34359738369 1315051091194281984 1835136 0 50465891015 7916447985573822463 2031036 0 

trp_french_arty_alt_ai French_Artillerist Artillery_(Howitzer) 0 133169152 0 0 7 0 0
  434 0 435 0 1650 0 1237 0 396 0 156 0 59 0 -1 0 -1 0 -1 0 -1 0 -1 0 -1 0 -1 0 -1 0 -1 0 -1 0 -1 0 -1 0 -1 0 -1 0 -1 0 -1 0 -1 0 -1 0 -1 0 -1 0 -1 0 -1 0 -1 0 -1 0 -1 0 -1 0 -1 0 -1 0 -1 0 -1 0 -1 0 -1 0 -1 0 -1 0 -1 0 -1 0 -1 0 -1 0 -1 0 -1 0 -1 0 -1 0 -1 0 -1 0 -1 0 -1 0 -1 0 -1 0 -1 0 -1 0 -1 0 -1 0 -1 0 -1 0 -1 0 -1 0 -1 0 
  12 10 15 15 20
 50 5 50 5 80 5 30
2586 131072 0 49 204800 0 
  34359738369 1315051091194281984 1835136 0 50465891015 7916447985573822463 2031036 0 

trp_french_horseart_ai French_Horse_Artillery Horse_Artillery 0 133169152 0 0 7 0 0
  519 0 1669 0 1300 0 396 0 395 0 91 0 1846 0 -1 0 -1 0 -1 0 -1 0 -1 0 -1 0 -1 0 -1 0 -1 0 -1 0 -1 0 -1 0 -1 0 -1 0 -1 0 -1 0 -1 0 -1 0 -1 0 -1 0 -1 0 -1 0 -1 0 -1 0 -1 0 -1 0 -1 0 -1 0 -1 0 -1 0 -1 0 -1 0 -1 0 -1 0 -1 0 -1 0 -1 0 -1 0 -1 0 -1 0 -1 0 -1 0 -1 0 -1 0 -1 0 -1 0 -1 0 -1 0 -1 0 -1 0 -1 0 -1 0 -1 0 -1 0 -1 0 -1 0 -1 0 
  12 10 15 15 20
 70 5 30 5 30 5 30
2586 131072 0 49 204800 0 
  34359738369 1315051091194281984 1835136 0 50465891015 7916447985573822463 2031036 0 

trp_prussian_infantry_2_ai Prussian_Line_Infantry Line_Infantry 0 133169152 0 0 3 0 0
  654 0 1729 0 1401 0 1402 0 122 0 69 0 156 0 -1 0 -1 0 -1 0 -1 0 -1 0 -1 0 -1 0 -1 0 -1 0 -1 0 -1 0 -1 0 -1 0 -1 0 -1 0 -1 0 -1 0 -1 0 -1 0 -1 0 -1 0 -1 0 -1 0 -1 0 -1 0 -1 0 -1 0 -1 0 -1 0 -1 0 -1 0 -1 0 -1 0 -1 0 -1 0 -1 0 -1 0 -1 0 -1 0 -1 0 -1 0 -1 0 -1 0 -1 0 -1 0 -1 0 -1 0 -1 0 -1 0 -1 0 -1 0 -1 0 -1 0 -1 0 -1 0 -1 0 -1 0 
  12 10 15 15 20
 50 5 130 5 120 5 30
2586 131072 0 48 208896 0 
  34359738369 1315051091194281984 1835136 0 50465891015 7916447985573822463 2031036 0 

trp_prussian_infantry_ai Prussian_Line_Infantry Line_Infantry_(Brandenburg) 0 133169152 0 0 8 0 0
  600 0 1729 0 1401 0 1402 0 144 0 69 0 156 0 -1 0 -1 0 -1 0 -1 0 -1 0 -1 0 -1 0 -1 0 -1 0 -1 0 -1 0 -1 0 -1 0 -1 0 -1 0 -1 0 -1 0 -1 0 -1 0 -1 0 -1 0 -1 0 -1 0 -1 0 -1 0 -1 0 -1 0 -1 0 -1 0 -1 0 -1 0 -1 0 -1 0 -1 0 -1 0 -1 0 -1 0 -1 0 -1 0 -1 0 -1 0 -1 0 -1 0 -1 0 -1 0 -1 0 -1 0 -1 0 -1 0 -1 0 -1 0 -1 0 -1 0 -1 0 -1 0 -1 0 -1 0 
  12 10 15 15 20
 50 5 130 5 120 5 30
2586 131072 0 48 208896 0 
  34359738369 1315051091194281984 1835136 0 50465891015 7916447985573822463 2031036 0 

trp_prussian_infantry12_ai Prussian_Line_Infantry Line_Infantry 0 133169152 0 0 3 0 0
  659 0 1729 0 1401 0 1402 0 122 0 69 0 156 0 -1 0 -1 0 -1 0 -1 0 -1 0 -1 0 -1 0 -1 0 -1 0 -1 0 -1 0 -1 0 -1 0 -1 0 -1 0 -1 0 -1 0 -1 0 -1 0 -1 0 -1 0 -1 0 -1 0 -1 0 -1 0 -1 0 -1 0 -1 0 -1 0 -1 0 -1 0 -1 0 -1 0 -1 0 -1 0 -1 0 -1 0 -1 0 -1 0 -1 0 -1 0 -1 0 -1 0 -1 0 -1 0 -1 0 -1 0 -1 0 -1 0 -1 0 -1 0 -1 0 -1 0 -1 0 -1 0 -1 0 -1 0 
  12 10 15 15 20
 50 5 130 5 120 5 30
2586 131072 0 48 208896 0 
  34359738369 1315051091194281984 1835136 0 50465891015 7916447985573822463 2031036 0 

trp_prussian_infantry14_ai Prussian_Line_Infantry Line_Infantry 0 133169152 0 0 3 0 0
  664 0 1729 0 1401 0 1402 0 122 0 69 0 156 0 -1 0 -1 0 -1 0 -1 0 -1 0 -1 0 -1 0 -1 0 -1 0 -1 0 -1 0 -1 0 -1 0 -1 0 -1 0 -1 0 -1 0 -1 0 -1 0 -1 0 -1 0 -1 0 -1 0 -1 0 -1 0 -1 0 -1 0 -1 0 -1 0 -1 0 -1 0 -1 0 -1 0 -1 0 -1 0 -1 0 -1 0 -1 0 -1 0 -1 0 -1 0 -1 0 -1 0 -1 0 -1 0 -1 0 -1 0 -1 0 -1 0 -1 0 -1 0 -1 0 -1 0 -1 0 -1 0 -1 0 -1 0 
  12 10 15 15 20
 50 5 130 5 120 5 30
2586 131072 0 48 208896 0 
  34359738369 1315051091194281984 1835136 0 50465891015 7916447985573822463 2031036 0 

trp_prussian_infantry18_ai Prussian_Line_Infantry Line_Infantry 0 133169152 0 0 3 0 0
  669 0 1729 0 1401 0 1402 0 122 0 69 0 156 0 -1 0 -1 0 -1 0 -1 0 -1 0 -1 0 -1 0 -1 0 -1 0 -1 0 -1 0 -1 0 -1 0 -1 0 -1 0 -1 0 -1 0 -1 0 -1 0 -1 0 -1 0 -1 0 -1 0 -1 0 -1 0 -1 0 -1 0 -1 0 -1 0 -1 0 -1 0 -1 0 -1 0 -1 0 -1 0 -1 0 -1 0 -1 0 -1 0 -1 0 -1 0 -1 0 -1 0 -1 0 -1 0 -1 0 -1 0 -1 0 -1 0 -1 0 -1 0 -1 0 -1 0 -1 0 -1 0 -1 0 -1 0 
  12 10 15 15 20
 50 5 130 5 120 5 30
2586 131072 0 48 208896 0 
  34359738369 1315051091194281984 1835136 0 50465891015 7916447985573822463 2031036 0 

trp_prussian_infantry2_ai Prussian_Line_Infantry Line_Infantry_(Rhen) 0 133169152 0 0 8 0 0
  627 0 1729 0 1401 0 1402 0 1430 0 144 0 69 0 156 0 -1 0 -1 0 -1 0 -1 0 -1 0 -1 0 -1 0 -1 0 -1 0 -1 0 -1 0 -1 0 -1 0 -1 0 -1 0 -1 0 -1 0 -1 0 -1 0 -1 0 -1 0 -1 0 -1 0 -1 0 -1 0 -1 0 -1 0 -1 0 -1 0 -1 0 -1 0 -1 0 -1 0 -1 0 -1 0 -1 0 -1 0 -1 0 -1 0 -1 0 -1 0 -1 0 -1 0 -1 0 -1 0 -1 0 -1 0 -1 0 -1 0 -1 0 -1 0 -1 0 -1 0 -1 0 -1 0 -1 0 
  12 10 15 15 20
 50 5 130 5 120 5 30
2586 131072 0 48 208896 0 
  34359738369 1315051091194281984 1835136 0 50465891015 7916447985573822463 2031036 0 

trp_prussian_infantry24_ai Prussian_Line_Infantry Line_Infantry 0 133169152 0 0 3 0 0
  674 0 1729 0 1401 0 1402 0 122 0 69 0 156 0 -1 0 -1 0 -1 0 -1 0 -1 0 -1 0 -1 0 -1 0 -1 0 -1 0 -1 0 -1 0 -1 0 -1 0 -1 0 -1 0 -1 0 -1 0 -1 0 -1 0 -1 0 -1 0 -1 0 -1 0 -1 0 -1 0 -1 0 -1 0 -1 0 -1 0 -1 0 -1 0 -1 0 -1 0 -1 0 -1 0 -1 0 -1 0 -1 0 -1 0 -1 0 -1 0 -1 0 -1 0 -1 0 -1 0 -1 0 -1 0 -1 0 -1 0 -1 0 -1 0 -1 0 -1 0 -1 0 -1 0 -1 0 
  12 10 15 15 20
 50 5 130 5 120 5 30
2586 131072 0 48 208896 0 
  34359738369 1315051091194281984 1835136 0 50465891015 7916447985573822463 2031036 0 

trp_prussian_infantry26_ai Prussian_Line_Infantry Line_Infantry 0 133169152 0 0 3 0 0
  679 0 1729 0 1401 0 1402 0 122 0 69 0 156 0 -1 0 -1 0 -1 0 -1 0 -1 0 -1 0 -1 0 -1 0 -1 0 -1 0 -1 0 -1 0 -1 0 -1 0 -1 0 -1 0 -1 0 -1 0 -1 0 -1 0 -1 0 -1 0 -1 0 -1 0 -1 0 -1 0 -1 0 -1 0 -1 0 -1 0 -1 0 -1 0 -1 0 -1 0 -1 0 -1 0 -1 0 -1 0 -1 0 -1 0 -1 0 -1 0 -1 0 -1 0 -1 0 -1 0 -1 0 -1 0 -1 0 -1 0 -1 0 -1 0 -1 0 -1 0 -1 0 -1 0 -1 0 
  12 10 15 15 20
 50 5 130 5 120 5 30
2586 131072 0 48 208896 0 
  34359738369 1315051091194281984 1835136 0 50465891015 7916447985573822463 2031036 0 

trp_prussian_infantry_elbe_ai Prussian_Landwehr Landwehr 0 133169152 0 0 8 0 0
  684 0 685 0 1731 0 1431 0 1432 0 1400 0 124 0 125 0 69 0 156 0 175 0 -1 0 -1 0 -1 0 -1 0 -1 0 -1 0 -1 0 -1 0 -1 0 -1 0 -1 0 -1 0 -1 0 -1 0 -1 0 -1 0 -1 0 -1 0 -1 0 -1 0 -1 0 -1 0 -1 0 -1 0 -1 0 -1 0 -1 0 -1 0 -1 0 -1 0 -1 0 -1 0 -1 0 -1 0 -1 0 -1 0 -1 0 -1 0 -1 0 -1 0 -1 0 -1 0 -1 0 -1 0 -1 0 -1 0 -1 0 -1 0 -1 0 -1 0 -1 0 -1 0 -1 0 
  12 10 15 15 20
 50 5 130 5 120 5 30
2586 131072 0 48 208896 0 
  34359738369 1315051091194281984 1835136 0 50465891015 7916447985573822463 2031036 0 

trp_prussian_infantry_kurmark_ai Prussian_Landwehr Landwehr 0 133169152 0 0 8 0 0
  632 0 633 0 1731 0 1398 0 1399 0 1400 0 146 0 147 0 69 0 156 0 -1 0 -1 0 -1 0 -1 0 -1 0 -1 0 -1 0 -1 0 -1 0 -1 0 -1 0 -1 0 -1 0 -1 0 -1 0 -1 0 -1 0 -1 0 -1 0 -1 0 -1 0 -1 0 -1 0 -1 0 -1 0 -1 0 -1 0 -1 0 -1 0 -1 0 -1 0 -1 0 -1 0 -1 0 -1 0 -1 0 -1 0 -1 0 -1 0 -1 0 -1 0 -1 0 -1 0 -1 0 -1 0 -1 0 -1 0 -1 0 -1 0 -1 0 -1 0 -1 0 -1 0 -1 0 
  12 10 15 15 20
 50 5 130 5 120 5 30
2586 131072 0 48 208896 0 
  34359738369 1315051091194281984 1835136 0 50465891015 7916447985573822463 2031036 0 

trp_prussian_infantry_freikorps_ai Prussian_Freikorps Freikorps 0 133169152 0 0 8 0 0
  647 0 1738 0 1402 0 145 0 69 0 156 0 -1 0 -1 0 -1 0 -1 0 -1 0 -1 0 -1 0 -1 0 -1 0 -1 0 -1 0 -1 0 -1 0 -1 0 -1 0 -1 0 -1 0 -1 0 -1 0 -1 0 -1 0 -1 0 -1 0 -1 0 -1 0 -1 0 -1 0 -1 0 -1 0 -1 0 -1 0 -1 0 -1 0 -1 0 -1 0 -1 0 -1 0 -1 0 -1 0 -1 0 -1 0 -1 0 -1 0 -1 0 -1 0 -1 0 -1 0 -1 0 -1 0 -1 0 -1 0 -1 0 -1 0 -1 0 -1 0 -1 0 -1 0 -1 0 
  12 10 15 15 20
 50 5 130 5 120 5 30
2586 131072 0 48 208896 0 
  34359738369 1315051091194281984 1835136 0 50465891015 7916447985573822463 2031036 0 

trp_prussian_infantry26_ai 26._Rheinische_Infanterie-Regiment Line_Infantry 0 133169152 0 0 3 0 0
  627 0 1729 0 1401 0 1402 0 1430 0 122 0 69 0 156 0 -1 0 -1 0 -1 0 -1 0 -1 0 -1 0 -1 0 -1 0 -1 0 -1 0 -1 0 -1 0 -1 0 -1 0 -1 0 -1 0 -1 0 -1 0 -1 0 -1 0 -1 0 -1 0 -1 0 -1 0 -1 0 -1 0 -1 0 -1 0 -1 0 -1 0 -1 0 -1 0 -1 0 -1 0 -1 0 -1 0 -1 0 -1 0 -1 0 -1 0 -1 0 -1 0 -1 0 -1 0 -1 0 -1 0 -1 0 -1 0 -1 0 -1 0 -1 0 -1 0 -1 0 -1 0 -1 0 -1 0 
  12 10 15 15 20
 50 5 130 5 120 5 30
2586 131072 0 48 208896 0 
  34359738369 1315051091194281984 1835136 0 50465891015 7916447985573822463 2031036 0 

trp_prussian_infantry_15_ai Prussian_Foot_Guard Foot_Guards 0 133169152 0 0 8 0 0
  614 0 1702 0 1671 0 1418 0 144 0 69 0 156 0 -1 0 -1 0 -1 0 -1 0 -1 0 -1 0 -1 0 -1 0 -1 0 -1 0 -1 0 -1 0 -1 0 -1 0 -1 0 -1 0 -1 0 -1 0 -1 0 -1 0 -1 0 -1 0 -1 0 -1 0 -1 0 -1 0 -1 0 -1 0 -1 0 -1 0 -1 0 -1 0 -1 0 -1 0 -1 0 -1 0 -1 0 -1 0 -1 0 -1 0 -1 0 -1 0 -1 0 -1 0 -1 0 -1 0 -1 0 -1 0 -1 0 -1 0 -1 0 -1 0 -1 0 -1 0 -1 0 -1 0 -1 0 
  12 10 15 15 20
 70 5 170 5 130 5 30
2586 131072 0 48 208896 0 
  34359738369 1315051091194281984 1835136 0 50465891015 7916447985573822463 2031036 0 

trp_pruss_brun_ai Prussian_Foot_Guard Foot_Guard 0 133169152 0 0 8 0 0
  690 0 1740 0 1435 0 122 0 69 0 156 0 -1 0 -1 0 -1 0 -1 0 -1 0 -1 0 -1 0 -1 0 -1 0 -1 0 -1 0 -1 0 -1 0 -1 0 -1 0 -1 0 -1 0 -1 0 -1 0 -1 0 -1 0 -1 0 -1 0 -1 0 -1 0 -1 0 -1 0 -1 0 -1 0 -1 0 -1 0 -1 0 -1 0 -1 0 -1 0 -1 0 -1 0 -1 0 -1 0 -1 0 -1 0 -1 0 -1 0 -1 0 -1 0 -1 0 -1 0 -1 0 -1 0 -1 0 -1 0 -1 0 -1 0 -1 0 -1 0 -1 0 -1 0 -1 0 
  12 10 15 15 20
 50 5 145 5 150 5 30
2586 131072 0 48 208896 0 
  34359738369 1315051091194281984 1835136 0 50465891015 7916447985573822463 2031036 0 

trp_pruss_freiw_ai Prussian_Jaeger Light_Infantry 0 133169152 0 0 8 0 0
  695 0 1742 0 1437 0 156 0 69 0 98 0 -1 0 -1 0 -1 0 -1 0 -1 0 -1 0 -1 0 -1 0 -1 0 -1 0 -1 0 -1 0 -1 0 -1 0 -1 0 -1 0 -1 0 -1 0 -1 0 -1 0 -1 0 -1 0 -1 0 -1 0 -1 0 -1 0 -1 0 -1 0 -1 0 -1 0 -1 0 -1 0 -1 0 -1 0 -1 0 -1 0 -1 0 -1 0 -1 0 -1 0 -1 0 -1 0 -1 0 -1 0 -1 0 -1 0 -1 0 -1 0 -1 0 -1 0 -1 0 -1 0 -1 0 -1 0 -1 0 -1 0 -1 0 -1 0 
  12 10 15 15 20
 50 5 90 5 170 5 30
2586 131072 0 48 135168 0 
  34359738369 1315051091194281984 1835136 0 50465891015 7916447985573822463 2031036 0 

trp_prussian_infantry_rifle_ai Prussian_Jaeger Jaegers 0 133169152 0 0 8 0 0
  609 0 610 0 1730 0 1402 0 98 0 43 0 156 0 -1 0 -1 0 -1 0 -1 0 -1 0 -1 0 -1 0 -1 0 -1 0 -1 0 -1 0 -1 0 -1 0 -1 0 -1 0 -1 0 -1 0 -1 0 -1 0 -1 0 -1 0 -1 0 -1 0 -1 0 -1 0 -1 0 -1 0 -1 0 -1 0 -1 0 -1 0 -1 0 -1 0 -1 0 -1 0 -1 0 -1 0 -1 0 -1 0 -1 0 -1 0 -1 0 -1 0 -1 0 -1 0 -1 0 -1 0 -1 0 -1 0 -1 0 -1 0 -1 0 -1 0 -1 0 -1 0 -1 0 -1 0 
  12 10 15 15 20
 30 5 90 5 170 5 30
2586 131072 0 48 135168 0 
  34359738369 1315051091194281984 1835136 0 50465891015 7916447985573822463 2031036 0 

trp_prussian_dragoon5_ai Prussian_Dragoon Dragoons 0 133170176 0 0 8 0 0
  699 0 1734 0 1439 0 112 0 26 0 156 0 1864 0 -1 0 -1 0 -1 0 -1 0 -1 0 -1 0 -1 0 -1 0 -1 0 -1 0 -1 0 -1 0 -1 0 -1 0 -1 0 -1 0 -1 0 -1 0 -1 0 -1 0 -1 0 -1 0 -1 0 -1 0 -1 0 -1 0 -1 0 -1 0 -1 0 -1 0 -1 0 -1 0 -1 0 -1 0 -1 0 -1 0 -1 0 -1 0 -1 0 -1 0 -1 0 -1 0 -1 0 -1 0 -1 0 -1 0 -1 0 -1 0 -1 0 -1 0 -1 0 -1 0 -1 0 -1 0 -1 0 -1 0 -1 0 
  12 10 15 15 20
 100 5 30 5 100 5 30
2586 131072 0 37 208896 0 
  34359738369 1315051091194281984 1835136 0 50465891015 7916447985573822463 2031036 0 

trp_prussian_dragoon_ai Prussian_Dragoon Dragoons 0 133170176 0 0 8 0 0
  605 0 1734 0 1411 0 112 0 26 0 156 0 1864 0 -1 0 -1 0 -1 0 -1 0 -1 0 -1 0 -1 0 -1 0 -1 0 -1 0 -1 0 -1 0 -1 0 -1 0 -1 0 -1 0 -1 0 -1 0 -1 0 -1 0 -1 0 -1 0 -1 0 -1 0 -1 0 -1 0 -1 0 -1 0 -1 0 -1 0 -1 0 -1 0 -1 0 -1 0 -1 0 -1 0 -1 0 -1 0 -1 0 -1 0 -1 0 -1 0 -1 0 -1 0 -1 0 -1 0 -1 0 -1 0 -1 0 -1 0 -1 0 -1 0 -1 0 -1 0 -1 0 -1 0 -1 0 
  12 10 15 15 20
 100 5 30 5 100 5 30
2586 131072 0 3 208896 0 
  34359738369 1315051091194281984 1835136 0 50465891015 7916447985573822463 2031036 0 

trp_prussian_hussar_ai Prussian_Hussar Hussars 0 133170176 0 0 8 0 0
  622 0 1736 0 1404 0 112 0 1862 0 1863 0 -1 0 -1 0 -1 0 -1 0 -1 0 -1 0 -1 0 -1 0 -1 0 -1 0 -1 0 -1 0 -1 0 -1 0 -1 0 -1 0 -1 0 -1 0 -1 0 -1 0 -1 0 -1 0 -1 0 -1 0 -1 0 -1 0 -1 0 -1 0 -1 0 -1 0 -1 0 -1 0 -1 0 -1 0 -1 0 -1 0 -1 0 -1 0 -1 0 -1 0 -1 0 -1 0 -1 0 -1 0 -1 0 -1 0 -1 0 -1 0 -1 0 -1 0 -1 0 -1 0 -1 0 -1 0 -1 0 -1 0 -1 0 -1 0 
  12 10 15 15 20
 150 5 30 5 30 5 30
2586 131072 0 6 208896 0 
  34359738369 1315051091194281984 1835136 0 50465891015 7916447985573822463 2031036 0 

trp_prussian_hussar_mhr_ai Prussian_Hussar Hussar 0 133170176 0 0 3 0 0
  622 0 1736 0 1404 0 112 0 1862 0 1863 0 -1 0 -1 0 -1 0 -1 0 -1 0 -1 0 -1 0 -1 0 -1 0 -1 0 -1 0 -1 0 -1 0 -1 0 -1 0 -1 0 -1 0 -1 0 -1 0 -1 0 -1 0 -1 0 -1 0 -1 0 -1 0 -1 0 -1 0 -1 0 -1 0 -1 0 -1 0 -1 0 -1 0 -1 0 -1 0 -1 0 -1 0 -1 0 -1 0 -1 0 -1 0 -1 0 -1 0 -1 0 -1 0 -1 0 -1 0 -1 0 -1 0 -1 0 -1 0 -1 0 -1 0 -1 0 -1 0 -1 0 -1 0 -1 0 
  12 10 15 15 20
 160 5 30 5 30 5 30
2586 131072 0 22 208896 0 
  34359738369 1315051091194281984 1835136 0 50465891015 7916447985573822463 2031036 0 

trp_prussian_landwehr_cav_ai Prussian_Lancer Lancers 0 133170176 0 0 8 0 0
  638 0 1732 0 1422 0 169 0 112 0 1860 0 1861 0 -1 0 -1 0 -1 0 -1 0 -1 0 -1 0 -1 0 -1 0 -1 0 -1 0 -1 0 -1 0 -1 0 -1 0 -1 0 -1 0 -1 0 -1 0 -1 0 -1 0 -1 0 -1 0 -1 0 -1 0 -1 0 -1 0 -1 0 -1 0 -1 0 -1 0 -1 0 -1 0 -1 0 -1 0 -1 0 -1 0 -1 0 -1 0 -1 0 -1 0 -1 0 -1 0 -1 0 -1 0 -1 0 -1 0 -1 0 -1 0 -1 0 -1 0 -1 0 -1 0 -1 0 -1 0 -1 0 -1 0 -1 0 
  12 10 15 15 20
 50 5 130 5 40 5 30
2586 131072 0 4 208896 0 
  34359738369 1315051091194281984 1835136 0 50465891015 7916447985573822463 2031036 0 

trp_prussian_brun_lancer_ai Prussian_Lancer Lancers 0 133170176 0 0 8 0 0
  708 0 1745 0 1443 0 170 0 112 0 1877 0 -1 0 -1 0 -1 0 -1 0 -1 0 -1 0 -1 0 -1 0 -1 0 -1 0 -1 0 -1 0 -1 0 -1 0 -1 0 -1 0 -1 0 -1 0 -1 0 -1 0 -1 0 -1 0 -1 0 -1 0 -1 0 -1 0 -1 0 -1 0 -1 0 -1 0 -1 0 -1 0 -1 0 -1 0 -1 0 -1 0 -1 0 -1 0 -1 0 -1 0 -1 0 -1 0 -1 0 -1 0 -1 0 -1 0 -1 0 -1 0 -1 0 -1 0 -1 0 -1 0 -1 0 -1 0 -1 0 -1 0 -1 0 -1 0 
  12 10 15 15 20
 50 5 130 5 40 5 30
2586 131072 0 4 208896 0 
  34359738369 1315051091194281984 1835136 0 50465891015 7916447985573822463 2031036 0 

trp_prussian_cuirassier_ai Prussian_Cuirassier Cuirassiers 0 133170176 0 0 8 0 0
  643 0 1734 0 1735 0 1427 0 81 0 1866 0 1867 0 -1 0 -1 0 -1 0 -1 0 -1 0 -1 0 -1 0 -1 0 -1 0 -1 0 -1 0 -1 0 -1 0 -1 0 -1 0 -1 0 -1 0 -1 0 -1 0 -1 0 -1 0 -1 0 -1 0 -1 0 -1 0 -1 0 -1 0 -1 0 -1 0 -1 0 -1 0 -1 0 -1 0 -1 0 -1 0 -1 0 -1 0 -1 0 -1 0 -1 0 -1 0 -1 0 -1 0 -1 0 -1 0 -1 0 -1 0 -1 0 -1 0 -1 0 -1 0 -1 0 -1 0 -1 0 -1 0 -1 0 -1 0 
  12 10 15 15 20
 140 5 30 5 30 5 30
2586 131072 0 4 208896 0 
  34359738369 1315051091194281984 1835136 0 50465891015 7916447985573822463 2031036 0 

trp_pruss_cav_silesian_ai Prussian_Cuirassier Heavy_Cavalry 0 133170176 0 0 8 0 0
  714 0 1734 0 1735 0 1427 0 81 0 1866 0 -1 0 -1 0 -1 0 -1 0 -1 0 -1 0 -1 0 -1 0 -1 0 -1 0 -1 0 -1 0 -1 0 -1 0 -1 0 -1 0 -1 0 -1 0 -1 0 -1 0 -1 0 -1 0 -1 0 -1 0 -1 0 -1 0 -1 0 -1 0 -1 0 -1 0 -1 0 -1 0 -1 0 -1 0 -1 0 -1 0 -1 0 -1 0 -1 0 -1 0 -1 0 -1 0 -1 0 -1 0 -1 0 -1 0 -1 0 -1 0 -1 0 -1 0 -1 0 -1 0 -1 0 -1 0 -1 0 -1 0 -1 0 -1 0 
  12 10 15 15 20
 150 5 30 5 30 5 30
2586 131072 0 22 339968 0 
  34359738369 1315051091194281984 1835136 0 50465891015 7916447985573822463 2031036 0 

trp_prussian_arty_ai Prussian_Artillerist Artillery_(Cannon) 0 133169152 0 0 8 0 0
  619 0 1729 0 1409 0 396 0 156 0 69 0 -1 0 -1 0 -1 0 -1 0 -1 0 -1 0 -1 0 -1 0 -1 0 -1 0 -1 0 -1 0 -1 0 -1 0 -1 0 -1 0 -1 0 -1 0 -1 0 -1 0 -1 0 -1 0 -1 0 -1 0 -1 0 -1 0 -1 0 -1 0 -1 0 -1 0 -1 0 -1 0 -1 0 -1 0 -1 0 -1 0 -1 0 -1 0 -1 0 -1 0 -1 0 -1 0 -1 0 -1 0 -1 0 -1 0 -1 0 -1 0 -1 0 -1 0 -1 0 -1 0 -1 0 -1 0 -1 0 -1 0 -1 0 -1 0 
  12 10 15 15 20
 50 5 50 5 80 5 30
2586 131072 0 49 204800 0 
  34359738369 1315051091194281984 1835136 0 50465891015 7916447985573822463 2031036 0 

trp_prussian_arty_alt_ai Prussian_Artillerist Artillery_(Howitzer) 0 133169152 0 0 8 0 0
  619 0 1729 0 1409 0 396 0 156 0 69 0 -1 0 -1 0 -1 0 -1 0 -1 0 -1 0 -1 0 -1 0 -1 0 -1 0 -1 0 -1 0 -1 0 -1 0 -1 0 -1 0 -1 0 -1 0 -1 0 -1 0 -1 0 -1 0 -1 0 -1 0 -1 0 -1 0 -1 0 -1 0 -1 0 -1 0 -1 0 -1 0 -1 0 -1 0 -1 0 -1 0 -1 0 -1 0 -1 0 -1 0 -1 0 -1 0 -1 0 -1 0 -1 0 -1 0 -1 0 -1 0 -1 0 -1 0 -1 0 -1 0 -1 0 -1 0 -1 0 -1 0 -1 0 -1 0 
  12 10 15 15 20
 50 5 50 5 80 5 30
2586 131072 0 49 204800 0 
  34359738369 1315051091194281984 1835136 0 50465891015 7916447985573822463 2031036 0 

trp_pruss_horseart_ai Prussian_Horse_Artillery Artillery 0 133169152 0 0 8 0 0
  712 0 1748 0 1447 0 396 0 395 0 123 0 1868 0 -1 0 -1 0 -1 0 -1 0 -1 0 -1 0 -1 0 -1 0 -1 0 -1 0 -1 0 -1 0 -1 0 -1 0 -1 0 -1 0 -1 0 -1 0 -1 0 -1 0 -1 0 -1 0 -1 0 -1 0 -1 0 -1 0 -1 0 -1 0 -1 0 -1 0 -1 0 -1 0 -1 0 -1 0 -1 0 -1 0 -1 0 -1 0 -1 0 -1 0 -1 0 -1 0 -1 0 -1 0 -1 0 -1 0 -1 0 -1 0 -1 0 -1 0 -1 0 -1 0 -1 0 -1 0 -1 0 -1 0 -1 0 
  12 10 15 15 20
 70 5 30 5 30 5 30
2586 131072 0 49 204800 0 
  34359738369 1315051091194281984 1835136 0 50465891015 7916447985573822463 2031036 0 

trp_russian_opol_ai Russian_Militia Line_Militia 0 66060288 0 0 9 0 0
  735 0 1680 0 1681 0 1136 0 156 0 24 0 175 0 175 0 -1 0 -1 0 -1 0 -1 0 -1 0 -1 0 -1 0 -1 0 -1 0 -1 0 -1 0 -1 0 -1 0 -1 0 -1 0 -1 0 -1 0 -1 0 -1 0 -1 0 -1 0 -1 0 -1 0 -1 0 -1 0 -1 0 -1 0 -1 0 -1 0 -1 0 -1 0 -1 0 -1 0 -1 0 -1 0 -1 0 -1 0 -1 0 -1 0 -1 0 -1 0 -1 0 -1 0 -1 0 -1 0 -1 0 -1 0 -1 0 -1 0 -1 0 -1 0 -1 0 -1 0 -1 0 -1 0 -1 0 
  12 10 15 15 20
 50 5 130 5 120 5 30
2586 131072 0 48 208896 0 
  34359738369 1315051091194281984 1835136 0 50465891015 7916447985573822463 2031036 0 

trp_russian_infantry_ai Russian_Line_Infantry Line_Infantry 0 133169152 0 0 9 0 0
  718 0 1670 0 1671 0 1141 0 156 0 65 0 143 0 -1 0 -1 0 -1 0 -1 0 -1 0 -1 0 -1 0 -1 0 -1 0 -1 0 -1 0 -1 0 -1 0 -1 0 -1 0 -1 0 -1 0 -1 0 -1 0 -1 0 -1 0 -1 0 -1 0 -1 0 -1 0 -1 0 -1 0 -1 0 -1 0 -1 0 -1 0 -1 0 -1 0 -1 0 -1 0 -1 0 -1 0 -1 0 -1 0 -1 0 -1 0 -1 0 -1 0 -1 0 -1 0 -1 0 -1 0 -1 0 -1 0 -1 0 -1 0 -1 0 -1 0 -1 0 -1 0 -1 0 -1 0 
  12 10 15 15 20
 50 5 130 5 120 5 30
2586 131072 0 48 208896 0 
  34359738369 1315051091194281984 1835136 0 50465891015 7916447985573822463 2031036 0 

trp_russian_grenadier_ai Russian_Grenadier Grenadiers 0 133169152 0 0 9 0 0
  747 0 1670 0 1671 0 1138 0 156 0 65 0 143 0 1819 0 -1 0 -1 0 -1 0 -1 0 -1 0 -1 0 -1 0 -1 0 -1 0 -1 0 -1 0 -1 0 -1 0 -1 0 -1 0 -1 0 -1 0 -1 0 -1 0 -1 0 -1 0 -1 0 -1 0 -1 0 -1 0 -1 0 -1 0 -1 0 -1 0 -1 0 -1 0 -1 0 -1 0 -1 0 -1 0 -1 0 -1 0 -1 0 -1 0 -1 0 -1 0 -1 0 -1 0 -1 0 -1 0 -1 0 -1 0 -1 0 -1 0 -1 0 -1 0 -1 0 -1 0 -1 0 -1 0 -1 0 
  12 10 15 15 20
 50 5 130 5 120 5 30
2586 131072 0 48 208896 0 
  34359738369 1315051091194281984 1835136 0 50465891015 7916447985573822463 2031036 0 

trp_russian_butyrskiy_infantry_ai Russian_Line_Infantry Line_Infantry 0 133169152 0 0 9 0 0
  764 0 1680 0 1141 0 156 0 65 0 96 0 -1 0 -1 0 -1 0 -1 0 -1 0 -1 0 -1 0 -1 0 -1 0 -1 0 -1 0 -1 0 -1 0 -1 0 -1 0 -1 0 -1 0 -1 0 -1 0 -1 0 -1 0 -1 0 -1 0 -1 0 -1 0 -1 0 -1 0 -1 0 -1 0 -1 0 -1 0 -1 0 -1 0 -1 0 -1 0 -1 0 -1 0 -1 0 -1 0 -1 0 -1 0 -1 0 -1 0 -1 0 -1 0 -1 0 -1 0 -1 0 -1 0 -1 0 -1 0 -1 0 -1 0 -1 0 -1 0 -1 0 -1 0 -1 0 
  12 10 15 15 20
 50 5 130 5 150 5 30
2586 131072 0 48 208896 0 
  34359738369 1315051091194281984 1835136 0 50465891015 7916447985573822463 2031036 0 

trp_russian_internal_guard_ai Russian_Internal_Guard Line_Infantry 0 133169152 0 0 9 0 0
  766 0 1688 0 1141 0 156 0 65 0 96 0 -1 0 -1 0 -1 0 -1 0 -1 0 -1 0 -1 0 -1 0 -1 0 -1 0 -1 0 -1 0 -1 0 -1 0 -1 0 -1 0 -1 0 -1 0 -1 0 -1 0 -1 0 -1 0 -1 0 -1 0 -1 0 -1 0 -1 0 -1 0 -1 0 -1 0 -1 0 -1 0 -1 0 -1 0 -1 0 -1 0 -1 0 -1 0 -1 0 -1 0 -1 0 -1 0 -1 0 -1 0 -1 0 -1 0 -1 0 -1 0 -1 0 -1 0 -1 0 -1 0 -1 0 -1 0 -1 0 -1 0 -1 0 -1 0 
  12 10 15 15 20
 50 5 130 5 150 5 30
2586 131072 0 48 208896 0 
  34359738369 1315051091194281984 1835136 0 50465891015 7916447985573822463 2031036 0 

trp_russian_partizan_ai Russian_Partisan Partisans 0 66060288 0 0 9 0 0
  755 0 756 0 1680 0 1681 0 1136 0 1175 0 1176 0 1177 0 1178 0 1179 0 1136 0 1141 0 156 0 24 0 177 0 178 0 179 0 176 0 181 0 180 0 102 0 182 0 183 0 101 0 108 0 109 0 184 0 185 0 186 0 187 0 28 0 -1 0 -1 0 -1 0 -1 0 -1 0 -1 0 -1 0 -1 0 -1 0 -1 0 -1 0 -1 0 -1 0 -1 0 -1 0 -1 0 -1 0 -1 0 -1 0 -1 0 -1 0 -1 0 -1 0 -1 0 -1 0 -1 0 -1 0 -1 0 -1 0 -1 0 -1 0 -1 0 -1 0 
  12 10 15 15 20
 40 5 80 5 80 60 30
2586 131072 0 48 208896 0 
  34359738369 1315051091194281984 1835136 0 50465891015 7916447985573822463 2031036 0 

trp_russian_foot_guard_ai Russian_Foot_Guard Foot_Guards 0 133169152 0 0 9 0 0
  738 0 1670 0 1671 0 1168 0 156 0 65 0 143 0 1819 0 -1 0 -1 0 -1 0 -1 0 -1 0 -1 0 -1 0 -1 0 -1 0 -1 0 -1 0 -1 0 -1 0 -1 0 -1 0 -1 0 -1 0 -1 0 -1 0 -1 0 -1 0 -1 0 -1 0 -1 0 -1 0 -1 0 -1 0 -1 0 -1 0 -1 0 -1 0 -1 0 -1 0 -1 0 -1 0 -1 0 -1 0 -1 0 -1 0 -1 0 -1 0 -1 0 -1 0 -1 0 -1 0 -1 0 -1 0 -1 0 -1 0 -1 0 -1 0 -1 0 -1 0 -1 0 -1 0 -1 0 
  12 10 15 15 20
 70 5 170 5 130 5 30
2586 131072 0 48 208896 0 
  34359738369 1315051091194281984 1835136 0 50465891015 7916447985573822463 2031036 0 

trp_russian_litovski_guard_ai Russian_Foot_Guard Foot_Guard 0 133169152 0 0 9 0 0
  772 0 1670 0 1168 0 156 0 65 0 96 0 -1 0 -1 0 -1 0 -1 0 -1 0 -1 0 -1 0 -1 0 -1 0 -1 0 -1 0 -1 0 -1 0 -1 0 -1 0 -1 0 -1 0 -1 0 -1 0 -1 0 -1 0 -1 0 -1 0 -1 0 -1 0 -1 0 -1 0 -1 0 -1 0 -1 0 -1 0 -1 0 -1 0 -1 0 -1 0 -1 0 -1 0 -1 0 -1 0 -1 0 -1 0 -1 0 -1 0 -1 0 -1 0 -1 0 -1 0 -1 0 -1 0 -1 0 -1 0 -1 0 -1 0 -1 0 -1 0 -1 0 -1 0 -1 0 
  12 10 15 15 20
 50 5 145 5 150 5 30
2586 131072 0 48 208896 0 
  34359738369 1315051091194281984 1835136 0 50465891015 7916447985573822463 2031036 0 

trp_russian_finnish_jaeger_ai Finnish_Jaeger Light_Infantry 0 133169152 0 0 9 0 0
  777 0 1689 0 1189 0 156 0 65 0 24 0 96 0 -1 0 -1 0 -1 0 -1 0 -1 0 -1 0 -1 0 -1 0 -1 0 -1 0 -1 0 -1 0 -1 0 -1 0 -1 0 -1 0 -1 0 -1 0 -1 0 -1 0 -1 0 -1 0 -1 0 -1 0 -1 0 -1 0 -1 0 -1 0 -1 0 -1 0 -1 0 -1 0 -1 0 -1 0 -1 0 -1 0 -1 0 -1 0 -1 0 -1 0 -1 0 -1 0 -1 0 -1 0 -1 0 -1 0 -1 0 -1 0 -1 0 -1 0 -1 0 -1 0 -1 0 -1 0 -1 0 -1 0 -1 0 
  12 10 15 15 20
 50 5 90 5 206 5 30
2586 131072 0 48 135168 0 
  34359738369 1315051091194281984 1835136 0 50465891015 7916447985573822463 2031036 0 

trp_russian_infantry_rifle_ai Russian_Jaeger Jaegers 0 133169152 0 0 9 0 0
  743 0 1682 0 1162 0 43 0 156 0 98 0 -1 0 -1 0 -1 0 -1 0 -1 0 -1 0 -1 0 -1 0 -1 0 -1 0 -1 0 -1 0 -1 0 -1 0 -1 0 -1 0 -1 0 -1 0 -1 0 -1 0 -1 0 -1 0 -1 0 -1 0 -1 0 -1 0 -1 0 -1 0 -1 0 -1 0 -1 0 -1 0 -1 0 -1 0 -1 0 -1 0 -1 0 -1 0 -1 0 -1 0 -1 0 -1 0 -1 0 -1 0 -1 0 -1 0 -1 0 -1 0 -1 0 -1 0 -1 0 -1 0 -1 0 -1 0 -1 0 -1 0 -1 0 -1 0 
  12 10 15 15 20
 30 5 90 5 170 5 30
2586 131072 0 48 135168 0 
  34359738369 1315051091194281984 1835136 0 50465891015 7916447985573822463 2031036 0 

trp_russian_hussar_ai Russian_Hussar Hussars 0 133170176 0 0 9 0 0
  725 0 1674 0 1157 0 93 0 1885 0 -1 0 -1 0 -1 0 -1 0 -1 0 -1 0 -1 0 -1 0 -1 0 -1 0 -1 0 -1 0 -1 0 -1 0 -1 0 -1 0 -1 0 -1 0 -1 0 -1 0 -1 0 -1 0 -1 0 -1 0 -1 0 -1 0 -1 0 -1 0 -1 0 -1 0 -1 0 -1 0 -1 0 -1 0 -1 0 -1 0 -1 0 -1 0 -1 0 -1 0 -1 0 -1 0 -1 0 -1 0 -1 0 -1 0 -1 0 -1 0 -1 0 -1 0 -1 0 -1 0 -1 0 -1 0 -1 0 -1 0 -1 0 -1 0 -1 0 
  12 10 15 15 20
 150 5 30 5 30 5 30
2586 131072 0 4 208896 0 
  34359738369 1315051091194281984 1835136 0 50465891015 7916447985573822463 2031036 0 

trp_russian_uhlan_ai Russian_Uhlan Uhlans 0 133170176 0 0 9 0 0
  759 0 1686 0 1183 0 174 0 92 0 1884 0 -1 0 -1 0 -1 0 -1 0 -1 0 -1 0 -1 0 -1 0 -1 0 -1 0 -1 0 -1 0 -1 0 -1 0 -1 0 -1 0 -1 0 -1 0 -1 0 -1 0 -1 0 -1 0 -1 0 -1 0 -1 0 -1 0 -1 0 -1 0 -1 0 -1 0 -1 0 -1 0 -1 0 -1 0 -1 0 -1 0 -1 0 -1 0 -1 0 -1 0 -1 0 -1 0 -1 0 -1 0 -1 0 -1 0 -1 0 -1 0 -1 0 -1 0 -1 0 -1 0 -1 0 -1 0 -1 0 -1 0 -1 0 -1 0 
  12 10 15 15 20
 50 5 130 5 40 5 30
2586 131072 0 4 208896 0 
  34359738369 1315051091194281984 1835136 0 50465891015 7916447985573822463 2031036 0 

trp_russian_cossack_ai Russian_Cossack Cossacks 0 133170176 0 0 9 0 0
  732 0 1677 0 1152 0 173 0 92 0 1880 0 1881 0 1882 0 1883 0 -1 0 -1 0 -1 0 -1 0 -1 0 -1 0 -1 0 -1 0 -1 0 -1 0 -1 0 -1 0 -1 0 -1 0 -1 0 -1 0 -1 0 -1 0 -1 0 -1 0 -1 0 -1 0 -1 0 -1 0 -1 0 -1 0 -1 0 -1 0 -1 0 -1 0 -1 0 -1 0 -1 0 -1 0 -1 0 -1 0 -1 0 -1 0 -1 0 -1 0 -1 0 -1 0 -1 0 -1 0 -1 0 -1 0 -1 0 -1 0 -1 0 -1 0 -1 0 -1 0 -1 0 -1 0 -1 0 
  12 10 15 15 20
 50 5 130 5 40 5 30
2586 131072 0 4 208896 0 
  34359738369 1315051091194281984 1835136 0 50465891015 7916447985573822463 2031036 0 

trp_russian_dragoon_ai Russian_Dragoon Dragoons 0 133170176 0 0 9 0 0
  753 0 1684 0 1685 0 1139 0 26 0 156 0 94 0 1886 0 -1 0 -1 0 -1 0 -1 0 -1 0 -1 0 -1 0 -1 0 -1 0 -1 0 -1 0 -1 0 -1 0 -1 0 -1 0 -1 0 -1 0 -1 0 -1 0 -1 0 -1 0 -1 0 -1 0 -1 0 -1 0 -1 0 -1 0 -1 0 -1 0 -1 0 -1 0 -1 0 -1 0 -1 0 -1 0 -1 0 -1 0 -1 0 -1 0 -1 0 -1 0 -1 0 -1 0 -1 0 -1 0 -1 0 -1 0 -1 0 -1 0 -1 0 -1 0 -1 0 -1 0 -1 0 -1 0 -1 0 
  12 10 15 15 20
 100 5 30 5 100 5 30
2586 131072 0 3 208896 0 
  34359738369 1315051091194281984 1835136 0 50465891015 7916447985573822463 2031036 0 

trp_russian_horse_guard_ai Russian_Cavalry_Guard Cavalry_Guards 0 133170176 0 0 9 0 0
  727 0 1676 0 1142 0 95 0 1887 0 1821 0 -1 0 -1 0 -1 0 -1 0 -1 0 -1 0 -1 0 -1 0 -1 0 -1 0 -1 0 -1 0 -1 0 -1 0 -1 0 -1 0 -1 0 -1 0 -1 0 -1 0 -1 0 -1 0 -1 0 -1 0 -1 0 -1 0 -1 0 -1 0 -1 0 -1 0 -1 0 -1 0 -1 0 -1 0 -1 0 -1 0 -1 0 -1 0 -1 0 -1 0 -1 0 -1 0 -1 0 -1 0 -1 0 -1 0 -1 0 -1 0 -1 0 -1 0 -1 0 -1 0 -1 0 -1 0 -1 0 -1 0 -1 0 -1 0 
  12 10 15 15 20
 120 5 30 5 30 5 30
2586 131072 0 4 208896 0 
  34359738369 1315051091194281984 1835136 0 50465891015 7916447985573822463 2031036 0 

trp_russian_glukhovskiy_cuirassier_ai Russian_Cuirassier Cuirassier 0 133170176 0 0 9 0 0
  779 0 1684 0 1142 0 95 0 1890 0 1821 0 -1 0 -1 0 -1 0 -1 0 -1 0 -1 0 -1 0 -1 0 -1 0 -1 0 -1 0 -1 0 -1 0 -1 0 -1 0 -1 0 -1 0 -1 0 -1 0 -1 0 -1 0 -1 0 -1 0 -1 0 -1 0 -1 0 -1 0 -1 0 -1 0 -1 0 -1 0 -1 0 -1 0 -1 0 -1 0 -1 0 -1 0 -1 0 -1 0 -1 0 -1 0 -1 0 -1 0 -1 0 -1 0 -1 0 -1 0 -1 0 -1 0 -1 0 -1 0 -1 0 -1 0 -1 0 -1 0 -1 0 -1 0 -1 0 
  12 10 15 15 20
 140 5 30 5 30 5 30
2586 131072 0 22 339968 0 
  34359738369 1315051091194281984 1835136 0 50465891015 7916447985573822463 2031036 0 

trp_russian_arty_ai Russian_Artillerist Artillery_(Cannon) 0 133169152 0 0 9 0 0
  750 0 1683 0 1147 0 396 0 156 0 65 0 -1 0 -1 0 -1 0 -1 0 -1 0 -1 0 -1 0 -1 0 -1 0 -1 0 -1 0 -1 0 -1 0 -1 0 -1 0 -1 0 -1 0 -1 0 -1 0 -1 0 -1 0 -1 0 -1 0 -1 0 -1 0 -1 0 -1 0 -1 0 -1 0 -1 0 -1 0 -1 0 -1 0 -1 0 -1 0 -1 0 -1 0 -1 0 -1 0 -1 0 -1 0 -1 0 -1 0 -1 0 -1 0 -1 0 -1 0 -1 0 -1 0 -1 0 -1 0 -1 0 -1 0 -1 0 -1 0 -1 0 -1 0 -1 0 
  12 10 15 15 20
 50 5 50 5 80 5 30
2586 131072 0 49 204800 0 
  34359738369 1315051091194281984 1835136 0 50465891015 7916447985573822463 2031036 0 

trp_russian_arty_alt_ai Russian_Artillerist Artillery_(Howitzer) 0 133169152 0 0 9 0 0
  750 0 1683 0 1147 0 396 0 156 0 65 0 -1 0 -1 0 -1 0 -1 0 -1 0 -1 0 -1 0 -1 0 -1 0 -1 0 -1 0 -1 0 -1 0 -1 0 -1 0 -1 0 -1 0 -1 0 -1 0 -1 0 -1 0 -1 0 -1 0 -1 0 -1 0 -1 0 -1 0 -1 0 -1 0 -1 0 -1 0 -1 0 -1 0 -1 0 -1 0 -1 0 -1 0 -1 0 -1 0 -1 0 -1 0 -1 0 -1 0 -1 0 -1 0 -1 0 -1 0 -1 0 -1 0 -1 0 -1 0 -1 0 -1 0 -1 0 -1 0 -1 0 -1 0 -1 0 
  12 10 15 15 20
 50 5 50 5 80 5 30
2586 131072 0 49 204800 0 
  34359738369 1315051091194281984 1835136 0 50465891015 7916447985573822463 2031036 0 

trp_nwe_rus_horse_arty_ai Russian_Horse_Artillery Artillery 0 133169152 0 0 9 0 0
  785 0 1690 0 1191 0 396 0 395 0 96 0 1888 0 -1 0 -1 0 -1 0 -1 0 -1 0 -1 0 -1 0 -1 0 -1 0 -1 0 -1 0 -1 0 -1 0 -1 0 -1 0 -1 0 -1 0 -1 0 -1 0 -1 0 -1 0 -1 0 -1 0 -1 0 -1 0 -1 0 -1 0 -1 0 -1 0 -1 0 -1 0 -1 0 -1 0 -1 0 -1 0 -1 0 -1 0 -1 0 -1 0 -1 0 -1 0 -1 0 -1 0 -1 0 -1 0 -1 0 -1 0 -1 0 -1 0 -1 0 -1 0 -1 0 -1 0 -1 0 -1 0 -1 0 -1 0 
  12 10 15 15 20
 70 5 30 5 30 5 30
2586 131072 0 49 204800 0 
  34359738369 1315051091194281984 1835136 0 50465891015 7916447985573822463 2031036 0 

trp_russian_ship_ai Russian_Sailor Sailors 0 133169152 0 0 9 0 0
  1693 0 1177 0 1178 0 1179 0 96 0 106 0 101 0 108 0 187 0 187 0 187 0 187 0 188 0 189 0 189 0 186 0 156 0 28 0 157 0 9 0 9 0 9 0 -1 0 -1 0 -1 0 -1 0 -1 0 -1 0 -1 0 -1 0 -1 0 -1 0 -1 0 -1 0 -1 0 -1 0 -1 0 -1 0 -1 0 -1 0 -1 0 -1 0 -1 0 -1 0 -1 0 -1 0 -1 0 -1 0 -1 0 -1 0 -1 0 -1 0 -1 0 -1 0 -1 0 -1 0 -1 0 -1 0 -1 0 -1 0 -1 0 -1 0 -1 0 -1 0 
  12 10 15 15 20
 40 5 80 5 80 60 30
2586 131072 0 48 208896 0 
  34359738369 1315051091194281984 1835136 0 50465891015 7916447985573822463 2031036 0 

trp_russian_ship_marine_ai Russian_Marine Marines 0 133169152 0 0 9 0 0
  786 0 1691 0 1192 0 65 0 156 0 -1 0 -1 0 -1 0 -1 0 -1 0 -1 0 -1 0 -1 0 -1 0 -1 0 -1 0 -1 0 -1 0 -1 0 -1 0 -1 0 -1 0 -1 0 -1 0 -1 0 -1 0 -1 0 -1 0 -1 0 -1 0 -1 0 -1 0 -1 0 -1 0 -1 0 -1 0 -1 0 -1 0 -1 0 -1 0 -1 0 -1 0 -1 0 -1 0 -1 0 -1 0 -1 0 -1 0 -1 0 -1 0 -1 0 -1 0 -1 0 -1 0 -1 0 -1 0 -1 0 -1 0 -1 0 -1 0 -1 0 -1 0 -1 0 -1 0 
  12 10 15 15 20
 50 5 130 5 120 5 30
2586 131072 0 48 208896 0 
  34359738369 1315051091194281984 1835136 0 50465891015 7916447985573822463 2031036 0 

trp_austrian_4_ai Austrian_Line_Infantry Line_Infantry_(Austria) 0 133169152 0 0 10 0 0
  839 0 1329 0 1694 0 156 0 67 0 -1 0 -1 0 -1 0 -1 0 -1 0 -1 0 -1 0 -1 0 -1 0 -1 0 -1 0 -1 0 -1 0 -1 0 -1 0 -1 0 -1 0 -1 0 -1 0 -1 0 -1 0 -1 0 -1 0 -1 0 -1 0 -1 0 -1 0 -1 0 -1 0 -1 0 -1 0 -1 0 -1 0 -1 0 -1 0 -1 0 -1 0 -1 0 -1 0 -1 0 -1 0 -1 0 -1 0 -1 0 -1 0 -1 0 -1 0 -1 0 -1 0 -1 0 -1 0 -1 0 -1 0 -1 0 -1 0 -1 0 -1 0 -1 0 -1 0 
  12 10 15 15 20
 50 5 130 5 120 5 30
2586 131072 0 48 208896 0 
  34359738369 1315051091194281984 1835136 0 50465891015 7916447985573822463 2031036 0 

trp_austrian_11_ai Austrian_Line_Infantry Line_Infantry_(Austria) 0 133169152 0 0 10 0 0
  844 0 1329 0 1694 0 156 0 67 0 -1 0 -1 0 -1 0 -1 0 -1 0 -1 0 -1 0 -1 0 -1 0 -1 0 -1 0 -1 0 -1 0 -1 0 -1 0 -1 0 -1 0 -1 0 -1 0 -1 0 -1 0 -1 0 -1 0 -1 0 -1 0 -1 0 -1 0 -1 0 -1 0 -1 0 -1 0 -1 0 -1 0 -1 0 -1 0 -1 0 -1 0 -1 0 -1 0 -1 0 -1 0 -1 0 -1 0 -1 0 -1 0 -1 0 -1 0 -1 0 -1 0 -1 0 -1 0 -1 0 -1 0 -1 0 -1 0 -1 0 -1 0 -1 0 -1 0 
  12 10 15 15 20
 50 5 130 5 120 5 30
2586 131072 0 48 208896 0 
  34359738369 1315051091194281984 1835136 0 50465891015 7916447985573822463 2031036 0 

trp_austrian_infantry_ai Austrian_Line_Infantry Line_Infantry_(Austria) 0 133169152 0 0 10 0 0
  788 0 1329 0 1694 0 156 0 67 0 -1 0 -1 0 -1 0 -1 0 -1 0 -1 0 -1 0 -1 0 -1 0 -1 0 -1 0 -1 0 -1 0 -1 0 -1 0 -1 0 -1 0 -1 0 -1 0 -1 0 -1 0 -1 0 -1 0 -1 0 -1 0 -1 0 -1 0 -1 0 -1 0 -1 0 -1 0 -1 0 -1 0 -1 0 -1 0 -1 0 -1 0 -1 0 -1 0 -1 0 -1 0 -1 0 -1 0 -1 0 -1 0 -1 0 -1 0 -1 0 -1 0 -1 0 -1 0 -1 0 -1 0 -1 0 -1 0 -1 0 -1 0 -1 0 -1 0 
  12 10 15 15 20
 50 5 130 5 120 5 30
2586 131072 0 48 208896 0 
  34359738369 1315051091194281984 1835136 0 50465891015 7916447985573822463 2031036 0 

trp_austrian_24_ai Austrian_Line_Infantry Line_Infantry_(Austria) 0 133169152 0 0 10 0 0
  849 0 1329 0 1694 0 156 0 67 0 -1 0 -1 0 -1 0 -1 0 -1 0 -1 0 -1 0 -1 0 -1 0 -1 0 -1 0 -1 0 -1 0 -1 0 -1 0 -1 0 -1 0 -1 0 -1 0 -1 0 -1 0 -1 0 -1 0 -1 0 -1 0 -1 0 -1 0 -1 0 -1 0 -1 0 -1 0 -1 0 -1 0 -1 0 -1 0 -1 0 -1 0 -1 0 -1 0 -1 0 -1 0 -1 0 -1 0 -1 0 -1 0 -1 0 -1 0 -1 0 -1 0 -1 0 -1 0 -1 0 -1 0 -1 0 -1 0 -1 0 -1 0 -1 0 -1 0 
  12 10 15 15 20
 50 5 130 5 120 5 30
2586 131072 0 48 208896 0 
  34359738369 1315051091194281984 1835136 0 50465891015 7916447985573822463 2031036 0 

trp_austrian_31_ai Hungarian_Line_Infantry Line_Infantry_(Hungary) 0 133169152 0 0 10 0 0
  854 0 1329 0 1695 0 156 0 67 0 -1 0 -1 0 -1 0 -1 0 -1 0 -1 0 -1 0 -1 0 -1 0 -1 0 -1 0 -1 0 -1 0 -1 0 -1 0 -1 0 -1 0 -1 0 -1 0 -1 0 -1 0 -1 0 -1 0 -1 0 -1 0 -1 0 -1 0 -1 0 -1 0 -1 0 -1 0 -1 0 -1 0 -1 0 -1 0 -1 0 -1 0 -1 0 -1 0 -1 0 -1 0 -1 0 -1 0 -1 0 -1 0 -1 0 -1 0 -1 0 -1 0 -1 0 -1 0 -1 0 -1 0 -1 0 -1 0 -1 0 -1 0 -1 0 -1 0 
  12 10 15 15 20
 50 5 130 5 120 5 30
2586 131072 0 48 208896 0 
  34359738369 1315051091194281984 1835136 0 50465891015 7916447985573822463 2031036 0 

trp_austrian_32_ai Hungarian_Line_Infantry Line_Infantry_(Hungary) 0 133169152 0 0 10 0 0
  859 0 1329 0 1695 0 156 0 67 0 -1 0 -1 0 -1 0 -1 0 -1 0 -1 0 -1 0 -1 0 -1 0 -1 0 -1 0 -1 0 -1 0 -1 0 -1 0 -1 0 -1 0 -1 0 -1 0 -1 0 -1 0 -1 0 -1 0 -1 0 -1 0 -1 0 -1 0 -1 0 -1 0 -1 0 -1 0 -1 0 -1 0 -1 0 -1 0 -1 0 -1 0 -1 0 -1 0 -1 0 -1 0 -1 0 -1 0 -1 0 -1 0 -1 0 -1 0 -1 0 -1 0 -1 0 -1 0 -1 0 -1 0 -1 0 -1 0 -1 0 -1 0 -1 0 -1 0 
  12 10 15 15 20
 50 5 130 5 120 5 30
2586 131072 0 48 208896 0 
  34359738369 1315051091194281984 1835136 0 50465891015 7916447985573822463 2031036 0 

trp_austrian_34_ai Hungarian_Line_Infantry Line_Infantry_(Hungary) 0 133169152 0 0 10 0 0
  864 0 1329 0 1695 0 156 0 67 0 -1 0 -1 0 -1 0 -1 0 -1 0 -1 0 -1 0 -1 0 -1 0 -1 0 -1 0 -1 0 -1 0 -1 0 -1 0 -1 0 -1 0 -1 0 -1 0 -1 0 -1 0 -1 0 -1 0 -1 0 -1 0 -1 0 -1 0 -1 0 -1 0 -1 0 -1 0 -1 0 -1 0 -1 0 -1 0 -1 0 -1 0 -1 0 -1 0 -1 0 -1 0 -1 0 -1 0 -1 0 -1 0 -1 0 -1 0 -1 0 -1 0 -1 0 -1 0 -1 0 -1 0 -1 0 -1 0 -1 0 -1 0 -1 0 -1 0 
  12 10 15 15 20
 50 5 130 5 120 5 30
2586 131072 0 48 208896 0 
  34359738369 1315051091194281984 1835136 0 50465891015 7916447985573822463 2031036 0 

trp_austrian_39_ai Hungarian_Line_Infantry Line_Infantry_(Hungary) 0 133169152 0 0 10 0 0
  869 0 1329 0 1695 0 156 0 67 0 -1 0 -1 0 -1 0 -1 0 -1 0 -1 0 -1 0 -1 0 -1 0 -1 0 -1 0 -1 0 -1 0 -1 0 -1 0 -1 0 -1 0 -1 0 -1 0 -1 0 -1 0 -1 0 -1 0 -1 0 -1 0 -1 0 -1 0 -1 0 -1 0 -1 0 -1 0 -1 0 -1 0 -1 0 -1 0 -1 0 -1 0 -1 0 -1 0 -1 0 -1 0 -1 0 -1 0 -1 0 -1 0 -1 0 -1 0 -1 0 -1 0 -1 0 -1 0 -1 0 -1 0 -1 0 -1 0 -1 0 -1 0 -1 0 -1 0 
  12 10 15 15 20
 50 5 130 5 120 5 30
2586 131072 0 48 208896 0 
  34359738369 1315051091194281984 1835136 0 50465891015 7916447985573822463 2031036 0 

trp_austrian_51_ai Hungarian_Line_Infantry Line_Infantry_(Hungary) 0 133169152 0 0 10 0 0
  874 0 1329 0 1695 0 156 0 67 0 -1 0 -1 0 -1 0 -1 0 -1 0 -1 0 -1 0 -1 0 -1 0 -1 0 -1 0 -1 0 -1 0 -1 0 -1 0 -1 0 -1 0 -1 0 -1 0 -1 0 -1 0 -1 0 -1 0 -1 0 -1 0 -1 0 -1 0 -1 0 -1 0 -1 0 -1 0 -1 0 -1 0 -1 0 -1 0 -1 0 -1 0 -1 0 -1 0 -1 0 -1 0 -1 0 -1 0 -1 0 -1 0 -1 0 -1 0 -1 0 -1 0 -1 0 -1 0 -1 0 -1 0 -1 0 -1 0 -1 0 -1 0 -1 0 -1 0 
  12 10 15 15 20
 50 5 130 5 120 5 30
2586 131072 0 48 208896 0 
  34359738369 1315051091194281984 1835136 0 50465891015 7916447985573822463 2031036 0 

trp_austrian_59_ai Austrian_Line_Infantry Line_Infantry_(Austria) 0 133169152 0 0 10 0 0
  879 0 1329 0 1694 0 156 0 67 0 -1 0 -1 0 -1 0 -1 0 -1 0 -1 0 -1 0 -1 0 -1 0 -1 0 -1 0 -1 0 -1 0 -1 0 -1 0 -1 0 -1 0 -1 0 -1 0 -1 0 -1 0 -1 0 -1 0 -1 0 -1 0 -1 0 -1 0 -1 0 -1 0 -1 0 -1 0 -1 0 -1 0 -1 0 -1 0 -1 0 -1 0 -1 0 -1 0 -1 0 -1 0 -1 0 -1 0 -1 0 -1 0 -1 0 -1 0 -1 0 -1 0 -1 0 -1 0 -1 0 -1 0 -1 0 -1 0 -1 0 -1 0 -1 0 -1 0 
  12 10 15 15 20
 50 5 130 5 120 5 30
2586 131072 0 48 208896 0 
  34359738369 1315051091194281984 1835136 0 50465891015 7916447985573822463 2031036 0 

trp_austrian_infantry2_ai Hungarian_Line_Infantry Line_Infantry_(Hungary) 0 133169152 0 0 10 0 0
  793 0 1329 0 1695 0 156 0 67 0 -1 0 -1 0 -1 0 -1 0 -1 0 -1 0 -1 0 -1 0 -1 0 -1 0 -1 0 -1 0 -1 0 -1 0 -1 0 -1 0 -1 0 -1 0 -1 0 -1 0 -1 0 -1 0 -1 0 -1 0 -1 0 -1 0 -1 0 -1 0 -1 0 -1 0 -1 0 -1 0 -1 0 -1 0 -1 0 -1 0 -1 0 -1 0 -1 0 -1 0 -1 0 -1 0 -1 0 -1 0 -1 0 -1 0 -1 0 -1 0 -1 0 -1 0 -1 0 -1 0 -1 0 -1 0 -1 0 -1 0 -1 0 -1 0 -1 0 
  12 10 15 15 20
 50 5 130 5 120 5 30
2586 131072 0 48 208896 0 
  34359738369 1315051091194281984 1835136 0 50465891015 7916447985573822463 2031036 0 

trp_austrian_grenadier_ai Hungarian_Grenadier Grenadiers 0 133169152 0 0 10 0 0
  798 0 799 0 1317 0 1695 0 156 0 67 0 148 0 1819 0 -1 0 -1 0 -1 0 -1 0 -1 0 -1 0 -1 0 -1 0 -1 0 -1 0 -1 0 -1 0 -1 0 -1 0 -1 0 -1 0 -1 0 -1 0 -1 0 -1 0 -1 0 -1 0 -1 0 -1 0 -1 0 -1 0 -1 0 -1 0 -1 0 -1 0 -1 0 -1 0 -1 0 -1 0 -1 0 -1 0 -1 0 -1 0 -1 0 -1 0 -1 0 -1 0 -1 0 -1 0 -1 0 -1 0 -1 0 -1 0 -1 0 -1 0 -1 0 -1 0 -1 0 -1 0 -1 0 -1 0 
  12 10 15 15 20
 70 5 170 5 130 5 30
2586 131072 0 48 208896 0 
  34359738369 1315051091194281984 1835136 0 50465891015 7916447985573822463 2031036 0 

trp_austrian_16_ai Austrian_Grenadier Foot_Guard 0 133169152 0 0 10 0 0
  884 0 1317 0 1694 0 156 0 67 0 118 0 1819 0 -1 0 -1 0 -1 0 -1 0 -1 0 -1 0 -1 0 -1 0 -1 0 -1 0 -1 0 -1 0 -1 0 -1 0 -1 0 -1 0 -1 0 -1 0 -1 0 -1 0 -1 0 -1 0 -1 0 -1 0 -1 0 -1 0 -1 0 -1 0 -1 0 -1 0 -1 0 -1 0 -1 0 -1 0 -1 0 -1 0 -1 0 -1 0 -1 0 -1 0 -1 0 -1 0 -1 0 -1 0 -1 0 -1 0 -1 0 -1 0 -1 0 -1 0 -1 0 -1 0 -1 0 -1 0 -1 0 -1 0 -1 0 
  12 10 15 15 20
 70 5 170 5 130 5 30
2586 131072 0 48 208896 0 
  34359738369 1315051091194281984 1835136 0 50465891015 7916447985573822463 2031036 0 

trp_austrian_56_ai Austrian_Grenadier Foot_Guard 0 133169152 0 0 10 0 0
  889 0 1317 0 1694 0 156 0 67 0 118 0 1819 0 -1 0 -1 0 -1 0 -1 0 -1 0 -1 0 -1 0 -1 0 -1 0 -1 0 -1 0 -1 0 -1 0 -1 0 -1 0 -1 0 -1 0 -1 0 -1 0 -1 0 -1 0 -1 0 -1 0 -1 0 -1 0 -1 0 -1 0 -1 0 -1 0 -1 0 -1 0 -1 0 -1 0 -1 0 -1 0 -1 0 -1 0 -1 0 -1 0 -1 0 -1 0 -1 0 -1 0 -1 0 -1 0 -1 0 -1 0 -1 0 -1 0 -1 0 -1 0 -1 0 -1 0 -1 0 -1 0 -1 0 -1 0 
  12 10 15 15 20
 70 5 170 5 130 5 30
2586 131072 0 48 208896 0 
  34359738369 1315051091194281984 1835136 0 50465891015 7916447985573822463 2031036 0 

trp_austrian_grenzer_ai Austrian_Grenzer Grenzers 0 133169152 0 0 10 0 0
  804 0 1326 0 1695 0 67 0 67 0 67 0 67 0 43 0 43 0 28 0 156 0 121 0 -1 0 -1 0 -1 0 -1 0 -1 0 -1 0 -1 0 -1 0 -1 0 -1 0 -1 0 -1 0 -1 0 -1 0 -1 0 -1 0 -1 0 -1 0 -1 0 -1 0 -1 0 -1 0 -1 0 -1 0 -1 0 -1 0 -1 0 -1 0 -1 0 -1 0 -1 0 -1 0 -1 0 -1 0 -1 0 -1 0 -1 0 -1 0 -1 0 -1 0 -1 0 -1 0 -1 0 -1 0 -1 0 -1 0 -1 0 -1 0 -1 0 -1 0 -1 0 -1 0 
  12 10 15 15 20
 50 5 110 5 140 5 30
2586 131072 0 48 135168 0 
  34359738369 1315051091194281984 1835136 0 50465891015 7916447985573822463 2031036 0 

trp_austrian_grenzer5_ai Austrian_Grenzer Line/Light_Infantry 0 133169152 0 0 10 0 0
  894 0 1326 0 1695 0 67 0 43 0 28 0 156 0 121 0 -1 0 -1 0 -1 0 -1 0 -1 0 -1 0 -1 0 -1 0 -1 0 -1 0 -1 0 -1 0 -1 0 -1 0 -1 0 -1 0 -1 0 -1 0 -1 0 -1 0 -1 0 -1 0 -1 0 -1 0 -1 0 -1 0 -1 0 -1 0 -1 0 -1 0 -1 0 -1 0 -1 0 -1 0 -1 0 -1 0 -1 0 -1 0 -1 0 -1 0 -1 0 -1 0 -1 0 -1 0 -1 0 -1 0 -1 0 -1 0 -1 0 -1 0 -1 0 -1 0 -1 0 -1 0 -1 0 -1 0 
  12 10 15 15 20
 50 5 110 5 140 5 30
2586 131072 0 48 135168 0 
  34359738369 1315051091194281984 1835136 0 50465891015 7916447985573822463 2031036 0 

trp_austrian_infantry_rifle_ai Austrian_Jaeger Jaegers 0 133169152 0 0 10 0 0
  809 0 1319 0 1697 0 43 0 156 0 120 0 -1 0 -1 0 -1 0 -1 0 -1 0 -1 0 -1 0 -1 0 -1 0 -1 0 -1 0 -1 0 -1 0 -1 0 -1 0 -1 0 -1 0 -1 0 -1 0 -1 0 -1 0 -1 0 -1 0 -1 0 -1 0 -1 0 -1 0 -1 0 -1 0 -1 0 -1 0 -1 0 -1 0 -1 0 -1 0 -1 0 -1 0 -1 0 -1 0 -1 0 -1 0 -1 0 -1 0 -1 0 -1 0 -1 0 -1 0 -1 0 -1 0 -1 0 -1 0 -1 0 -1 0 -1 0 -1 0 -1 0 -1 0 -1 0 
  12 10 15 15 20
 30 5 90 5 170 5 30
2586 131072 0 48 135168 0 
  34359738369 1315051091194281984 1835136 0 50465891015 7916447985573822463 2031036 0 

trp_austrian_hussar_ai Austrian_Hussar Hussars 0 133170176 0 0 10 0 0
  829 0 1334 0 1699 0 1826 0 112 0 1892 0 -1 0 -1 0 -1 0 -1 0 -1 0 -1 0 -1 0 -1 0 -1 0 -1 0 -1 0 -1 0 -1 0 -1 0 -1 0 -1 0 -1 0 -1 0 -1 0 -1 0 -1 0 -1 0 -1 0 -1 0 -1 0 -1 0 -1 0 -1 0 -1 0 -1 0 -1 0 -1 0 -1 0 -1 0 -1 0 -1 0 -1 0 -1 0 -1 0 -1 0 -1 0 -1 0 -1 0 -1 0 -1 0 -1 0 -1 0 -1 0 -1 0 -1 0 -1 0 -1 0 -1 0 -1 0 -1 0 -1 0 -1 0 -1 0 
  12 10 15 15 20
 150 5 30 5 30 5 30
2586 131072 0 4 208896 0 
  34359738369 1315051091194281984 1835136 0 50465891015 7916447985573822463 2031036 0 

trp_austrian_hussar12_ai Austrian_Hussar Hussar 0 133170176 0 0 10 0 0
  899 0 1334 0 1699 0 1826 0 112 0 1892 0 -1 0 -1 0 -1 0 -1 0 -1 0 -1 0 -1 0 -1 0 -1 0 -1 0 -1 0 -1 0 -1 0 -1 0 -1 0 -1 0 -1 0 -1 0 -1 0 -1 0 -1 0 -1 0 -1 0 -1 0 -1 0 -1 0 -1 0 -1 0 -1 0 -1 0 -1 0 -1 0 -1 0 -1 0 -1 0 -1 0 -1 0 -1 0 -1 0 -1 0 -1 0 -1 0 -1 0 -1 0 -1 0 -1 0 -1 0 -1 0 -1 0 -1 0 -1 0 -1 0 -1 0 -1 0 -1 0 -1 0 -1 0 -1 0 
  12 10 15 15 20
 160 5 30 5 30 5 30
2586 131072 0 22 208896 0 
  34359738369 1315051091194281984 1835136 0 50465891015 7916447985573822463 2031036 0 

trp_austrian_uhlan_ai Austrian_Uhlan Uhlans 0 133170176 0 0 10 0 0
  821 0 1310 0 1700 0 1826 0 171 0 112 0 1891 0 -1 0 -1 0 -1 0 -1 0 -1 0 -1 0 -1 0 -1 0 -1 0 -1 0 -1 0 -1 0 -1 0 -1 0 -1 0 -1 0 -1 0 -1 0 -1 0 -1 0 -1 0 -1 0 -1 0 -1 0 -1 0 -1 0 -1 0 -1 0 -1 0 -1 0 -1 0 -1 0 -1 0 -1 0 -1 0 -1 0 -1 0 -1 0 -1 0 -1 0 -1 0 -1 0 -1 0 -1 0 -1 0 -1 0 -1 0 -1 0 -1 0 -1 0 -1 0 -1 0 -1 0 -1 0 -1 0 -1 0 -1 0 
  12 10 15 15 20
 50 5 130 5 40 5 30
2586 131072 0 4 208896 0 
  34359738369 1315051091194281984 1835136 0 50465891015 7916447985573822463 2031036 0 

trp_austrian_light_horse_ai Austrian_Chevauleger Chevaulegers 0 133170176 0 0 10 0 0
  813 0 1308 0 1703 0 1826 0 26 0 156 0 94 0 1893 0 -1 0 -1 0 -1 0 -1 0 -1 0 -1 0 -1 0 -1 0 -1 0 -1 0 -1 0 -1 0 -1 0 -1 0 -1 0 -1 0 -1 0 -1 0 -1 0 -1 0 -1 0 -1 0 -1 0 -1 0 -1 0 -1 0 -1 0 -1 0 -1 0 -1 0 -1 0 -1 0 -1 0 -1 0 -1 0 -1 0 -1 0 -1 0 -1 0 -1 0 -1 0 -1 0 -1 0 -1 0 -1 0 -1 0 -1 0 -1 0 -1 0 -1 0 -1 0 -1 0 -1 0 -1 0 -1 0 -1 0 
  12 10 15 15 20
 90 5 30 5 135 5 30
2586 131072 0 4 143360 0 
  34359738369 1315051091194281984 1835136 0 50465891015 7916447985573822463 2031036 0 

trp_austrian_dragoon_ai Austrian_Dragoon Dragoons 0 133170176 0 0 10 0 0
  817 0 1308 0 1703 0 1826 0 26 0 156 0 94 0 1894 0 -1 0 -1 0 -1 0 -1 0 -1 0 -1 0 -1 0 -1 0 -1 0 -1 0 -1 0 -1 0 -1 0 -1 0 -1 0 -1 0 -1 0 -1 0 -1 0 -1 0 -1 0 -1 0 -1 0 -1 0 -1 0 -1 0 -1 0 -1 0 -1 0 -1 0 -1 0 -1 0 -1 0 -1 0 -1 0 -1 0 -1 0 -1 0 -1 0 -1 0 -1 0 -1 0 -1 0 -1 0 -1 0 -1 0 -1 0 -1 0 -1 0 -1 0 -1 0 -1 0 -1 0 -1 0 -1 0 -1 0 
  12 10 15 15 20
 100 5 30 5 100 5 30
2586 131072 0 3 208896 0 
  34359738369 1315051091194281984 1835136 0 50465891015 7916447985573822463 2031036 0 

trp_austrian_cuirassier_ai Austrian_Cuirassier Cuirassiers 0 133170176 0 0 10 0 0
  833 0 1308 0 1703 0 1821 0 111 0 1895 0 1821 0 -1 0 -1 0 -1 0 -1 0 -1 0 -1 0 -1 0 -1 0 -1 0 -1 0 -1 0 -1 0 -1 0 -1 0 -1 0 -1 0 -1 0 -1 0 -1 0 -1 0 -1 0 -1 0 -1 0 -1 0 -1 0 -1 0 -1 0 -1 0 -1 0 -1 0 -1 0 -1 0 -1 0 -1 0 -1 0 -1 0 -1 0 -1 0 -1 0 -1 0 -1 0 -1 0 -1 0 -1 0 -1 0 -1 0 -1 0 -1 0 -1 0 -1 0 -1 0 -1 0 -1 0 -1 0 -1 0 -1 0 -1 0 
  12 10 15 15 20
 120 5 30 5 30 5 30
2586 131072 0 4 208896 0 
  34359738369 1315051091194281984 1835136 0 50465891015 7916447985573822463 2031036 0 

trp_austrian_cuirassier5_ai Austrian_Cuirassier Cuirassier 0 133170176 0 0 10 0 0
  903 0 1308 0 1703 0 1821 0 111 0 1898 0 1821 0 -1 0 -1 0 -1 0 -1 0 -1 0 -1 0 -1 0 -1 0 -1 0 -1 0 -1 0 -1 0 -1 0 -1 0 -1 0 -1 0 -1 0 -1 0 -1 0 -1 0 -1 0 -1 0 -1 0 -1 0 -1 0 -1 0 -1 0 -1 0 -1 0 -1 0 -1 0 -1 0 -1 0 -1 0 -1 0 -1 0 -1 0 -1 0 -1 0 -1 0 -1 0 -1 0 -1 0 -1 0 -1 0 -1 0 -1 0 -1 0 -1 0 -1 0 -1 0 -1 0 -1 0 -1 0 -1 0 -1 0 -1 0 
  12 10 15 15 20
 140 5 30 5 30 5 30
2586 131072 0 22 339968 0 
  34359738369 1315051091194281984 1835136 0 50465891015 7916447985573822463 2031036 0 

trp_austrian_arty_ai Austrian_Artillerist Artillery_(Cannon) 0 133169152 0 0 10 0 0
  825 0 1302 0 1702 0 396 0 156 0 67 0 -1 0 -1 0 -1 0 -1 0 -1 0 -1 0 -1 0 -1 0 -1 0 -1 0 -1 0 -1 0 -1 0 -1 0 -1 0 -1 0 -1 0 -1 0 -1 0 -1 0 -1 0 -1 0 -1 0 -1 0 -1 0 -1 0 -1 0 -1 0 -1 0 -1 0 -1 0 -1 0 -1 0 -1 0 -1 0 -1 0 -1 0 -1 0 -1 0 -1 0 -1 0 -1 0 -1 0 -1 0 -1 0 -1 0 -1 0 -1 0 -1 0 -1 0 -1 0 -1 0 -1 0 -1 0 -1 0 -1 0 -1 0 -1 0 
  12 10 15 15 20
 50 5 50 5 80 5 30
2586 131072 0 49 204800 0 
  34359738369 1315051091194281984 1835136 0 50465891015 7916447985573822463 2031036 0 

trp_austrian_arty_alt_ai Austrian_Artillerist Artillery_(Howitzer) 0 133169152 0 0 10 0 0
  825 0 1302 0 1702 0 396 0 156 0 67 0 -1 0 -1 0 -1 0 -1 0 -1 0 -1 0 -1 0 -1 0 -1 0 -1 0 -1 0 -1 0 -1 0 -1 0 -1 0 -1 0 -1 0 -1 0 -1 0 -1 0 -1 0 -1 0 -1 0 -1 0 -1 0 -1 0 -1 0 -1 0 -1 0 -1 0 -1 0 -1 0 -1 0 -1 0 -1 0 -1 0 -1 0 -1 0 -1 0 -1 0 -1 0 -1 0 -1 0 -1 0 -1 0 -1 0 -1 0 -1 0 -1 0 -1 0 -1 0 -1 0 -1 0 -1 0 -1 0 -1 0 -1 0 -1 0 
  12 10 15 15 20
 50 5 50 5 80 5 30
2586 131072 0 49 204800 0 
  34359738369 1315051091194281984 1835136 0 50465891015 7916447985573822463 2031036 0 

trp_austrian_horseart_ai Austrian_Horse_Artillery Artillery 0 133169152 0 0 10 0 0
  825 0 1302 0 1702 0 396 0 395 0 118 0 1899 0 -1 0 -1 0 -1 0 -1 0 -1 0 -1 0 -1 0 -1 0 -1 0 -1 0 -1 0 -1 0 -1 0 -1 0 -1 0 -1 0 -1 0 -1 0 -1 0 -1 0 -1 0 -1 0 -1 0 -1 0 -1 0 -1 0 -1 0 -1 0 -1 0 -1 0 -1 0 -1 0 -1 0 -1 0 -1 0 -1 0 -1 0 -1 0 -1 0 -1 0 -1 0 -1 0 -1 0 -1 0 -1 0 -1 0 -1 0 -1 0 -1 0 -1 0 -1 0 -1 0 -1 0 -1 0 -1 0 -1 0 -1 0 
  12 10 15 15 20
 70 5 30 5 30 5 30
2586 131072 0 49 204800 0 
  34359738369 1315051091194281984 1835136 0 50465891015 7916447985573822463 2031036 0 

trp_rhine_infantry_bavaria_ai Bavarian_Line_Infantry Bavarian_Line_Infantry 0 133169152 0 0 11 0 0
  907 0 1749 0 1449 0 156 0 71 0 142 0 -1 0 -1 0 -1 0 -1 0 -1 0 -1 0 -1 0 -1 0 -1 0 -1 0 -1 0 -1 0 -1 0 -1 0 -1 0 -1 0 -1 0 -1 0 -1 0 -1 0 -1 0 -1 0 -1 0 -1 0 -1 0 -1 0 -1 0 -1 0 -1 0 -1 0 -1 0 -1 0 -1 0 -1 0 -1 0 -1 0 -1 0 -1 0 -1 0 -1 0 -1 0 -1 0 -1 0 -1 0 -1 0 -1 0 -1 0 -1 0 -1 0 -1 0 -1 0 -1 0 -1 0 -1 0 -1 0 -1 0 -1 0 -1 0 
  12 10 15 15 20
 50 5 130 5 120 5 30
2586 131072 0 48 208896 0 
  34359738369 1315051091194281984 1835136 0 50465891015 7916447985573822463 2031036 0 

trp_rhine_infantry_wurttemberg_ai Wurttemberger_Line_Infantry Wurttemberger_Line_Infantry 0 133169152 0 0 11 0 0
  943 0 1760 0 1486 0 156 0 59 0 144 0 -1 0 -1 0 -1 0 -1 0 -1 0 -1 0 -1 0 -1 0 -1 0 -1 0 -1 0 -1 0 -1 0 -1 0 -1 0 -1 0 -1 0 -1 0 -1 0 -1 0 -1 0 -1 0 -1 0 -1 0 -1 0 -1 0 -1 0 -1 0 -1 0 -1 0 -1 0 -1 0 -1 0 -1 0 -1 0 -1 0 -1 0 -1 0 -1 0 -1 0 -1 0 -1 0 -1 0 -1 0 -1 0 -1 0 -1 0 -1 0 -1 0 -1 0 -1 0 -1 0 -1 0 -1 0 -1 0 -1 0 -1 0 -1 0 
  12 10 15 15 20
 50 5 130 5 120 5 30
2586 131072 0 48 208896 0 
  34359738369 1315051091194281984 1835136 0 50465891015 7916447985573822463 2031036 0 

trp_rhine_infantry_wurttemberg2_ai Wurttemberger_Grenadier Wurttemberger_Grenadiers 0 133169152 0 0 11 0 0
  948 0 1762 0 1490 0 156 0 59 0 142 0 -1 0 -1 0 -1 0 -1 0 -1 0 -1 0 -1 0 -1 0 -1 0 -1 0 -1 0 -1 0 -1 0 -1 0 -1 0 -1 0 -1 0 -1 0 -1 0 -1 0 -1 0 -1 0 -1 0 -1 0 -1 0 -1 0 -1 0 -1 0 -1 0 -1 0 -1 0 -1 0 -1 0 -1 0 -1 0 -1 0 -1 0 -1 0 -1 0 -1 0 -1 0 -1 0 -1 0 -1 0 -1 0 -1 0 -1 0 -1 0 -1 0 -1 0 -1 0 -1 0 -1 0 -1 0 -1 0 -1 0 -1 0 -1 0 
  12 10 15 15 20
 50 5 130 5 120 5 30
2586 131072 0 48 208896 0 
  34359738369 1315051091194281984 1835136 0 50465891015 7916447985573822463 2031036 0 

trp_rhine_infantry_saxony_ai Saxon_Line_Infantry Saxon_Line_Infantry 0 133169152 0 0 11 0 0
  919 0 1749 0 1460 0 156 0 71 0 142 0 -1 0 -1 0 -1 0 -1 0 -1 0 -1 0 -1 0 -1 0 -1 0 -1 0 -1 0 -1 0 -1 0 -1 0 -1 0 -1 0 -1 0 -1 0 -1 0 -1 0 -1 0 -1 0 -1 0 -1 0 -1 0 -1 0 -1 0 -1 0 -1 0 -1 0 -1 0 -1 0 -1 0 -1 0 -1 0 -1 0 -1 0 -1 0 -1 0 -1 0 -1 0 -1 0 -1 0 -1 0 -1 0 -1 0 -1 0 -1 0 -1 0 -1 0 -1 0 -1 0 -1 0 -1 0 -1 0 -1 0 -1 0 -1 0 
  12 10 15 15 20
 50 5 130 5 120 5 30
2586 131072 0 48 208896 0 
  34359738369 1315051091194281984 1835136 0 50465891015 7916447985573822463 2031036 0 

trp_rhine_infantry_saxony2_ai Saxon_Line_Infantry Saxon_Line_Infantry 0 133169152 0 0 11 0 0
  966 0 1749 0 1522 0 156 0 71 0 142 0 -1 0 -1 0 -1 0 -1 0 -1 0 -1 0 -1 0 -1 0 -1 0 -1 0 -1 0 -1 0 -1 0 -1 0 -1 0 -1 0 -1 0 -1 0 -1 0 -1 0 -1 0 -1 0 -1 0 -1 0 -1 0 -1 0 -1 0 -1 0 -1 0 -1 0 -1 0 -1 0 -1 0 -1 0 -1 0 -1 0 -1 0 -1 0 -1 0 -1 0 -1 0 -1 0 -1 0 -1 0 -1 0 -1 0 -1 0 -1 0 -1 0 -1 0 -1 0 -1 0 -1 0 -1 0 -1 0 -1 0 -1 0 -1 0 
  12 10 15 15 20
 50 5 130 5 120 5 30
2586 131072 0 48 208896 0 
  34359738369 1315051091194281984 1835136 0 50465891015 7916447985573822463 2031036 0 

trp_rhine_infantry_waldeck_ai Waldeck_Line_Infantry Waldeck_Line_Infantry 0 133169152 0 0 11 0 0
  971 0 1767 0 1523 0 156 0 71 0 88 0 -1 0 -1 0 -1 0 -1 0 -1 0 -1 0 -1 0 -1 0 -1 0 -1 0 -1 0 -1 0 -1 0 -1 0 -1 0 -1 0 -1 0 -1 0 -1 0 -1 0 -1 0 -1 0 -1 0 -1 0 -1 0 -1 0 -1 0 -1 0 -1 0 -1 0 -1 0 -1 0 -1 0 -1 0 -1 0 -1 0 -1 0 -1 0 -1 0 -1 0 -1 0 -1 0 -1 0 -1 0 -1 0 -1 0 -1 0 -1 0 -1 0 -1 0 -1 0 -1 0 -1 0 -1 0 -1 0 -1 0 -1 0 -1 0 
  12 10 15 15 20
 50 5 130 5 120 5 30
2586 131072 0 48 208896 0 
  34359738369 1315051091194281984 1835136 0 50465891015 7916447985573822463 2031036 0 

trp_rhine_grenadier_guard_ai Westphalian_Grenadier_Guard Grenadier_Guards 0 133169152 0 0 11 0 0
  933 0 1651 0 1479 0 156 0 61 0 79 0 -1 0 -1 0 -1 0 -1 0 -1 0 -1 0 -1 0 -1 0 -1 0 -1 0 -1 0 -1 0 -1 0 -1 0 -1 0 -1 0 -1 0 -1 0 -1 0 -1 0 -1 0 -1 0 -1 0 -1 0 -1 0 -1 0 -1 0 -1 0 -1 0 -1 0 -1 0 -1 0 -1 0 -1 0 -1 0 -1 0 -1 0 -1 0 -1 0 -1 0 -1 0 -1 0 -1 0 -1 0 -1 0 -1 0 -1 0 -1 0 -1 0 -1 0 -1 0 -1 0 -1 0 -1 0 -1 0 -1 0 -1 0 -1 0 
  12 10 15 15 20
 70 5 170 5 130 5 30
2586 131072 0 48 208896 0 
  34359738369 1315051091194281984 1835136 0 50465891015 7916447985573822463 2031036 0 

trp_rhine_grenadier_guard2_ai Berg_Grenadier_Guard Foot_Guard 0 133169152 0 0 11 0 0
  976 0 1651 0 1479 0 156 0 61 0 79 0 -1 0 -1 0 -1 0 -1 0 -1 0 -1 0 -1 0 -1 0 -1 0 -1 0 -1 0 -1 0 -1 0 -1 0 -1 0 -1 0 -1 0 -1 0 -1 0 -1 0 -1 0 -1 0 -1 0 -1 0 -1 0 -1 0 -1 0 -1 0 -1 0 -1 0 -1 0 -1 0 -1 0 -1 0 -1 0 -1 0 -1 0 -1 0 -1 0 -1 0 -1 0 -1 0 -1 0 -1 0 -1 0 -1 0 -1 0 -1 0 -1 0 -1 0 -1 0 -1 0 -1 0 -1 0 -1 0 -1 0 -1 0 -1 0 
  12 10 15 15 20
 50 5 145 5 150 5 30
2586 131072 0 48 208896 0 
  34359738369 1315051091194281984 1835136 0 50465891015 7916447985573822463 2031036 0 

trp_rhine_wurt_guard_ai Wurttemberg_Foot_Guard Foot_Guard 0 133169152 0 0 11 0 0
  981 0 1749 0 1527 0 156 0 61 0 79 0 -1 0 -1 0 -1 0 -1 0 -1 0 -1 0 -1 0 -1 0 -1 0 -1 0 -1 0 -1 0 -1 0 -1 0 -1 0 -1 0 -1 0 -1 0 -1 0 -1 0 -1 0 -1 0 -1 0 -1 0 -1 0 -1 0 -1 0 -1 0 -1 0 -1 0 -1 0 -1 0 -1 0 -1 0 -1 0 -1 0 -1 0 -1 0 -1 0 -1 0 -1 0 -1 0 -1 0 -1 0 -1 0 -1 0 -1 0 -1 0 -1 0 -1 0 -1 0 -1 0 -1 0 -1 0 -1 0 -1 0 -1 0 -1 0 
  12 10 15 15 20
 50 5 145 5 150 5 30
2586 131072 0 48 208896 0 
  34359738369 1315051091194281984 1835136 0 50465891015 7916447985573822463 2031036 0 

trp_rhine_light_infantry_hessen_ai Hessian_Light_Infantry Light_Infantry 0 133169152 0 0 11 0 0
  929 0 1756 0 1472 0 156 0 71 0 142 0 -1 0 -1 0 -1 0 -1 0 -1 0 -1 0 -1 0 -1 0 -1 0 -1 0 -1 0 -1 0 -1 0 -1 0 -1 0 -1 0 -1 0 -1 0 -1 0 -1 0 -1 0 -1 0 -1 0 -1 0 -1 0 -1 0 -1 0 -1 0 -1 0 -1 0 -1 0 -1 0 -1 0 -1 0 -1 0 -1 0 -1 0 -1 0 -1 0 -1 0 -1 0 -1 0 -1 0 -1 0 -1 0 -1 0 -1 0 -1 0 -1 0 -1 0 -1 0 -1 0 -1 0 -1 0 -1 0 -1 0 -1 0 -1 0 
  12 10 15 15 20
 30 5 90 5 170 5 30
2586 131072 0 48 135168 0 
  34359738369 1315051091194281984 1835136 0 50465891015 7916447985573822463 2031036 0 

trp_rhine_light_infantry_bavaria_ai Bavarian_Rifleman Riflemen 0 133169152 0 0 11 0 0
  912 0 1697 0 1454 0 156 0 43 0 142 0 -1 0 -1 0 -1 0 -1 0 -1 0 -1 0 -1 0 -1 0 -1 0 -1 0 -1 0 -1 0 -1 0 -1 0 -1 0 -1 0 -1 0 -1 0 -1 0 -1 0 -1 0 -1 0 -1 0 -1 0 -1 0 -1 0 -1 0 -1 0 -1 0 -1 0 -1 0 -1 0 -1 0 -1 0 -1 0 -1 0 -1 0 -1 0 -1 0 -1 0 -1 0 -1 0 -1 0 -1 0 -1 0 -1 0 -1 0 -1 0 -1 0 -1 0 -1 0 -1 0 -1 0 -1 0 -1 0 -1 0 -1 0 -1 0 
  12 10 15 15 20
 30 5 90 5 170 5 30
2586 131072 0 48 135168 0 
  34359738369 1315051091194281984 1835136 0 50465891015 7916447985573822463 2031036 0 

trp_rhine_mounted_jaeger_ai Nassauer_Mounted_Jaeger Mounted_Jaegers 0 133170176 0 0 11 0 0
  939 0 1758 0 1484 0 89 0 1903 0 -1 0 -1 0 -1 0 -1 0 -1 0 -1 0 -1 0 -1 0 -1 0 -1 0 -1 0 -1 0 -1 0 -1 0 -1 0 -1 0 -1 0 -1 0 -1 0 -1 0 -1 0 -1 0 -1 0 -1 0 -1 0 -1 0 -1 0 -1 0 -1 0 -1 0 -1 0 -1 0 -1 0 -1 0 -1 0 -1 0 -1 0 -1 0 -1 0 -1 0 -1 0 -1 0 -1 0 -1 0 -1 0 -1 0 -1 0 -1 0 -1 0 -1 0 -1 0 -1 0 -1 0 -1 0 -1 0 -1 0 -1 0 -1 0 -1 0 
  12 10 15 15 20
 150 5 30 5 30 5 30
2586 131072 0 4 208896 0 
  34359738369 1315051091194281984 1835136 0 50465891015 7916447985573822463 2031036 0 

trp_rhine_westphalian_hussar_ai Westphalian_Hussar Hussars 0 133170176 0 0 11 0 0
  986 0 1769 0 1531 0 89 0 1910 0 -1 0 -1 0 -1 0 -1 0 -1 0 -1 0 -1 0 -1 0 -1 0 -1 0 -1 0 -1 0 -1 0 -1 0 -1 0 -1 0 -1 0 -1 0 -1 0 -1 0 -1 0 -1 0 -1 0 -1 0 -1 0 -1 0 -1 0 -1 0 -1 0 -1 0 -1 0 -1 0 -1 0 -1 0 -1 0 -1 0 -1 0 -1 0 -1 0 -1 0 -1 0 -1 0 -1 0 -1 0 -1 0 -1 0 -1 0 -1 0 -1 0 -1 0 -1 0 -1 0 -1 0 -1 0 -1 0 -1 0 -1 0 -1 0 -1 0 
  12 10 15 15 20
 150 5 30 5 30 5 30
2586 131072 0 4 208896 0 
  34359738369 1315051091194281984 1835136 0 50465891015 7916447985573822463 2031036 0 

trp_rhine_uhlan_ai Saxon_Uhlan Uhlans 0 133170176 0 0 11 0 0
  924 0 925 0 1753 0 1754 0 1463 0 1465 0 1822 0 172 0 89 0 1901 0 -1 0 -1 0 -1 0 -1 0 -1 0 -1 0 -1 0 -1 0 -1 0 -1 0 -1 0 -1 0 -1 0 -1 0 -1 0 -1 0 -1 0 -1 0 -1 0 -1 0 -1 0 -1 0 -1 0 -1 0 -1 0 -1 0 -1 0 -1 0 -1 0 -1 0 -1 0 -1 0 -1 0 -1 0 -1 0 -1 0 -1 0 -1 0 -1 0 -1 0 -1 0 -1 0 -1 0 -1 0 -1 0 -1 0 -1 0 -1 0 -1 0 -1 0 -1 0 -1 0 -1 0 -1 0 
  12 10 15 15 20
 50 5 130 5 40 5 30
2586 131072 0 4 208896 0 
  34359738369 1315051091194281984 1835136 0 50465891015 7916447985573822463 2031036 0 

trp_rhine_light_dragoon_ai Badner_Light_Dragoon Light_Dragoons 0 133170176 0 0 11 0 0
  962 0 1518 0 1766 0 1822 0 26 0 156 0 89 0 1905 0 -1 0 -1 0 -1 0 -1 0 -1 0 -1 0 -1 0 -1 0 -1 0 -1 0 -1 0 -1 0 -1 0 -1 0 -1 0 -1 0 -1 0 -1 0 -1 0 -1 0 -1 0 -1 0 -1 0 -1 0 -1 0 -1 0 -1 0 -1 0 -1 0 -1 0 -1 0 -1 0 -1 0 -1 0 -1 0 -1 0 -1 0 -1 0 -1 0 -1 0 -1 0 -1 0 -1 0 -1 0 -1 0 -1 0 -1 0 -1 0 -1 0 -1 0 -1 0 -1 0 -1 0 -1 0 -1 0 -1 0 
  12 10 15 15 20
 90 5 30 5 135 5 30
2586 131072 0 4 143360 0 
  34359738369 1315051091194281984 1835136 0 50465891015 7916447985573822463 2031036 0 

trp_rhine_cuirassier_ai Westphalian_Cuirassier Cuirassiers 0 133170176 0 0 11 0 0
  958 0 1676 0 1506 0 1822 0 87 0 1906 0 -1 0 -1 0 -1 0 -1 0 -1 0 -1 0 -1 0 -1 0 -1 0 -1 0 -1 0 -1 0 -1 0 -1 0 -1 0 -1 0 -1 0 -1 0 -1 0 -1 0 -1 0 -1 0 -1 0 -1 0 -1 0 -1 0 -1 0 -1 0 -1 0 -1 0 -1 0 -1 0 -1 0 -1 0 -1 0 -1 0 -1 0 -1 0 -1 0 -1 0 -1 0 -1 0 -1 0 -1 0 -1 0 -1 0 -1 0 -1 0 -1 0 -1 0 -1 0 -1 0 -1 0 -1 0 -1 0 -1 0 -1 0 -1 0 
  12 10 15 15 20
 120 5 30 5 30 5 30
2586 131072 0 4 208896 0 
  34359738369 1315051091194281984 1835136 0 50465891015 7916447985573822463 2031036 0 

trp_rhine_garde_du_corps_ai Saxon_Horse_Guard Horse_Guards 0 133170176 0 0 11 0 0
  954 0 1764 0 1498 0 1822 0 87 0 1908 0 -1 0 -1 0 -1 0 -1 0 -1 0 -1 0 -1 0 -1 0 -1 0 -1 0 -1 0 -1 0 -1 0 -1 0 -1 0 -1 0 -1 0 -1 0 -1 0 -1 0 -1 0 -1 0 -1 0 -1 0 -1 0 -1 0 -1 0 -1 0 -1 0 -1 0 -1 0 -1 0 -1 0 -1 0 -1 0 -1 0 -1 0 -1 0 -1 0 -1 0 -1 0 -1 0 -1 0 -1 0 -1 0 -1 0 -1 0 -1 0 -1 0 -1 0 -1 0 -1 0 -1 0 -1 0 -1 0 -1 0 -1 0 -1 0 
  12 10 15 15 20
 140 5 30 5 30 5 30
2586 131072 0 4 208896 0 
  34359738369 1315051091194281984 1835136 0 50465891015 7916447985573822463 2031036 0 

trp_rhine_arty_ai Bavarian_Artillerist Artillery_(Cannon) 0 133169152 0 0 11 0 0
  916 0 1751 0 1456 0 396 0 156 0 71 0 -1 0 -1 0 -1 0 -1 0 -1 0 -1 0 -1 0 -1 0 -1 0 -1 0 -1 0 -1 0 -1 0 -1 0 -1 0 -1 0 -1 0 -1 0 -1 0 -1 0 -1 0 -1 0 -1 0 -1 0 -1 0 -1 0 -1 0 -1 0 -1 0 -1 0 -1 0 -1 0 -1 0 -1 0 -1 0 -1 0 -1 0 -1 0 -1 0 -1 0 -1 0 -1 0 -1 0 -1 0 -1 0 -1 0 -1 0 -1 0 -1 0 -1 0 -1 0 -1 0 -1 0 -1 0 -1 0 -1 0 -1 0 -1 0 
  12 10 15 15 20
 50 5 50 5 80 5 30
2586 131072 0 49 204800 0 
  34359738369 1315051091194281984 1835136 0 50465891015 7916447985573822463 2031036 0 

trp_rhine_arty_alt_ai Bavarian_Artillerist Artillery_(Howitzer) 0 133169152 0 0 11 0 0
  916 0 1751 0 1456 0 396 0 156 0 71 0 -1 0 -1 0 -1 0 -1 0 -1 0 -1 0 -1 0 -1 0 -1 0 -1 0 -1 0 -1 0 -1 0 -1 0 -1 0 -1 0 -1 0 -1 0 -1 0 -1 0 -1 0 -1 0 -1 0 -1 0 -1 0 -1 0 -1 0 -1 0 -1 0 -1 0 -1 0 -1 0 -1 0 -1 0 -1 0 -1 0 -1 0 -1 0 -1 0 -1 0 -1 0 -1 0 -1 0 -1 0 -1 0 -1 0 -1 0 -1 0 -1 0 -1 0 -1 0 -1 0 -1 0 -1 0 -1 0 -1 0 -1 0 -1 0 
  12 10 15 15 20
 50 5 50 5 80 5 30
2586 131072 0 49 204800 0 
  34359738369 1315051091194281984 1835136 0 50465891015 7916447985573822463 2031036 0 

trp_rhine_horseart_ai Saxon_Horse_Artillery Artillery 0 133169152 0 0 11 0 0
  990 0 1753 0 1539 0 396 0 395 0 90 0 1822 0 1914 0 -1 0 -1 0 -1 0 -1 0 -1 0 -1 0 -1 0 -1 0 -1 0 -1 0 -1 0 -1 0 -1 0 -1 0 -1 0 -1 0 -1 0 -1 0 -1 0 -1 0 -1 0 -1 0 -1 0 -1 0 -1 0 -1 0 -1 0 -1 0 -1 0 -1 0 -1 0 -1 0 -1 0 -1 0 -1 0 -1 0 -1 0 -1 0 -1 0 -1 0 -1 0 -1 0 -1 0 -1 0 -1 0 -1 0 -1 0 -1 0 -1 0 -1 0 -1 0 -1 0 -1 0 -1 0 -1 0 -1 0 
  12 10 15 15 20
 70 5 30 5 30 5 30
2586 131072 0 49 204800 0 
  34359738369 1315051091194281984 1835136 0 50465891015 7916447985573822463 2031036 0 

trp_ottoman_levend_ai Ottoman_Line_Infantry Line_Infantry 0 133169152 0 0 12 0 0
  993 0 1772 0 1545 0 156 0 73 0 126 0 -1 0 -1 0 -1 0 -1 0 -1 0 -1 0 -1 0 -1 0 -1 0 -1 0 -1 0 -1 0 -1 0 -1 0 -1 0 -1 0 -1 0 -1 0 -1 0 -1 0 -1 0 -1 0 -1 0 -1 0 -1 0 -1 0 -1 0 -1 0 -1 0 -1 0 -1 0 -1 0 -1 0 -1 0 -1 0 -1 0 -1 0 -1 0 -1 0 -1 0 -1 0 -1 0 -1 0 -1 0 -1 0 -1 0 -1 0 -1 0 -1 0 -1 0 -1 0 -1 0 -1 0 -1 0 -1 0 -1 0 -1 0 -1 0 
  12 10 15 15 20
 50 5 130 5 150 5 30
2586 131072 0 48 208896 0 
  34359738369 1315051091194281984 1835136 0 50465891015 7916447985573822463 2031036 0 

trp_ottoman_uskudar_ai Ottoman_Line_Infantry Line_Infantry 0 133169152 0 0 12 0 0
  993 0 1773 0 1545 0 156 0 73 0 126 0 -1 0 -1 0 -1 0 -1 0 -1 0 -1 0 -1 0 -1 0 -1 0 -1 0 -1 0 -1 0 -1 0 -1 0 -1 0 -1 0 -1 0 -1 0 -1 0 -1 0 -1 0 -1 0 -1 0 -1 0 -1 0 -1 0 -1 0 -1 0 -1 0 -1 0 -1 0 -1 0 -1 0 -1 0 -1 0 -1 0 -1 0 -1 0 -1 0 -1 0 -1 0 -1 0 -1 0 -1 0 -1 0 -1 0 -1 0 -1 0 -1 0 -1 0 -1 0 -1 0 -1 0 -1 0 -1 0 -1 0 -1 0 -1 0 
  12 10 15 15 20
 50 5 130 5 150 5 30
2586 131072 0 48 208896 0 
  34359738369 1315051091194281984 1835136 0 50465891015 7916447985573822463 2031036 0 

trp_ottoman_libyan_ai Libyan_Bedouin Line_Infantry 0 133169152 0 0 12 0 0
  997 0 1774 0 1547 0 156 0 73 0 126 0 -1 0 -1 0 -1 0 -1 0 -1 0 -1 0 -1 0 -1 0 -1 0 -1 0 -1 0 -1 0 -1 0 -1 0 -1 0 -1 0 -1 0 -1 0 -1 0 -1 0 -1 0 -1 0 -1 0 -1 0 -1 0 -1 0 -1 0 -1 0 -1 0 -1 0 -1 0 -1 0 -1 0 -1 0 -1 0 -1 0 -1 0 -1 0 -1 0 -1 0 -1 0 -1 0 -1 0 -1 0 -1 0 -1 0 -1 0 -1 0 -1 0 -1 0 -1 0 -1 0 -1 0 -1 0 -1 0 -1 0 -1 0 -1 0 
  12 10 15 15 20
 50 5 130 5 150 5 30
2586 131072 0 48 208896 0 
  34359738369 1315051091194281984 1835136 0 50465891015 7916447985573822463 2031036 0 

trp_ottoman_subara_ai Ottoman_Line_Infantry Line_Infantry 0 133169152 0 0 12 0 0
  1011 0 1783 0 1553 0 156 0 73 0 126 0 -1 0 -1 0 -1 0 -1 0 -1 0 -1 0 -1 0 -1 0 -1 0 -1 0 -1 0 -1 0 -1 0 -1 0 -1 0 -1 0 -1 0 -1 0 -1 0 -1 0 -1 0 -1 0 -1 0 -1 0 -1 0 -1 0 -1 0 -1 0 -1 0 -1 0 -1 0 -1 0 -1 0 -1 0 -1 0 -1 0 -1 0 -1 0 -1 0 -1 0 -1 0 -1 0 -1 0 -1 0 -1 0 -1 0 -1 0 -1 0 -1 0 -1 0 -1 0 -1 0 -1 0 -1 0 -1 0 -1 0 -1 0 -1 0 
  12 10 15 15 20
 50 5 130 5 150 5 30
2586 131072 0 48 208896 0 
  34359738369 1315051091194281984 1835136 0 50465891015 7916447985573822463 2031036 0 

trp_ottoman_bashi_ai Bashi-bazouk Mercenaries 0 133169152 0 0 12 0 0
  1009 0 1006 0 1019 0 1020 0 997 0 1024 0 1772 0 1781 0 1555 0 1556 0 1557 0 156 0 31 0 177 0 178 0 179 0 176 0 181 0 180 0 102 0 182 0 183 0 101 0 108 0 109 0 184 0 185 0 186 0 187 0 35 0 190 0 -1 0 -1 0 -1 0 -1 0 -1 0 -1 0 -1 0 -1 0 -1 0 -1 0 -1 0 -1 0 -1 0 -1 0 -1 0 -1 0 -1 0 -1 0 -1 0 -1 0 -1 0 -1 0 -1 0 -1 0 -1 0 -1 0 -1 0 -1 0 -1 0 -1 0 -1 0 -1 0 -1 0 
  12 10 15 15 20
 80 5 80 5 130 80 30
2586 131072 0 48 208896 0 
  34359738369 1315051091194281984 1835136 0 50465891015 7916447985573822463 2031036 0 

trp_ottoman_jani_ai Ottoman_Janissary Foot_Guard 0 133169152 0 0 12 0 0
  1000 0 1776 0 1549 0 156 0 73 0 134 0 -1 0 -1 0 -1 0 -1 0 -1 0 -1 0 -1 0 -1 0 -1 0 -1 0 -1 0 -1 0 -1 0 -1 0 -1 0 -1 0 -1 0 -1 0 -1 0 -1 0 -1 0 -1 0 -1 0 -1 0 -1 0 -1 0 -1 0 -1 0 -1 0 -1 0 -1 0 -1 0 -1 0 -1 0 -1 0 -1 0 -1 0 -1 0 -1 0 -1 0 -1 0 -1 0 -1 0 -1 0 -1 0 -1 0 -1 0 -1 0 -1 0 -1 0 -1 0 -1 0 -1 0 -1 0 -1 0 -1 0 -1 0 -1 0 
  12 10 15 15 20
 50 5 145 5 150 5 30
2586 131072 0 48 208896 0 
  34359738369 1315051091194281984 1835136 0 50465891015 7916447985573822463 2031036 0 

trp_ottoman_jani_istanbul_ai Ottoman_Janissary Foot_Guard 0 133169152 0 0 12 0 0
  1004 0 1778 0 1552 0 156 0 73 0 135 0 -1 0 -1 0 -1 0 -1 0 -1 0 -1 0 -1 0 -1 0 -1 0 -1 0 -1 0 -1 0 -1 0 -1 0 -1 0 -1 0 -1 0 -1 0 -1 0 -1 0 -1 0 -1 0 -1 0 -1 0 -1 0 -1 0 -1 0 -1 0 -1 0 -1 0 -1 0 -1 0 -1 0 -1 0 -1 0 -1 0 -1 0 -1 0 -1 0 -1 0 -1 0 -1 0 -1 0 -1 0 -1 0 -1 0 -1 0 -1 0 -1 0 -1 0 -1 0 -1 0 -1 0 -1 0 -1 0 -1 0 -1 0 -1 0 
  12 10 15 15 20
 50 5 145 5 150 5 30
2586 131072 0 48 208896 0 
  34359738369 1315051091194281984 1835136 0 50465891015 7916447985573822463 2031036 0 

trp_ottoman_light_ai Albanian_Light_Infantry Light_Infantry 0 133169152 0 0 12 0 0
  1008 0 1781 0 1545 0 156 0 73 0 31 0 128 0 -1 0 -1 0 -1 0 -1 0 -1 0 -1 0 -1 0 -1 0 -1 0 -1 0 -1 0 -1 0 -1 0 -1 0 -1 0 -1 0 -1 0 -1 0 -1 0 -1 0 -1 0 -1 0 -1 0 -1 0 -1 0 -1 0 -1 0 -1 0 -1 0 -1 0 -1 0 -1 0 -1 0 -1 0 -1 0 -1 0 -1 0 -1 0 -1 0 -1 0 -1 0 -1 0 -1 0 -1 0 -1 0 -1 0 -1 0 -1 0 -1 0 -1 0 -1 0 -1 0 -1 0 -1 0 -1 0 -1 0 -1 0 
  12 10 15 15 20
 50 5 90 5 206 5 30
2586 131072 0 48 135168 0 
  34359738369 1315051091194281984 1835136 0 50465891015 7916447985573822463 2031036 0 

trp_ottoman_rifle_ai Ottoman_Rifleman Rifleman 0 133169152 0 0 12 0 0
  1015 0 1784 0 1558 0 156 0 45 0 31 0 129 0 -1 0 -1 0 -1 0 -1 0 -1 0 -1 0 -1 0 -1 0 -1 0 -1 0 -1 0 -1 0 -1 0 -1 0 -1 0 -1 0 -1 0 -1 0 -1 0 -1 0 -1 0 -1 0 -1 0 -1 0 -1 0 -1 0 -1 0 -1 0 -1 0 -1 0 -1 0 -1 0 -1 0 -1 0 -1 0 -1 0 -1 0 -1 0 -1 0 -1 0 -1 0 -1 0 -1 0 -1 0 -1 0 -1 0 -1 0 -1 0 -1 0 -1 0 -1 0 -1 0 -1 0 -1 0 -1 0 -1 0 -1 0 
  12 10 15 15 20
 50 5 90 5 206 5 30
2586 131072 0 48 135168 0 
  34359738369 1315051091194281984 1835136 0 50465891015 7916447985573822463 2031036 0 

trp_ottoman_hussar_ai Ottoman_Hussar Hussar 0 133170176 0 0 12 0 0
  1024 0 1025 0 1795 0 1796 0 1560 0 131 0 1915 0 -1 0 -1 0 -1 0 -1 0 -1 0 -1 0 -1 0 -1 0 -1 0 -1 0 -1 0 -1 0 -1 0 -1 0 -1 0 -1 0 -1 0 -1 0 -1 0 -1 0 -1 0 -1 0 -1 0 -1 0 -1 0 -1 0 -1 0 -1 0 -1 0 -1 0 -1 0 -1 0 -1 0 -1 0 -1 0 -1 0 -1 0 -1 0 -1 0 -1 0 -1 0 -1 0 -1 0 -1 0 -1 0 -1 0 -1 0 -1 0 -1 0 -1 0 -1 0 -1 0 -1 0 -1 0 -1 0 -1 0 -1 0 
  12 10 15 15 20
 160 5 30 5 30 5 30
2586 131072 0 22 208896 0 
  34359738369 1315051091194281984 1835136 0 50465891015 7916447985573822463 2031036 0 

trp_ottoman_camel_cav_ai Ottoman_Light_Camel_Cavalry Light_Camel_Cavalry 0 133170176 0 0 12 0 0
  1029 0 1791 0 1563 0 131 0 1934 0 -1 0 -1 0 -1 0 -1 0 -1 0 -1 0 -1 0 -1 0 -1 0 -1 0 -1 0 -1 0 -1 0 -1 0 -1 0 -1 0 -1 0 -1 0 -1 0 -1 0 -1 0 -1 0 -1 0 -1 0 -1 0 -1 0 -1 0 -1 0 -1 0 -1 0 -1 0 -1 0 -1 0 -1 0 -1 0 -1 0 -1 0 -1 0 -1 0 -1 0 -1 0 -1 0 -1 0 -1 0 -1 0 -1 0 -1 0 -1 0 -1 0 -1 0 -1 0 -1 0 -1 0 -1 0 -1 0 -1 0 -1 0 -1 0 -1 0 
  12 10 15 15 20
 140 5 30 5 30 5 30
2586 131072 0 22 339968 0 
  34359738369 1315051091194281984 1835136 0 50465891015 7916447985573822463 2031036 0 

trp_ottoman_lancer_ai Ottoman_Lancer Lancer 0 133170176 0 0 12 0 0
  1036 0 1793 0 1567 0 190 0 130 0 1918 0 -1 0 -1 0 -1 0 -1 0 -1 0 -1 0 -1 0 -1 0 -1 0 -1 0 -1 0 -1 0 -1 0 -1 0 -1 0 -1 0 -1 0 -1 0 -1 0 -1 0 -1 0 -1 0 -1 0 -1 0 -1 0 -1 0 -1 0 -1 0 -1 0 -1 0 -1 0 -1 0 -1 0 -1 0 -1 0 -1 0 -1 0 -1 0 -1 0 -1 0 -1 0 -1 0 -1 0 -1 0 -1 0 -1 0 -1 0 -1 0 -1 0 -1 0 -1 0 -1 0 -1 0 -1 0 -1 0 -1 0 -1 0 -1 0 
  12 10 15 15 20
 50 5 130 5 40 5 30
2586 131072 0 22 208896 0 
  34359738369 1315051091194281984 1835136 0 50465891015 7916447985573822463 2031036 0 

trp_ottoman_dragoon_ai Ottoman_Dragoon Dragoon 0 133170176 0 0 12 0 0
  1044 0 1798 0 1569 0 34 0 31 0 156 0 133 0 1921 0 -1 0 -1 0 -1 0 -1 0 -1 0 -1 0 -1 0 -1 0 -1 0 -1 0 -1 0 -1 0 -1 0 -1 0 -1 0 -1 0 -1 0 -1 0 -1 0 -1 0 -1 0 -1 0 -1 0 -1 0 -1 0 -1 0 -1 0 -1 0 -1 0 -1 0 -1 0 -1 0 -1 0 -1 0 -1 0 -1 0 -1 0 -1 0 -1 0 -1 0 -1 0 -1 0 -1 0 -1 0 -1 0 -1 0 -1 0 -1 0 -1 0 -1 0 -1 0 -1 0 -1 0 -1 0 -1 0 -1 0 
  12 10 15 15 20
 125 5 30 5 125 5 30
2586 131072 0 37 208896 0 
  34359738369 1315051091194281984 1835136 0 50465891015 7916447985573822463 2031036 0 

trp_ottoman_cuirassier_ai Ottoman_Cuirassier Cuirassier 0 133170176 0 0 12 0 0
  1032 0 1789 0 1565 0 132 0 1924 0 -1 0 -1 0 -1 0 -1 0 -1 0 -1 0 -1 0 -1 0 -1 0 -1 0 -1 0 -1 0 -1 0 -1 0 -1 0 -1 0 -1 0 -1 0 -1 0 -1 0 -1 0 -1 0 -1 0 -1 0 -1 0 -1 0 -1 0 -1 0 -1 0 -1 0 -1 0 -1 0 -1 0 -1 0 -1 0 -1 0 -1 0 -1 0 -1 0 -1 0 -1 0 -1 0 -1 0 -1 0 -1 0 -1 0 -1 0 -1 0 -1 0 -1 0 -1 0 -1 0 -1 0 -1 0 -1 0 -1 0 -1 0 -1 0 -1 0 
  12 10 15 15 20
 140 5 30 5 30 5 30
2586 131072 0 22 339968 0 
  34359738369 1315051091194281984 1835136 0 50465891015 7916447985573822463 2031036 0 

trp_ottoman_heavy_cavalry_ai Mamluk Heavy_Cavalry 0 133170176 0 0 12 0 0
  1040 0 1797 0 1555 0 132 0 1927 0 -1 0 -1 0 -1 0 -1 0 -1 0 -1 0 -1 0 -1 0 -1 0 -1 0 -1 0 -1 0 -1 0 -1 0 -1 0 -1 0 -1 0 -1 0 -1 0 -1 0 -1 0 -1 0 -1 0 -1 0 -1 0 -1 0 -1 0 -1 0 -1 0 -1 0 -1 0 -1 0 -1 0 -1 0 -1 0 -1 0 -1 0 -1 0 -1 0 -1 0 -1 0 -1 0 -1 0 -1 0 -1 0 -1 0 -1 0 -1 0 -1 0 -1 0 -1 0 -1 0 -1 0 -1 0 -1 0 -1 0 -1 0 -1 0 -1 0 
  12 10 15 15 20
 140 5 30 5 30 5 30
2586 131072 0 22 339968 0 
  34359738369 1315051091194281984 1835136 0 50465891015 7916447985573822463 2031036 0 

trp_ottoman_camel_heavy_cav_ai Ottoman_Heavy_Camel_Cavalry Heavy_Camel_Cavalry 0 133170176 0 0 12 0 0
  1046 0 1798 0 1564 0 132 0 1936 0 -1 0 -1 0 -1 0 -1 0 -1 0 -1 0 -1 0 -1 0 -1 0 -1 0 -1 0 -1 0 -1 0 -1 0 -1 0 -1 0 -1 0 -1 0 -1 0 -1 0 -1 0 -1 0 -1 0 -1 0 -1 0 -1 0 -1 0 -1 0 -1 0 -1 0 -1 0 -1 0 -1 0 -1 0 -1 0 -1 0 -1 0 -1 0 -1 0 -1 0 -1 0 -1 0 -1 0 -1 0 -1 0 -1 0 -1 0 -1 0 -1 0 -1 0 -1 0 -1 0 -1 0 -1 0 -1 0 -1 0 -1 0 -1 0 -1 0 
  12 10 15 15 20
 160 5 30 5 30 5 30
2586 131072 0 22 208896 0 
  34359738369 1315051091194281984 1835136 0 50465891015 7916447985573822463 2031036 0 

trp_ottoman_arty_ai Ottoman_artillery Artillery_(Cannon) 0 133169152 0 0 12 0 0
  1017 0 1772 0 1550 0 396 0 395 0 127 0 -1 0 -1 0 -1 0 -1 0 -1 0 -1 0 -1 0 -1 0 -1 0 -1 0 -1 0 -1 0 -1 0 -1 0 -1 0 -1 0 -1 0 -1 0 -1 0 -1 0 -1 0 -1 0 -1 0 -1 0 -1 0 -1 0 -1 0 -1 0 -1 0 -1 0 -1 0 -1 0 -1 0 -1 0 -1 0 -1 0 -1 0 -1 0 -1 0 -1 0 -1 0 -1 0 -1 0 -1 0 -1 0 -1 0 -1 0 -1 0 -1 0 -1 0 -1 0 -1 0 -1 0 -1 0 -1 0 -1 0 -1 0 -1 0 
  12 10 15 15 20
 70 5 30 5 30 5 30
2586 131072 0 49 204800 0 
  34359738369 1315051091194281984 1835136 0 50465891015 7916447985573822463 2031036 0 

trp_ottoman_arty_alt_ai Ottoman_Artillery Artillery_(Howitzer) 0 133169152 0 0 12 0 0
  1017 0 1772 0 1550 0 396 0 395 0 127 0 -1 0 -1 0 -1 0 -1 0 -1 0 -1 0 -1 0 -1 0 -1 0 -1 0 -1 0 -1 0 -1 0 -1 0 -1 0 -1 0 -1 0 -1 0 -1 0 -1 0 -1 0 -1 0 -1 0 -1 0 -1 0 -1 0 -1 0 -1 0 -1 0 -1 0 -1 0 -1 0 -1 0 -1 0 -1 0 -1 0 -1 0 -1 0 -1 0 -1 0 -1 0 -1 0 -1 0 -1 0 -1 0 -1 0 -1 0 -1 0 -1 0 -1 0 -1 0 -1 0 -1 0 -1 0 -1 0 -1 0 -1 0 -1 0 
  12 10 15 15 20
 70 5 30 5 30 5 30
2586 131072 0 49 204800 0 
  34359738369 1315051091194281984 1835136 0 50465891015 7916447985573822463 2031036 0 

trp_ottoman_arty_guard_ai Ottoman_Artillery_Guard Artillery_Guard 0 133169152 0 0 26 0 0
  1017 0 1772 0 1550 0 156 0 73 0 127 0 -1 0 -1 0 -1 0 -1 0 -1 0 -1 0 -1 0 -1 0 -1 0 -1 0 -1 0 -1 0 -1 0 -1 0 -1 0 -1 0 -1 0 -1 0 -1 0 -1 0 -1 0 -1 0 -1 0 -1 0 -1 0 -1 0 -1 0 -1 0 -1 0 -1 0 -1 0 -1 0 -1 0 -1 0 -1 0 -1 0 -1 0 -1 0 -1 0 -1 0 -1 0 -1 0 -1 0 -1 0 -1 0 -1 0 -1 0 -1 0 -1 0 -1 0 -1 0 -1 0 -1 0 -1 0 -1 0 -1 0 -1 0 -1 0 
  12 10 15 15 20
 70 5 30 5 30 5 30
2586 131072 0 49 204800 0 
  34359738369 1315051091194281984 1835136 0 50465891015 7916447985573822463 2031036 0 

trp_ottoman_horseart_ai Ottoman_Horse_Artillery Artillery 0 133169152 0 0 12 0 0
  1049 0 1800 0 1571 0 396 0 395 0 127 0 1931 0 -1 0 -1 0 -1 0 -1 0 -1 0 -1 0 -1 0 -1 0 -1 0 -1 0 -1 0 -1 0 -1 0 -1 0 -1 0 -1 0 -1 0 -1 0 -1 0 -1 0 -1 0 -1 0 -1 0 -1 0 -1 0 -1 0 -1 0 -1 0 -1 0 -1 0 -1 0 -1 0 -1 0 -1 0 -1 0 -1 0 -1 0 -1 0 -1 0 -1 0 -1 0 -1 0 -1 0 -1 0 -1 0 -1 0 -1 0 -1 0 -1 0 -1 0 -1 0 -1 0 -1 0 -1 0 -1 0 -1 0 -1 0 
  12 10 15 15 20
 70 5 30 5 30 5 30
2586 131072 0 49 204800 0 
  34359738369 1315051091194281984 1835136 0 50465891015 7916447985573822463 2031036 0 

trp_ottoman_horseart_guard_ai Ottoman_Horse_Artillery_Guard Artillery_Guard 0 133169152 0 0 26 0 0
  1049 0 1800 0 1571 0 156 0 73 0 127 0 1931 0 -1 0 -1 0 -1 0 -1 0 -1 0 -1 0 -1 0 -1 0 -1 0 -1 0 -1 0 -1 0 -1 0 -1 0 -1 0 -1 0 -1 0 -1 0 -1 0 -1 0 -1 0 -1 0 -1 0 -1 0 -1 0 -1 0 -1 0 -1 0 -1 0 -1 0 -1 0 -1 0 -1 0 -1 0 -1 0 -1 0 -1 0 -1 0 -1 0 -1 0 -1 0 -1 0 -1 0 -1 0 -1 0 -1 0 -1 0 -1 0 -1 0 -1 0 -1 0 -1 0 -1 0 -1 0 -1 0 -1 0 -1 0 
  12 10 15 15 20
 70 5 30 5 30 5 30
2586 131072 0 49 204800 0 
  34359738369 1315051091194281984 1835136 0 50465891015 7916447985573822463 2031036 0 

trp_ottoman_ship_marine_ai Ottoman_Marine Marine 0 133169152 0 0 12 0 0
  1020 0 1785 0 1555 0 73 0 156 0 126 0 -1 0 -1 0 -1 0 -1 0 -1 0 -1 0 -1 0 -1 0 -1 0 -1 0 -1 0 -1 0 -1 0 -1 0 -1 0 -1 0 -1 0 -1 0 -1 0 -1 0 -1 0 -1 0 -1 0 -1 0 -1 0 -1 0 -1 0 -1 0 -1 0 -1 0 -1 0 -1 0 -1 0 -1 0 -1 0 -1 0 -1 0 -1 0 -1 0 -1 0 -1 0 -1 0 -1 0 -1 0 -1 0 -1 0 -1 0 -1 0 -1 0 -1 0 -1 0 -1 0 -1 0 -1 0 -1 0 -1 0 -1 0 -1 0 
  12 10 15 15 20
 50 5 130 5 150 5 30
2586 131072 0 48 208896 0 
  34359738369 1315051091194281984 1835136 0 50465891015 7916447985573822463 2031036 0 

trp_ottoman_ship_ai Ship_Crew Ottoman_Ship_Crew 0 133169152 0 0 26 0 0
  1786 0 1555 0 126 0 136 0 101 0 108 0 187 0 187 0 187 0 187 0 188 0 189 0 189 0 186 0 156 0 35 0 157 0 9 0 9 0 9 0 -1 0 -1 0 -1 0 -1 0 -1 0 -1 0 -1 0 -1 0 -1 0 -1 0 -1 0 -1 0 -1 0 -1 0 -1 0 -1 0 -1 0 -1 0 -1 0 -1 0 -1 0 -1 0 -1 0 -1 0 -1 0 -1 0 -1 0 -1 0 -1 0 -1 0 -1 0 -1 0 -1 0 -1 0 -1 0 -1 0 -1 0 -1 0 -1 0 -1 0 -1 0 -1 0 -1 0 -1 0 
  12 10 15 15 20
 80 5 80 5 130 80 30
2586 131072 0 48 208896 0 
  34359738369 1315051091194281984 1835136 0 50465891015 7916447985573822463 2031036 0 

trp_ottoman_ship_cannon_ai Ottoman_Ship_Crew Naval_Artillery 0 133169152 0 0 26 0 0
  1786 0 1555 0 396 0 395 0 126 0 -1 0 -1 0 -1 0 -1 0 -1 0 -1 0 -1 0 -1 0 -1 0 -1 0 -1 0 -1 0 -1 0 -1 0 -1 0 -1 0 -1 0 -1 0 -1 0 -1 0 -1 0 -1 0 -1 0 -1 0 -1 0 -1 0 -1 0 -1 0 -1 0 -1 0 -1 0 -1 0 -1 0 -1 0 -1 0 -1 0 -1 0 -1 0 -1 0 -1 0 -1 0 -1 0 -1 0 -1 0 -1 0 -1 0 -1 0 -1 0 -1 0 -1 0 -1 0 -1 0 -1 0 -1 0 -1 0 -1 0 -1 0 -1 0 -1 0 
  12 10 15 15 20
 80 5 80 5 130 80 30
2586 131072 0 49 208896 0 
  34359738369 1315051091194281984 1835136 0 50465891015 7916447985573822463 2031036 0 

trp_italian_infantry1_ai Italian_Line_Infantry Line_Infantry 0 133169152 0 0 13 0 0
  1052 0 1803 0 1572 0 156 0 59 0 88 0 -1 0 -1 0 -1 0 -1 0 -1 0 -1 0 -1 0 -1 0 -1 0 -1 0 -1 0 -1 0 -1 0 -1 0 -1 0 -1 0 -1 0 -1 0 -1 0 -1 0 -1 0 -1 0 -1 0 -1 0 -1 0 -1 0 -1 0 -1 0 -1 0 -1 0 -1 0 -1 0 -1 0 -1 0 -1 0 -1 0 -1 0 -1 0 -1 0 -1 0 -1 0 -1 0 -1 0 -1 0 -1 0 -1 0 -1 0 -1 0 -1 0 -1 0 -1 0 -1 0 -1 0 -1 0 -1 0 -1 0 -1 0 -1 0 
  12 10 15 15 20
 50 5 130 5 120 5 30
2586 131072 0 48 208896 0 
  34359738369 1315051091194281984 1835136 0 50465891015 7916447985573822463 2031036 0 

trp_italian_infantry2_ai Italian_Line_Infantry Line_Infantry 0 133169152 0 0 13 0 0
  1057 0 1803 0 1575 0 156 0 59 0 88 0 -1 0 -1 0 -1 0 -1 0 -1 0 -1 0 -1 0 -1 0 -1 0 -1 0 -1 0 -1 0 -1 0 -1 0 -1 0 -1 0 -1 0 -1 0 -1 0 -1 0 -1 0 -1 0 -1 0 -1 0 -1 0 -1 0 -1 0 -1 0 -1 0 -1 0 -1 0 -1 0 -1 0 -1 0 -1 0 -1 0 -1 0 -1 0 -1 0 -1 0 -1 0 -1 0 -1 0 -1 0 -1 0 -1 0 -1 0 -1 0 -1 0 -1 0 -1 0 -1 0 -1 0 -1 0 -1 0 -1 0 -1 0 -1 0 
  12 10 15 15 20
 50 5 130 5 120 5 30
2586 131072 0 48 208896 0 
  34359738369 1315051091194281984 1835136 0 50465891015 7916447985573822463 2031036 0 

trp_italian_infantry3_ai Italian_Line_Infantry Line_Infantry 0 133169152 0 0 13 0 0
  1062 0 1803 0 1578 0 156 0 59 0 88 0 -1 0 -1 0 -1 0 -1 0 -1 0 -1 0 -1 0 -1 0 -1 0 -1 0 -1 0 -1 0 -1 0 -1 0 -1 0 -1 0 -1 0 -1 0 -1 0 -1 0 -1 0 -1 0 -1 0 -1 0 -1 0 -1 0 -1 0 -1 0 -1 0 -1 0 -1 0 -1 0 -1 0 -1 0 -1 0 -1 0 -1 0 -1 0 -1 0 -1 0 -1 0 -1 0 -1 0 -1 0 -1 0 -1 0 -1 0 -1 0 -1 0 -1 0 -1 0 -1 0 -1 0 -1 0 -1 0 -1 0 -1 0 -1 0 
  12 10 15 15 20
 50 5 130 5 120 5 30
2586 131072 0 48 208896 0 
  34359738369 1315051091194281984 1835136 0 50465891015 7916447985573822463 2031036 0 

trp_italian_infantry4_ai Italian_Line_Infantry Line_Infantry 0 133169152 0 0 13 0 0
  1067 0 1803 0 1581 0 156 0 59 0 88 0 -1 0 -1 0 -1 0 -1 0 -1 0 -1 0 -1 0 -1 0 -1 0 -1 0 -1 0 -1 0 -1 0 -1 0 -1 0 -1 0 -1 0 -1 0 -1 0 -1 0 -1 0 -1 0 -1 0 -1 0 -1 0 -1 0 -1 0 -1 0 -1 0 -1 0 -1 0 -1 0 -1 0 -1 0 -1 0 -1 0 -1 0 -1 0 -1 0 -1 0 -1 0 -1 0 -1 0 -1 0 -1 0 -1 0 -1 0 -1 0 -1 0 -1 0 -1 0 -1 0 -1 0 -1 0 -1 0 -1 0 -1 0 -1 0 
  12 10 15 15 20
 50 5 130 5 120 5 30
2586 131072 0 48 208896 0 
  34359738369 1315051091194281984 1835136 0 50465891015 7916447985573822463 2031036 0 

trp_italian_infantry5_ai Italian_Line_Infantry Line_Infantry 0 133169152 0 0 13 0 0
  1072 0 1809 0 1585 0 156 0 59 0 88 0 -1 0 -1 0 -1 0 -1 0 -1 0 -1 0 -1 0 -1 0 -1 0 -1 0 -1 0 -1 0 -1 0 -1 0 -1 0 -1 0 -1 0 -1 0 -1 0 -1 0 -1 0 -1 0 -1 0 -1 0 -1 0 -1 0 -1 0 -1 0 -1 0 -1 0 -1 0 -1 0 -1 0 -1 0 -1 0 -1 0 -1 0 -1 0 -1 0 -1 0 -1 0 -1 0 -1 0 -1 0 -1 0 -1 0 -1 0 -1 0 -1 0 -1 0 -1 0 -1 0 -1 0 -1 0 -1 0 -1 0 -1 0 -1 0 
  12 10 15 15 20
 50 5 130 5 120 5 30
2586 131072 0 48 208896 0 
  34359738369 1315051091194281984 1835136 0 50465891015 7916447985573822463 2031036 0 

trp_italian_foot_guard1_ai Italian_Foot_Guard Foot_Guards 0 133169152 0 0 13 0 0
  1077 0 1808 0 1588 0 156 0 61 0 79 0 -1 0 -1 0 -1 0 -1 0 -1 0 -1 0 -1 0 -1 0 -1 0 -1 0 -1 0 -1 0 -1 0 -1 0 -1 0 -1 0 -1 0 -1 0 -1 0 -1 0 -1 0 -1 0 -1 0 -1 0 -1 0 -1 0 -1 0 -1 0 -1 0 -1 0 -1 0 -1 0 -1 0 -1 0 -1 0 -1 0 -1 0 -1 0 -1 0 -1 0 -1 0 -1 0 -1 0 -1 0 -1 0 -1 0 -1 0 -1 0 -1 0 -1 0 -1 0 -1 0 -1 0 -1 0 -1 0 -1 0 -1 0 -1 0 
  12 10 15 15 20
 70 5 170 5 130 5 30
2586 131072 0 48 208896 0 
  34359738369 1315051091194281984 1835136 0 50465891015 7916447985573822463 2031036 0 

trp_italian_foot_guard2_ai Italian_Foot_Guard Foot_Guards 0 133169152 0 0 13 0 0
  1082 0 1808 0 1588 0 156 0 61 0 79 0 -1 0 -1 0 -1 0 -1 0 -1 0 -1 0 -1 0 -1 0 -1 0 -1 0 -1 0 -1 0 -1 0 -1 0 -1 0 -1 0 -1 0 -1 0 -1 0 -1 0 -1 0 -1 0 -1 0 -1 0 -1 0 -1 0 -1 0 -1 0 -1 0 -1 0 -1 0 -1 0 -1 0 -1 0 -1 0 -1 0 -1 0 -1 0 -1 0 -1 0 -1 0 -1 0 -1 0 -1 0 -1 0 -1 0 -1 0 -1 0 -1 0 -1 0 -1 0 -1 0 -1 0 -1 0 -1 0 -1 0 -1 0 -1 0 
  12 10 15 15 20
 70 5 170 5 130 5 30
2586 131072 0 48 208896 0 
  34359738369 1315051091194281984 1835136 0 50465891015 7916447985573822463 2031036 0 

trp_italian_foot_guard3_ai Italian_Foot_Guard Foot_Guards 0 133169152 0 0 13 0 0
  1087 0 1808 0 1594 0 156 0 61 0 79 0 -1 0 -1 0 -1 0 -1 0 -1 0 -1 0 -1 0 -1 0 -1 0 -1 0 -1 0 -1 0 -1 0 -1 0 -1 0 -1 0 -1 0 -1 0 -1 0 -1 0 -1 0 -1 0 -1 0 -1 0 -1 0 -1 0 -1 0 -1 0 -1 0 -1 0 -1 0 -1 0 -1 0 -1 0 -1 0 -1 0 -1 0 -1 0 -1 0 -1 0 -1 0 -1 0 -1 0 -1 0 -1 0 -1 0 -1 0 -1 0 -1 0 -1 0 -1 0 -1 0 -1 0 -1 0 -1 0 -1 0 -1 0 -1 0 
  12 10 15 15 20
 70 5 170 5 130 5 30
2586 131072 0 48 208896 0 
  34359738369 1315051091194281984 1835136 0 50465891015 7916447985573822463 2031036 0 

trp_italian_light_ai Italian_Light_Infantry Light_Infantry 0 133169152 0 0 13 0 0
  1092 0 1810 0 1596 0 156 0 59 0 21 0 88 0 -1 0 -1 0 -1 0 -1 0 -1 0 -1 0 -1 0 -1 0 -1 0 -1 0 -1 0 -1 0 -1 0 -1 0 -1 0 -1 0 -1 0 -1 0 -1 0 -1 0 -1 0 -1 0 -1 0 -1 0 -1 0 -1 0 -1 0 -1 0 -1 0 -1 0 -1 0 -1 0 -1 0 -1 0 -1 0 -1 0 -1 0 -1 0 -1 0 -1 0 -1 0 -1 0 -1 0 -1 0 -1 0 -1 0 -1 0 -1 0 -1 0 -1 0 -1 0 -1 0 -1 0 -1 0 -1 0 -1 0 -1 0 
  12 10 15 15 20
 50 5 90 5 206 5 30
2586 131072 0 48 135168 0 
  34359738369 1315051091194281984 1835136 0 50465891015 7916447985573822463 2031036 0 

trp_italian_rifle_ai Italian_Rifle Rifleman 0 133169152 0 0 13 0 0
  1096 0 1811 0 1599 0 156 0 21 0 47 0 88 0 -1 0 -1 0 -1 0 -1 0 -1 0 -1 0 -1 0 -1 0 -1 0 -1 0 -1 0 -1 0 -1 0 -1 0 -1 0 -1 0 -1 0 -1 0 -1 0 -1 0 -1 0 -1 0 -1 0 -1 0 -1 0 -1 0 -1 0 -1 0 -1 0 -1 0 -1 0 -1 0 -1 0 -1 0 -1 0 -1 0 -1 0 -1 0 -1 0 -1 0 -1 0 -1 0 -1 0 -1 0 -1 0 -1 0 -1 0 -1 0 -1 0 -1 0 -1 0 -1 0 -1 0 -1 0 -1 0 -1 0 -1 0 
  12 10 15 15 20
 50 5 90 5 206 5 30
2586 131072 0 48 135168 0 
  34359738369 1315051091194281984 1835136 0 50465891015 7916447985573822463 2031036 0 

trp_italian_hussar1_ai Italian_Hussar Hussars 0 133170176 0 0 13 0 0
  1100 0 1812 0 1600 0 89 0 1939 0 -1 0 -1 0 -1 0 -1 0 -1 0 -1 0 -1 0 -1 0 -1 0 -1 0 -1 0 -1 0 -1 0 -1 0 -1 0 -1 0 -1 0 -1 0 -1 0 -1 0 -1 0 -1 0 -1 0 -1 0 -1 0 -1 0 -1 0 -1 0 -1 0 -1 0 -1 0 -1 0 -1 0 -1 0 -1 0 -1 0 -1 0 -1 0 -1 0 -1 0 -1 0 -1 0 -1 0 -1 0 -1 0 -1 0 -1 0 -1 0 -1 0 -1 0 -1 0 -1 0 -1 0 -1 0 -1 0 -1 0 -1 0 -1 0 -1 0 
  12 10 15 15 20
 150 5 30 5 30 5 30
2586 131072 0 4 208896 0 
  34359738369 1315051091194281984 1835136 0 50465891015 7916447985573822463 2031036 0 

trp_italian_hussar2_ai Italian_Hussar Hussars 0 133170176 0 0 13 0 0
  1104 0 1812 0 1606 0 89 0 1942 0 -1 0 -1 0 -1 0 -1 0 -1 0 -1 0 -1 0 -1 0 -1 0 -1 0 -1 0 -1 0 -1 0 -1 0 -1 0 -1 0 -1 0 -1 0 -1 0 -1 0 -1 0 -1 0 -1 0 -1 0 -1 0 -1 0 -1 0 -1 0 -1 0 -1 0 -1 0 -1 0 -1 0 -1 0 -1 0 -1 0 -1 0 -1 0 -1 0 -1 0 -1 0 -1 0 -1 0 -1 0 -1 0 -1 0 -1 0 -1 0 -1 0 -1 0 -1 0 -1 0 -1 0 -1 0 -1 0 -1 0 -1 0 -1 0 -1 0 
  12 10 15 15 20
 150 5 30 5 30 5 30
2586 131072 0 4 208896 0 
  34359738369 1315051091194281984 1835136 0 50465891015 7916447985573822463 2031036 0 

trp_italian_dragoon_ai Italian_Dragoon Dragoons 0 133170176 0 0 13 0 0
  1108 0 1640 0 1612 0 1826 0 15 0 21 0 156 0 81 0 1945 0 -1 0 -1 0 -1 0 -1 0 -1 0 -1 0 -1 0 -1 0 -1 0 -1 0 -1 0 -1 0 -1 0 -1 0 -1 0 -1 0 -1 0 -1 0 -1 0 -1 0 -1 0 -1 0 -1 0 -1 0 -1 0 -1 0 -1 0 -1 0 -1 0 -1 0 -1 0 -1 0 -1 0 -1 0 -1 0 -1 0 -1 0 -1 0 -1 0 -1 0 -1 0 -1 0 -1 0 -1 0 -1 0 -1 0 -1 0 -1 0 -1 0 -1 0 -1 0 -1 0 -1 0 -1 0 -1 0 
  12 10 15 15 20
 100 5 30 5 100 5 30
2586 131072 0 3 208896 0 
  34359738369 1315051091194281984 1835136 0 50465891015 7916447985573822463 2031036 0 

trp_italian_cuirassier1_ai Italian_Horse_Guard Cuirassiers 0 133170176 0 0 13 0 0
  1112 0 1642 0 1616 0 1822 0 87 0 1948 0 -1 0 -1 0 -1 0 -1 0 -1 0 -1 0 -1 0 -1 0 -1 0 -1 0 -1 0 -1 0 -1 0 -1 0 -1 0 -1 0 -1 0 -1 0 -1 0 -1 0 -1 0 -1 0 -1 0 -1 0 -1 0 -1 0 -1 0 -1 0 -1 0 -1 0 -1 0 -1 0 -1 0 -1 0 -1 0 -1 0 -1 0 -1 0 -1 0 -1 0 -1 0 -1 0 -1 0 -1 0 -1 0 -1 0 -1 0 -1 0 -1 0 -1 0 -1 0 -1 0 -1 0 -1 0 -1 0 -1 0 -1 0 -1 0 
  12 10 15 15 20
 120 5 30 5 30 5 30
2586 131072 0 4 208896 0 
  34359738369 1315051091194281984 1835136 0 50465891015 7916447985573822463 2031036 0 

trp_italian_cuirassier2_ai Italian_Horse_Guard Cuirassiers 0 133170176 0 0 13 0 0
  1116 0 1813 0 1622 0 1822 0 87 0 1950 0 -1 0 -1 0 -1 0 -1 0 -1 0 -1 0 -1 0 -1 0 -1 0 -1 0 -1 0 -1 0 -1 0 -1 0 -1 0 -1 0 -1 0 -1 0 -1 0 -1 0 -1 0 -1 0 -1 0 -1 0 -1 0 -1 0 -1 0 -1 0 -1 0 -1 0 -1 0 -1 0 -1 0 -1 0 -1 0 -1 0 -1 0 -1 0 -1 0 -1 0 -1 0 -1 0 -1 0 -1 0 -1 0 -1 0 -1 0 -1 0 -1 0 -1 0 -1 0 -1 0 -1 0 -1 0 -1 0 -1 0 -1 0 -1 0 
  12 10 15 15 20
 120 5 30 5 30 5 30
2586 131072 0 4 208896 0 
  34359738369 1315051091194281984 1835136 0 50465891015 7916447985573822463 2031036 0 

trp_italian_ship_ai Italian_Sailor Sailors 0 133169152 0 0 13 0 0
  1818 0 1635 0 88 0 90 0 101 0 108 0 187 0 187 0 187 0 187 0 188 0 189 0 189 0 186 0 156 0 28 0 157 0 5 0 5 0 5 0 -1 0 -1 0 -1 0 -1 0 -1 0 -1 0 -1 0 -1 0 -1 0 -1 0 -1 0 -1 0 -1 0 -1 0 -1 0 -1 0 -1 0 -1 0 -1 0 -1 0 -1 0 -1 0 -1 0 -1 0 -1 0 -1 0 -1 0 -1 0 -1 0 -1 0 -1 0 -1 0 -1 0 -1 0 -1 0 -1 0 -1 0 -1 0 -1 0 -1 0 -1 0 -1 0 -1 0 -1 0 
  12 10 15 15 20
 40 5 80 5 80 60 30
2586 131072 0 48 208896 0 
  34359738369 1315051091194281984 1835136 0 50465891015 7916447985573822463 2031036 0 

trp_italian_ship_marine_ai Italian_Marine Marines 0 133169152 0 0 13 0 0
  1129 0 1817 0 1635 0 59 0 156 0 -1 0 -1 0 -1 0 -1 0 -1 0 -1 0 -1 0 -1 0 -1 0 -1 0 -1 0 -1 0 -1 0 -1 0 -1 0 -1 0 -1 0 -1 0 -1 0 -1 0 -1 0 -1 0 -1 0 -1 0 -1 0 -1 0 -1 0 -1 0 -1 0 -1 0 -1 0 -1 0 -1 0 -1 0 -1 0 -1 0 -1 0 -1 0 -1 0 -1 0 -1 0 -1 0 -1 0 -1 0 -1 0 -1 0 -1 0 -1 0 -1 0 -1 0 -1 0 -1 0 -1 0 -1 0 -1 0 -1 0 -1 0 -1 0 -1 0 
  12 10 15 15 20
 50 5 130 5 120 5 30
2586 131072 0 48 208896 0 
  34359738369 1315051091194281984 1835136 0 50465891015 7916447985573822463 2031036 0 

trp_italian_arty_ai Italian_Artillerist Artillery_(Cannon) 0 133169152 0 0 13 0 0
  1120 0 1814 0 1626 0 396 0 156 0 59 0 -1 0 -1 0 -1 0 -1 0 -1 0 -1 0 -1 0 -1 0 -1 0 -1 0 -1 0 -1 0 -1 0 -1 0 -1 0 -1 0 -1 0 -1 0 -1 0 -1 0 -1 0 -1 0 -1 0 -1 0 -1 0 -1 0 -1 0 -1 0 -1 0 -1 0 -1 0 -1 0 -1 0 -1 0 -1 0 -1 0 -1 0 -1 0 -1 0 -1 0 -1 0 -1 0 -1 0 -1 0 -1 0 -1 0 -1 0 -1 0 -1 0 -1 0 -1 0 -1 0 -1 0 -1 0 -1 0 -1 0 -1 0 -1 0 
  12 10 15 15 20
 50 5 50 5 80 5 30
2586 131072 0 49 204800 0 
  34359738369 1315051091194281984 1835136 0 50465891015 7916447985573822463 2031036 0 

trp_italian_arty_alt_ai Italian_Artillerist Artillery_(Howitzer) 0 133169152 0 0 13 0 0
  1120 0 1814 0 1626 0 396 0 156 0 59 0 -1 0 -1 0 -1 0 -1 0 -1 0 -1 0 -1 0 -1 0 -1 0 -1 0 -1 0 -1 0 -1 0 -1 0 -1 0 -1 0 -1 0 -1 0 -1 0 -1 0 -1 0 -1 0 -1 0 -1 0 -1 0 -1 0 -1 0 -1 0 -1 0 -1 0 -1 0 -1 0 -1 0 -1 0 -1 0 -1 0 -1 0 -1 0 -1 0 -1 0 -1 0 -1 0 -1 0 -1 0 -1 0 -1 0 -1 0 -1 0 -1 0 -1 0 -1 0 -1 0 -1 0 -1 0 -1 0 -1 0 -1 0 -1 0 
  12 10 15 15 20
 50 5 50 5 80 5 30
2586 131072 0 49 204800 0 
  34359738369 1315051091194281984 1835136 0 50465891015 7916447985573822463 2031036 0 

trp_italian_horseart_ai Italian_Horse_Artillery Horse_Artillery 0 133169152 0 0 13 0 0
  1123 0 1816 0 1629 0 396 0 395 0 91 0 1952 0 -1 0 -1 0 -1 0 -1 0 -1 0 -1 0 -1 0 -1 0 -1 0 -1 0 -1 0 -1 0 -1 0 -1 0 -1 0 -1 0 -1 0 -1 0 -1 0 -1 0 -1 0 -1 0 -1 0 -1 0 -1 0 -1 0 -1 0 -1 0 -1 0 -1 0 -1 0 -1 0 -1 0 -1 0 -1 0 -1 0 -1 0 -1 0 -1 0 -1 0 -1 0 -1 0 -1 0 -1 0 -1 0 -1 0 -1 0 -1 0 -1 0 -1 0 -1 0 -1 0 -1 0 -1 0 -1 0 -1 0 -1 0 
  12 10 15 15 20
 70 5 30 5 30 5 30
2586 131072 0 49 204800 0 
  34359738369 1315051091194281984 1835136 0 50465891015 7916447985573822463 2031036 0 

trp_spanish_infantry1_ai French_Line_Infantry Line_Infantry 0 133169152 0 0 3 0 0
  421 0 1639 0 1216 0 156 0 59 0 -1 0 -1 0 -1 0 -1 0 -1 0 -1 0 -1 0 -1 0 -1 0 -1 0 -1 0 -1 0 -1 0 -1 0 -1 0 -1 0 -1 0 -1 0 -1 0 -1 0 -1 0 -1 0 -1 0 -1 0 -1 0 -1 0 -1 0 -1 0 -1 0 -1 0 -1 0 -1 0 -1 0 -1 0 -1 0 -1 0 -1 0 -1 0 -1 0 -1 0 -1 0 -1 0 -1 0 -1 0 -1 0 -1 0 -1 0 -1 0 -1 0 -1 0 -1 0 -1 0 -1 0 -1 0 -1 0 -1 0 -1 0 -1 0 -1 0 
  12 10 15 15 20
 50 5 130 5 120 5 30
2586 131072 0 48 208896 0 
  34359738369 1315051091194281984 1835136 0 50465891015 7916447985573822463 2031036 0 

trp_spanish_infantry2_ai French_Line_Infantry Line_Infantry 0 133169152 0 0 3 0 0
  421 0 1639 0 1216 0 156 0 59 0 -1 0 -1 0 -1 0 -1 0 -1 0 -1 0 -1 0 -1 0 -1 0 -1 0 -1 0 -1 0 -1 0 -1 0 -1 0 -1 0 -1 0 -1 0 -1 0 -1 0 -1 0 -1 0 -1 0 -1 0 -1 0 -1 0 -1 0 -1 0 -1 0 -1 0 -1 0 -1 0 -1 0 -1 0 -1 0 -1 0 -1 0 -1 0 -1 0 -1 0 -1 0 -1 0 -1 0 -1 0 -1 0 -1 0 -1 0 -1 0 -1 0 -1 0 -1 0 -1 0 -1 0 -1 0 -1 0 -1 0 -1 0 -1 0 -1 0 
  12 10 15 15 20
 50 5 130 5 120 5 30
2586 131072 0 48 208896 0 
  34359738369 1315051091194281984 1835136 0 50465891015 7916447985573822463 2031036 0 

trp_spanish_infantry3_ai French_Line_Infantry Line_Infantry 0 133169152 0 0 3 0 0
  421 0 1639 0 1216 0 156 0 59 0 -1 0 -1 0 -1 0 -1 0 -1 0 -1 0 -1 0 -1 0 -1 0 -1 0 -1 0 -1 0 -1 0 -1 0 -1 0 -1 0 -1 0 -1 0 -1 0 -1 0 -1 0 -1 0 -1 0 -1 0 -1 0 -1 0 -1 0 -1 0 -1 0 -1 0 -1 0 -1 0 -1 0 -1 0 -1 0 -1 0 -1 0 -1 0 -1 0 -1 0 -1 0 -1 0 -1 0 -1 0 -1 0 -1 0 -1 0 -1 0 -1 0 -1 0 -1 0 -1 0 -1 0 -1 0 -1 0 -1 0 -1 0 -1 0 -1 0 
  12 10 15 15 20
 50 5 130 5 120 5 30
2586 131072 0 48 208896 0 
  34359738369 1315051091194281984 1835136 0 50465891015 7916447985573822463 2031036 0 

trp_spanish_infantry4_ai French_Line_Infantry Line_Infantry 0 133169152 0 0 3 0 0
  421 0 1639 0 1216 0 156 0 59 0 -1 0 -1 0 -1 0 -1 0 -1 0 -1 0 -1 0 -1 0 -1 0 -1 0 -1 0 -1 0 -1 0 -1 0 -1 0 -1 0 -1 0 -1 0 -1 0 -1 0 -1 0 -1 0 -1 0 -1 0 -1 0 -1 0 -1 0 -1 0 -1 0 -1 0 -1 0 -1 0 -1 0 -1 0 -1 0 -1 0 -1 0 -1 0 -1 0 -1 0 -1 0 -1 0 -1 0 -1 0 -1 0 -1 0 -1 0 -1 0 -1 0 -1 0 -1 0 -1 0 -1 0 -1 0 -1 0 -1 0 -1 0 -1 0 -1 0 
  12 10 15 15 20
 50 5 130 5 120 5 30
2586 131072 0 48 208896 0 
  34359738369 1315051091194281984 1835136 0 50465891015 7916447985573822463 2031036 0 

trp_spanish_foot_guard1_ai French_Grenadier_Guard Grenadier_Guards 0 133169152 0 0 3 0 0
  432 0 1651 0 1243 0 156 0 61 0 141 0 1819 0 -1 0 -1 0 -1 0 -1 0 -1 0 -1 0 -1 0 -1 0 -1 0 -1 0 -1 0 -1 0 -1 0 -1 0 -1 0 -1 0 -1 0 -1 0 -1 0 -1 0 -1 0 -1 0 -1 0 -1 0 -1 0 -1 0 -1 0 -1 0 -1 0 -1 0 -1 0 -1 0 -1 0 -1 0 -1 0 -1 0 -1 0 -1 0 -1 0 -1 0 -1 0 -1 0 -1 0 -1 0 -1 0 -1 0 -1 0 -1 0 -1 0 -1 0 -1 0 -1 0 -1 0 -1 0 -1 0 -1 0 -1 0 
  12 10 15 15 20
 70 5 170 5 130 5 30
2586 131072 0 48 208896 0 
  34359738369 1315051091194281984 1835136 0 50465891015 7916447985573822463 2031036 0 

trp_spanish_foot_guard2_ai French_Grenadier_Guard Grenadier_Guards 0 133169152 0 0 3 0 0
  432 0 1651 0 1243 0 156 0 61 0 141 0 1819 0 -1 0 -1 0 -1 0 -1 0 -1 0 -1 0 -1 0 -1 0 -1 0 -1 0 -1 0 -1 0 -1 0 -1 0 -1 0 -1 0 -1 0 -1 0 -1 0 -1 0 -1 0 -1 0 -1 0 -1 0 -1 0 -1 0 -1 0 -1 0 -1 0 -1 0 -1 0 -1 0 -1 0 -1 0 -1 0 -1 0 -1 0 -1 0 -1 0 -1 0 -1 0 -1 0 -1 0 -1 0 -1 0 -1 0 -1 0 -1 0 -1 0 -1 0 -1 0 -1 0 -1 0 -1 0 -1 0 -1 0 -1 0 
  12 10 15 15 20
 70 5 170 5 130 5 30
2586 131072 0 48 208896 0 
  34359738369 1315051091194281984 1835136 0 50465891015 7916447985573822463 2031036 0 

trp_spanish_light_ai French_Voltigeur Light_Infantry 0 133169152 0 0 3 0 0
  417 0 1639 0 1638 0 1228 0 156 0 59 0 21 0 88 0 -1 0 -1 0 -1 0 -1 0 -1 0 -1 0 -1 0 -1 0 -1 0 -1 0 -1 0 -1 0 -1 0 -1 0 -1 0 -1 0 -1 0 -1 0 -1 0 -1 0 -1 0 -1 0 -1 0 -1 0 -1 0 -1 0 -1 0 -1 0 -1 0 -1 0 -1 0 -1 0 -1 0 -1 0 -1 0 -1 0 -1 0 -1 0 -1 0 -1 0 -1 0 -1 0 -1 0 -1 0 -1 0 -1 0 -1 0 -1 0 -1 0 -1 0 -1 0 -1 0 -1 0 -1 0 -1 0 -1 0 
  12 10 15 15 20
 50 5 90 5 206 5 30
2586 131072 0 48 135168 0 
  34359738369 1315051091194281984 1835136 0 50465891015 7916447985573822463 2031036 0 

trp_spanish_rifle_ai Corsican_Rifle Corsican_Rifleman 0 133169152 0 0 3 0 0
  503 0 1663 0 1280 0 156 0 21 0 88 0 -1 0 -1 0 -1 0 -1 0 -1 0 -1 0 -1 0 -1 0 -1 0 -1 0 -1 0 -1 0 -1 0 -1 0 -1 0 -1 0 -1 0 -1 0 -1 0 -1 0 -1 0 -1 0 -1 0 -1 0 -1 0 -1 0 -1 0 -1 0 -1 0 -1 0 -1 0 -1 0 -1 0 -1 0 -1 0 -1 0 -1 0 -1 0 -1 0 -1 0 -1 0 -1 0 -1 0 -1 0 -1 0 -1 0 -1 0 -1 0 -1 0 -1 0 -1 0 -1 0 -1 0 -1 0 -1 0 -1 0 -1 0 -1 0 
  12 10 15 15 20
 50 5 90 5 206 5 30
2586 131072 0 48 135168 0 
  34359738369 1315051091194281984 1835136 0 50465891015 7916447985573822463 2031036 0 

trp_spanish_hussar1_ai French_Hussar Hussars 0 133170176 0 0 3 0 0
  449 0 1646 0 1210 0 89 0 1828 0 -1 0 -1 0 -1 0 -1 0 -1 0 -1 0 -1 0 -1 0 -1 0 -1 0 -1 0 -1 0 -1 0 -1 0 -1 0 -1 0 -1 0 -1 0 -1 0 -1 0 -1 0 -1 0 -1 0 -1 0 -1 0 -1 0 -1 0 -1 0 -1 0 -1 0 -1 0 -1 0 -1 0 -1 0 -1 0 -1 0 -1 0 -1 0 -1 0 -1 0 -1 0 -1 0 -1 0 -1 0 -1 0 -1 0 -1 0 -1 0 -1 0 -1 0 -1 0 -1 0 -1 0 -1 0 -1 0 -1 0 -1 0 -1 0 -1 0 
  12 10 15 15 20
 150 5 30 5 30 5 30
2586 131072 0 4 208896 0 
  34359738369 1315051091194281984 1835136 0 50465891015 7916447985573822463 2031036 0 

trp_spanish_hussar2_ai French_Hussar Hussars 0 133170176 0 0 3 0 0
  449 0 1646 0 1210 0 89 0 1828 0 -1 0 -1 0 -1 0 -1 0 -1 0 -1 0 -1 0 -1 0 -1 0 -1 0 -1 0 -1 0 -1 0 -1 0 -1 0 -1 0 -1 0 -1 0 -1 0 -1 0 -1 0 -1 0 -1 0 -1 0 -1 0 -1 0 -1 0 -1 0 -1 0 -1 0 -1 0 -1 0 -1 0 -1 0 -1 0 -1 0 -1 0 -1 0 -1 0 -1 0 -1 0 -1 0 -1 0 -1 0 -1 0 -1 0 -1 0 -1 0 -1 0 -1 0 -1 0 -1 0 -1 0 -1 0 -1 0 -1 0 -1 0 -1 0 -1 0 
  12 10 15 15 20
 150 5 30 5 30 5 30
2586 131072 0 4 208896 0 
  34359738369 1315051091194281984 1835136 0 50465891015 7916447985573822463 2031036 0 

trp_spanish_lancer_ai Polish_Lancer Polish_Lancers 0 133170176 0 0 3 0 0
  440 0 1644 0 1231 0 1822 0 168 0 80 0 1830 0 -1 0 -1 0 -1 0 -1 0 -1 0 -1 0 -1 0 -1 0 -1 0 -1 0 -1 0 -1 0 -1 0 -1 0 -1 0 -1 0 -1 0 -1 0 -1 0 -1 0 -1 0 -1 0 -1 0 -1 0 -1 0 -1 0 -1 0 -1 0 -1 0 -1 0 -1 0 -1 0 -1 0 -1 0 -1 0 -1 0 -1 0 -1 0 -1 0 -1 0 -1 0 -1 0 -1 0 -1 0 -1 0 -1 0 -1 0 -1 0 -1 0 -1 0 -1 0 -1 0 -1 0 -1 0 -1 0 -1 0 -1 0 
  12 10 15 15 20
 50 5 130 5 40 5 30
2586 131072 0 4 208896 0 
  34359738369 1315051091194281984 1835136 0 50465891015 7916447985573822463 2031036 0 

trp_spanish_dragoon_ai French_Dragoon Dragoons 0 133170176 0 0 3 0 0
  425 0 1640 0 1193 0 1822 0 17 0 20 0 23 0 156 0 81 0 1832 0 -1 0 -1 0 -1 0 -1 0 -1 0 -1 0 -1 0 -1 0 -1 0 -1 0 -1 0 -1 0 -1 0 -1 0 -1 0 -1 0 -1 0 -1 0 -1 0 -1 0 -1 0 -1 0 -1 0 -1 0 -1 0 -1 0 -1 0 -1 0 -1 0 -1 0 -1 0 -1 0 -1 0 -1 0 -1 0 -1 0 -1 0 -1 0 -1 0 -1 0 -1 0 -1 0 -1 0 -1 0 -1 0 -1 0 -1 0 -1 0 -1 0 -1 0 -1 0 -1 0 -1 0 -1 0 
  12 10 15 15 20
 100 5 30 5 100 5 30
2586 131072 0 3 208896 0 
  34359738369 1315051091194281984 1835136 0 50465891015 7916447985573822463 2031036 0 

trp_spanish_cuirassier1_ai French_Cuirassier Cuirassiers 0 133170176 0 0 3 0 0
  443 0 1676 0 1199 0 1822 0 87 0 1834 0 1676 0 -1 0 -1 0 -1 0 -1 0 -1 0 -1 0 -1 0 -1 0 -1 0 -1 0 -1 0 -1 0 -1 0 -1 0 -1 0 -1 0 -1 0 -1 0 -1 0 -1 0 -1 0 -1 0 -1 0 -1 0 -1 0 -1 0 -1 0 -1 0 -1 0 -1 0 -1 0 -1 0 -1 0 -1 0 -1 0 -1 0 -1 0 -1 0 -1 0 -1 0 -1 0 -1 0 -1 0 -1 0 -1 0 -1 0 -1 0 -1 0 -1 0 -1 0 -1 0 -1 0 -1 0 -1 0 -1 0 -1 0 -1 0 
  12 10 15 15 20
 120 5 30 5 30 5 30
2586 131072 0 4 208896 0 
  34359738369 1315051091194281984 1835136 0 50465891015 7916447985573822463 2031036 0 

trp_spanish_cuirassier2_ai French_Cuirassier Cuirassiers 0 133170176 0 0 3 0 0
  443 0 1676 0 1199 0 1822 0 87 0 1834 0 1676 0 -1 0 -1 0 -1 0 -1 0 -1 0 -1 0 -1 0 -1 0 -1 0 -1 0 -1 0 -1 0 -1 0 -1 0 -1 0 -1 0 -1 0 -1 0 -1 0 -1 0 -1 0 -1 0 -1 0 -1 0 -1 0 -1 0 -1 0 -1 0 -1 0 -1 0 -1 0 -1 0 -1 0 -1 0 -1 0 -1 0 -1 0 -1 0 -1 0 -1 0 -1 0 -1 0 -1 0 -1 0 -1 0 -1 0 -1 0 -1 0 -1 0 -1 0 -1 0 -1 0 -1 0 -1 0 -1 0 -1 0 -1 0 
  12 10 15 15 20
 120 5 30 5 30 5 30
2586 131072 0 4 208896 0 
  34359738369 1315051091194281984 1835136 0 50465891015 7916447985573822463 2031036 0 

trp_spanish_ship_ai French_Sailor Sailors 0 133169152 0 0 3 0 0
  1659 0 1258 0 1258 0 1259 0 88 0 90 0 101 0 108 0 187 0 187 0 187 0 187 0 188 0 189 0 189 0 186 0 156 0 28 0 157 0 5 0 5 0 5 0 -1 0 -1 0 -1 0 -1 0 -1 0 -1 0 -1 0 -1 0 -1 0 -1 0 -1 0 -1 0 -1 0 -1 0 -1 0 -1 0 -1 0 -1 0 -1 0 -1 0 -1 0 -1 0 -1 0 -1 0 -1 0 -1 0 -1 0 -1 0 -1 0 -1 0 -1 0 -1 0 -1 0 -1 0 -1 0 -1 0 -1 0 -1 0 -1 0 -1 0 -1 0 -1 0 
  12 10 15 15 20
 40 5 80 5 80 60 30
2586 131072 0 48 208896 0 
  34359738369 1315051091194281984 1835136 0 50465891015 7916447985573822463 2031036 0 

trp_spanish_ship_marine_ai French_Marine Marines 0 133169152 0 0 3 0 0
  471 0 1658 0 1257 0 59 0 156 0 -1 0 -1 0 -1 0 -1 0 -1 0 -1 0 -1 0 -1 0 -1 0 -1 0 -1 0 -1 0 -1 0 -1 0 -1 0 -1 0 -1 0 -1 0 -1 0 -1 0 -1 0 -1 0 -1 0 -1 0 -1 0 -1 0 -1 0 -1 0 -1 0 -1 0 -1 0 -1 0 -1 0 -1 0 -1 0 -1 0 -1 0 -1 0 -1 0 -1 0 -1 0 -1 0 -1 0 -1 0 -1 0 -1 0 -1 0 -1 0 -1 0 -1 0 -1 0 -1 0 -1 0 -1 0 -1 0 -1 0 -1 0 -1 0 -1 0 
  12 10 15 15 20
 50 5 130 5 120 5 30
2586 131072 0 48 208896 0 
  34359738369 1315051091194281984 1835136 0 50465891015 7916447985573822463 2031036 0 

trp_spanish_arty_ai French_Artillerist Artillery_(Cannon) 0 133169152 0 0 3 0 0
  434 0 435 0 1650 0 1237 0 396 0 156 0 59 0 -1 0 -1 0 -1 0 -1 0 -1 0 -1 0 -1 0 -1 0 -1 0 -1 0 -1 0 -1 0 -1 0 -1 0 -1 0 -1 0 -1 0 -1 0 -1 0 -1 0 -1 0 -1 0 -1 0 -1 0 -1 0 -1 0 -1 0 -1 0 -1 0 -1 0 -1 0 -1 0 -1 0 -1 0 -1 0 -1 0 -1 0 -1 0 -1 0 -1 0 -1 0 -1 0 -1 0 -1 0 -1 0 -1 0 -1 0 -1 0 -1 0 -1 0 -1 0 -1 0 -1 0 -1 0 -1 0 -1 0 -1 0 
  12 10 15 15 20
 50 5 50 5 80 5 30
2586 131072 0 49 204800 0 
  34359738369 1315051091194281984 1835136 0 50465891015 7916447985573822463 2031036 0 

trp_spanish_arty_alt_ai French_Artillerist Artillery_(Howitzer) 0 133169152 0 0 3 0 0
  434 0 435 0 1650 0 1237 0 396 0 156 0 59 0 -1 0 -1 0 -1 0 -1 0 -1 0 -1 0 -1 0 -1 0 -1 0 -1 0 -1 0 -1 0 -1 0 -1 0 -1 0 -1 0 -1 0 -1 0 -1 0 -1 0 -1 0 -1 0 -1 0 -1 0 -1 0 -1 0 -1 0 -1 0 -1 0 -1 0 -1 0 -1 0 -1 0 -1 0 -1 0 -1 0 -1 0 -1 0 -1 0 -1 0 -1 0 -1 0 -1 0 -1 0 -1 0 -1 0 -1 0 -1 0 -1 0 -1 0 -1 0 -1 0 -1 0 -1 0 -1 0 -1 0 -1 0 
  12 10 15 15 20
 50 5 50 5 80 5 30
2586 131072 0 49 204800 0 
  34359738369 1315051091194281984 1835136 0 50465891015 7916447985573822463 2031036 0 

trp_spanish_horseart_ai French_Horse_Artillery Horse_Artillery 0 133169152 0 0 3 0 0
  519 0 1669 0 1300 0 396 0 395 0 91 0 1846 0 -1 0 -1 0 -1 0 -1 0 -1 0 -1 0 -1 0 -1 0 -1 0 -1 0 -1 0 -1 0 -1 0 -1 0 -1 0 -1 0 -1 0 -1 0 -1 0 -1 0 -1 0 -1 0 -1 0 -1 0 -1 0 -1 0 -1 0 -1 0 -1 0 -1 0 -1 0 -1 0 -1 0 -1 0 -1 0 -1 0 -1 0 -1 0 -1 0 -1 0 -1 0 -1 0 -1 0 -1 0 -1 0 -1 0 -1 0 -1 0 -1 0 -1 0 -1 0 -1 0 -1 0 -1 0 -1 0 -1 0 -1 0 
  12 10 15 15 20
 70 5 30 5 30 5 30
2586 131072 0 49 204800 0 
  34359738369 1315051091194281984 1835136 0 50465891015 7916447985573822463 2031036 0 

trp_portuguese_infantry1_ai French_Line_Infantry Line_Infantry 0 133169152 0 0 3 0 0
  421 0 1639 0 1216 0 156 0 59 0 -1 0 -1 0 -1 0 -1 0 -1 0 -1 0 -1 0 -1 0 -1 0 -1 0 -1 0 -1 0 -1 0 -1 0 -1 0 -1 0 -1 0 -1 0 -1 0 -1 0 -1 0 -1 0 -1 0 -1 0 -1 0 -1 0 -1 0 -1 0 -1 0 -1 0 -1 0 -1 0 -1 0 -1 0 -1 0 -1 0 -1 0 -1 0 -1 0 -1 0 -1 0 -1 0 -1 0 -1 0 -1 0 -1 0 -1 0 -1 0 -1 0 -1 0 -1 0 -1 0 -1 0 -1 0 -1 0 -1 0 -1 0 -1 0 -1 0 
  12 10 15 15 20
 50 5 130 5 120 5 30
2586 131072 0 48 208896 0 
  34359738369 1315051091194281984 1835136 0 50465891015 7916447985573822463 2031036 0 

trp_portuguese_infantry2_ai French_Line_Infantry Line_Infantry 0 133169152 0 0 3 0 0
  421 0 1639 0 1216 0 156 0 59 0 -1 0 -1 0 -1 0 -1 0 -1 0 -1 0 -1 0 -1 0 -1 0 -1 0 -1 0 -1 0 -1 0 -1 0 -1 0 -1 0 -1 0 -1 0 -1 0 -1 0 -1 0 -1 0 -1 0 -1 0 -1 0 -1 0 -1 0 -1 0 -1 0 -1 0 -1 0 -1 0 -1 0 -1 0 -1 0 -1 0 -1 0 -1 0 -1 0 -1 0 -1 0 -1 0 -1 0 -1 0 -1 0 -1 0 -1 0 -1 0 -1 0 -1 0 -1 0 -1 0 -1 0 -1 0 -1 0 -1 0 -1 0 -1 0 -1 0 
  12 10 15 15 20
 50 5 130 5 120 5 30
2586 131072 0 48 208896 0 
  34359738369 1315051091194281984 1835136 0 50465891015 7916447985573822463 2031036 0 

trp_portuguese_infantry3_ai French_Line_Infantry Line_Infantry 0 133169152 0 0 3 0 0
  421 0 1639 0 1216 0 156 0 59 0 -1 0 -1 0 -1 0 -1 0 -1 0 -1 0 -1 0 -1 0 -1 0 -1 0 -1 0 -1 0 -1 0 -1 0 -1 0 -1 0 -1 0 -1 0 -1 0 -1 0 -1 0 -1 0 -1 0 -1 0 -1 0 -1 0 -1 0 -1 0 -1 0 -1 0 -1 0 -1 0 -1 0 -1 0 -1 0 -1 0 -1 0 -1 0 -1 0 -1 0 -1 0 -1 0 -1 0 -1 0 -1 0 -1 0 -1 0 -1 0 -1 0 -1 0 -1 0 -1 0 -1 0 -1 0 -1 0 -1 0 -1 0 -1 0 -1 0 
  12 10 15 15 20
 50 5 130 5 120 5 30
2586 131072 0 48 208896 0 
  34359738369 1315051091194281984 1835136 0 50465891015 7916447985573822463 2031036 0 

trp_portuguese_infantry4_ai French_Line_Infantry Line_Infantry 0 133169152 0 0 3 0 0
  421 0 1639 0 1216 0 156 0 59 0 -1 0 -1 0 -1 0 -1 0 -1 0 -1 0 -1 0 -1 0 -1 0 -1 0 -1 0 -1 0 -1 0 -1 0 -1 0 -1 0 -1 0 -1 0 -1 0 -1 0 -1 0 -1 0 -1 0 -1 0 -1 0 -1 0 -1 0 -1 0 -1 0 -1 0 -1 0 -1 0 -1 0 -1 0 -1 0 -1 0 -1 0 -1 0 -1 0 -1 0 -1 0 -1 0 -1 0 -1 0 -1 0 -1 0 -1 0 -1 0 -1 0 -1 0 -1 0 -1 0 -1 0 -1 0 -1 0 -1 0 -1 0 -1 0 -1 0 
  12 10 15 15 20
 50 5 130 5 120 5 30
2586 131072 0 48 208896 0 
  34359738369 1315051091194281984 1835136 0 50465891015 7916447985573822463 2031036 0 

trp_portuguese_foot_guard1_ai French_Grenadier_Guard Grenadier_Guards 0 133169152 0 0 3 0 0
  432 0 1651 0 1243 0 156 0 61 0 141 0 1819 0 -1 0 -1 0 -1 0 -1 0 -1 0 -1 0 -1 0 -1 0 -1 0 -1 0 -1 0 -1 0 -1 0 -1 0 -1 0 -1 0 -1 0 -1 0 -1 0 -1 0 -1 0 -1 0 -1 0 -1 0 -1 0 -1 0 -1 0 -1 0 -1 0 -1 0 -1 0 -1 0 -1 0 -1 0 -1 0 -1 0 -1 0 -1 0 -1 0 -1 0 -1 0 -1 0 -1 0 -1 0 -1 0 -1 0 -1 0 -1 0 -1 0 -1 0 -1 0 -1 0 -1 0 -1 0 -1 0 -1 0 -1 0 
  12 10 15 15 20
 70 5 170 5 130 5 30
2586 131072 0 48 208896 0 
  34359738369 1315051091194281984 1835136 0 50465891015 7916447985573822463 2031036 0 

trp_portuguese_foot_guard2_ai French_Grenadier_Guard Grenadier_Guards 0 133169152 0 0 3 0 0
  432 0 1651 0 1243 0 156 0 61 0 141 0 1819 0 -1 0 -1 0 -1 0 -1 0 -1 0 -1 0 -1 0 -1 0 -1 0 -1 0 -1 0 -1 0 -1 0 -1 0 -1 0 -1 0 -1 0 -1 0 -1 0 -1 0 -1 0 -1 0 -1 0 -1 0 -1 0 -1 0 -1 0 -1 0 -1 0 -1 0 -1 0 -1 0 -1 0 -1 0 -1 0 -1 0 -1 0 -1 0 -1 0 -1 0 -1 0 -1 0 -1 0 -1 0 -1 0 -1 0 -1 0 -1 0 -1 0 -1 0 -1 0 -1 0 -1 0 -1 0 -1 0 -1 0 -1 0 
  12 10 15 15 20
 70 5 170 5 130 5 30
2586 131072 0 48 208896 0 
  34359738369 1315051091194281984 1835136 0 50465891015 7916447985573822463 2031036 0 

trp_portuguese_light_ai French_Voltigeur Light_Infantry 0 133169152 0 0 3 0 0
  417 0 1639 0 1638 0 1228 0 156 0 59 0 21 0 88 0 -1 0 -1 0 -1 0 -1 0 -1 0 -1 0 -1 0 -1 0 -1 0 -1 0 -1 0 -1 0 -1 0 -1 0 -1 0 -1 0 -1 0 -1 0 -1 0 -1 0 -1 0 -1 0 -1 0 -1 0 -1 0 -1 0 -1 0 -1 0 -1 0 -1 0 -1 0 -1 0 -1 0 -1 0 -1 0 -1 0 -1 0 -1 0 -1 0 -1 0 -1 0 -1 0 -1 0 -1 0 -1 0 -1 0 -1 0 -1 0 -1 0 -1 0 -1 0 -1 0 -1 0 -1 0 -1 0 -1 0 
  12 10 15 15 20
 50 5 90 5 206 5 30
2586 131072 0 48 135168 0 
  34359738369 1315051091194281984 1835136 0 50465891015 7916447985573822463 2031036 0 

trp_portuguese_rifle_ai Corsican_Rifle Corsican_Rifleman 0 133169152 0 0 3 0 0
  503 0 1663 0 1280 0 156 0 21 0 88 0 -1 0 -1 0 -1 0 -1 0 -1 0 -1 0 -1 0 -1 0 -1 0 -1 0 -1 0 -1 0 -1 0 -1 0 -1 0 -1 0 -1 0 -1 0 -1 0 -1 0 -1 0 -1 0 -1 0 -1 0 -1 0 -1 0 -1 0 -1 0 -1 0 -1 0 -1 0 -1 0 -1 0 -1 0 -1 0 -1 0 -1 0 -1 0 -1 0 -1 0 -1 0 -1 0 -1 0 -1 0 -1 0 -1 0 -1 0 -1 0 -1 0 -1 0 -1 0 -1 0 -1 0 -1 0 -1 0 -1 0 -1 0 -1 0 
  12 10 15 15 20
 50 5 90 5 206 5 30
2586 131072 0 48 135168 0 
  34359738369 1315051091194281984 1835136 0 50465891015 7916447985573822463 2031036 0 

trp_portuguese_hussar1_ai French_Hussar Hussars 0 133170176 0 0 3 0 0
  449 0 1646 0 1210 0 89 0 1828 0 -1 0 -1 0 -1 0 -1 0 -1 0 -1 0 -1 0 -1 0 -1 0 -1 0 -1 0 -1 0 -1 0 -1 0 -1 0 -1 0 -1 0 -1 0 -1 0 -1 0 -1 0 -1 0 -1 0 -1 0 -1 0 -1 0 -1 0 -1 0 -1 0 -1 0 -1 0 -1 0 -1 0 -1 0 -1 0 -1 0 -1 0 -1 0 -1 0 -1 0 -1 0 -1 0 -1 0 -1 0 -1 0 -1 0 -1 0 -1 0 -1 0 -1 0 -1 0 -1 0 -1 0 -1 0 -1 0 -1 0 -1 0 -1 0 -1 0 
  12 10 15 15 20
 150 5 30 5 30 5 30
2586 131072 0 4 208896 0 
  34359738369 1315051091194281984 1835136 0 50465891015 7916447985573822463 2031036 0 

trp_portuguese_hussar2_ai French_Hussar Hussars 0 133170176 0 0 3 0 0
  449 0 1646 0 1210 0 89 0 1828 0 -1 0 -1 0 -1 0 -1 0 -1 0 -1 0 -1 0 -1 0 -1 0 -1 0 -1 0 -1 0 -1 0 -1 0 -1 0 -1 0 -1 0 -1 0 -1 0 -1 0 -1 0 -1 0 -1 0 -1 0 -1 0 -1 0 -1 0 -1 0 -1 0 -1 0 -1 0 -1 0 -1 0 -1 0 -1 0 -1 0 -1 0 -1 0 -1 0 -1 0 -1 0 -1 0 -1 0 -1 0 -1 0 -1 0 -1 0 -1 0 -1 0 -1 0 -1 0 -1 0 -1 0 -1 0 -1 0 -1 0 -1 0 -1 0 -1 0 
  12 10 15 15 20
 150 5 30 5 30 5 30
2586 131072 0 4 208896 0 
  34359738369 1315051091194281984 1835136 0 50465891015 7916447985573822463 2031036 0 

trp_portuguese_lancer_ai Polish_Lancer Polish_Lancers 0 133170176 0 0 3 0 0
  440 0 1644 0 1231 0 1822 0 168 0 80 0 1830 0 -1 0 -1 0 -1 0 -1 0 -1 0 -1 0 -1 0 -1 0 -1 0 -1 0 -1 0 -1 0 -1 0 -1 0 -1 0 -1 0 -1 0 -1 0 -1 0 -1 0 -1 0 -1 0 -1 0 -1 0 -1 0 -1 0 -1 0 -1 0 -1 0 -1 0 -1 0 -1 0 -1 0 -1 0 -1 0 -1 0 -1 0 -1 0 -1 0 -1 0 -1 0 -1 0 -1 0 -1 0 -1 0 -1 0 -1 0 -1 0 -1 0 -1 0 -1 0 -1 0 -1 0 -1 0 -1 0 -1 0 -1 0 
  12 10 15 15 20
 50 5 130 5 40 5 30
2586 131072 0 4 208896 0 
  34359738369 1315051091194281984 1835136 0 50465891015 7916447985573822463 2031036 0 

trp_portuguese_dragoon_ai French_Dragoon Dragoons 0 133170176 0 0 3 0 0
  425 0 1640 0 1193 0 1822 0 17 0 20 0 23 0 156 0 81 0 1832 0 -1 0 -1 0 -1 0 -1 0 -1 0 -1 0 -1 0 -1 0 -1 0 -1 0 -1 0 -1 0 -1 0 -1 0 -1 0 -1 0 -1 0 -1 0 -1 0 -1 0 -1 0 -1 0 -1 0 -1 0 -1 0 -1 0 -1 0 -1 0 -1 0 -1 0 -1 0 -1 0 -1 0 -1 0 -1 0 -1 0 -1 0 -1 0 -1 0 -1 0 -1 0 -1 0 -1 0 -1 0 -1 0 -1 0 -1 0 -1 0 -1 0 -1 0 -1 0 -1 0 -1 0 -1 0 
  12 10 15 15 20
 100 5 30 5 100 5 30
2586 131072 0 3 208896 0 
  34359738369 1315051091194281984 1835136 0 50465891015 7916447985573822463 2031036 0 

trp_portuguese_cuirassier1_ai French_Cuirassier Cuirassiers 0 133170176 0 0 3 0 0
  443 0 1676 0 1199 0 1822 0 87 0 1834 0 1676 0 -1 0 -1 0 -1 0 -1 0 -1 0 -1 0 -1 0 -1 0 -1 0 -1 0 -1 0 -1 0 -1 0 -1 0 -1 0 -1 0 -1 0 -1 0 -1 0 -1 0 -1 0 -1 0 -1 0 -1 0 -1 0 -1 0 -1 0 -1 0 -1 0 -1 0 -1 0 -1 0 -1 0 -1 0 -1 0 -1 0 -1 0 -1 0 -1 0 -1 0 -1 0 -1 0 -1 0 -1 0 -1 0 -1 0 -1 0 -1 0 -1 0 -1 0 -1 0 -1 0 -1 0 -1 0 -1 0 -1 0 -1 0 
  12 10 15 15 20
 120 5 30 5 30 5 30
2586 131072 0 4 208896 0 
  34359738369 1315051091194281984 1835136 0 50465891015 7916447985573822463 2031036 0 

trp_portuguese_cuirassier2_ai French_Cuirassier Cuirassiers 0 133170176 0 0 3 0 0
  443 0 1676 0 1199 0 1822 0 87 0 1834 0 1676 0 -1 0 -1 0 -1 0 -1 0 -1 0 -1 0 -1 0 -1 0 -1 0 -1 0 -1 0 -1 0 -1 0 -1 0 -1 0 -1 0 -1 0 -1 0 -1 0 -1 0 -1 0 -1 0 -1 0 -1 0 -1 0 -1 0 -1 0 -1 0 -1 0 -1 0 -1 0 -1 0 -1 0 -1 0 -1 0 -1 0 -1 0 -1 0 -1 0 -1 0 -1 0 -1 0 -1 0 -1 0 -1 0 -1 0 -1 0 -1 0 -1 0 -1 0 -1 0 -1 0 -1 0 -1 0 -1 0 -1 0 -1 0 
  12 10 15 15 20
 120 5 30 5 30 5 30
2586 131072 0 4 208896 0 
  34359738369 1315051091194281984 1835136 0 50465891015 7916447985573822463 2031036 0 

trp_portuguese_ship_ai French_Sailor Sailors 0 133169152 0 0 3 0 0
  1659 0 1258 0 1258 0 1259 0 88 0 90 0 101 0 108 0 187 0 187 0 187 0 187 0 188 0 189 0 189 0 186 0 156 0 28 0 157 0 5 0 5 0 5 0 -1 0 -1 0 -1 0 -1 0 -1 0 -1 0 -1 0 -1 0 -1 0 -1 0 -1 0 -1 0 -1 0 -1 0 -1 0 -1 0 -1 0 -1 0 -1 0 -1 0 -1 0 -1 0 -1 0 -1 0 -1 0 -1 0 -1 0 -1 0 -1 0 -1 0 -1 0 -1 0 -1 0 -1 0 -1 0 -1 0 -1 0 -1 0 -1 0 -1 0 -1 0 -1 0 
  12 10 15 15 20
 40 5 80 5 80 60 30
2586 131072 0 48 208896 0 
  34359738369 1315051091194281984 1835136 0 50465891015 7916447985573822463 2031036 0 

trp_portuguese_ship_marine_ai French_Marine Marines 0 133169152 0 0 3 0 0
  471 0 1658 0 1257 0 59 0 156 0 -1 0 -1 0 -1 0 -1 0 -1 0 -1 0 -1 0 -1 0 -1 0 -1 0 -1 0 -1 0 -1 0 -1 0 -1 0 -1 0 -1 0 -1 0 -1 0 -1 0 -1 0 -1 0 -1 0 -1 0 -1 0 -1 0 -1 0 -1 0 -1 0 -1 0 -1 0 -1 0 -1 0 -1 0 -1 0 -1 0 -1 0 -1 0 -1 0 -1 0 -1 0 -1 0 -1 0 -1 0 -1 0 -1 0 -1 0 -1 0 -1 0 -1 0 -1 0 -1 0 -1 0 -1 0 -1 0 -1 0 -1 0 -1 0 -1 0 
  12 10 15 15 20
 50 5 130 5 120 5 30
2586 131072 0 48 208896 0 
  34359738369 1315051091194281984 1835136 0 50465891015 7916447985573822463 2031036 0 

trp_portuguese_arty_ai French_Artillerist Artillery_(Cannon) 0 133169152 0 0 3 0 0
  434 0 435 0 1650 0 1237 0 396 0 156 0 59 0 -1 0 -1 0 -1 0 -1 0 -1 0 -1 0 -1 0 -1 0 -1 0 -1 0 -1 0 -1 0 -1 0 -1 0 -1 0 -1 0 -1 0 -1 0 -1 0 -1 0 -1 0 -1 0 -1 0 -1 0 -1 0 -1 0 -1 0 -1 0 -1 0 -1 0 -1 0 -1 0 -1 0 -1 0 -1 0 -1 0 -1 0 -1 0 -1 0 -1 0 -1 0 -1 0 -1 0 -1 0 -1 0 -1 0 -1 0 -1 0 -1 0 -1 0 -1 0 -1 0 -1 0 -1 0 -1 0 -1 0 -1 0 
  12 10 15 15 20
 50 5 50 5 80 5 30
2586 131072 0 49 204800 0 
  34359738369 1315051091194281984 1835136 0 50465891015 7916447985573822463 2031036 0 

trp_portuguese_arty_alt_ai French_Artillerist Artillery_(Howitzer) 0 133169152 0 0 3 0 0
  434 0 435 0 1650 0 1237 0 396 0 156 0 59 0 -1 0 -1 0 -1 0 -1 0 -1 0 -1 0 -1 0 -1 0 -1 0 -1 0 -1 0 -1 0 -1 0 -1 0 -1 0 -1 0 -1 0 -1 0 -1 0 -1 0 -1 0 -1 0 -1 0 -1 0 -1 0 -1 0 -1 0 -1 0 -1 0 -1 0 -1 0 -1 0 -1 0 -1 0 -1 0 -1 0 -1 0 -1 0 -1 0 -1 0 -1 0 -1 0 -1 0 -1 0 -1 0 -1 0 -1 0 -1 0 -1 0 -1 0 -1 0 -1 0 -1 0 -1 0 -1 0 -1 0 -1 0 
  12 10 15 15 20
 50 5 50 5 80 5 30
2586 131072 0 49 204800 0 
  34359738369 1315051091194281984 1835136 0 50465891015 7916447985573822463 2031036 0 

trp_portuguese_horseart_ai French_Horse_Artillery Horse_Artillery 0 133169152 0 0 3 0 0
  519 0 1669 0 1300 0 396 0 395 0 91 0 1846 0 -1 0 -1 0 -1 0 -1 0 -1 0 -1 0 -1 0 -1 0 -1 0 -1 0 -1 0 -1 0 -1 0 -1 0 -1 0 -1 0 -1 0 -1 0 -1 0 -1 0 -1 0 -1 0 -1 0 -1 0 -1 0 -1 0 -1 0 -1 0 -1 0 -1 0 -1 0 -1 0 -1 0 -1 0 -1 0 -1 0 -1 0 -1 0 -1 0 -1 0 -1 0 -1 0 -1 0 -1 0 -1 0 -1 0 -1 0 -1 0 -1 0 -1 0 -1 0 -1 0 -1 0 -1 0 -1 0 -1 0 -1 0 
  12 10 15 15 20
 70 5 30 5 30 5 30
2586 131072 0 49 204800 0 
  34359738369 1315051091194281984 1835136 0 50465891015 7916447985573822463 2031036 0 

trp_british_infantry 33rd_Regiment_of_Foot Line_Infantry 0 133169152 0 0 6 0 0
  521 0 1639 0 1367 0 63 0 156 0 -1 0 -1 0 -1 0 -1 0 -1 0 -1 0 -1 0 -1 0 -1 0 -1 0 -1 0 -1 0 -1 0 -1 0 -1 0 -1 0 -1 0 -1 0 -1 0 -1 0 -1 0 -1 0 -1 0 -1 0 -1 0 -1 0 -1 0 -1 0 -1 0 -1 0 -1 0 -1 0 -1 0 -1 0 -1 0 -1 0 -1 0 -1 0 -1 0 -1 0 -1 0 -1 0 -1 0 -1 0 -1 0 -1 0 -1 0 -1 0 -1 0 -1 0 -1 0 -1 0 -1 0 -1 0 -1 0 -1 0 -1 0 -1 0 -1 0 
  15 15 15 15 20
 50 5 130 5 150 5 30
2586 131072 0 48 208896 0 
  34359738369 1315051091194281984 1835136 0 50465891015 7916447985573822463 2031036 0 

trp_british_infantry_flag_bearer British_Line_Infantry Ensign 0 133169152 0 0 20 0 0
  522 0 1684 0 1367 0 1826 0 255 0 256 0 114 0 -1 0 -1 0 -1 0 -1 0 -1 0 -1 0 -1 0 -1 0 -1 0 -1 0 -1 0 -1 0 -1 0 -1 0 -1 0 -1 0 -1 0 -1 0 -1 0 -1 0 -1 0 -1 0 -1 0 -1 0 -1 0 -1 0 -1 0 -1 0 -1 0 -1 0 -1 0 -1 0 -1 0 -1 0 -1 0 -1 0 -1 0 -1 0 -1 0 -1 0 -1 0 -1 0 -1 0 -1 0 -1 0 -1 0 -1 0 -1 0 -1 0 -1 0 -1 0 -1 0 -1 0 -1 0 -1 0 -1 0 -1 0 
  15 15 15 15 20
 80 5 80 5 50 5 30
2586 131072 0 48 208896 0 
  34359738369 1315051091194281984 1835136 0 50465891015 7916447985573822463 2031036 0 

trp_british_infantry_nco British_Line_Infantry Sergeant 0 133169152 0 0 20 0 0
  522 0 1684 0 1367 0 1826 0 63 0 156 0 -1 0 -1 0 -1 0 -1 0 -1 0 -1 0 -1 0 -1 0 -1 0 -1 0 -1 0 -1 0 -1 0 -1 0 -1 0 -1 0 -1 0 -1 0 -1 0 -1 0 -1 0 -1 0 -1 0 -1 0 -1 0 -1 0 -1 0 -1 0 -1 0 -1 0 -1 0 -1 0 -1 0 -1 0 -1 0 -1 0 -1 0 -1 0 -1 0 -1 0 -1 0 -1 0 -1 0 -1 0 -1 0 -1 0 -1 0 -1 0 -1 0 -1 0 -1 0 -1 0 -1 0 -1 0 -1 0 -1 0 -1 0 -1 0 
  15 15 15 15 20
 50 5 130 5 150 5 30
2586 131072 0 48 208896 0 
  34359738369 1315051091194281984 1835136 0 50465891015 7916447985573822463 2031036 0 

trp_british_infantry_officer British_Line_Infantry Officer 0 133169152 0 0 20 0 0
  523 0 1684 0 1367 0 1826 0 116 0 11 0 157 0 398 0 -1 0 -1 0 -1 0 -1 0 -1 0 -1 0 -1 0 -1 0 -1 0 -1 0 -1 0 -1 0 -1 0 -1 0 -1 0 -1 0 -1 0 -1 0 -1 0 -1 0 -1 0 -1 0 -1 0 -1 0 -1 0 -1 0 -1 0 -1 0 -1 0 -1 0 -1 0 -1 0 -1 0 -1 0 -1 0 -1 0 -1 0 -1 0 -1 0 -1 0 -1 0 -1 0 -1 0 -1 0 -1 0 -1 0 -1 0 -1 0 -1 0 -1 0 -1 0 -1 0 -1 0 -1 0 -1 0 -1 0 
  15 15 15 15 20
 80 5 80 5 50 5 30
2586 131072 0 48 208896 0 
  34359738369 1315051091194281984 1835136 0 50465891015 7916447985573822463 2031036 0 

trp_british_infantry_drum British_Line_Infantry Drummer 0 133169152 0 0 20 0 0
  524 0 1639 0 1367 0 1820 0 150 0 114 0 -1 0 -1 0 -1 0 -1 0 -1 0 -1 0 -1 0 -1 0 -1 0 -1 0 -1 0 -1 0 -1 0 -1 0 -1 0 -1 0 -1 0 -1 0 -1 0 -1 0 -1 0 -1 0 -1 0 -1 0 -1 0 -1 0 -1 0 -1 0 -1 0 -1 0 -1 0 -1 0 -1 0 -1 0 -1 0 -1 0 -1 0 -1 0 -1 0 -1 0 -1 0 -1 0 -1 0 -1 0 -1 0 -1 0 -1 0 -1 0 -1 0 -1 0 -1 0 -1 0 -1 0 -1 0 -1 0 -1 0 -1 0 -1 0 
  15 15 15 15 20
 80 5 80 5 50 5 30
2586 131072 0 48 208896 0 
  34359738369 1315051091194281984 1835136 0 50465891015 7916447985573822463 2031036 0 

trp_british_infantry_flute British_Line_Infantry Fifer 0 133169152 0 0 20 0 0
  525 0 1639 0 1367 0 151 0 114 0 -1 0 -1 0 -1 0 -1 0 -1 0 -1 0 -1 0 -1 0 -1 0 -1 0 -1 0 -1 0 -1 0 -1 0 -1 0 -1 0 -1 0 -1 0 -1 0 -1 0 -1 0 -1 0 -1 0 -1 0 -1 0 -1 0 -1 0 -1 0 -1 0 -1 0 -1 0 -1 0 -1 0 -1 0 -1 0 -1 0 -1 0 -1 0 -1 0 -1 0 -1 0 -1 0 -1 0 -1 0 -1 0 -1 0 -1 0 -1 0 -1 0 -1 0 -1 0 -1 0 -1 0 -1 0 -1 0 -1 0 -1 0 -1 0 -1 0 
  15 15 15 15 20
 80 5 80 5 50 5 30
2586 131072 0 48 208896 0 
  34359738369 1315051091194281984 1835136 0 50465891015 7916447985573822463 2031036 0 

trp_british_infantry2 5th_Line_Battalion_King's_German_Legion Line_Infantry 0 133169152 0 0 6 0 0
  526 0 1639 0 1352 0 63 0 156 0 -1 0 -1 0 -1 0 -1 0 -1 0 -1 0 -1 0 -1 0 -1 0 -1 0 -1 0 -1 0 -1 0 -1 0 -1 0 -1 0 -1 0 -1 0 -1 0 -1 0 -1 0 -1 0 -1 0 -1 0 -1 0 -1 0 -1 0 -1 0 -1 0 -1 0 -1 0 -1 0 -1 0 -1 0 -1 0 -1 0 -1 0 -1 0 -1 0 -1 0 -1 0 -1 0 -1 0 -1 0 -1 0 -1 0 -1 0 -1 0 -1 0 -1 0 -1 0 -1 0 -1 0 -1 0 -1 0 -1 0 -1 0 -1 0 -1 0 
  15 15 15 15 20
 50 5 130 5 150 5 30
2586 131072 0 48 208896 0 
  34359738369 1315051091194281984 1835136 0 50465891015 7916447985573822463 2031036 0 

trp_british_infantry2_flag_bearer German_Line_Infantry Ensign 0 133169152 0 0 20 0 0
  527 0 1684 0 1351 0 1826 0 263 0 264 0 114 0 -1 0 -1 0 -1 0 -1 0 -1 0 -1 0 -1 0 -1 0 -1 0 -1 0 -1 0 -1 0 -1 0 -1 0 -1 0 -1 0 -1 0 -1 0 -1 0 -1 0 -1 0 -1 0 -1 0 -1 0 -1 0 -1 0 -1 0 -1 0 -1 0 -1 0 -1 0 -1 0 -1 0 -1 0 -1 0 -1 0 -1 0 -1 0 -1 0 -1 0 -1 0 -1 0 -1 0 -1 0 -1 0 -1 0 -1 0 -1 0 -1 0 -1 0 -1 0 -1 0 -1 0 -1 0 -1 0 -1 0 -1 0 
  15 15 15 15 20
 80 5 80 5 50 5 30
2586 131072 0 48 208896 0 
  34359738369 1315051091194281984 1835136 0 50465891015 7916447985573822463 2031036 0 

trp_british_infantry2_nco German_Line_Infantry Sergeant 0 133169152 0 0 20 0 0
  527 0 1684 0 1351 0 1826 0 63 0 156 0 -1 0 -1 0 -1 0 -1 0 -1 0 -1 0 -1 0 -1 0 -1 0 -1 0 -1 0 -1 0 -1 0 -1 0 -1 0 -1 0 -1 0 -1 0 -1 0 -1 0 -1 0 -1 0 -1 0 -1 0 -1 0 -1 0 -1 0 -1 0 -1 0 -1 0 -1 0 -1 0 -1 0 -1 0 -1 0 -1 0 -1 0 -1 0 -1 0 -1 0 -1 0 -1 0 -1 0 -1 0 -1 0 -1 0 -1 0 -1 0 -1 0 -1 0 -1 0 -1 0 -1 0 -1 0 -1 0 -1 0 -1 0 -1 0 
  15 15 15 15 20
 50 5 130 5 150 5 30
2586 131072 0 48 208896 0 
  34359738369 1315051091194281984 1835136 0 50465891015 7916447985573822463 2031036 0 

trp_british_infantry2_officer German_Line_Infantry Officer 0 133169152 0 0 20 0 0
  528 0 1684 0 1351 0 1826 0 116 0 11 0 157 0 398 0 -1 0 -1 0 -1 0 -1 0 -1 0 -1 0 -1 0 -1 0 -1 0 -1 0 -1 0 -1 0 -1 0 -1 0 -1 0 -1 0 -1 0 -1 0 -1 0 -1 0 -1 0 -1 0 -1 0 -1 0 -1 0 -1 0 -1 0 -1 0 -1 0 -1 0 -1 0 -1 0 -1 0 -1 0 -1 0 -1 0 -1 0 -1 0 -1 0 -1 0 -1 0 -1 0 -1 0 -1 0 -1 0 -1 0 -1 0 -1 0 -1 0 -1 0 -1 0 -1 0 -1 0 -1 0 -1 0 -1 0 
  15 15 15 15 20
 80 5 80 5 50 5 30
2586 131072 0 48 208896 0 
  34359738369 1315051091194281984 1835136 0 50465891015 7916447985573822463 2031036 0 

trp_british_infantry2_drum German_Line_Infantry Drummer 0 133169152 0 0 20 0 0
  529 0 1639 0 1352 0 1820 0 150 0 114 0 -1 0 -1 0 -1 0 -1 0 -1 0 -1 0 -1 0 -1 0 -1 0 -1 0 -1 0 -1 0 -1 0 -1 0 -1 0 -1 0 -1 0 -1 0 -1 0 -1 0 -1 0 -1 0 -1 0 -1 0 -1 0 -1 0 -1 0 -1 0 -1 0 -1 0 -1 0 -1 0 -1 0 -1 0 -1 0 -1 0 -1 0 -1 0 -1 0 -1 0 -1 0 -1 0 -1 0 -1 0 -1 0 -1 0 -1 0 -1 0 -1 0 -1 0 -1 0 -1 0 -1 0 -1 0 -1 0 -1 0 -1 0 -1 0 
  15 15 15 15 20
 80 5 80 5 50 5 30
2586 131072 0 48 208896 0 
  34359738369 1315051091194281984 1835136 0 50465891015 7916447985573822463 2031036 0 

trp_british_infantry2_flute German_Line_Infantry Fifer 0 133169152 0 0 20 0 0
  530 0 1639 0 1352 0 151 0 114 0 -1 0 -1 0 -1 0 -1 0 -1 0 -1 0 -1 0 -1 0 -1 0 -1 0 -1 0 -1 0 -1 0 -1 0 -1 0 -1 0 -1 0 -1 0 -1 0 -1 0 -1 0 -1 0 -1 0 -1 0 -1 0 -1 0 -1 0 -1 0 -1 0 -1 0 -1 0 -1 0 -1 0 -1 0 -1 0 -1 0 -1 0 -1 0 -1 0 -1 0 -1 0 -1 0 -1 0 -1 0 -1 0 -1 0 -1 0 -1 0 -1 0 -1 0 -1 0 -1 0 -1 0 -1 0 -1 0 -1 0 -1 0 -1 0 -1 0 
  15 15 15 15 20
 80 5 80 5 50 5 30
2586 131072 0 48 208896 0 
  34359738369 1315051091194281984 1835136 0 50465891015 7916447985573822463 2031036 0 

trp_british_highlander 42nd_Regiment_of_Foot_(Black_Watch) Line_Infantry 0 133169152 0 0 6 0 0
  531 0 1705 0 1706 0 1361 0 63 0 156 0 -1 0 -1 0 -1 0 -1 0 -1 0 -1 0 -1 0 -1 0 -1 0 -1 0 -1 0 -1 0 -1 0 -1 0 -1 0 -1 0 -1 0 -1 0 -1 0 -1 0 -1 0 -1 0 -1 0 -1 0 -1 0 -1 0 -1 0 -1 0 -1 0 -1 0 -1 0 -1 0 -1 0 -1 0 -1 0 -1 0 -1 0 -1 0 -1 0 -1 0 -1 0 -1 0 -1 0 -1 0 -1 0 -1 0 -1 0 -1 0 -1 0 -1 0 -1 0 -1 0 -1 0 -1 0 -1 0 -1 0 -1 0 -1 0 
  15 15 15 15 20
 50 5 130 5 150 5 30
2586 131072 0 48 208896 0 
  34359738369 1315051091194281984 1835136 0 50465891015 7916447985573822463 2031036 0 

trp_british_highlander_flag_bearer British_Highland_Infantry Ensign 0 133169152 0 0 20 0 0
  532 0 1684 0 1362 0 1826 0 257 0 258 0 110 0 -1 0 -1 0 -1 0 -1 0 -1 0 -1 0 -1 0 -1 0 -1 0 -1 0 -1 0 -1 0 -1 0 -1 0 -1 0 -1 0 -1 0 -1 0 -1 0 -1 0 -1 0 -1 0 -1 0 -1 0 -1 0 -1 0 -1 0 -1 0 -1 0 -1 0 -1 0 -1 0 -1 0 -1 0 -1 0 -1 0 -1 0 -1 0 -1 0 -1 0 -1 0 -1 0 -1 0 -1 0 -1 0 -1 0 -1 0 -1 0 -1 0 -1 0 -1 0 -1 0 -1 0 -1 0 -1 0 -1 0 -1 0 
  15 15 15 15 20
 80 5 80 5 50 5 30
2586 131072 0 48 208896 0 
  34359738369 1315051091194281984 1835136 0 50465891015 7916447985573822463 2031036 0 

trp_british_highlander_nco British_Highland_Infantry Sergeant 0 133169152 0 0 20 0 0
  532 0 1684 0 1362 0 1826 0 63 0 156 0 -1 0 -1 0 -1 0 -1 0 -1 0 -1 0 -1 0 -1 0 -1 0 -1 0 -1 0 -1 0 -1 0 -1 0 -1 0 -1 0 -1 0 -1 0 -1 0 -1 0 -1 0 -1 0 -1 0 -1 0 -1 0 -1 0 -1 0 -1 0 -1 0 -1 0 -1 0 -1 0 -1 0 -1 0 -1 0 -1 0 -1 0 -1 0 -1 0 -1 0 -1 0 -1 0 -1 0 -1 0 -1 0 -1 0 -1 0 -1 0 -1 0 -1 0 -1 0 -1 0 -1 0 -1 0 -1 0 -1 0 -1 0 -1 0 
  15 15 15 15 20
 50 5 130 5 150 5 30
2586 131072 0 48 208896 0 
  34359738369 1315051091194281984 1835136 0 50465891015 7916447985573822463 2031036 0 

trp_british_highlander_officer British_Highland_Infantry Officer 0 133169152 0 0 20 0 0
  533 0 1684 0 1363 0 1826 0 110 0 11 0 157 0 398 0 -1 0 -1 0 -1 0 -1 0 -1 0 -1 0 -1 0 -1 0 -1 0 -1 0 -1 0 -1 0 -1 0 -1 0 -1 0 -1 0 -1 0 -1 0 -1 0 -1 0 -1 0 -1 0 -1 0 -1 0 -1 0 -1 0 -1 0 -1 0 -1 0 -1 0 -1 0 -1 0 -1 0 -1 0 -1 0 -1 0 -1 0 -1 0 -1 0 -1 0 -1 0 -1 0 -1 0 -1 0 -1 0 -1 0 -1 0 -1 0 -1 0 -1 0 -1 0 -1 0 -1 0 -1 0 -1 0 -1 0 
  15 15 15 15 20
 80 5 80 5 50 5 30
2586 131072 0 48 208896 0 
  34359738369 1315051091194281984 1835136 0 50465891015 7916447985573822463 2031036 0 

trp_british_highlander_drum British_Highland_Infantry Drummer 0 133169152 0 0 20 0 0
  534 0 1707 0 1364 0 1820 0 150 0 114 0 -1 0 -1 0 -1 0 -1 0 -1 0 -1 0 -1 0 -1 0 -1 0 -1 0 -1 0 -1 0 -1 0 -1 0 -1 0 -1 0 -1 0 -1 0 -1 0 -1 0 -1 0 -1 0 -1 0 -1 0 -1 0 -1 0 -1 0 -1 0 -1 0 -1 0 -1 0 -1 0 -1 0 -1 0 -1 0 -1 0 -1 0 -1 0 -1 0 -1 0 -1 0 -1 0 -1 0 -1 0 -1 0 -1 0 -1 0 -1 0 -1 0 -1 0 -1 0 -1 0 -1 0 -1 0 -1 0 -1 0 -1 0 -1 0 
  15 15 15 15 20
 80 5 80 5 50 5 30
2586 131072 0 48 208896 0 
  34359738369 1315051091194281984 1835136 0 50465891015 7916447985573822463 2031036 0 

trp_british_highlander_pipes British_Highland_Infantry Piper 0 133169152 0 0 20 0 0
  535 0 536 0 1707 0 1361 0 155 0 110 0 -1 0 -1 0 -1 0 -1 0 -1 0 -1 0 -1 0 -1 0 -1 0 -1 0 -1 0 -1 0 -1 0 -1 0 -1 0 -1 0 -1 0 -1 0 -1 0 -1 0 -1 0 -1 0 -1 0 -1 0 -1 0 -1 0 -1 0 -1 0 -1 0 -1 0 -1 0 -1 0 -1 0 -1 0 -1 0 -1 0 -1 0 -1 0 -1 0 -1 0 -1 0 -1 0 -1 0 -1 0 -1 0 -1 0 -1 0 -1 0 -1 0 -1 0 -1 0 -1 0 -1 0 -1 0 -1 0 -1 0 -1 0 -1 0 
  15 15 15 15 20
 80 5 80 5 50 5 30
2586 131072 0 48 208896 0 
  34359738369 1315051091194281984 1835136 0 50465891015 7916447985573822463 2031036 0 

trp_brit_canadian_infantry Canadian_Colonial_Infantry Line_Infantry 0 133169152 0 0 6 0 0
  584 0 1724 0 1390 0 63 0 156 0 -1 0 -1 0 -1 0 -1 0 -1 0 -1 0 -1 0 -1 0 -1 0 -1 0 -1 0 -1 0 -1 0 -1 0 -1 0 -1 0 -1 0 -1 0 -1 0 -1 0 -1 0 -1 0 -1 0 -1 0 -1 0 -1 0 -1 0 -1 0 -1 0 -1 0 -1 0 -1 0 -1 0 -1 0 -1 0 -1 0 -1 0 -1 0 -1 0 -1 0 -1 0 -1 0 -1 0 -1 0 -1 0 -1 0 -1 0 -1 0 -1 0 -1 0 -1 0 -1 0 -1 0 -1 0 -1 0 -1 0 -1 0 -1 0 -1 0 
  15 15 15 15 20
 50 5 130 5 150 5 30
2586 131072 0 48 208896 0 
  34359738369 1315051091194281984 1835136 0 50465891015 7916447985573822463 2031036 0 

trp_brit_canadian_infantry_flag_bearer British_Canadian_Infantry Ensign 0 133169152 0 0 20 0 0
  586 0 1724 0 1392 0 1826 0 267 0 266 0 114 0 -1 0 -1 0 -1 0 -1 0 -1 0 -1 0 -1 0 -1 0 -1 0 -1 0 -1 0 -1 0 -1 0 -1 0 -1 0 -1 0 -1 0 -1 0 -1 0 -1 0 -1 0 -1 0 -1 0 -1 0 -1 0 -1 0 -1 0 -1 0 -1 0 -1 0 -1 0 -1 0 -1 0 -1 0 -1 0 -1 0 -1 0 -1 0 -1 0 -1 0 -1 0 -1 0 -1 0 -1 0 -1 0 -1 0 -1 0 -1 0 -1 0 -1 0 -1 0 -1 0 -1 0 -1 0 -1 0 -1 0 -1 0 
  15 15 15 15 20
 80 5 80 5 50 5 30
2586 131072 0 48 208896 0 
  34359738369 1315051091194281984 1835136 0 50465891015 7916447985573822463 2031036 0 

trp_brit_canadian_infantry_nco British_Canadian_Infantry Sergeant 0 133169152 0 0 20 0 0
  586 0 1724 0 1392 0 1826 0 63 0 156 0 -1 0 -1 0 -1 0 -1 0 -1 0 -1 0 -1 0 -1 0 -1 0 -1 0 -1 0 -1 0 -1 0 -1 0 -1 0 -1 0 -1 0 -1 0 -1 0 -1 0 -1 0 -1 0 -1 0 -1 0 -1 0 -1 0 -1 0 -1 0 -1 0 -1 0 -1 0 -1 0 -1 0 -1 0 -1 0 -1 0 -1 0 -1 0 -1 0 -1 0 -1 0 -1 0 -1 0 -1 0 -1 0 -1 0 -1 0 -1 0 -1 0 -1 0 -1 0 -1 0 -1 0 -1 0 -1 0 -1 0 -1 0 -1 0 
  15 15 15 15 20
 50 5 130 5 150 5 30
2586 131072 0 48 208896 0 
  34359738369 1315051091194281984 1835136 0 50465891015 7916447985573822463 2031036 0 

trp_brit_canadian_infantry_officer British_Canadian_Infantry Officer 0 133169152 0 0 20 0 0
  585 0 1655 0 1392 0 1826 0 116 0 11 0 157 0 398 0 -1 0 -1 0 -1 0 -1 0 -1 0 -1 0 -1 0 -1 0 -1 0 -1 0 -1 0 -1 0 -1 0 -1 0 -1 0 -1 0 -1 0 -1 0 -1 0 -1 0 -1 0 -1 0 -1 0 -1 0 -1 0 -1 0 -1 0 -1 0 -1 0 -1 0 -1 0 -1 0 -1 0 -1 0 -1 0 -1 0 -1 0 -1 0 -1 0 -1 0 -1 0 -1 0 -1 0 -1 0 -1 0 -1 0 -1 0 -1 0 -1 0 -1 0 -1 0 -1 0 -1 0 -1 0 -1 0 -1 0 
  15 15 15 15 20
 80 5 80 5 50 5 30
2586 131072 0 48 208896 0 
  34359738369 1315051091194281984 1835136 0 50465891015 7916447985573822463 2031036 0 

trp_brit_canadian_infantry_drum British_Canadian_Infantry Drummer 0 133169152 0 0 20 0 0
  587 0 1724 0 1390 0 1820 0 150 0 114 0 -1 0 -1 0 -1 0 -1 0 -1 0 -1 0 -1 0 -1 0 -1 0 -1 0 -1 0 -1 0 -1 0 -1 0 -1 0 -1 0 -1 0 -1 0 -1 0 -1 0 -1 0 -1 0 -1 0 -1 0 -1 0 -1 0 -1 0 -1 0 -1 0 -1 0 -1 0 -1 0 -1 0 -1 0 -1 0 -1 0 -1 0 -1 0 -1 0 -1 0 -1 0 -1 0 -1 0 -1 0 -1 0 -1 0 -1 0 -1 0 -1 0 -1 0 -1 0 -1 0 -1 0 -1 0 -1 0 -1 0 -1 0 -1 0 
  15 15 15 15 20
 80 5 80 5 50 5 30
2586 131072 0 48 208896 0 
  34359738369 1315051091194281984 1835136 0 50465891015 7916447985573822463 2031036 0 

trp_brit_canadian_infantry_flute British_Canadian_Infantry Fifer 0 133169152 0 0 20 0 0
  588 0 1724 0 1390 0 151 0 114 0 -1 0 -1 0 -1 0 -1 0 -1 0 -1 0 -1 0 -1 0 -1 0 -1 0 -1 0 -1 0 -1 0 -1 0 -1 0 -1 0 -1 0 -1 0 -1 0 -1 0 -1 0 -1 0 -1 0 -1 0 -1 0 -1 0 -1 0 -1 0 -1 0 -1 0 -1 0 -1 0 -1 0 -1 0 -1 0 -1 0 -1 0 -1 0 -1 0 -1 0 -1 0 -1 0 -1 0 -1 0 -1 0 -1 0 -1 0 -1 0 -1 0 -1 0 -1 0 -1 0 -1 0 -1 0 -1 0 -1 0 -1 0 -1 0 -1 0 
  15 15 15 15 20
 80 5 80 5 50 5 30
2586 131072 0 48 208896 0 
  34359738369 1315051091194281984 1835136 0 50465891015 7916447985573822463 2031036 0 

trp_british_infantry14 14th_Regiment_of_Foot_(The_Buckinghamshire) Line_Infantry 0 133169152 0 0 6 0 0
  590 0 1639 0 1397 0 63 0 156 0 -1 0 -1 0 -1 0 -1 0 -1 0 -1 0 -1 0 -1 0 -1 0 -1 0 -1 0 -1 0 -1 0 -1 0 -1 0 -1 0 -1 0 -1 0 -1 0 -1 0 -1 0 -1 0 -1 0 -1 0 -1 0 -1 0 -1 0 -1 0 -1 0 -1 0 -1 0 -1 0 -1 0 -1 0 -1 0 -1 0 -1 0 -1 0 -1 0 -1 0 -1 0 -1 0 -1 0 -1 0 -1 0 -1 0 -1 0 -1 0 -1 0 -1 0 -1 0 -1 0 -1 0 -1 0 -1 0 -1 0 -1 0 -1 0 -1 0 
  15 15 15 15 20
 50 5 130 5 150 5 30
2586 131072 0 48 208896 0 
  34359738369 1315051091194281984 1835136 0 50465891015 7916447985573822463 2031036 0 

trp_british_infantry14_flag_bearer British_Line_Infantry Ensign 0 133169152 0 0 20 0 0
  591 0 1684 0 1397 0 1826 0 280 0 281 0 114 0 -1 0 -1 0 -1 0 -1 0 -1 0 -1 0 -1 0 -1 0 -1 0 -1 0 -1 0 -1 0 -1 0 -1 0 -1 0 -1 0 -1 0 -1 0 -1 0 -1 0 -1 0 -1 0 -1 0 -1 0 -1 0 -1 0 -1 0 -1 0 -1 0 -1 0 -1 0 -1 0 -1 0 -1 0 -1 0 -1 0 -1 0 -1 0 -1 0 -1 0 -1 0 -1 0 -1 0 -1 0 -1 0 -1 0 -1 0 -1 0 -1 0 -1 0 -1 0 -1 0 -1 0 -1 0 -1 0 -1 0 -1 0 
  15 15 15 15 20
 80 5 80 5 50 5 30
2586 131072 0 48 208896 0 
  34359738369 1315051091194281984 1835136 0 50465891015 7916447985573822463 2031036 0 

trp_british_infantry14_nco British_Line_Infantry Sergeant 0 133169152 0 0 20 0 0
  591 0 1684 0 1397 0 1826 0 63 0 156 0 -1 0 -1 0 -1 0 -1 0 -1 0 -1 0 -1 0 -1 0 -1 0 -1 0 -1 0 -1 0 -1 0 -1 0 -1 0 -1 0 -1 0 -1 0 -1 0 -1 0 -1 0 -1 0 -1 0 -1 0 -1 0 -1 0 -1 0 -1 0 -1 0 -1 0 -1 0 -1 0 -1 0 -1 0 -1 0 -1 0 -1 0 -1 0 -1 0 -1 0 -1 0 -1 0 -1 0 -1 0 -1 0 -1 0 -1 0 -1 0 -1 0 -1 0 -1 0 -1 0 -1 0 -1 0 -1 0 -1 0 -1 0 -1 0 
  15 15 15 15 20
 50 5 130 5 150 5 30
2586 131072 0 48 208896 0 
  34359738369 1315051091194281984 1835136 0 50465891015 7916447985573822463 2031036 0 

trp_british_infantry14_officer British_Line_Infantry Officer 0 133169152 0 0 20 0 0
  592 0 1684 0 1397 0 1826 0 116 0 11 0 157 0 398 0 -1 0 -1 0 -1 0 -1 0 -1 0 -1 0 -1 0 -1 0 -1 0 -1 0 -1 0 -1 0 -1 0 -1 0 -1 0 -1 0 -1 0 -1 0 -1 0 -1 0 -1 0 -1 0 -1 0 -1 0 -1 0 -1 0 -1 0 -1 0 -1 0 -1 0 -1 0 -1 0 -1 0 -1 0 -1 0 -1 0 -1 0 -1 0 -1 0 -1 0 -1 0 -1 0 -1 0 -1 0 -1 0 -1 0 -1 0 -1 0 -1 0 -1 0 -1 0 -1 0 -1 0 -1 0 -1 0 -1 0 
  15 15 15 15 20
 80 5 80 5 50 5 30
2586 131072 0 48 208896 0 
  34359738369 1315051091194281984 1835136 0 50465891015 7916447985573822463 2031036 0 

trp_british_infantry14_drum British_Line_Infantry Drummer 0 133169152 0 0 20 0 0
  593 0 1639 0 1397 0 1820 0 150 0 114 0 -1 0 -1 0 -1 0 -1 0 -1 0 -1 0 -1 0 -1 0 -1 0 -1 0 -1 0 -1 0 -1 0 -1 0 -1 0 -1 0 -1 0 -1 0 -1 0 -1 0 -1 0 -1 0 -1 0 -1 0 -1 0 -1 0 -1 0 -1 0 -1 0 -1 0 -1 0 -1 0 -1 0 -1 0 -1 0 -1 0 -1 0 -1 0 -1 0 -1 0 -1 0 -1 0 -1 0 -1 0 -1 0 -1 0 -1 0 -1 0 -1 0 -1 0 -1 0 -1 0 -1 0 -1 0 -1 0 -1 0 -1 0 -1 0 
  15 15 15 15 20
 80 5 80 5 50 5 30
2586 131072 0 48 208896 0 
  34359738369 1315051091194281984 1835136 0 50465891015 7916447985573822463 2031036 0 

trp_british_infantry14_flute British_Line_Infantry Fifer 0 133169152 0 0 20 0 0
  594 0 1639 0 1397 0 151 0 114 0 -1 0 -1 0 -1 0 -1 0 -1 0 -1 0 -1 0 -1 0 -1 0 -1 0 -1 0 -1 0 -1 0 -1 0 -1 0 -1 0 -1 0 -1 0 -1 0 -1 0 -1 0 -1 0 -1 0 -1 0 -1 0 -1 0 -1 0 -1 0 -1 0 -1 0 -1 0 -1 0 -1 0 -1 0 -1 0 -1 0 -1 0 -1 0 -1 0 -1 0 -1 0 -1 0 -1 0 -1 0 -1 0 -1 0 -1 0 -1 0 -1 0 -1 0 -1 0 -1 0 -1 0 -1 0 -1 0 -1 0 -1 0 -1 0 -1 0 
  15 15 15 15 20
 80 5 80 5 50 5 30
2586 131072 0 48 208896 0 
  34359738369 1315051091194281984 1835136 0 50465891015 7916447985573822463 2031036 0 

trp_british_highlander78 78th_Regiment_of_Foot_(the_Ross-shire_Buffs) Line_Infantry 0 133169152 0 0 6 0 0
  595 0 1725 0 1726 0 1361 0 63 0 156 0 -1 0 -1 0 -1 0 -1 0 -1 0 -1 0 -1 0 -1 0 -1 0 -1 0 -1 0 -1 0 -1 0 -1 0 -1 0 -1 0 -1 0 -1 0 -1 0 -1 0 -1 0 -1 0 -1 0 -1 0 -1 0 -1 0 -1 0 -1 0 -1 0 -1 0 -1 0 -1 0 -1 0 -1 0 -1 0 -1 0 -1 0 -1 0 -1 0 -1 0 -1 0 -1 0 -1 0 -1 0 -1 0 -1 0 -1 0 -1 0 -1 0 -1 0 -1 0 -1 0 -1 0 -1 0 -1 0 -1 0 -1 0 -1 0 
  15 15 15 15 20
 50 5 130 5 150 5 30
2586 131072 0 48 208896 0 
  34359738369 1315051091194281984 1835136 0 50465891015 7916447985573822463 2031036 0 

trp_british_highlander78_flag_bearer British_Highland_Infantry Ensign 0 133169152 0 0 20 0 0
  596 0 1684 0 1362 0 1826 0 282 0 283 0 110 0 -1 0 -1 0 -1 0 -1 0 -1 0 -1 0 -1 0 -1 0 -1 0 -1 0 -1 0 -1 0 -1 0 -1 0 -1 0 -1 0 -1 0 -1 0 -1 0 -1 0 -1 0 -1 0 -1 0 -1 0 -1 0 -1 0 -1 0 -1 0 -1 0 -1 0 -1 0 -1 0 -1 0 -1 0 -1 0 -1 0 -1 0 -1 0 -1 0 -1 0 -1 0 -1 0 -1 0 -1 0 -1 0 -1 0 -1 0 -1 0 -1 0 -1 0 -1 0 -1 0 -1 0 -1 0 -1 0 -1 0 -1 0 
  15 15 15 15 20
 80 5 80 5 50 5 30
2586 131072 0 48 208896 0 
  34359738369 1315051091194281984 1835136 0 50465891015 7916447985573822463 2031036 0 

trp_british_highlander78_nco British_Highland_Infantry Sergeant 0 133169152 0 0 20 0 0
  596 0 1684 0 1362 0 1826 0 63 0 156 0 -1 0 -1 0 -1 0 -1 0 -1 0 -1 0 -1 0 -1 0 -1 0 -1 0 -1 0 -1 0 -1 0 -1 0 -1 0 -1 0 -1 0 -1 0 -1 0 -1 0 -1 0 -1 0 -1 0 -1 0 -1 0 -1 0 -1 0 -1 0 -1 0 -1 0 -1 0 -1 0 -1 0 -1 0 -1 0 -1 0 -1 0 -1 0 -1 0 -1 0 -1 0 -1 0 -1 0 -1 0 -1 0 -1 0 -1 0 -1 0 -1 0 -1 0 -1 0 -1 0 -1 0 -1 0 -1 0 -1 0 -1 0 -1 0 
  15 15 15 15 20
 50 5 130 5 150 5 30
2586 131072 0 48 208896 0 
  34359738369 1315051091194281984 1835136 0 50465891015 7916447985573822463 2031036 0 

trp_british_highlander78_officer British_Highland_Infantry Officer 0 133169152 0 0 20 0 0
  597 0 1684 0 1363 0 1826 0 110 0 11 0 157 0 398 0 -1 0 -1 0 -1 0 -1 0 -1 0 -1 0 -1 0 -1 0 -1 0 -1 0 -1 0 -1 0 -1 0 -1 0 -1 0 -1 0 -1 0 -1 0 -1 0 -1 0 -1 0 -1 0 -1 0 -1 0 -1 0 -1 0 -1 0 -1 0 -1 0 -1 0 -1 0 -1 0 -1 0 -1 0 -1 0 -1 0 -1 0 -1 0 -1 0 -1 0 -1 0 -1 0 -1 0 -1 0 -1 0 -1 0 -1 0 -1 0 -1 0 -1 0 -1 0 -1 0 -1 0 -1 0 -1 0 -1 0 
  15 15 15 15 20
 80 5 80 5 50 5 30
2586 131072 0 48 208896 0 
  34359738369 1315051091194281984 1835136 0 50465891015 7916447985573822463 2031036 0 

trp_british_highlander78_drum British_Highland_Infantry Drummer 0 133169152 0 0 20 0 0
  598 0 1727 0 1364 0 1820 0 150 0 114 0 -1 0 -1 0 -1 0 -1 0 -1 0 -1 0 -1 0 -1 0 -1 0 -1 0 -1 0 -1 0 -1 0 -1 0 -1 0 -1 0 -1 0 -1 0 -1 0 -1 0 -1 0 -1 0 -1 0 -1 0 -1 0 -1 0 -1 0 -1 0 -1 0 -1 0 -1 0 -1 0 -1 0 -1 0 -1 0 -1 0 -1 0 -1 0 -1 0 -1 0 -1 0 -1 0 -1 0 -1 0 -1 0 -1 0 -1 0 -1 0 -1 0 -1 0 -1 0 -1 0 -1 0 -1 0 -1 0 -1 0 -1 0 -1 0 
  15 15 15 15 20
 80 5 80 5 50 5 30
2586 131072 0 48 208896 0 
  34359738369 1315051091194281984 1835136 0 50465891015 7916447985573822463 2031036 0 

trp_british_highlander78_pipes British_Highland_Infantry Piper 0 133169152 0 0 20 0 0
  599 0 1727 0 1361 0 155 0 110 0 -1 0 -1 0 -1 0 -1 0 -1 0 -1 0 -1 0 -1 0 -1 0 -1 0 -1 0 -1 0 -1 0 -1 0 -1 0 -1 0 -1 0 -1 0 -1 0 -1 0 -1 0 -1 0 -1 0 -1 0 -1 0 -1 0 -1 0 -1 0 -1 0 -1 0 -1 0 -1 0 -1 0 -1 0 -1 0 -1 0 -1 0 -1 0 -1 0 -1 0 -1 0 -1 0 -1 0 -1 0 -1 0 -1 0 -1 0 -1 0 -1 0 -1 0 -1 0 -1 0 -1 0 -1 0 -1 0 -1 0 -1 0 -1 0 -1 0 
  15 15 15 15 20
 80 5 80 5 50 5 30
2586 131072 0 48 208896 0 
  34359738369 1315051091194281984 1835136 0 50465891015 7916447985573822463 2031036 0 

trp_british_foot_guard1 1st_Regiment_of_Foot_Guards Foot_Guard 0 133169152 0 0 6 0 0
  582 0 1710 0 1366 0 63 0 156 0 -1 0 -1 0 -1 0 -1 0 -1 0 -1 0 -1 0 -1 0 -1 0 -1 0 -1 0 -1 0 -1 0 -1 0 -1 0 -1 0 -1 0 -1 0 -1 0 -1 0 -1 0 -1 0 -1 0 -1 0 -1 0 -1 0 -1 0 -1 0 -1 0 -1 0 -1 0 -1 0 -1 0 -1 0 -1 0 -1 0 -1 0 -1 0 -1 0 -1 0 -1 0 -1 0 -1 0 -1 0 -1 0 -1 0 -1 0 -1 0 -1 0 -1 0 -1 0 -1 0 -1 0 -1 0 -1 0 -1 0 -1 0 -1 0 -1 0 
  15 15 15 15 20
 50 5 145 5 150 5 30
2586 131072 0 48 208896 0 
  34359738369 1315051091194281984 1835136 0 50465891015 7916447985573822463 2031036 0 

trp_british_foot_guard1_flag_bearer British_Foot_Guard Ensign 0 133169152 0 0 20 0 0
  538 0 1710 0 1365 0 1826 0 284 0 285 0 114 0 -1 0 -1 0 -1 0 -1 0 -1 0 -1 0 -1 0 -1 0 -1 0 -1 0 -1 0 -1 0 -1 0 -1 0 -1 0 -1 0 -1 0 -1 0 -1 0 -1 0 -1 0 -1 0 -1 0 -1 0 -1 0 -1 0 -1 0 -1 0 -1 0 -1 0 -1 0 -1 0 -1 0 -1 0 -1 0 -1 0 -1 0 -1 0 -1 0 -1 0 -1 0 -1 0 -1 0 -1 0 -1 0 -1 0 -1 0 -1 0 -1 0 -1 0 -1 0 -1 0 -1 0 -1 0 -1 0 -1 0 -1 0 
  15 15 15 15 20
 80 5 80 5 50 5 30
2586 131072 0 48 208896 0 
  34359738369 1315051091194281984 1835136 0 50465891015 7916447985573822463 2031036 0 

trp_british_foot_guard1_nco British_Foot_Guard Sergeant 0 133169152 0 0 20 0 0
  538 0 1710 0 1365 0 1826 0 63 0 156 0 -1 0 -1 0 -1 0 -1 0 -1 0 -1 0 -1 0 -1 0 -1 0 -1 0 -1 0 -1 0 -1 0 -1 0 -1 0 -1 0 -1 0 -1 0 -1 0 -1 0 -1 0 -1 0 -1 0 -1 0 -1 0 -1 0 -1 0 -1 0 -1 0 -1 0 -1 0 -1 0 -1 0 -1 0 -1 0 -1 0 -1 0 -1 0 -1 0 -1 0 -1 0 -1 0 -1 0 -1 0 -1 0 -1 0 -1 0 -1 0 -1 0 -1 0 -1 0 -1 0 -1 0 -1 0 -1 0 -1 0 -1 0 -1 0 
  15 15 15 15 20
 50 5 145 5 150 5 30
2586 131072 0 48 208896 0 
  34359738369 1315051091194281984 1835136 0 50465891015 7916447985573822463 2031036 0 

trp_british_foot_guard1_officer British_Foot_Guard Officer 0 133169152 0 0 20 0 0
  539 0 1710 0 1365 0 1826 0 11 0 157 0 116 0 398 0 -1 0 -1 0 -1 0 -1 0 -1 0 -1 0 -1 0 -1 0 -1 0 -1 0 -1 0 -1 0 -1 0 -1 0 -1 0 -1 0 -1 0 -1 0 -1 0 -1 0 -1 0 -1 0 -1 0 -1 0 -1 0 -1 0 -1 0 -1 0 -1 0 -1 0 -1 0 -1 0 -1 0 -1 0 -1 0 -1 0 -1 0 -1 0 -1 0 -1 0 -1 0 -1 0 -1 0 -1 0 -1 0 -1 0 -1 0 -1 0 -1 0 -1 0 -1 0 -1 0 -1 0 -1 0 -1 0 -1 0 
  15 15 15 15 20
 80 5 80 5 50 5 30
2586 131072 0 48 208896 0 
  34359738369 1315051091194281984 1835136 0 50465891015 7916447985573822463 2031036 0 

trp_british_foot_guard1_drum British_Foot_Guard Drummer 0 133169152 0 0 20 0 0
  540 0 1710 0 1366 0 150 0 1820 0 114 0 -1 0 -1 0 -1 0 -1 0 -1 0 -1 0 -1 0 -1 0 -1 0 -1 0 -1 0 -1 0 -1 0 -1 0 -1 0 -1 0 -1 0 -1 0 -1 0 -1 0 -1 0 -1 0 -1 0 -1 0 -1 0 -1 0 -1 0 -1 0 -1 0 -1 0 -1 0 -1 0 -1 0 -1 0 -1 0 -1 0 -1 0 -1 0 -1 0 -1 0 -1 0 -1 0 -1 0 -1 0 -1 0 -1 0 -1 0 -1 0 -1 0 -1 0 -1 0 -1 0 -1 0 -1 0 -1 0 -1 0 -1 0 -1 0 
  15 15 15 15 20
 80 5 80 5 50 5 30
2586 131072 0 48 208896 0 
  34359738369 1315051091194281984 1835136 0 50465891015 7916447985573822463 2031036 0 

trp_british_foot_guard1_flute British_Foot_Guard Fifer 0 133169152 0 0 20 0 0
  541 0 1710 0 1366 0 151 0 114 0 -1 0 -1 0 -1 0 -1 0 -1 0 -1 0 -1 0 -1 0 -1 0 -1 0 -1 0 -1 0 -1 0 -1 0 -1 0 -1 0 -1 0 -1 0 -1 0 -1 0 -1 0 -1 0 -1 0 -1 0 -1 0 -1 0 -1 0 -1 0 -1 0 -1 0 -1 0 -1 0 -1 0 -1 0 -1 0 -1 0 -1 0 -1 0 -1 0 -1 0 -1 0 -1 0 -1 0 -1 0 -1 0 -1 0 -1 0 -1 0 -1 0 -1 0 -1 0 -1 0 -1 0 -1 0 -1 0 -1 0 -1 0 -1 0 -1 0 
  15 15 15 15 20
 80 5 80 5 50 5 30
2586 131072 0 48 208896 0 
  34359738369 1315051091194281984 1835136 0 50465891015 7916447985573822463 2031036 0 

trp_british_foot_guard Coldstream_Regiment_of_Foot_Guards Foot_Guard 0 133169152 0 0 6 0 0
  537 0 1712 0 1366 0 63 0 156 0 -1 0 -1 0 -1 0 -1 0 -1 0 -1 0 -1 0 -1 0 -1 0 -1 0 -1 0 -1 0 -1 0 -1 0 -1 0 -1 0 -1 0 -1 0 -1 0 -1 0 -1 0 -1 0 -1 0 -1 0 -1 0 -1 0 -1 0 -1 0 -1 0 -1 0 -1 0 -1 0 -1 0 -1 0 -1 0 -1 0 -1 0 -1 0 -1 0 -1 0 -1 0 -1 0 -1 0 -1 0 -1 0 -1 0 -1 0 -1 0 -1 0 -1 0 -1 0 -1 0 -1 0 -1 0 -1 0 -1 0 -1 0 -1 0 -1 0 
  15 15 15 15 20
 50 5 145 5 150 5 30
2586 131072 0 48 208896 0 
  34359738369 1315051091194281984 1835136 0 50465891015 7916447985573822463 2031036 0 

trp_british_foot_guard_flag_bearer British_Foot_Guard Ensign 0 133169152 0 0 20 0 0
  538 0 1684 0 1365 0 1826 0 259 0 260 0 114 0 -1 0 -1 0 -1 0 -1 0 -1 0 -1 0 -1 0 -1 0 -1 0 -1 0 -1 0 -1 0 -1 0 -1 0 -1 0 -1 0 -1 0 -1 0 -1 0 -1 0 -1 0 -1 0 -1 0 -1 0 -1 0 -1 0 -1 0 -1 0 -1 0 -1 0 -1 0 -1 0 -1 0 -1 0 -1 0 -1 0 -1 0 -1 0 -1 0 -1 0 -1 0 -1 0 -1 0 -1 0 -1 0 -1 0 -1 0 -1 0 -1 0 -1 0 -1 0 -1 0 -1 0 -1 0 -1 0 -1 0 -1 0 
  15 15 15 15 20
 80 5 80 5 50 5 30
2586 131072 0 48 208896 0 
  34359738369 1315051091194281984 1835136 0 50465891015 7916447985573822463 2031036 0 

trp_british_foot_guard_nco British_Foot_Guard Sergeant 0 133169152 0 0 20 0 0
  538 0 1684 0 1365 0 1826 0 63 0 156 0 -1 0 -1 0 -1 0 -1 0 -1 0 -1 0 -1 0 -1 0 -1 0 -1 0 -1 0 -1 0 -1 0 -1 0 -1 0 -1 0 -1 0 -1 0 -1 0 -1 0 -1 0 -1 0 -1 0 -1 0 -1 0 -1 0 -1 0 -1 0 -1 0 -1 0 -1 0 -1 0 -1 0 -1 0 -1 0 -1 0 -1 0 -1 0 -1 0 -1 0 -1 0 -1 0 -1 0 -1 0 -1 0 -1 0 -1 0 -1 0 -1 0 -1 0 -1 0 -1 0 -1 0 -1 0 -1 0 -1 0 -1 0 -1 0 
  15 15 15 15 20
 50 5 145 5 150 5 30
2586 131072 0 48 208896 0 
  34359738369 1315051091194281984 1835136 0 50465891015 7916447985573822463 2031036 0 

trp_british_foot_guard_officer British_Foot_Guard Officer 0 133169152 0 0 20 0 0
  539 0 1684 0 1365 0 1826 0 11 0 157 0 116 0 398 0 -1 0 -1 0 -1 0 -1 0 -1 0 -1 0 -1 0 -1 0 -1 0 -1 0 -1 0 -1 0 -1 0 -1 0 -1 0 -1 0 -1 0 -1 0 -1 0 -1 0 -1 0 -1 0 -1 0 -1 0 -1 0 -1 0 -1 0 -1 0 -1 0 -1 0 -1 0 -1 0 -1 0 -1 0 -1 0 -1 0 -1 0 -1 0 -1 0 -1 0 -1 0 -1 0 -1 0 -1 0 -1 0 -1 0 -1 0 -1 0 -1 0 -1 0 -1 0 -1 0 -1 0 -1 0 -1 0 -1 0 
  15 15 15 15 20
 80 5 80 5 50 5 30
2586 131072 0 48 208896 0 
  34359738369 1315051091194281984 1835136 0 50465891015 7916447985573822463 2031036 0 

trp_british_foot_guard_drum British_Foot_Guard Drummer 0 133169152 0 0 20 0 0
  540 0 1712 0 1366 0 150 0 1820 0 114 0 -1 0 -1 0 -1 0 -1 0 -1 0 -1 0 -1 0 -1 0 -1 0 -1 0 -1 0 -1 0 -1 0 -1 0 -1 0 -1 0 -1 0 -1 0 -1 0 -1 0 -1 0 -1 0 -1 0 -1 0 -1 0 -1 0 -1 0 -1 0 -1 0 -1 0 -1 0 -1 0 -1 0 -1 0 -1 0 -1 0 -1 0 -1 0 -1 0 -1 0 -1 0 -1 0 -1 0 -1 0 -1 0 -1 0 -1 0 -1 0 -1 0 -1 0 -1 0 -1 0 -1 0 -1 0 -1 0 -1 0 -1 0 -1 0 
  15 15 15 15 20
 80 5 80 5 50 5 30
2586 131072 0 48 208896 0 
  34359738369 1315051091194281984 1835136 0 50465891015 7916447985573822463 2031036 0 

trp_british_foot_guard_flute British_Foot_Guard Fifer 0 133169152 0 0 20 0 0
  541 0 1712 0 1366 0 151 0 114 0 -1 0 -1 0 -1 0 -1 0 -1 0 -1 0 -1 0 -1 0 -1 0 -1 0 -1 0 -1 0 -1 0 -1 0 -1 0 -1 0 -1 0 -1 0 -1 0 -1 0 -1 0 -1 0 -1 0 -1 0 -1 0 -1 0 -1 0 -1 0 -1 0 -1 0 -1 0 -1 0 -1 0 -1 0 -1 0 -1 0 -1 0 -1 0 -1 0 -1 0 -1 0 -1 0 -1 0 -1 0 -1 0 -1 0 -1 0 -1 0 -1 0 -1 0 -1 0 -1 0 -1 0 -1 0 -1 0 -1 0 -1 0 -1 0 -1 0 
  15 15 15 15 20
 80 5 80 5 50 5 30
2586 131072 0 48 208896 0 
  34359738369 1315051091194281984 1835136 0 50465891015 7916447985573822463 2031036 0 

trp_brit_indian 5th_West_India_Regiment_of_Foot Foot_Guard 0 133169152 0 0 6 0 0
  576 0 1723 0 1396 0 63 0 156 0 -1 0 -1 0 -1 0 -1 0 -1 0 -1 0 -1 0 -1 0 -1 0 -1 0 -1 0 -1 0 -1 0 -1 0 -1 0 -1 0 -1 0 -1 0 -1 0 -1 0 -1 0 -1 0 -1 0 -1 0 -1 0 -1 0 -1 0 -1 0 -1 0 -1 0 -1 0 -1 0 -1 0 -1 0 -1 0 -1 0 -1 0 -1 0 -1 0 -1 0 -1 0 -1 0 -1 0 -1 0 -1 0 -1 0 -1 0 -1 0 -1 0 -1 0 -1 0 -1 0 -1 0 -1 0 -1 0 -1 0 -1 0 -1 0 -1 0 
  15 15 15 15 20
 50 5 145 5 150 5 30
2586 131072 0 48 208896 0 
  34359738369 1315051091194281984 1835136 0 50465891015 7916447985573822463 2031036 0 

trp_brit_indian_flag_bearer British_Indian_Infantry Ensign 0 133169152 0 0 20 0 0
  578 0 1723 0 1394 0 1826 0 269 0 268 0 114 0 -1 0 -1 0 -1 0 -1 0 -1 0 -1 0 -1 0 -1 0 -1 0 -1 0 -1 0 -1 0 -1 0 -1 0 -1 0 -1 0 -1 0 -1 0 -1 0 -1 0 -1 0 -1 0 -1 0 -1 0 -1 0 -1 0 -1 0 -1 0 -1 0 -1 0 -1 0 -1 0 -1 0 -1 0 -1 0 -1 0 -1 0 -1 0 -1 0 -1 0 -1 0 -1 0 -1 0 -1 0 -1 0 -1 0 -1 0 -1 0 -1 0 -1 0 -1 0 -1 0 -1 0 -1 0 -1 0 -1 0 -1 0 
  15 15 15 15 20
 80 5 80 5 50 5 30
2586 131072 0 48 208896 0 
  34359738369 1315051091194281984 1835136 0 50465891015 7916447985573822463 2031036 0 

trp_brit_indian_nco British_Indian_Infantry Sergeant 0 133169152 0 0 20 0 0
  579 0 1723 0 1394 0 1826 0 63 0 156 0 -1 0 -1 0 -1 0 -1 0 -1 0 -1 0 -1 0 -1 0 -1 0 -1 0 -1 0 -1 0 -1 0 -1 0 -1 0 -1 0 -1 0 -1 0 -1 0 -1 0 -1 0 -1 0 -1 0 -1 0 -1 0 -1 0 -1 0 -1 0 -1 0 -1 0 -1 0 -1 0 -1 0 -1 0 -1 0 -1 0 -1 0 -1 0 -1 0 -1 0 -1 0 -1 0 -1 0 -1 0 -1 0 -1 0 -1 0 -1 0 -1 0 -1 0 -1 0 -1 0 -1 0 -1 0 -1 0 -1 0 -1 0 -1 0 
  15 15 15 15 20
 50 5 145 5 150 5 30
2586 131072 0 48 208896 0 
  34359738369 1315051091194281984 1835136 0 50465891015 7916447985573822463 2031036 0 

trp_brit_indian_officer British_Indian_Infantry Officer 0 133169152 0 0 20 0 0
  577 0 1723 0 1394 0 1826 0 116 0 11 0 157 0 398 0 -1 0 -1 0 -1 0 -1 0 -1 0 -1 0 -1 0 -1 0 -1 0 -1 0 -1 0 -1 0 -1 0 -1 0 -1 0 -1 0 -1 0 -1 0 -1 0 -1 0 -1 0 -1 0 -1 0 -1 0 -1 0 -1 0 -1 0 -1 0 -1 0 -1 0 -1 0 -1 0 -1 0 -1 0 -1 0 -1 0 -1 0 -1 0 -1 0 -1 0 -1 0 -1 0 -1 0 -1 0 -1 0 -1 0 -1 0 -1 0 -1 0 -1 0 -1 0 -1 0 -1 0 -1 0 -1 0 -1 0 
  15 15 15 15 20
 80 5 80 5 50 5 30
2586 131072 0 48 208896 0 
  34359738369 1315051091194281984 1835136 0 50465891015 7916447985573822463 2031036 0 

trp_brit_indian_drum British_Indian_Infantry Drummer 0 133169152 0 0 20 0 0
  580 0 1723 0 1396 0 1820 0 150 0 114 0 -1 0 -1 0 -1 0 -1 0 -1 0 -1 0 -1 0 -1 0 -1 0 -1 0 -1 0 -1 0 -1 0 -1 0 -1 0 -1 0 -1 0 -1 0 -1 0 -1 0 -1 0 -1 0 -1 0 -1 0 -1 0 -1 0 -1 0 -1 0 -1 0 -1 0 -1 0 -1 0 -1 0 -1 0 -1 0 -1 0 -1 0 -1 0 -1 0 -1 0 -1 0 -1 0 -1 0 -1 0 -1 0 -1 0 -1 0 -1 0 -1 0 -1 0 -1 0 -1 0 -1 0 -1 0 -1 0 -1 0 -1 0 -1 0 
  15 15 15 15 20
 80 5 80 5 50 5 30
2586 131072 0 48 208896 0 
  34359738369 1315051091194281984 1835136 0 50465891015 7916447985573822463 2031036 0 

trp_brit_indian_flute British_Indian_Infantry Fifer 0 133169152 0 0 20 0 0
  581 0 1723 0 1396 0 151 0 114 0 -1 0 -1 0 -1 0 -1 0 -1 0 -1 0 -1 0 -1 0 -1 0 -1 0 -1 0 -1 0 -1 0 -1 0 -1 0 -1 0 -1 0 -1 0 -1 0 -1 0 -1 0 -1 0 -1 0 -1 0 -1 0 -1 0 -1 0 -1 0 -1 0 -1 0 -1 0 -1 0 -1 0 -1 0 -1 0 -1 0 -1 0 -1 0 -1 0 -1 0 -1 0 -1 0 -1 0 -1 0 -1 0 -1 0 -1 0 -1 0 -1 0 -1 0 -1 0 -1 0 -1 0 -1 0 -1 0 -1 0 -1 0 -1 0 -1 0 
  15 15 15 15 20
 80 5 80 5 50 5 30
2586 131072 0 48 208896 0 
  34359738369 1315051091194281984 1835136 0 50465891015 7916447985573822463 2031036 0 

trp_british_light_infantry 51st_(2nd_Yorkshire_West_Riding)_Regiment_of_Foot Light_Infantry 0 133169152 0 0 6 0 0
  542 0 1639 0 1353 0 63 0 156 0 -1 0 -1 0 -1 0 -1 0 -1 0 -1 0 -1 0 -1 0 -1 0 -1 0 -1 0 -1 0 -1 0 -1 0 -1 0 -1 0 -1 0 -1 0 -1 0 -1 0 -1 0 -1 0 -1 0 -1 0 -1 0 -1 0 -1 0 -1 0 -1 0 -1 0 -1 0 -1 0 -1 0 -1 0 -1 0 -1 0 -1 0 -1 0 -1 0 -1 0 -1 0 -1 0 -1 0 -1 0 -1 0 -1 0 -1 0 -1 0 -1 0 -1 0 -1 0 -1 0 -1 0 -1 0 -1 0 -1 0 -1 0 -1 0 -1 0 
  15 15 15 15 20
 50 5 90 5 206 5 30
2586 131072 0 48 135168 0 
  34359738369 1315051091194281984 1835136 0 50465891015 7916447985573822463 2031036 0 

trp_british_light_infantry_flag_bearer British_Light_Infantry Ensign 0 133169152 0 0 20 0 0
  543 0 1684 0 1354 0 1826 0 261 0 262 0 114 0 -1 0 -1 0 -1 0 -1 0 -1 0 -1 0 -1 0 -1 0 -1 0 -1 0 -1 0 -1 0 -1 0 -1 0 -1 0 -1 0 -1 0 -1 0 -1 0 -1 0 -1 0 -1 0 -1 0 -1 0 -1 0 -1 0 -1 0 -1 0 -1 0 -1 0 -1 0 -1 0 -1 0 -1 0 -1 0 -1 0 -1 0 -1 0 -1 0 -1 0 -1 0 -1 0 -1 0 -1 0 -1 0 -1 0 -1 0 -1 0 -1 0 -1 0 -1 0 -1 0 -1 0 -1 0 -1 0 -1 0 -1 0 
  15 15 15 15 20
 80 5 80 5 50 5 30
2586 131072 0 48 135168 0 
  34359738369 1315051091194281984 1835136 0 50465891015 7916447985573822463 2031036 0 

trp_british_light_infantry_nco British_Light_Infantry Sergeant 0 133169152 0 0 20 0 0
  543 0 1684 0 1354 0 1826 0 63 0 156 0 -1 0 -1 0 -1 0 -1 0 -1 0 -1 0 -1 0 -1 0 -1 0 -1 0 -1 0 -1 0 -1 0 -1 0 -1 0 -1 0 -1 0 -1 0 -1 0 -1 0 -1 0 -1 0 -1 0 -1 0 -1 0 -1 0 -1 0 -1 0 -1 0 -1 0 -1 0 -1 0 -1 0 -1 0 -1 0 -1 0 -1 0 -1 0 -1 0 -1 0 -1 0 -1 0 -1 0 -1 0 -1 0 -1 0 -1 0 -1 0 -1 0 -1 0 -1 0 -1 0 -1 0 -1 0 -1 0 -1 0 -1 0 -1 0 
  15 15 15 15 20
 50 5 90 5 206 5 30
2586 131072 0 48 135168 0 
  34359738369 1315051091194281984 1835136 0 50465891015 7916447985573822463 2031036 0 

trp_british_light_infantry_officer British_Light_Infantry Officer 0 133169152 0 0 20 0 0
  544 0 1684 0 1354 0 1826 0 112 0 11 0 157 0 398 0 -1 0 -1 0 -1 0 -1 0 -1 0 -1 0 -1 0 -1 0 -1 0 -1 0 -1 0 -1 0 -1 0 -1 0 -1 0 -1 0 -1 0 -1 0 -1 0 -1 0 -1 0 -1 0 -1 0 -1 0 -1 0 -1 0 -1 0 -1 0 -1 0 -1 0 -1 0 -1 0 -1 0 -1 0 -1 0 -1 0 -1 0 -1 0 -1 0 -1 0 -1 0 -1 0 -1 0 -1 0 -1 0 -1 0 -1 0 -1 0 -1 0 -1 0 -1 0 -1 0 -1 0 -1 0 -1 0 -1 0 
  15 15 15 15 20
 80 5 80 5 50 5 30
2586 131072 0 48 208896 0 
  34359738369 1315051091194281984 1835136 0 50465891015 7916447985573822463 2031036 0 

trp_british_light_infantry_horn British_Light_Infantry Hornist 0 133169152 0 0 20 0 0
  545 0 1639 0 1353 0 152 0 114 0 -1 0 -1 0 -1 0 -1 0 -1 0 -1 0 -1 0 -1 0 -1 0 -1 0 -1 0 -1 0 -1 0 -1 0 -1 0 -1 0 -1 0 -1 0 -1 0 -1 0 -1 0 -1 0 -1 0 -1 0 -1 0 -1 0 -1 0 -1 0 -1 0 -1 0 -1 0 -1 0 -1 0 -1 0 -1 0 -1 0 -1 0 -1 0 -1 0 -1 0 -1 0 -1 0 -1 0 -1 0 -1 0 -1 0 -1 0 -1 0 -1 0 -1 0 -1 0 -1 0 -1 0 -1 0 -1 0 -1 0 -1 0 -1 0 -1 0 
  15 15 15 15 20
 80 5 80 5 50 5 30
2586 131072 0 48 135168 0 
  34359738369 1315051091194281984 1835136 0 50465891015 7916447985573822463 2031036 0 

trp_british_rifle 95th_Regiment_of_Foot_(Rifles) Rifleman 0 133169152 0 0 6 0 0
  546 0 1709 0 1710 0 1711 0 1358 0 1358 0 1358 0 1359 0 1360 0 49 0 156 0 113 0 -1 0 -1 0 -1 0 -1 0 -1 0 -1 0 -1 0 -1 0 -1 0 -1 0 -1 0 -1 0 -1 0 -1 0 -1 0 -1 0 -1 0 -1 0 -1 0 -1 0 -1 0 -1 0 -1 0 -1 0 -1 0 -1 0 -1 0 -1 0 -1 0 -1 0 -1 0 -1 0 -1 0 -1 0 -1 0 -1 0 -1 0 -1 0 -1 0 -1 0 -1 0 -1 0 -1 0 -1 0 -1 0 -1 0 -1 0 -1 0 -1 0 -1 0 -1 0 -1 0 
  15 15 15 15 20
 50 5 90 5 206 5 30
2586 131072 0 48 135168 0 
  34359738369 1315051091194281984 1835136 0 50465891015 7916447985573822463 2031036 0 

trp_british_rifle_flag_bearer British_Rifleman Ensign 0 133169152 0 0 20 0 0
  547 0 1709 0 1710 0 1711 0 1358 0 1358 0 1358 0 1359 0 1360 0 1826 0 271 0 270 0 113 0 -1 0 -1 0 -1 0 -1 0 -1 0 -1 0 -1 0 -1 0 -1 0 -1 0 -1 0 -1 0 -1 0 -1 0 -1 0 -1 0 -1 0 -1 0 -1 0 -1 0 -1 0 -1 0 -1 0 -1 0 -1 0 -1 0 -1 0 -1 0 -1 0 -1 0 -1 0 -1 0 -1 0 -1 0 -1 0 -1 0 -1 0 -1 0 -1 0 -1 0 -1 0 -1 0 -1 0 -1 0 -1 0 -1 0 -1 0 -1 0 -1 0 -1 0 -1 0 
  15 15 15 15 20
 80 5 80 5 50 5 30
2586 131072 0 48 135168 0 
  34359738369 1315051091194281984 1835136 0 50465891015 7916447985573822463 2031036 0 

trp_british_rifle_nco British_Rifleman Sergeant 0 133169152 0 0 20 0 0
  547 0 1709 0 1710 0 1711 0 1358 0 1358 0 1358 0 1359 0 1360 0 1826 0 49 0 156 0 113 0 -1 0 -1 0 -1 0 -1 0 -1 0 -1 0 -1 0 -1 0 -1 0 -1 0 -1 0 -1 0 -1 0 -1 0 -1 0 -1 0 -1 0 -1 0 -1 0 -1 0 -1 0 -1 0 -1 0 -1 0 -1 0 -1 0 -1 0 -1 0 -1 0 -1 0 -1 0 -1 0 -1 0 -1 0 -1 0 -1 0 -1 0 -1 0 -1 0 -1 0 -1 0 -1 0 -1 0 -1 0 -1 0 -1 0 -1 0 -1 0 -1 0 -1 0 -1 0 
  15 15 15 15 20
 50 5 90 5 206 5 30
2586 131072 0 48 135168 0 
  34359738369 1315051091194281984 1835136 0 50465891015 7916447985573822463 2031036 0 

trp_british_rifle_officer British_Rifleman Officer 0 133169152 0 0 20 0 0
  548 0 1708 0 1356 0 1826 0 112 0 11 0 157 0 398 0 -1 0 -1 0 -1 0 -1 0 -1 0 -1 0 -1 0 -1 0 -1 0 -1 0 -1 0 -1 0 -1 0 -1 0 -1 0 -1 0 -1 0 -1 0 -1 0 -1 0 -1 0 -1 0 -1 0 -1 0 -1 0 -1 0 -1 0 -1 0 -1 0 -1 0 -1 0 -1 0 -1 0 -1 0 -1 0 -1 0 -1 0 -1 0 -1 0 -1 0 -1 0 -1 0 -1 0 -1 0 -1 0 -1 0 -1 0 -1 0 -1 0 -1 0 -1 0 -1 0 -1 0 -1 0 -1 0 -1 0 
  15 15 15 15 20
 80 5 80 5 50 5 30
2586 131072 0 48 208896 0 
  34359738369 1315051091194281984 1835136 0 50465891015 7916447985573822463 2031036 0 

trp_british_rifle_horn British_Rifleman Hornist 0 133169152 0 0 20 0 0
  549 0 1709 0 1710 0 1711 0 1358 0 1358 0 1358 0 1359 0 1360 0 152 0 113 0 -1 0 -1 0 -1 0 -1 0 -1 0 -1 0 -1 0 -1 0 -1 0 -1 0 -1 0 -1 0 -1 0 -1 0 -1 0 -1 0 -1 0 -1 0 -1 0 -1 0 -1 0 -1 0 -1 0 -1 0 -1 0 -1 0 -1 0 -1 0 -1 0 -1 0 -1 0 -1 0 -1 0 -1 0 -1 0 -1 0 -1 0 -1 0 -1 0 -1 0 -1 0 -1 0 -1 0 -1 0 -1 0 -1 0 -1 0 -1 0 -1 0 -1 0 -1 0 -1 0 -1 0 
  15 15 15 15 20
 80 5 80 5 50 5 30
2586 131072 0 48 135168 0 
  34359738369 1315051091194281984 1835136 0 50465891015 7916447985573822463 2031036 0 

trp_british_hussar 1st_KGL_Hussars Hussar 0 133170176 0 0 6 0 0
  559 0 1718 0 1380 0 112 0 1852 0 -1 0 -1 0 -1 0 -1 0 -1 0 -1 0 -1 0 -1 0 -1 0 -1 0 -1 0 -1 0 -1 0 -1 0 -1 0 -1 0 -1 0 -1 0 -1 0 -1 0 -1 0 -1 0 -1 0 -1 0 -1 0 -1 0 -1 0 -1 0 -1 0 -1 0 -1 0 -1 0 -1 0 -1 0 -1 0 -1 0 -1 0 -1 0 -1 0 -1 0 -1 0 -1 0 -1 0 -1 0 -1 0 -1 0 -1 0 -1 0 -1 0 -1 0 -1 0 -1 0 -1 0 -1 0 -1 0 -1 0 -1 0 -1 0 -1 0 
  12 10 15 15 20
 160 5 30 5 30 5 30
2586 131072 0 6 208896 0 
  34359738369 1315051091194281984 1835136 0 50465891015 7916447985573822463 2031036 0 

trp_british_hussar_flag_bearer British_Hussar Ensign 0 133170176 0 0 20 0 0
  560 0 1719 0 1381 0 272 0 112 0 1852 0 -1 0 -1 0 -1 0 -1 0 -1 0 -1 0 -1 0 -1 0 -1 0 -1 0 -1 0 -1 0 -1 0 -1 0 -1 0 -1 0 -1 0 -1 0 -1 0 -1 0 -1 0 -1 0 -1 0 -1 0 -1 0 -1 0 -1 0 -1 0 -1 0 -1 0 -1 0 -1 0 -1 0 -1 0 -1 0 -1 0 -1 0 -1 0 -1 0 -1 0 -1 0 -1 0 -1 0 -1 0 -1 0 -1 0 -1 0 -1 0 -1 0 -1 0 -1 0 -1 0 -1 0 -1 0 -1 0 -1 0 -1 0 -1 0 
  12 10 15 15 20
 160 5 30 5 30 5 30
2586 131072 0 6 208896 0 
  34359738369 1315051091194281984 1835136 0 50465891015 7916447985573822463 2031036 0 

trp_british_hussar_nco British_Hussar Sergeant 0 133170176 0 0 20 0 0
  560 0 1719 0 1381 0 112 0 1852 0 -1 0 -1 0 -1 0 -1 0 -1 0 -1 0 -1 0 -1 0 -1 0 -1 0 -1 0 -1 0 -1 0 -1 0 -1 0 -1 0 -1 0 -1 0 -1 0 -1 0 -1 0 -1 0 -1 0 -1 0 -1 0 -1 0 -1 0 -1 0 -1 0 -1 0 -1 0 -1 0 -1 0 -1 0 -1 0 -1 0 -1 0 -1 0 -1 0 -1 0 -1 0 -1 0 -1 0 -1 0 -1 0 -1 0 -1 0 -1 0 -1 0 -1 0 -1 0 -1 0 -1 0 -1 0 -1 0 -1 0 -1 0 -1 0 -1 0 
  12 10 15 15 20
 160 5 30 5 30 5 30
2586 131072 0 6 208896 0 
  34359738369 1315051091194281984 1835136 0 50465891015 7916447985573822463 2031036 0 

trp_british_hussar_officer British_Hussar Officer 0 133170176 0 0 20 0 0
  560 0 1719 0 1381 0 112 0 11 0 157 0 1852 0 398 0 -1 0 -1 0 -1 0 -1 0 -1 0 -1 0 -1 0 -1 0 -1 0 -1 0 -1 0 -1 0 -1 0 -1 0 -1 0 -1 0 -1 0 -1 0 -1 0 -1 0 -1 0 -1 0 -1 0 -1 0 -1 0 -1 0 -1 0 -1 0 -1 0 -1 0 -1 0 -1 0 -1 0 -1 0 -1 0 -1 0 -1 0 -1 0 -1 0 -1 0 -1 0 -1 0 -1 0 -1 0 -1 0 -1 0 -1 0 -1 0 -1 0 -1 0 -1 0 -1 0 -1 0 -1 0 -1 0 -1 0 
  12 10 15 15 20
 160 5 30 5 30 5 30
2586 131072 0 6 208896 0 
  34359738369 1315051091194281984 1835136 0 50465891015 7916447985573822463 2031036 0 

trp_british_hussar_trumpet British_Hussar Bugler 0 133170176 0 0 20 0 0
  561 0 1718 0 1382 0 112 0 154 0 1852 0 -1 0 -1 0 -1 0 -1 0 -1 0 -1 0 -1 0 -1 0 -1 0 -1 0 -1 0 -1 0 -1 0 -1 0 -1 0 -1 0 -1 0 -1 0 -1 0 -1 0 -1 0 -1 0 -1 0 -1 0 -1 0 -1 0 -1 0 -1 0 -1 0 -1 0 -1 0 -1 0 -1 0 -1 0 -1 0 -1 0 -1 0 -1 0 -1 0 -1 0 -1 0 -1 0 -1 0 -1 0 -1 0 -1 0 -1 0 -1 0 -1 0 -1 0 -1 0 -1 0 -1 0 -1 0 -1 0 -1 0 -1 0 -1 0 
  12 10 15 15 20
 160 5 30 5 30 5 30
2586 131072 0 6 208896 0 
  34359738369 1315051091194281984 1835136 0 50465891015 7916447985573822463 2031036 0 

trp_british_hussar2 2nd_KGL_Hussars Hussar 0 133170176 0 0 6 0 0
  573 0 1728 0 1380 0 112 0 1858 0 -1 0 -1 0 -1 0 -1 0 -1 0 -1 0 -1 0 -1 0 -1 0 -1 0 -1 0 -1 0 -1 0 -1 0 -1 0 -1 0 -1 0 -1 0 -1 0 -1 0 -1 0 -1 0 -1 0 -1 0 -1 0 -1 0 -1 0 -1 0 -1 0 -1 0 -1 0 -1 0 -1 0 -1 0 -1 0 -1 0 -1 0 -1 0 -1 0 -1 0 -1 0 -1 0 -1 0 -1 0 -1 0 -1 0 -1 0 -1 0 -1 0 -1 0 -1 0 -1 0 -1 0 -1 0 -1 0 -1 0 -1 0 -1 0 -1 0 
  12 10 15 15 20
 160 5 30 5 30 5 30
2586 131072 0 6 208896 0 
  34359738369 1315051091194281984 1835136 0 50465891015 7916447985573822463 2031036 0 

trp_british_hussar2_flag_bearer British_Hussar Ensign 0 133170176 0 0 20 0 0
  574 0 1728 0 1381 0 273 0 112 0 1858 0 -1 0 -1 0 -1 0 -1 0 -1 0 -1 0 -1 0 -1 0 -1 0 -1 0 -1 0 -1 0 -1 0 -1 0 -1 0 -1 0 -1 0 -1 0 -1 0 -1 0 -1 0 -1 0 -1 0 -1 0 -1 0 -1 0 -1 0 -1 0 -1 0 -1 0 -1 0 -1 0 -1 0 -1 0 -1 0 -1 0 -1 0 -1 0 -1 0 -1 0 -1 0 -1 0 -1 0 -1 0 -1 0 -1 0 -1 0 -1 0 -1 0 -1 0 -1 0 -1 0 -1 0 -1 0 -1 0 -1 0 -1 0 -1 0 
  12 10 15 15 20
 160 5 30 5 30 5 30
2586 131072 0 6 208896 0 
  34359738369 1315051091194281984 1835136 0 50465891015 7916447985573822463 2031036 0 

trp_british_hussar2_nco British_Hussar Sergeant 0 133170176 0 0 20 0 0
  574 0 1728 0 1381 0 112 0 1858 0 -1 0 -1 0 -1 0 -1 0 -1 0 -1 0 -1 0 -1 0 -1 0 -1 0 -1 0 -1 0 -1 0 -1 0 -1 0 -1 0 -1 0 -1 0 -1 0 -1 0 -1 0 -1 0 -1 0 -1 0 -1 0 -1 0 -1 0 -1 0 -1 0 -1 0 -1 0 -1 0 -1 0 -1 0 -1 0 -1 0 -1 0 -1 0 -1 0 -1 0 -1 0 -1 0 -1 0 -1 0 -1 0 -1 0 -1 0 -1 0 -1 0 -1 0 -1 0 -1 0 -1 0 -1 0 -1 0 -1 0 -1 0 -1 0 -1 0 
  12 10 15 15 20
 160 5 30 5 30 5 30
2586 131072 0 6 208896 0 
  34359738369 1315051091194281984 1835136 0 50465891015 7916447985573822463 2031036 0 

trp_british_hussar2_officer British_Hussar Officer 0 133170176 0 0 20 0 0
  574 0 1728 0 1381 0 112 0 11 0 157 0 1859 0 398 0 -1 0 -1 0 -1 0 -1 0 -1 0 -1 0 -1 0 -1 0 -1 0 -1 0 -1 0 -1 0 -1 0 -1 0 -1 0 -1 0 -1 0 -1 0 -1 0 -1 0 -1 0 -1 0 -1 0 -1 0 -1 0 -1 0 -1 0 -1 0 -1 0 -1 0 -1 0 -1 0 -1 0 -1 0 -1 0 -1 0 -1 0 -1 0 -1 0 -1 0 -1 0 -1 0 -1 0 -1 0 -1 0 -1 0 -1 0 -1 0 -1 0 -1 0 -1 0 -1 0 -1 0 -1 0 -1 0 -1 0 
  12 10 15 15 20
 160 5 30 5 30 5 30
2586 131072 0 6 208896 0 
  34359738369 1315051091194281984 1835136 0 50465891015 7916447985573822463 2031036 0 

trp_british_hussar2_trumpet British_Hussar Bugler 0 133170176 0 0 20 0 0
  575 0 1728 0 1382 0 112 0 154 0 1858 0 -1 0 -1 0 -1 0 -1 0 -1 0 -1 0 -1 0 -1 0 -1 0 -1 0 -1 0 -1 0 -1 0 -1 0 -1 0 -1 0 -1 0 -1 0 -1 0 -1 0 -1 0 -1 0 -1 0 -1 0 -1 0 -1 0 -1 0 -1 0 -1 0 -1 0 -1 0 -1 0 -1 0 -1 0 -1 0 -1 0 -1 0 -1 0 -1 0 -1 0 -1 0 -1 0 -1 0 -1 0 -1 0 -1 0 -1 0 -1 0 -1 0 -1 0 -1 0 -1 0 -1 0 -1 0 -1 0 -1 0 -1 0 -1 0 
  12 10 15 15 20
 160 5 30 5 30 5 30
2586 131072 0 6 208896 0 
  34359738369 1315051091194281984 1835136 0 50465891015 7916447985573822463 2031036 0 

trp_brit_canadian_horsemen Canadian_Colonial_Light_Cavalry Hussar 0 133170176 0 0 6 0 0
  570 0 1722 0 1390 0 1826 0 112 0 1855 0 -1 0 -1 0 -1 0 -1 0 -1 0 -1 0 -1 0 -1 0 -1 0 -1 0 -1 0 -1 0 -1 0 -1 0 -1 0 -1 0 -1 0 -1 0 -1 0 -1 0 -1 0 -1 0 -1 0 -1 0 -1 0 -1 0 -1 0 -1 0 -1 0 -1 0 -1 0 -1 0 -1 0 -1 0 -1 0 -1 0 -1 0 -1 0 -1 0 -1 0 -1 0 -1 0 -1 0 -1 0 -1 0 -1 0 -1 0 -1 0 -1 0 -1 0 -1 0 -1 0 -1 0 -1 0 -1 0 -1 0 -1 0 -1 0 
  12 10 15 15 20
 160 5 30 5 30 5 30
2586 131072 0 22 208896 0 
  34359738369 1315051091194281984 1835136 0 50465891015 7916447985573822463 2031036 0 

trp_brit_canadian_horsemen_flag_bearer Canadian_Horsemen Ensign 0 133170176 0 0 20 0 0
  572 0 1722 0 1390 0 1826 0 112 0 1855 0 274 0 -1 0 -1 0 -1 0 -1 0 -1 0 -1 0 -1 0 -1 0 -1 0 -1 0 -1 0 -1 0 -1 0 -1 0 -1 0 -1 0 -1 0 -1 0 -1 0 -1 0 -1 0 -1 0 -1 0 -1 0 -1 0 -1 0 -1 0 -1 0 -1 0 -1 0 -1 0 -1 0 -1 0 -1 0 -1 0 -1 0 -1 0 -1 0 -1 0 -1 0 -1 0 -1 0 -1 0 -1 0 -1 0 -1 0 -1 0 -1 0 -1 0 -1 0 -1 0 -1 0 -1 0 -1 0 -1 0 -1 0 -1 0 
  12 10 15 15 20
 160 5 30 5 30 5 30
2586 131072 0 22 208896 0 
  34359738369 1315051091194281984 1835136 0 50465891015 7916447985573822463 2031036 0 

trp_brit_canadian_horsemen_nco Canadian_Horsemen Sergeant 0 133170176 0 0 20 0 0
  572 0 1722 0 1390 0 1826 0 112 0 1855 0 -1 0 -1 0 -1 0 -1 0 -1 0 -1 0 -1 0 -1 0 -1 0 -1 0 -1 0 -1 0 -1 0 -1 0 -1 0 -1 0 -1 0 -1 0 -1 0 -1 0 -1 0 -1 0 -1 0 -1 0 -1 0 -1 0 -1 0 -1 0 -1 0 -1 0 -1 0 -1 0 -1 0 -1 0 -1 0 -1 0 -1 0 -1 0 -1 0 -1 0 -1 0 -1 0 -1 0 -1 0 -1 0 -1 0 -1 0 -1 0 -1 0 -1 0 -1 0 -1 0 -1 0 -1 0 -1 0 -1 0 -1 0 -1 0 
  12 10 15 15 20
 160 5 30 5 30 5 30
2586 131072 0 22 208896 0 
  34359738369 1315051091194281984 1835136 0 50465891015 7916447985573822463 2031036 0 

trp_brit_canadian_horsemen_officer Canadian_Horsemen Officer 0 133170176 0 0 20 0 0
  571 0 1722 0 1390 0 1826 0 157 0 11 0 112 0 1856 0 398 0 -1 0 -1 0 -1 0 -1 0 -1 0 -1 0 -1 0 -1 0 -1 0 -1 0 -1 0 -1 0 -1 0 -1 0 -1 0 -1 0 -1 0 -1 0 -1 0 -1 0 -1 0 -1 0 -1 0 -1 0 -1 0 -1 0 -1 0 -1 0 -1 0 -1 0 -1 0 -1 0 -1 0 -1 0 -1 0 -1 0 -1 0 -1 0 -1 0 -1 0 -1 0 -1 0 -1 0 -1 0 -1 0 -1 0 -1 0 -1 0 -1 0 -1 0 -1 0 -1 0 -1 0 -1 0 -1 0 
  12 10 15 15 20
 160 5 30 5 30 5 30
2586 131072 0 22 208896 0 
  34359738369 1315051091194281984 1835136 0 50465891015 7916447985573822463 2031036 0 

trp_brit_canadian_horsemen_trumpet Canadian_Horsemen Trumpeter 0 133170176 0 0 20 0 0
  572 0 1722 0 1390 0 1826 0 153 0 112 0 1856 0 -1 0 -1 0 -1 0 -1 0 -1 0 -1 0 -1 0 -1 0 -1 0 -1 0 -1 0 -1 0 -1 0 -1 0 -1 0 -1 0 -1 0 -1 0 -1 0 -1 0 -1 0 -1 0 -1 0 -1 0 -1 0 -1 0 -1 0 -1 0 -1 0 -1 0 -1 0 -1 0 -1 0 -1 0 -1 0 -1 0 -1 0 -1 0 -1 0 -1 0 -1 0 -1 0 -1 0 -1 0 -1 0 -1 0 -1 0 -1 0 -1 0 -1 0 -1 0 -1 0 -1 0 -1 0 -1 0 -1 0 -1 0 
  12 10 15 15 20
 160 5 30 5 30 5 30
2586 131072 0 22 208896 0 
  34359738369 1315051091194281984 1835136 0 50465891015 7916447985573822463 2031036 0 

trp_british_light_dragoon 23rd_Dragoons Dragoon 0 133170176 0 0 6 0 0
  553 0 1715 0 1368 0 1826 0 112 0 38 0 24 0 156 0 1848 0 1849 0 1850 0 1851 0 -1 0 -1 0 -1 0 -1 0 -1 0 -1 0 -1 0 -1 0 -1 0 -1 0 -1 0 -1 0 -1 0 -1 0 -1 0 -1 0 -1 0 -1 0 -1 0 -1 0 -1 0 -1 0 -1 0 -1 0 -1 0 -1 0 -1 0 -1 0 -1 0 -1 0 -1 0 -1 0 -1 0 -1 0 -1 0 -1 0 -1 0 -1 0 -1 0 -1 0 -1 0 -1 0 -1 0 -1 0 -1 0 -1 0 -1 0 -1 0 -1 0 -1 0 -1 0 -1 0 
  12 10 15 15 20
 125 5 30 5 125 5 30
2586 131072 0 38 135168 0 
  34359738369 1315051091194281984 1835136 0 50465891015 7916447985573822463 2031036 0 

trp_british_light_dragoon_flag_bearer British_Dragoon Ensign 0 133170176 0 0 20 0 0
  553 0 1715 0 1368 0 1826 0 275 0 112 0 1848 0 1849 0 1850 0 1851 0 -1 0 -1 0 -1 0 -1 0 -1 0 -1 0 -1 0 -1 0 -1 0 -1 0 -1 0 -1 0 -1 0 -1 0 -1 0 -1 0 -1 0 -1 0 -1 0 -1 0 -1 0 -1 0 -1 0 -1 0 -1 0 -1 0 -1 0 -1 0 -1 0 -1 0 -1 0 -1 0 -1 0 -1 0 -1 0 -1 0 -1 0 -1 0 -1 0 -1 0 -1 0 -1 0 -1 0 -1 0 -1 0 -1 0 -1 0 -1 0 -1 0 -1 0 -1 0 -1 0 -1 0 -1 0 
  12 10 15 15 20
 125 5 30 5 125 5 30
2586 131072 0 38 135168 0 
  34359738369 1315051091194281984 1835136 0 50465891015 7916447985573822463 2031036 0 

trp_british_light_dragoon_nco British_Dragoon Sergeant 0 133170176 0 0 20 0 0
  553 0 1715 0 1368 0 1826 0 112 0 38 0 24 0 156 0 1848 0 1849 0 1850 0 1851 0 -1 0 -1 0 -1 0 -1 0 -1 0 -1 0 -1 0 -1 0 -1 0 -1 0 -1 0 -1 0 -1 0 -1 0 -1 0 -1 0 -1 0 -1 0 -1 0 -1 0 -1 0 -1 0 -1 0 -1 0 -1 0 -1 0 -1 0 -1 0 -1 0 -1 0 -1 0 -1 0 -1 0 -1 0 -1 0 -1 0 -1 0 -1 0 -1 0 -1 0 -1 0 -1 0 -1 0 -1 0 -1 0 -1 0 -1 0 -1 0 -1 0 -1 0 -1 0 -1 0 
  12 10 15 15 20
 125 5 30 5 125 5 30
2586 131072 0 38 135168 0 
  34359738369 1315051091194281984 1835136 0 50465891015 7916447985573822463 2031036 0 

trp_british_light_dragoon_officer British_Dragoon Officer 0 133170176 0 0 20 0 0
  554 0 1715 0 1369 0 1826 0 112 0 11 0 157 0 1848 0 1849 0 1850 0 1851 0 398 0 -1 0 -1 0 -1 0 -1 0 -1 0 -1 0 -1 0 -1 0 -1 0 -1 0 -1 0 -1 0 -1 0 -1 0 -1 0 -1 0 -1 0 -1 0 -1 0 -1 0 -1 0 -1 0 -1 0 -1 0 -1 0 -1 0 -1 0 -1 0 -1 0 -1 0 -1 0 -1 0 -1 0 -1 0 -1 0 -1 0 -1 0 -1 0 -1 0 -1 0 -1 0 -1 0 -1 0 -1 0 -1 0 -1 0 -1 0 -1 0 -1 0 -1 0 -1 0 -1 0 
  12 10 15 15 20
 130 5 30 5 80 5 30
2586 131072 0 38 135168 0 
  34359738369 1315051091194281984 1835136 0 50465891015 7916447985573822463 2031036 0 

trp_british_light_dragoon_trumpet British_Dragoon Bugler 0 133170176 0 0 20 0 0
  553 0 1715 0 1371 0 1826 0 112 0 154 0 1848 0 1849 0 1850 0 1851 0 -1 0 -1 0 -1 0 -1 0 -1 0 -1 0 -1 0 -1 0 -1 0 -1 0 -1 0 -1 0 -1 0 -1 0 -1 0 -1 0 -1 0 -1 0 -1 0 -1 0 -1 0 -1 0 -1 0 -1 0 -1 0 -1 0 -1 0 -1 0 -1 0 -1 0 -1 0 -1 0 -1 0 -1 0 -1 0 -1 0 -1 0 -1 0 -1 0 -1 0 -1 0 -1 0 -1 0 -1 0 -1 0 -1 0 -1 0 -1 0 -1 0 -1 0 -1 0 -1 0 -1 0 -1 0 
  12 10 15 15 20
 130 5 30 5 80 5 30
2586 131072 0 38 135168 0 
  34359738369 1315051091194281984 1835136 0 50465891015 7916447985573822463 2031036 0 

trp_british_dragoon 6th_(Inniskilling)_Dragoons Heavy_Cavalry 0 133170176 0 0 6 0 0
  555 0 1717 0 1372 0 1824 0 111 0 1853 0 -1 0 -1 0 -1 0 -1 0 -1 0 -1 0 -1 0 -1 0 -1 0 -1 0 -1 0 -1 0 -1 0 -1 0 -1 0 -1 0 -1 0 -1 0 -1 0 -1 0 -1 0 -1 0 -1 0 -1 0 -1 0 -1 0 -1 0 -1 0 -1 0 -1 0 -1 0 -1 0 -1 0 -1 0 -1 0 -1 0 -1 0 -1 0 -1 0 -1 0 -1 0 -1 0 -1 0 -1 0 -1 0 -1 0 -1 0 -1 0 -1 0 -1 0 -1 0 -1 0 -1 0 -1 0 -1 0 -1 0 -1 0 -1 0 
  12 10 15 15 20
 150 5 30 5 30 5 30
2586 131072 0 22 339968 0 
  34359738369 1315051091194281984 1835136 0 50465891015 7916447985573822463 2031036 0 

trp_british_dragoon_flag_bearer British_Heavy_Dragoon Ensign 0 133170176 0 0 20 0 0
  555 0 1717 0 1372 0 1824 0 276 0 111 0 1853 0 -1 0 -1 0 -1 0 -1 0 -1 0 -1 0 -1 0 -1 0 -1 0 -1 0 -1 0 -1 0 -1 0 -1 0 -1 0 -1 0 -1 0 -1 0 -1 0 -1 0 -1 0 -1 0 -1 0 -1 0 -1 0 -1 0 -1 0 -1 0 -1 0 -1 0 -1 0 -1 0 -1 0 -1 0 -1 0 -1 0 -1 0 -1 0 -1 0 -1 0 -1 0 -1 0 -1 0 -1 0 -1 0 -1 0 -1 0 -1 0 -1 0 -1 0 -1 0 -1 0 -1 0 -1 0 -1 0 -1 0 -1 0 
  12 10 15 15 20
 150 5 30 5 30 5 30
2586 131072 0 22 339968 0 
  34359738369 1315051091194281984 1835136 0 50465891015 7916447985573822463 2031036 0 

trp_british_dragoon_nco British_Heavy_Dragoon Sergeant 0 133170176 0 0 20 0 0
  555 0 1717 0 1372 0 1824 0 111 0 1853 0 -1 0 -1 0 -1 0 -1 0 -1 0 -1 0 -1 0 -1 0 -1 0 -1 0 -1 0 -1 0 -1 0 -1 0 -1 0 -1 0 -1 0 -1 0 -1 0 -1 0 -1 0 -1 0 -1 0 -1 0 -1 0 -1 0 -1 0 -1 0 -1 0 -1 0 -1 0 -1 0 -1 0 -1 0 -1 0 -1 0 -1 0 -1 0 -1 0 -1 0 -1 0 -1 0 -1 0 -1 0 -1 0 -1 0 -1 0 -1 0 -1 0 -1 0 -1 0 -1 0 -1 0 -1 0 -1 0 -1 0 -1 0 -1 0 
  12 10 15 15 20
 150 5 30 5 30 5 30
2586 131072 0 22 339968 0 
  34359738369 1315051091194281984 1835136 0 50465891015 7916447985573822463 2031036 0 

trp_british_dragoon_officer British_Heavy_Dragoon Officer 0 133170176 0 0 20 0 0
  556 0 1717 0 1373 0 1826 0 111 0 11 0 157 0 1853 0 398 0 -1 0 -1 0 -1 0 -1 0 -1 0 -1 0 -1 0 -1 0 -1 0 -1 0 -1 0 -1 0 -1 0 -1 0 -1 0 -1 0 -1 0 -1 0 -1 0 -1 0 -1 0 -1 0 -1 0 -1 0 -1 0 -1 0 -1 0 -1 0 -1 0 -1 0 -1 0 -1 0 -1 0 -1 0 -1 0 -1 0 -1 0 -1 0 -1 0 -1 0 -1 0 -1 0 -1 0 -1 0 -1 0 -1 0 -1 0 -1 0 -1 0 -1 0 -1 0 -1 0 -1 0 -1 0 -1 0 
  12 10 15 15 20
 150 5 30 5 30 5 30
2586 131072 0 22 339968 0 
  34359738369 1315051091194281984 1835136 0 50465891015 7916447985573822463 2031036 0 

trp_british_dragoon_trumpet British_Heavy_Dragoon Bugler 0 133170176 0 0 20 0 0
  555 0 1717 0 1374 0 1824 0 111 0 154 0 1853 0 -1 0 -1 0 -1 0 -1 0 -1 0 -1 0 -1 0 -1 0 -1 0 -1 0 -1 0 -1 0 -1 0 -1 0 -1 0 -1 0 -1 0 -1 0 -1 0 -1 0 -1 0 -1 0 -1 0 -1 0 -1 0 -1 0 -1 0 -1 0 -1 0 -1 0 -1 0 -1 0 -1 0 -1 0 -1 0 -1 0 -1 0 -1 0 -1 0 -1 0 -1 0 -1 0 -1 0 -1 0 -1 0 -1 0 -1 0 -1 0 -1 0 -1 0 -1 0 -1 0 -1 0 -1 0 -1 0 -1 0 -1 0 
  12 10 15 15 20
 150 5 30 5 30 5 30
2586 131072 0 22 339968 0 
  34359738369 1315051091194281984 1835136 0 50465891015 7916447985573822463 2031036 0 

trp_british_horseguard Royal_Horse_Guards_Blue Heavy_Cavalry 0 133170176 0 0 6 0 0
  557 0 1717 0 1375 0 1825 0 111 0 1854 0 -1 0 -1 0 -1 0 -1 0 -1 0 -1 0 -1 0 -1 0 -1 0 -1 0 -1 0 -1 0 -1 0 -1 0 -1 0 -1 0 -1 0 -1 0 -1 0 -1 0 -1 0 -1 0 -1 0 -1 0 -1 0 -1 0 -1 0 -1 0 -1 0 -1 0 -1 0 -1 0 -1 0 -1 0 -1 0 -1 0 -1 0 -1 0 -1 0 -1 0 -1 0 -1 0 -1 0 -1 0 -1 0 -1 0 -1 0 -1 0 -1 0 -1 0 -1 0 -1 0 -1 0 -1 0 -1 0 -1 0 -1 0 -1 0 
  12 10 15 15 20
 150 5 30 5 30 5 30
2586 131072 0 22 339968 0 
  34359738369 1315051091194281984 1835136 0 50465891015 7916447985573822463 2031036 0 

trp_british_horseguard_flag_bearer British_Horse_Guard Ensign 0 133170176 0 0 20 0 0
  557 0 1717 0 1375 0 1825 0 265 0 111 0 1854 0 -1 0 -1 0 -1 0 -1 0 -1 0 -1 0 -1 0 -1 0 -1 0 -1 0 -1 0 -1 0 -1 0 -1 0 -1 0 -1 0 -1 0 -1 0 -1 0 -1 0 -1 0 -1 0 -1 0 -1 0 -1 0 -1 0 -1 0 -1 0 -1 0 -1 0 -1 0 -1 0 -1 0 -1 0 -1 0 -1 0 -1 0 -1 0 -1 0 -1 0 -1 0 -1 0 -1 0 -1 0 -1 0 -1 0 -1 0 -1 0 -1 0 -1 0 -1 0 -1 0 -1 0 -1 0 -1 0 -1 0 -1 0 
  12 10 15 15 20
 150 5 30 5 30 5 30
2586 131072 0 22 339968 0 
  34359738369 1315051091194281984 1835136 0 50465891015 7916447985573822463 2031036 0 

trp_british_horseguard_nco British_Horse_Guard Sergeant 0 133170176 0 0 20 0 0
  557 0 1717 0 1375 0 1825 0 111 0 1854 0 -1 0 -1 0 -1 0 -1 0 -1 0 -1 0 -1 0 -1 0 -1 0 -1 0 -1 0 -1 0 -1 0 -1 0 -1 0 -1 0 -1 0 -1 0 -1 0 -1 0 -1 0 -1 0 -1 0 -1 0 -1 0 -1 0 -1 0 -1 0 -1 0 -1 0 -1 0 -1 0 -1 0 -1 0 -1 0 -1 0 -1 0 -1 0 -1 0 -1 0 -1 0 -1 0 -1 0 -1 0 -1 0 -1 0 -1 0 -1 0 -1 0 -1 0 -1 0 -1 0 -1 0 -1 0 -1 0 -1 0 -1 0 -1 0 
  12 10 15 15 20
 150 5 30 5 30 5 30
2586 131072 0 22 339968 0 
  34359738369 1315051091194281984 1835136 0 50465891015 7916447985573822463 2031036 0 

trp_british_horseguard_officer British_Horse_Guard Officer 0 133170176 0 0 20 0 0
  558 0 1717 0 1376 0 1827 0 111 0 11 0 157 0 1854 0 398 0 -1 0 -1 0 -1 0 -1 0 -1 0 -1 0 -1 0 -1 0 -1 0 -1 0 -1 0 -1 0 -1 0 -1 0 -1 0 -1 0 -1 0 -1 0 -1 0 -1 0 -1 0 -1 0 -1 0 -1 0 -1 0 -1 0 -1 0 -1 0 -1 0 -1 0 -1 0 -1 0 -1 0 -1 0 -1 0 -1 0 -1 0 -1 0 -1 0 -1 0 -1 0 -1 0 -1 0 -1 0 -1 0 -1 0 -1 0 -1 0 -1 0 -1 0 -1 0 -1 0 -1 0 -1 0 -1 0 
  12 10 15 15 20
 150 5 30 5 30 5 30
2586 131072 0 22 339968 0 
  34359738369 1315051091194281984 1835136 0 50465891015 7916447985573822463 2031036 0 

trp_british_horseguard_trumpet British_Horse_Guard Bugler 0 133170176 0 0 20 0 0
  557 0 1717 0 1378 0 1825 0 111 0 154 0 1854 0 -1 0 -1 0 -1 0 -1 0 -1 0 -1 0 -1 0 -1 0 -1 0 -1 0 -1 0 -1 0 -1 0 -1 0 -1 0 -1 0 -1 0 -1 0 -1 0 -1 0 -1 0 -1 0 -1 0 -1 0 -1 0 -1 0 -1 0 -1 0 -1 0 -1 0 -1 0 -1 0 -1 0 -1 0 -1 0 -1 0 -1 0 -1 0 -1 0 -1 0 -1 0 -1 0 -1 0 -1 0 -1 0 -1 0 -1 0 -1 0 -1 0 -1 0 -1 0 -1 0 -1 0 -1 0 -1 0 -1 0 -1 0 
  12 10 15 15 20
 150 5 30 5 30 5 30
2586 131072 0 22 339968 0 
  34359738369 1315051091194281984 1835136 0 50465891015 7916447985573822463 2031036 0 

trp_british_arty Royal_Foot_Artillery Artillery 0 133169152 0 0 6 0 0
  550 0 1639 0 1348 0 396 0 395 0 114 0 -1 0 -1 0 -1 0 -1 0 -1 0 -1 0 -1 0 -1 0 -1 0 -1 0 -1 0 -1 0 -1 0 -1 0 -1 0 -1 0 -1 0 -1 0 -1 0 -1 0 -1 0 -1 0 -1 0 -1 0 -1 0 -1 0 -1 0 -1 0 -1 0 -1 0 -1 0 -1 0 -1 0 -1 0 -1 0 -1 0 -1 0 -1 0 -1 0 -1 0 -1 0 -1 0 -1 0 -1 0 -1 0 -1 0 -1 0 -1 0 -1 0 -1 0 -1 0 -1 0 -1 0 -1 0 -1 0 -1 0 -1 0 -1 0 
  15 15 15 15 20
 70 5 30 5 30 5 30
2586 131072 0 49 204800 0 
  34359738369 1315051091194281984 1835136 0 50465891015 7916447985573822463 2031036 0 

trp_british_arty_guard Artillery_Guard Artillery_Guard 0 133169152 0 0 20 0 0
  550 0 1639 0 1348 0 63 0 156 0 114 0 -1 0 -1 0 -1 0 -1 0 -1 0 -1 0 -1 0 -1 0 -1 0 -1 0 -1 0 -1 0 -1 0 -1 0 -1 0 -1 0 -1 0 -1 0 -1 0 -1 0 -1 0 -1 0 -1 0 -1 0 -1 0 -1 0 -1 0 -1 0 -1 0 -1 0 -1 0 -1 0 -1 0 -1 0 -1 0 -1 0 -1 0 -1 0 -1 0 -1 0 -1 0 -1 0 -1 0 -1 0 -1 0 -1 0 -1 0 -1 0 -1 0 -1 0 -1 0 -1 0 -1 0 -1 0 -1 0 -1 0 -1 0 -1 0 
  15 15 15 15 20
 70 5 30 5 30 5 30
2586 131072 0 49 204800 0 
  34359738369 1315051091194281984 1835136 0 50465891015 7916447985573822463 2031036 0 

trp_british_arty_flag_bearer Artillery_Flag_bearer Ensign 0 133169152 0 0 20 0 0
  550 0 1639 0 1348 0 277 0 114 0 -1 0 -1 0 -1 0 -1 0 -1 0 -1 0 -1 0 -1 0 -1 0 -1 0 -1 0 -1 0 -1 0 -1 0 -1 0 -1 0 -1 0 -1 0 -1 0 -1 0 -1 0 -1 0 -1 0 -1 0 -1 0 -1 0 -1 0 -1 0 -1 0 -1 0 -1 0 -1 0 -1 0 -1 0 -1 0 -1 0 -1 0 -1 0 -1 0 -1 0 -1 0 -1 0 -1 0 -1 0 -1 0 -1 0 -1 0 -1 0 -1 0 -1 0 -1 0 -1 0 -1 0 -1 0 -1 0 -1 0 -1 0 -1 0 -1 0 
  15 15 15 15 20
 70 5 30 5 30 5 30
2586 131072 0 49 204800 0 
  34359738369 1315051091194281984 1835136 0 50465891015 7916447985573822463 2031036 0 

trp_british_arty_nco British_Artillerist Artillery_Train 0 133169152 0 0 20 0 0
  552 0 1715 0 1349 0 1826 0 395 0 1964 0 1980 0 114 0 1996 0 -1 0 -1 0 -1 0 -1 0 -1 0 -1 0 -1 0 -1 0 -1 0 -1 0 -1 0 -1 0 -1 0 -1 0 -1 0 -1 0 -1 0 -1 0 -1 0 -1 0 -1 0 -1 0 -1 0 -1 0 -1 0 -1 0 -1 0 -1 0 -1 0 -1 0 -1 0 -1 0 -1 0 -1 0 -1 0 -1 0 -1 0 -1 0 -1 0 -1 0 -1 0 -1 0 -1 0 -1 0 -1 0 -1 0 -1 0 -1 0 -1 0 -1 0 -1 0 -1 0 -1 0 -1 0 -1 0 
  15 15 15 15 20
 80 5 30 5 30 5 30
2586 131072 0 49 204800 0 
  34359738369 1315051091194281984 1835136 0 50465891015 7916447985573822463 2031036 0 

trp_british_arty_officer British_Artillerist Officer 0 133169152 0 0 20 0 0
  551 0 1684 0 1347 0 1826 0 116 0 395 0 398 0 -1 0 -1 0 -1 0 -1 0 -1 0 -1 0 -1 0 -1 0 -1 0 -1 0 -1 0 -1 0 -1 0 -1 0 -1 0 -1 0 -1 0 -1 0 -1 0 -1 0 -1 0 -1 0 -1 0 -1 0 -1 0 -1 0 -1 0 -1 0 -1 0 -1 0 -1 0 -1 0 -1 0 -1 0 -1 0 -1 0 -1 0 -1 0 -1 0 -1 0 -1 0 -1 0 -1 0 -1 0 -1 0 -1 0 -1 0 -1 0 -1 0 -1 0 -1 0 -1 0 -1 0 -1 0 -1 0 -1 0 -1 0 
  15 15 15 15 20
 80 5 30 5 30 5 30
2586 131072 0 49 204800 0 
  34359738369 1315051091194281984 1835136 0 50465891015 7916447985573822463 2031036 0 

trp_brit_horseart Royal_Horse_Artillery Artillery 0 133169152 0 0 6 0 0
  563 0 1716 0 1349 0 1826 0 396 0 395 0 117 0 1857 0 -1 0 -1 0 -1 0 -1 0 -1 0 -1 0 -1 0 -1 0 -1 0 -1 0 -1 0 -1 0 -1 0 -1 0 -1 0 -1 0 -1 0 -1 0 -1 0 -1 0 -1 0 -1 0 -1 0 -1 0 -1 0 -1 0 -1 0 -1 0 -1 0 -1 0 -1 0 -1 0 -1 0 -1 0 -1 0 -1 0 -1 0 -1 0 -1 0 -1 0 -1 0 -1 0 -1 0 -1 0 -1 0 -1 0 -1 0 -1 0 -1 0 -1 0 -1 0 -1 0 -1 0 -1 0 -1 0 -1 0 
  15 15 15 15 20
 70 5 30 5 30 5 30
2586 131072 0 49 204800 0 
  34359738369 1315051091194281984 1835136 0 50465891015 7916447985573822463 2031036 0 

trp_brit_horseart_guard Artillery_Guard Artillery_Guard 0 133169152 0 0 20 0 0
  563 0 1716 0 1349 0 1348 0 63 0 156 0 117 0 1857 0 -1 0 -1 0 -1 0 -1 0 -1 0 -1 0 -1 0 -1 0 -1 0 -1 0 -1 0 -1 0 -1 0 -1 0 -1 0 -1 0 -1 0 -1 0 -1 0 -1 0 -1 0 -1 0 -1 0 -1 0 -1 0 -1 0 -1 0 -1 0 -1 0 -1 0 -1 0 -1 0 -1 0 -1 0 -1 0 -1 0 -1 0 -1 0 -1 0 -1 0 -1 0 -1 0 -1 0 -1 0 -1 0 -1 0 -1 0 -1 0 -1 0 -1 0 -1 0 -1 0 -1 0 -1 0 -1 0 -1 0 
  15 15 15 15 20
 70 5 30 5 30 5 30
2586 131072 0 49 204800 0 
  34359738369 1315051091194281984 1835136 0 50465891015 7916447985573822463 2031036 0 

trp_brit_horseart_flag_bearer Artillery_Flag_bearer Ensign 0 133169152 0 0 20 0 0
  563 0 1716 0 1349 0 1348 0 278 0 117 0 1857 0 -1 0 -1 0 -1 0 -1 0 -1 0 -1 0 -1 0 -1 0 -1 0 -1 0 -1 0 -1 0 -1 0 -1 0 -1 0 -1 0 -1 0 -1 0 -1 0 -1 0 -1 0 -1 0 -1 0 -1 0 -1 0 -1 0 -1 0 -1 0 -1 0 -1 0 -1 0 -1 0 -1 0 -1 0 -1 0 -1 0 -1 0 -1 0 -1 0 -1 0 -1 0 -1 0 -1 0 -1 0 -1 0 -1 0 -1 0 -1 0 -1 0 -1 0 -1 0 -1 0 -1 0 -1 0 -1 0 -1 0 -1 0 
  15 15 15 15 20
 70 5 30 5 30 5 30
2586 131072 0 49 204800 0 
  34359738369 1315051091194281984 1835136 0 50465891015 7916447985573822463 2031036 0 

trp_brit_horseart_nco British_Artillerist Artillery_Train 0 133169152 0 0 20 0 0
  583 0 1716 0 1349 0 1826 0 395 0 117 0 1972 0 1988 0 2004 0 -1 0 -1 0 -1 0 -1 0 -1 0 -1 0 -1 0 -1 0 -1 0 -1 0 -1 0 -1 0 -1 0 -1 0 -1 0 -1 0 -1 0 -1 0 -1 0 -1 0 -1 0 -1 0 -1 0 -1 0 -1 0 -1 0 -1 0 -1 0 -1 0 -1 0 -1 0 -1 0 -1 0 -1 0 -1 0 -1 0 -1 0 -1 0 -1 0 -1 0 -1 0 -1 0 -1 0 -1 0 -1 0 -1 0 -1 0 -1 0 -1 0 -1 0 -1 0 -1 0 -1 0 -1 0 -1 0 
  15 15 15 15 20
 80 5 30 5 30 5 30
2586 131072 0 49 204800 0 
  34359738369 1315051091194281984 1835136 0 50465891015 7916447985573822463 2031036 0 

trp_brit_horseart_officer British_Artillerist Officer 0 133169152 0 0 20 0 0
  583 0 1716 0 1349 0 1826 0 116 0 395 0 398 0 1857 0 -1 0 -1 0 -1 0 -1 0 -1 0 -1 0 -1 0 -1 0 -1 0 -1 0 -1 0 -1 0 -1 0 -1 0 -1 0 -1 0 -1 0 -1 0 -1 0 -1 0 -1 0 -1 0 -1 0 -1 0 -1 0 -1 0 -1 0 -1 0 -1 0 -1 0 -1 0 -1 0 -1 0 -1 0 -1 0 -1 0 -1 0 -1 0 -1 0 -1 0 -1 0 -1 0 -1 0 -1 0 -1 0 -1 0 -1 0 -1 0 -1 0 -1 0 -1 0 -1 0 -1 0 -1 0 -1 0 -1 0 
  15 15 15 15 20
 80 5 30 5 30 5 30
2586 131072 0 49 204800 0 
  34359738369 1315051091194281984 1835136 0 50465891015 7916447985573822463 2031036 0 

trp_british_rocket 2nd_Rocket_Troop Rocket_Artillery 0 133169152 0 0 6 0 0
  563 0 1716 0 1349 0 1826 0 112 0 395 0 167 0 -1 0 -1 0 -1 0 -1 0 -1 0 -1 0 -1 0 -1 0 -1 0 -1 0 -1 0 -1 0 -1 0 -1 0 -1 0 -1 0 -1 0 -1 0 -1 0 -1 0 -1 0 -1 0 -1 0 -1 0 -1 0 -1 0 -1 0 -1 0 -1 0 -1 0 -1 0 -1 0 -1 0 -1 0 -1 0 -1 0 -1 0 -1 0 -1 0 -1 0 -1 0 -1 0 -1 0 -1 0 -1 0 -1 0 -1 0 -1 0 -1 0 -1 0 -1 0 -1 0 -1 0 -1 0 -1 0 -1 0 -1 0 
  15 15 15 15 20
 70 5 30 5 30 5 30
2586 131072 0 48 204800 0 
  34359738369 1315051091194281984 1835136 0 50465891015 7916447985573822463 2031036 0 

trp_british_medic Surgeon Surgeon 0 133169152 0 0 6 0 0
  569 0 1711 0 1389 0 408 0 106 0 63 0 156 0 -1 0 -1 0 -1 0 -1 0 -1 0 -1 0 -1 0 -1 0 -1 0 -1 0 -1 0 -1 0 -1 0 -1 0 -1 0 -1 0 -1 0 -1 0 -1 0 -1 0 -1 0 -1 0 -1 0 -1 0 -1 0 -1 0 -1 0 -1 0 -1 0 -1 0 -1 0 -1 0 -1 0 -1 0 -1 0 -1 0 -1 0 -1 0 -1 0 -1 0 -1 0 -1 0 -1 0 -1 0 -1 0 -1 0 -1 0 -1 0 -1 0 -1 0 -1 0 -1 0 -1 0 -1 0 -1 0 -1 0 -1 0 
  15 15 15 15 20
 70 5 30 5 30 5 30
2586 131072 0 48 204800 0 
  34359738369 1315051091194281984 1835136 0 50465891015 7916447985573822463 2031036 0 

trp_british_sapper Sapper Engineer 0 133169152 0 0 6 0 0
  564 0 1713 0 1366 0 410 0 412 0 413 0 107 0 -1 0 -1 0 -1 0 -1 0 -1 0 -1 0 -1 0 -1 0 -1 0 -1 0 -1 0 -1 0 -1 0 -1 0 -1 0 -1 0 -1 0 -1 0 -1 0 -1 0 -1 0 -1 0 -1 0 -1 0 -1 0 -1 0 -1 0 -1 0 -1 0 -1 0 -1 0 -1 0 -1 0 -1 0 -1 0 -1 0 -1 0 -1 0 -1 0 -1 0 -1 0 -1 0 -1 0 -1 0 -1 0 -1 0 -1 0 -1 0 -1 0 -1 0 -1 0 -1 0 -1 0 -1 0 -1 0 -1 0 -1 0 
  15 15 15 15 20
 70 5 30 5 30 5 30
2586 131072 0 48 204800 0 
  34359738369 1315051091194281984 1835136 0 50465891015 7916447985573822463 2031036 0 

trp_british_horse_sapper Sapper Engineer_with_horse 0 133169152 0 0 20 0 0
  564 0 1713 0 1366 0 410 0 412 0 413 0 107 0 1857 0 -1 0 -1 0 -1 0 -1 0 -1 0 -1 0 -1 0 -1 0 -1 0 -1 0 -1 0 -1 0 -1 0 -1 0 -1 0 -1 0 -1 0 -1 0 -1 0 -1 0 -1 0 -1 0 -1 0 -1 0 -1 0 -1 0 -1 0 -1 0 -1 0 -1 0 -1 0 -1 0 -1 0 -1 0 -1 0 -1 0 -1 0 -1 0 -1 0 -1 0 -1 0 -1 0 -1 0 -1 0 -1 0 -1 0 -1 0 -1 0 -1 0 -1 0 -1 0 -1 0 -1 0 -1 0 -1 0 -1 0 
  15 15 15 15 20
 70 5 30 5 30 5 30
2586 131072 0 49 204800 0 
  34359738369 1315051091194281984 1835136 0 50465891015 7916447985573822463 2031036 0 

trp_british_ship_marine Ship_Crew Royal_Marines 0 133169152 0 0 6 0 0
  566 0 1712 0 1388 0 1388 0 1388 0 1388 0 1387 0 63 0 156 0 -1 0 -1 0 -1 0 -1 0 -1 0 -1 0 -1 0 -1 0 -1 0 -1 0 -1 0 -1 0 -1 0 -1 0 -1 0 -1 0 -1 0 -1 0 -1 0 -1 0 -1 0 -1 0 -1 0 -1 0 -1 0 -1 0 -1 0 -1 0 -1 0 -1 0 -1 0 -1 0 -1 0 -1 0 -1 0 -1 0 -1 0 -1 0 -1 0 -1 0 -1 0 -1 0 -1 0 -1 0 -1 0 -1 0 -1 0 -1 0 -1 0 -1 0 -1 0 -1 0 -1 0 -1 0 -1 0 
  15 15 15 15 20
 50 5 130 5 150 5 30
2586 131072 0 48 208896 0 
  34359738369 1315051091194281984 1835136 0 50465891015 7916447985573822463 2031036 0 

trp_british_ship_flag_bearer Ship_Crew Ship_Ensign 0 133169152 0 0 20 0 0
  566 0 1712 0 1388 0 1388 0 1388 0 1388 0 1387 0 114 0 279 0 -1 0 -1 0 -1 0 -1 0 -1 0 -1 0 -1 0 -1 0 -1 0 -1 0 -1 0 -1 0 -1 0 -1 0 -1 0 -1 0 -1 0 -1 0 -1 0 -1 0 -1 0 -1 0 -1 0 -1 0 -1 0 -1 0 -1 0 -1 0 -1 0 -1 0 -1 0 -1 0 -1 0 -1 0 -1 0 -1 0 -1 0 -1 0 -1 0 -1 0 -1 0 -1 0 -1 0 -1 0 -1 0 -1 0 -1 0 -1 0 -1 0 -1 0 -1 0 -1 0 -1 0 -1 0 -1 0 
  15 15 15 15 20
 50 5 130 5 150 5 30
2586 131072 0 48 208896 0 
  34359738369 1315051091194281984 1835136 0 50465891015 7916447985573822463 2031036 0 

trp_british_ship Ship_Crew Ship_Crew,_HMS_Neptune 0 133169152 0 0 20 0 0
  1721 0 1385 0 1386 0 114 0 113 0 101 0 108 0 187 0 187 0 187 0 187 0 188 0 188 0 189 0 186 0 156 0 28 0 157 0 11 0 11 0 11 0 -1 0 -1 0 -1 0 -1 0 -1 0 -1 0 -1 0 -1 0 -1 0 -1 0 -1 0 -1 0 -1 0 -1 0 -1 0 -1 0 -1 0 -1 0 -1 0 -1 0 -1 0 -1 0 -1 0 -1 0 -1 0 -1 0 -1 0 -1 0 -1 0 -1 0 -1 0 -1 0 -1 0 -1 0 -1 0 -1 0 -1 0 -1 0 -1 0 -1 0 -1 0 -1 0 -1 0 
  15 15 15 15 20
 80 5 80 5 130 80 30
2586 131072 0 48 208896 0 
  34359738369 1315051091194281984 1835136 0 50465891015 7916447985573822463 2031036 0 

trp_british_ship_cannon Ship_Crew Naval_Artillery 0 133169152 0 0 20 0 0
  1721 0 1385 0 1386 0 396 0 395 0 114 0 -1 0 -1 0 -1 0 -1 0 -1 0 -1 0 -1 0 -1 0 -1 0 -1 0 -1 0 -1 0 -1 0 -1 0 -1 0 -1 0 -1 0 -1 0 -1 0 -1 0 -1 0 -1 0 -1 0 -1 0 -1 0 -1 0 -1 0 -1 0 -1 0 -1 0 -1 0 -1 0 -1 0 -1 0 -1 0 -1 0 -1 0 -1 0 -1 0 -1 0 -1 0 -1 0 -1 0 -1 0 -1 0 -1 0 -1 0 -1 0 -1 0 -1 0 -1 0 -1 0 -1 0 -1 0 -1 0 -1 0 -1 0 -1 0 
  15 15 15 15 20
 80 5 80 5 130 80 30
2586 131072 0 49 208896 0 
  34359738369 1315051091194281984 1835136 0 50465891015 7916447985573822463 2031036 0 

trp_british_ship_captain Ship_Crew Post_Captain,_HMS_Neptune 0 133169152 0 0 20 0 0
  565 0 1720 0 1384 0 112 0 11 0 157 0 398 0 -1 0 -1 0 -1 0 -1 0 -1 0 -1 0 -1 0 -1 0 -1 0 -1 0 -1 0 -1 0 -1 0 -1 0 -1 0 -1 0 -1 0 -1 0 -1 0 -1 0 -1 0 -1 0 -1 0 -1 0 -1 0 -1 0 -1 0 -1 0 -1 0 -1 0 -1 0 -1 0 -1 0 -1 0 -1 0 -1 0 -1 0 -1 0 -1 0 -1 0 -1 0 -1 0 -1 0 -1 0 -1 0 -1 0 -1 0 -1 0 -1 0 -1 0 -1 0 -1 0 -1 0 -1 0 -1 0 -1 0 -1 0 
  15 15 15 15 20
 80 5 80 5 50 5 30
2586 131072 0 48 200704 0 
  34359738369 1315051091194281984 1835136 0 50465891015 7916447985573822463 2031036 0 

trp_wellington Arthur_Wellesley,_Duke_of_Wellington Commander 0 133170176 0 0 6 0 0
  562 0 1714 0 1383 0 1826 0 1854 0 87 0 398 0 -1 0 -1 0 -1 0 -1 0 -1 0 -1 0 -1 0 -1 0 -1 0 -1 0 -1 0 -1 0 -1 0 -1 0 -1 0 -1 0 -1 0 -1 0 -1 0 -1 0 -1 0 -1 0 -1 0 -1 0 -1 0 -1 0 -1 0 -1 0 -1 0 -1 0 -1 0 -1 0 -1 0 -1 0 -1 0 -1 0 -1 0 -1 0 -1 0 -1 0 -1 0 -1 0 -1 0 -1 0 -1 0 -1 0 -1 0 -1 0 -1 0 -1 0 -1 0 -1 0 -1 0 -1 0 -1 0 -1 0 -1 0 
  12 10 15 15 20
 130 5 30 5 30 5 30
2586 131072 0 22 339968 0 
  34359738369 1315051091194281984 1835136 0 50465891015 7916447985573822463 2031036 0 

trp_french_infantry 45e_Regiment_d'Infanterie_de_ligne Line_Infantry 0 133169152 0 0 7 0 0
  421 0 1639 0 1216 0 156 0 59 0 88 0 -1 0 -1 0 -1 0 -1 0 -1 0 -1 0 -1 0 -1 0 -1 0 -1 0 -1 0 -1 0 -1 0 -1 0 -1 0 -1 0 -1 0 -1 0 -1 0 -1 0 -1 0 -1 0 -1 0 -1 0 -1 0 -1 0 -1 0 -1 0 -1 0 -1 0 -1 0 -1 0 -1 0 -1 0 -1 0 -1 0 -1 0 -1 0 -1 0 -1 0 -1 0 -1 0 -1 0 -1 0 -1 0 -1 0 -1 0 -1 0 -1 0 -1 0 -1 0 -1 0 -1 0 -1 0 -1 0 -1 0 -1 0 -1 0 
  15 15 15 15 20
 50 5 130 5 150 5 30
2586 131072 0 48 208896 0 
  34359738369 1315051091194281984 1835136 0 50465891015 7916447985573822463 2031036 0 

trp_french_infantry_flag_bearer French_Line_Infantry Eagle_Bearer 0 133169152 0 0 21 0 0
  420 0 1655 0 1247 0 208 0 88 0 -1 0 -1 0 -1 0 -1 0 -1 0 -1 0 -1 0 -1 0 -1 0 -1 0 -1 0 -1 0 -1 0 -1 0 -1 0 -1 0 -1 0 -1 0 -1 0 -1 0 -1 0 -1 0 -1 0 -1 0 -1 0 -1 0 -1 0 -1 0 -1 0 -1 0 -1 0 -1 0 -1 0 -1 0 -1 0 -1 0 -1 0 -1 0 -1 0 -1 0 -1 0 -1 0 -1 0 -1 0 -1 0 -1 0 -1 0 -1 0 -1 0 -1 0 -1 0 -1 0 -1 0 -1 0 -1 0 -1 0 -1 0 -1 0 -1 0 
  15 15 15 15 20
 80 5 80 5 50 5 30
2586 131072 0 48 208896 0 
  34359738369 1315051091194281984 1835136 0 50465891015 7916447985573822463 2031036 0 

trp_french_infantry_nco French_Line_Infantry Sergeant 0 133169152 0 0 21 0 0
  420 0 1655 0 1247 0 156 0 59 0 88 0 -1 0 -1 0 -1 0 -1 0 -1 0 -1 0 -1 0 -1 0 -1 0 -1 0 -1 0 -1 0 -1 0 -1 0 -1 0 -1 0 -1 0 -1 0 -1 0 -1 0 -1 0 -1 0 -1 0 -1 0 -1 0 -1 0 -1 0 -1 0 -1 0 -1 0 -1 0 -1 0 -1 0 -1 0 -1 0 -1 0 -1 0 -1 0 -1 0 -1 0 -1 0 -1 0 -1 0 -1 0 -1 0 -1 0 -1 0 -1 0 -1 0 -1 0 -1 0 -1 0 -1 0 -1 0 -1 0 -1 0 -1 0 -1 0 
  15 15 15 15 20
 50 5 130 5 150 5 30
2586 131072 0 48 208896 0 
  34359738369 1315051091194281984 1835136 0 50465891015 7916447985573822463 2031036 0 

trp_french_infantry_officer French_Line_Infantry Officer 0 133169152 0 0 21 0 0
  419 0 1655 0 1247 0 84 0 157 0 3 0 5 0 1819 0 398 0 -1 0 -1 0 -1 0 -1 0 -1 0 -1 0 -1 0 -1 0 -1 0 -1 0 -1 0 -1 0 -1 0 -1 0 -1 0 -1 0 -1 0 -1 0 -1 0 -1 0 -1 0 -1 0 -1 0 -1 0 -1 0 -1 0 -1 0 -1 0 -1 0 -1 0 -1 0 -1 0 -1 0 -1 0 -1 0 -1 0 -1 0 -1 0 -1 0 -1 0 -1 0 -1 0 -1 0 -1 0 -1 0 -1 0 -1 0 -1 0 -1 0 -1 0 -1 0 -1 0 -1 0 -1 0 -1 0 
  15 15 15 15 20
 80 5 80 5 50 5 30
2586 131072 0 48 208896 0 
  34359738369 1315051091194281984 1835136 0 50465891015 7916447985573822463 2031036 0 

trp_french_infantry_drum French_Line_Infantry Drummer 0 133169152 0 0 21 0 0
  457 0 1639 0 1216 0 1820 0 150 0 88 0 -1 0 -1 0 -1 0 -1 0 -1 0 -1 0 -1 0 -1 0 -1 0 -1 0 -1 0 -1 0 -1 0 -1 0 -1 0 -1 0 -1 0 -1 0 -1 0 -1 0 -1 0 -1 0 -1 0 -1 0 -1 0 -1 0 -1 0 -1 0 -1 0 -1 0 -1 0 -1 0 -1 0 -1 0 -1 0 -1 0 -1 0 -1 0 -1 0 -1 0 -1 0 -1 0 -1 0 -1 0 -1 0 -1 0 -1 0 -1 0 -1 0 -1 0 -1 0 -1 0 -1 0 -1 0 -1 0 -1 0 -1 0 -1 0 
  15 15 15 15 20
 80 5 80 5 50 5 30
2586 131072 0 48 208896 0 
  34359738369 1315051091194281984 1835136 0 50465891015 7916447985573822463 2031036 0 

trp_french_infantry_flute French_Line_Infantry Fifer 0 133169152 0 0 21 0 0
  458 0 1639 0 1216 0 151 0 88 0 -1 0 -1 0 -1 0 -1 0 -1 0 -1 0 -1 0 -1 0 -1 0 -1 0 -1 0 -1 0 -1 0 -1 0 -1 0 -1 0 -1 0 -1 0 -1 0 -1 0 -1 0 -1 0 -1 0 -1 0 -1 0 -1 0 -1 0 -1 0 -1 0 -1 0 -1 0 -1 0 -1 0 -1 0 -1 0 -1 0 -1 0 -1 0 -1 0 -1 0 -1 0 -1 0 -1 0 -1 0 -1 0 -1 0 -1 0 -1 0 -1 0 -1 0 -1 0 -1 0 -1 0 -1 0 -1 0 -1 0 -1 0 -1 0 -1 0 
  15 15 15 15 20
 80 5 80 5 50 5 30
2586 131072 0 48 208896 0 
  34359738369 1315051091194281984 1835136 0 50465891015 7916447985573822463 2031036 0 

trp_french_infantry2 84e_Regiment_d'Infanterie_de_ligne Line_Infantry 0 133169152 0 0 7 0 0
  423 0 1656 0 1223 0 156 0 59 0 88 0 -1 0 -1 0 -1 0 -1 0 -1 0 -1 0 -1 0 -1 0 -1 0 -1 0 -1 0 -1 0 -1 0 -1 0 -1 0 -1 0 -1 0 -1 0 -1 0 -1 0 -1 0 -1 0 -1 0 -1 0 -1 0 -1 0 -1 0 -1 0 -1 0 -1 0 -1 0 -1 0 -1 0 -1 0 -1 0 -1 0 -1 0 -1 0 -1 0 -1 0 -1 0 -1 0 -1 0 -1 0 -1 0 -1 0 -1 0 -1 0 -1 0 -1 0 -1 0 -1 0 -1 0 -1 0 -1 0 -1 0 -1 0 -1 0 
  15 15 15 15 20
 50 5 130 5 150 5 30
2586 131072 0 48 208896 0 
  34359738369 1315051091194281984 1835136 0 50465891015 7916447985573822463 2031036 0 

trp_french_infantry2_flag_bearer French_Grenadier Eagle_Bearer 0 133169152 0 0 21 0 0
  424 0 1655 0 1222 0 209 0 88 0 -1 0 -1 0 -1 0 -1 0 -1 0 -1 0 -1 0 -1 0 -1 0 -1 0 -1 0 -1 0 -1 0 -1 0 -1 0 -1 0 -1 0 -1 0 -1 0 -1 0 -1 0 -1 0 -1 0 -1 0 -1 0 -1 0 -1 0 -1 0 -1 0 -1 0 -1 0 -1 0 -1 0 -1 0 -1 0 -1 0 -1 0 -1 0 -1 0 -1 0 -1 0 -1 0 -1 0 -1 0 -1 0 -1 0 -1 0 -1 0 -1 0 -1 0 -1 0 -1 0 -1 0 -1 0 -1 0 -1 0 -1 0 -1 0 -1 0 
  15 15 15 15 20
 80 5 80 5 50 5 30
2586 131072 0 48 208896 0 
  34359738369 1315051091194281984 1835136 0 50465891015 7916447985573822463 2031036 0 

trp_french_infantry2_nco French_Grenadier Sergeant 0 133169152 0 0 21 0 0
  424 0 1655 0 1222 0 156 0 59 0 88 0 -1 0 -1 0 -1 0 -1 0 -1 0 -1 0 -1 0 -1 0 -1 0 -1 0 -1 0 -1 0 -1 0 -1 0 -1 0 -1 0 -1 0 -1 0 -1 0 -1 0 -1 0 -1 0 -1 0 -1 0 -1 0 -1 0 -1 0 -1 0 -1 0 -1 0 -1 0 -1 0 -1 0 -1 0 -1 0 -1 0 -1 0 -1 0 -1 0 -1 0 -1 0 -1 0 -1 0 -1 0 -1 0 -1 0 -1 0 -1 0 -1 0 -1 0 -1 0 -1 0 -1 0 -1 0 -1 0 -1 0 -1 0 -1 0 
  15 15 15 15 20
 50 5 130 5 150 5 30
2586 131072 0 48 208896 0 
  34359738369 1315051091194281984 1835136 0 50465891015 7916447985573822463 2031036 0 

trp_french_infantry2_officer French_Grenadier Officer 0 133169152 0 0 21 0 0
  422 0 1654 0 1225 0 84 0 157 0 3 0 5 0 1819 0 398 0 -1 0 -1 0 -1 0 -1 0 -1 0 -1 0 -1 0 -1 0 -1 0 -1 0 -1 0 -1 0 -1 0 -1 0 -1 0 -1 0 -1 0 -1 0 -1 0 -1 0 -1 0 -1 0 -1 0 -1 0 -1 0 -1 0 -1 0 -1 0 -1 0 -1 0 -1 0 -1 0 -1 0 -1 0 -1 0 -1 0 -1 0 -1 0 -1 0 -1 0 -1 0 -1 0 -1 0 -1 0 -1 0 -1 0 -1 0 -1 0 -1 0 -1 0 -1 0 -1 0 -1 0 -1 0 -1 0 
  15 15 15 15 20
 80 5 80 5 50 5 30
2586 131072 0 48 208896 0 
  34359738369 1315051091194281984 1835136 0 50465891015 7916447985573822463 2031036 0 

trp_french_infantry2_drum French_Grenadier Drummer 0 133169152 0 0 21 0 0
  459 0 1656 0 1223 0 1820 0 150 0 88 0 -1 0 -1 0 -1 0 -1 0 -1 0 -1 0 -1 0 -1 0 -1 0 -1 0 -1 0 -1 0 -1 0 -1 0 -1 0 -1 0 -1 0 -1 0 -1 0 -1 0 -1 0 -1 0 -1 0 -1 0 -1 0 -1 0 -1 0 -1 0 -1 0 -1 0 -1 0 -1 0 -1 0 -1 0 -1 0 -1 0 -1 0 -1 0 -1 0 -1 0 -1 0 -1 0 -1 0 -1 0 -1 0 -1 0 -1 0 -1 0 -1 0 -1 0 -1 0 -1 0 -1 0 -1 0 -1 0 -1 0 -1 0 -1 0 
  15 15 15 15 20
 80 5 80 5 50 5 30
2586 131072 0 48 208896 0 
  34359738369 1315051091194281984 1835136 0 50465891015 7916447985573822463 2031036 0 

trp_french_infantry2_flute French_Grenadier Fifer 0 133169152 0 0 21 0 0
  460 0 1656 0 1223 0 151 0 88 0 -1 0 -1 0 -1 0 -1 0 -1 0 -1 0 -1 0 -1 0 -1 0 -1 0 -1 0 -1 0 -1 0 -1 0 -1 0 -1 0 -1 0 -1 0 -1 0 -1 0 -1 0 -1 0 -1 0 -1 0 -1 0 -1 0 -1 0 -1 0 -1 0 -1 0 -1 0 -1 0 -1 0 -1 0 -1 0 -1 0 -1 0 -1 0 -1 0 -1 0 -1 0 -1 0 -1 0 -1 0 -1 0 -1 0 -1 0 -1 0 -1 0 -1 0 -1 0 -1 0 -1 0 -1 0 -1 0 -1 0 -1 0 -1 0 -1 0 
  15 15 15 15 20
 80 5 80 5 50 5 30
2586 131072 0 48 208896 0 
  34359738369 1315051091194281984 1835136 0 50465891015 7916447985573822463 2031036 0 

trp_french_infantry_vistula Legion_de_la_Vistule Line_Infantry 0 133169152 0 0 7 0 0
  437 0 1643 0 1219 0 156 0 59 0 88 0 -1 0 -1 0 -1 0 -1 0 -1 0 -1 0 -1 0 -1 0 -1 0 -1 0 -1 0 -1 0 -1 0 -1 0 -1 0 -1 0 -1 0 -1 0 -1 0 -1 0 -1 0 -1 0 -1 0 -1 0 -1 0 -1 0 -1 0 -1 0 -1 0 -1 0 -1 0 -1 0 -1 0 -1 0 -1 0 -1 0 -1 0 -1 0 -1 0 -1 0 -1 0 -1 0 -1 0 -1 0 -1 0 -1 0 -1 0 -1 0 -1 0 -1 0 -1 0 -1 0 -1 0 -1 0 -1 0 -1 0 -1 0 -1 0 
  15 15 15 15 20
 50 5 130 5 150 5 30
2586 131072 0 48 208896 0 
  34359738369 1315051091194281984 1835136 0 50465891015 7916447985573822463 2031036 0 

trp_french_infantry_vistula_flag_bearer Polish_Line_Infantry Eagle_Bearer 0 133169152 0 0 21 0 0
  438 0 1643 0 1217 0 210 0 88 0 -1 0 -1 0 -1 0 -1 0 -1 0 -1 0 -1 0 -1 0 -1 0 -1 0 -1 0 -1 0 -1 0 -1 0 -1 0 -1 0 -1 0 -1 0 -1 0 -1 0 -1 0 -1 0 -1 0 -1 0 -1 0 -1 0 -1 0 -1 0 -1 0 -1 0 -1 0 -1 0 -1 0 -1 0 -1 0 -1 0 -1 0 -1 0 -1 0 -1 0 -1 0 -1 0 -1 0 -1 0 -1 0 -1 0 -1 0 -1 0 -1 0 -1 0 -1 0 -1 0 -1 0 -1 0 -1 0 -1 0 -1 0 -1 0 -1 0 
  15 15 15 15 20
 80 5 80 5 50 5 30
2586 131072 0 48 208896 0 
  34359738369 1315051091194281984 1835136 0 50465891015 7916447985573822463 2031036 0 

trp_french_infantry_vistula_nco Polish_Line_Infantry Sergeant 0 133169152 0 0 21 0 0
  438 0 1643 0 1217 0 156 0 59 0 88 0 -1 0 -1 0 -1 0 -1 0 -1 0 -1 0 -1 0 -1 0 -1 0 -1 0 -1 0 -1 0 -1 0 -1 0 -1 0 -1 0 -1 0 -1 0 -1 0 -1 0 -1 0 -1 0 -1 0 -1 0 -1 0 -1 0 -1 0 -1 0 -1 0 -1 0 -1 0 -1 0 -1 0 -1 0 -1 0 -1 0 -1 0 -1 0 -1 0 -1 0 -1 0 -1 0 -1 0 -1 0 -1 0 -1 0 -1 0 -1 0 -1 0 -1 0 -1 0 -1 0 -1 0 -1 0 -1 0 -1 0 -1 0 -1 0 
  15 15 15 15 20
 80 5 80 5 50 5 30
2586 131072 0 48 208896 0 
  34359738369 1315051091194281984 1835136 0 50465891015 7916447985573822463 2031036 0 

trp_french_infantry_vistula_officer Polish_Line_Infantry Officer 0 133169152 0 0 21 0 0
  439 0 1654 0 1220 0 84 0 157 0 3 0 5 0 1819 0 398 0 -1 0 -1 0 -1 0 -1 0 -1 0 -1 0 -1 0 -1 0 -1 0 -1 0 -1 0 -1 0 -1 0 -1 0 -1 0 -1 0 -1 0 -1 0 -1 0 -1 0 -1 0 -1 0 -1 0 -1 0 -1 0 -1 0 -1 0 -1 0 -1 0 -1 0 -1 0 -1 0 -1 0 -1 0 -1 0 -1 0 -1 0 -1 0 -1 0 -1 0 -1 0 -1 0 -1 0 -1 0 -1 0 -1 0 -1 0 -1 0 -1 0 -1 0 -1 0 -1 0 -1 0 -1 0 -1 0 
  15 15 15 15 20
 80 5 80 5 50 5 30
2586 131072 0 48 208896 0 
  34359738369 1315051091194281984 1835136 0 50465891015 7916447985573822463 2031036 0 

trp_french_infantry_vistula_drum Polish_Line_Infantry Drummer 0 133169152 0 0 21 0 0
  465 0 1643 0 1219 0 1820 0 150 0 88 0 -1 0 -1 0 -1 0 -1 0 -1 0 -1 0 -1 0 -1 0 -1 0 -1 0 -1 0 -1 0 -1 0 -1 0 -1 0 -1 0 -1 0 -1 0 -1 0 -1 0 -1 0 -1 0 -1 0 -1 0 -1 0 -1 0 -1 0 -1 0 -1 0 -1 0 -1 0 -1 0 -1 0 -1 0 -1 0 -1 0 -1 0 -1 0 -1 0 -1 0 -1 0 -1 0 -1 0 -1 0 -1 0 -1 0 -1 0 -1 0 -1 0 -1 0 -1 0 -1 0 -1 0 -1 0 -1 0 -1 0 -1 0 -1 0 
  15 15 15 15 20
 80 5 80 5 50 5 30
2586 131072 0 48 208896 0 
  34359738369 1315051091194281984 1835136 0 50465891015 7916447985573822463 2031036 0 

trp_french_infantry_vistula_flute Polish_Line_Infantry Fifer 0 133169152 0 0 21 0 0
  466 0 1643 0 1219 0 151 0 88 0 -1 0 -1 0 -1 0 -1 0 -1 0 -1 0 -1 0 -1 0 -1 0 -1 0 -1 0 -1 0 -1 0 -1 0 -1 0 -1 0 -1 0 -1 0 -1 0 -1 0 -1 0 -1 0 -1 0 -1 0 -1 0 -1 0 -1 0 -1 0 -1 0 -1 0 -1 0 -1 0 -1 0 -1 0 -1 0 -1 0 -1 0 -1 0 -1 0 -1 0 -1 0 -1 0 -1 0 -1 0 -1 0 -1 0 -1 0 -1 0 -1 0 -1 0 -1 0 -1 0 -1 0 -1 0 -1 0 -1 0 -1 0 -1 0 -1 0 
  15 15 15 15 20
 80 5 80 5 50 5 30
2586 131072 0 48 208896 0 
  34359738369 1315051091194281984 1835136 0 50465891015 7916447985573822463 2031036 0 

trp_french_infantry_swiss 4e_Regiment_d'Infanterie_Suisse Line_Infantry 0 133169152 0 0 7 0 0
  477 0 1639 0 1262 0 156 0 59 0 88 0 -1 0 -1 0 -1 0 -1 0 -1 0 -1 0 -1 0 -1 0 -1 0 -1 0 -1 0 -1 0 -1 0 -1 0 -1 0 -1 0 -1 0 -1 0 -1 0 -1 0 -1 0 -1 0 -1 0 -1 0 -1 0 -1 0 -1 0 -1 0 -1 0 -1 0 -1 0 -1 0 -1 0 -1 0 -1 0 -1 0 -1 0 -1 0 -1 0 -1 0 -1 0 -1 0 -1 0 -1 0 -1 0 -1 0 -1 0 -1 0 -1 0 -1 0 -1 0 -1 0 -1 0 -1 0 -1 0 -1 0 -1 0 -1 0 
  15 15 15 15 20
 50 5 130 5 150 5 30
2586 131072 0 48 208896 0 
  34359738369 1315051091194281984 1835136 0 50465891015 7916447985573822463 2031036 0 

trp_french_infantry_swiss_flag_bearer 4e_Regiment_d'infanterie_Suisse Eagle_Bearer 0 133169152 0 0 21 0 0
  474 0 1655 0 1260 0 219 0 88 0 -1 0 -1 0 -1 0 -1 0 -1 0 -1 0 -1 0 -1 0 -1 0 -1 0 -1 0 -1 0 -1 0 -1 0 -1 0 -1 0 -1 0 -1 0 -1 0 -1 0 -1 0 -1 0 -1 0 -1 0 -1 0 -1 0 -1 0 -1 0 -1 0 -1 0 -1 0 -1 0 -1 0 -1 0 -1 0 -1 0 -1 0 -1 0 -1 0 -1 0 -1 0 -1 0 -1 0 -1 0 -1 0 -1 0 -1 0 -1 0 -1 0 -1 0 -1 0 -1 0 -1 0 -1 0 -1 0 -1 0 -1 0 -1 0 -1 0 
  15 15 15 15 20
 80 5 80 5 50 5 30
2586 131072 0 48 208896 0 
  34359738369 1315051091194281984 1835136 0 50465891015 7916447985573822463 2031036 0 

trp_french_infantry_swiss_nco 4e_Regiment_d'infanterie_Suisse Sergeant 0 133169152 0 0 21 0 0
  474 0 1655 0 1260 0 156 0 59 0 88 0 -1 0 -1 0 -1 0 -1 0 -1 0 -1 0 -1 0 -1 0 -1 0 -1 0 -1 0 -1 0 -1 0 -1 0 -1 0 -1 0 -1 0 -1 0 -1 0 -1 0 -1 0 -1 0 -1 0 -1 0 -1 0 -1 0 -1 0 -1 0 -1 0 -1 0 -1 0 -1 0 -1 0 -1 0 -1 0 -1 0 -1 0 -1 0 -1 0 -1 0 -1 0 -1 0 -1 0 -1 0 -1 0 -1 0 -1 0 -1 0 -1 0 -1 0 -1 0 -1 0 -1 0 -1 0 -1 0 -1 0 -1 0 -1 0 
  15 15 15 15 20
 50 5 130 5 150 5 30
2586 131072 0 48 208896 0 
  34359738369 1315051091194281984 1835136 0 50465891015 7916447985573822463 2031036 0 

trp_french_infantry_swiss_officer 4e_Regiment_d'infanterie_Suisse Officer 0 133169152 0 0 21 0 0
  473 0 1655 0 1264 0 84 0 157 0 3 0 5 0 1819 0 398 0 -1 0 -1 0 -1 0 -1 0 -1 0 -1 0 -1 0 -1 0 -1 0 -1 0 -1 0 -1 0 -1 0 -1 0 -1 0 -1 0 -1 0 -1 0 -1 0 -1 0 -1 0 -1 0 -1 0 -1 0 -1 0 -1 0 -1 0 -1 0 -1 0 -1 0 -1 0 -1 0 -1 0 -1 0 -1 0 -1 0 -1 0 -1 0 -1 0 -1 0 -1 0 -1 0 -1 0 -1 0 -1 0 -1 0 -1 0 -1 0 -1 0 -1 0 -1 0 -1 0 -1 0 -1 0 -1 0 
  15 15 15 15 20
 80 5 80 5 50 5 30
2586 131072 0 48 208896 0 
  34359738369 1315051091194281984 1835136 0 50465891015 7916447985573822463 2031036 0 

trp_french_infantry_swiss_drum 4e_Regiment_d'infanterie_Suisse Drummer 0 133169152 0 0 21 0 0
  475 0 1639 0 1262 0 1820 0 150 0 88 0 -1 0 -1 0 -1 0 -1 0 -1 0 -1 0 -1 0 -1 0 -1 0 -1 0 -1 0 -1 0 -1 0 -1 0 -1 0 -1 0 -1 0 -1 0 -1 0 -1 0 -1 0 -1 0 -1 0 -1 0 -1 0 -1 0 -1 0 -1 0 -1 0 -1 0 -1 0 -1 0 -1 0 -1 0 -1 0 -1 0 -1 0 -1 0 -1 0 -1 0 -1 0 -1 0 -1 0 -1 0 -1 0 -1 0 -1 0 -1 0 -1 0 -1 0 -1 0 -1 0 -1 0 -1 0 -1 0 -1 0 -1 0 -1 0 
  15 15 15 15 20
 80 5 80 5 50 5 30
2586 131072 0 48 208896 0 
  34359738369 1315051091194281984 1835136 0 50465891015 7916447985573822463 2031036 0 

trp_french_infantry_swiss_flute 4e_Regiment_d'infanterie_Suisse Fifer 0 133169152 0 0 21 0 0
  476 0 1639 0 1262 0 151 0 88 0 -1 0 -1 0 -1 0 -1 0 -1 0 -1 0 -1 0 -1 0 -1 0 -1 0 -1 0 -1 0 -1 0 -1 0 -1 0 -1 0 -1 0 -1 0 -1 0 -1 0 -1 0 -1 0 -1 0 -1 0 -1 0 -1 0 -1 0 -1 0 -1 0 -1 0 -1 0 -1 0 -1 0 -1 0 -1 0 -1 0 -1 0 -1 0 -1 0 -1 0 -1 0 -1 0 -1 0 -1 0 -1 0 -1 0 -1 0 -1 0 -1 0 -1 0 -1 0 -1 0 -1 0 -1 0 -1 0 -1 0 -1 0 -1 0 -1 0 
  15 15 15 15 20
 80 5 80 5 50 5 30
2586 131072 0 48 208896 0 
  34359738369 1315051091194281984 1835136 0 50465891015 7916447985573822463 2031036 0 

trp_french_infantry_1er 1er_Regiment_d'Infanterie_de_ligne Line_Infantry 0 133169152 0 0 7 0 0
  421 0 1639 0 1267 0 156 0 59 0 88 0 -1 0 -1 0 -1 0 -1 0 -1 0 -1 0 -1 0 -1 0 -1 0 -1 0 -1 0 -1 0 -1 0 -1 0 -1 0 -1 0 -1 0 -1 0 -1 0 -1 0 -1 0 -1 0 -1 0 -1 0 -1 0 -1 0 -1 0 -1 0 -1 0 -1 0 -1 0 -1 0 -1 0 -1 0 -1 0 -1 0 -1 0 -1 0 -1 0 -1 0 -1 0 -1 0 -1 0 -1 0 -1 0 -1 0 -1 0 -1 0 -1 0 -1 0 -1 0 -1 0 -1 0 -1 0 -1 0 -1 0 -1 0 -1 0 
  15 15 15 15 20
 50 5 130 5 150 5 30
2586 131072 0 48 208896 0 
  34359738369 1315051091194281984 1835136 0 50465891015 7916447985573822463 2031036 0 

trp_french_infantry_1er_flag_bearer French_Line_Infantry Eagle_Bearer 0 133169152 0 0 21 0 0
  420 0 1655 0 1247 0 221 0 88 0 -1 0 -1 0 -1 0 -1 0 -1 0 -1 0 -1 0 -1 0 -1 0 -1 0 -1 0 -1 0 -1 0 -1 0 -1 0 -1 0 -1 0 -1 0 -1 0 -1 0 -1 0 -1 0 -1 0 -1 0 -1 0 -1 0 -1 0 -1 0 -1 0 -1 0 -1 0 -1 0 -1 0 -1 0 -1 0 -1 0 -1 0 -1 0 -1 0 -1 0 -1 0 -1 0 -1 0 -1 0 -1 0 -1 0 -1 0 -1 0 -1 0 -1 0 -1 0 -1 0 -1 0 -1 0 -1 0 -1 0 -1 0 -1 0 -1 0 
  15 15 15 15 20
 80 5 80 5 50 5 30
2586 131072 0 48 208896 0 
  34359738369 1315051091194281984 1835136 0 50465891015 7916447985573822463 2031036 0 

trp_french_infantry_1er_nco French_Line_Infantry Sergeant 0 133169152 0 0 21 0 0
  420 0 1655 0 1247 0 156 0 59 0 88 0 -1 0 -1 0 -1 0 -1 0 -1 0 -1 0 -1 0 -1 0 -1 0 -1 0 -1 0 -1 0 -1 0 -1 0 -1 0 -1 0 -1 0 -1 0 -1 0 -1 0 -1 0 -1 0 -1 0 -1 0 -1 0 -1 0 -1 0 -1 0 -1 0 -1 0 -1 0 -1 0 -1 0 -1 0 -1 0 -1 0 -1 0 -1 0 -1 0 -1 0 -1 0 -1 0 -1 0 -1 0 -1 0 -1 0 -1 0 -1 0 -1 0 -1 0 -1 0 -1 0 -1 0 -1 0 -1 0 -1 0 -1 0 -1 0 
  15 15 15 15 20
 50 5 130 5 150 5 30
2586 131072 0 48 208896 0 
  34359738369 1315051091194281984 1835136 0 50465891015 7916447985573822463 2031036 0 

trp_french_infantry_1er_officer French_Line_Infantry Officer 0 133169152 0 0 21 0 0
  419 0 1655 0 1247 0 84 0 157 0 3 0 5 0 1819 0 398 0 -1 0 -1 0 -1 0 -1 0 -1 0 -1 0 -1 0 -1 0 -1 0 -1 0 -1 0 -1 0 -1 0 -1 0 -1 0 -1 0 -1 0 -1 0 -1 0 -1 0 -1 0 -1 0 -1 0 -1 0 -1 0 -1 0 -1 0 -1 0 -1 0 -1 0 -1 0 -1 0 -1 0 -1 0 -1 0 -1 0 -1 0 -1 0 -1 0 -1 0 -1 0 -1 0 -1 0 -1 0 -1 0 -1 0 -1 0 -1 0 -1 0 -1 0 -1 0 -1 0 -1 0 -1 0 -1 0 
  15 15 15 15 20
 80 5 80 5 50 5 30
2586 131072 0 48 208896 0 
  34359738369 1315051091194281984 1835136 0 50465891015 7916447985573822463 2031036 0 

trp_french_infantry_1er_drum French_Line_Infantry Drummer 0 133169152 0 0 21 0 0
  457 0 1639 0 1267 0 1820 0 150 0 88 0 -1 0 -1 0 -1 0 -1 0 -1 0 -1 0 -1 0 -1 0 -1 0 -1 0 -1 0 -1 0 -1 0 -1 0 -1 0 -1 0 -1 0 -1 0 -1 0 -1 0 -1 0 -1 0 -1 0 -1 0 -1 0 -1 0 -1 0 -1 0 -1 0 -1 0 -1 0 -1 0 -1 0 -1 0 -1 0 -1 0 -1 0 -1 0 -1 0 -1 0 -1 0 -1 0 -1 0 -1 0 -1 0 -1 0 -1 0 -1 0 -1 0 -1 0 -1 0 -1 0 -1 0 -1 0 -1 0 -1 0 -1 0 -1 0 
  15 15 15 15 20
 80 5 80 5 50 5 30
2586 131072 0 48 208896 0 
  34359738369 1315051091194281984 1835136 0 50465891015 7916447985573822463 2031036 0 

trp_french_infantry_1er_flute French_Line_Infantry Fifer 0 133169152 0 0 21 0 0
  458 0 1639 0 1267 0 151 0 88 0 -1 0 -1 0 -1 0 -1 0 -1 0 -1 0 -1 0 -1 0 -1 0 -1 0 -1 0 -1 0 -1 0 -1 0 -1 0 -1 0 -1 0 -1 0 -1 0 -1 0 -1 0 -1 0 -1 0 -1 0 -1 0 -1 0 -1 0 -1 0 -1 0 -1 0 -1 0 -1 0 -1 0 -1 0 -1 0 -1 0 -1 0 -1 0 -1 0 -1 0 -1 0 -1 0 -1 0 -1 0 -1 0 -1 0 -1 0 -1 0 -1 0 -1 0 -1 0 -1 0 -1 0 -1 0 -1 0 -1 0 -1 0 -1 0 -1 0 
  15 15 15 15 20
 80 5 80 5 50 5 30
2586 131072 0 48 208896 0 
  34359738369 1315051091194281984 1835136 0 50465891015 7916447985573822463 2031036 0 

trp_french_infantry3 3e_Regiment_d'Infanterie_de_ligne Line_Infantry 0 133169152 0 0 7 0 0
  421 0 1639 0 1268 0 156 0 59 0 88 0 -1 0 -1 0 -1 0 -1 0 -1 0 -1 0 -1 0 -1 0 -1 0 -1 0 -1 0 -1 0 -1 0 -1 0 -1 0 -1 0 -1 0 -1 0 -1 0 -1 0 -1 0 -1 0 -1 0 -1 0 -1 0 -1 0 -1 0 -1 0 -1 0 -1 0 -1 0 -1 0 -1 0 -1 0 -1 0 -1 0 -1 0 -1 0 -1 0 -1 0 -1 0 -1 0 -1 0 -1 0 -1 0 -1 0 -1 0 -1 0 -1 0 -1 0 -1 0 -1 0 -1 0 -1 0 -1 0 -1 0 -1 0 -1 0 
  15 15 15 15 20
 50 5 130 5 150 5 30
2586 131072 0 48 208896 0 
  34359738369 1315051091194281984 1835136 0 50465891015 7916447985573822463 2031036 0 

trp_french_infantry3_flag_bearer French_Line_Infantry Eagle_Bearer 0 133169152 0 0 21 0 0
  420 0 1655 0 1247 0 222 0 88 0 -1 0 -1 0 -1 0 -1 0 -1 0 -1 0 -1 0 -1 0 -1 0 -1 0 -1 0 -1 0 -1 0 -1 0 -1 0 -1 0 -1 0 -1 0 -1 0 -1 0 -1 0 -1 0 -1 0 -1 0 -1 0 -1 0 -1 0 -1 0 -1 0 -1 0 -1 0 -1 0 -1 0 -1 0 -1 0 -1 0 -1 0 -1 0 -1 0 -1 0 -1 0 -1 0 -1 0 -1 0 -1 0 -1 0 -1 0 -1 0 -1 0 -1 0 -1 0 -1 0 -1 0 -1 0 -1 0 -1 0 -1 0 -1 0 -1 0 
  15 15 15 15 20
 80 5 80 5 50 5 30
2586 131072 0 48 208896 0 
  34359738369 1315051091194281984 1835136 0 50465891015 7916447985573822463 2031036 0 

trp_french_infantry3_nco French_Line_Infantry Sergeant 0 133169152 0 0 21 0 0
  420 0 1655 0 1247 0 156 0 59 0 88 0 -1 0 -1 0 -1 0 -1 0 -1 0 -1 0 -1 0 -1 0 -1 0 -1 0 -1 0 -1 0 -1 0 -1 0 -1 0 -1 0 -1 0 -1 0 -1 0 -1 0 -1 0 -1 0 -1 0 -1 0 -1 0 -1 0 -1 0 -1 0 -1 0 -1 0 -1 0 -1 0 -1 0 -1 0 -1 0 -1 0 -1 0 -1 0 -1 0 -1 0 -1 0 -1 0 -1 0 -1 0 -1 0 -1 0 -1 0 -1 0 -1 0 -1 0 -1 0 -1 0 -1 0 -1 0 -1 0 -1 0 -1 0 -1 0 
  15 15 15 15 20
 50 5 130 5 150 5 30
2586 131072 0 48 208896 0 
  34359738369 1315051091194281984 1835136 0 50465891015 7916447985573822463 2031036 0 

trp_french_infantry3_officer French_Line_Infantry Officer 0 133169152 0 0 21 0 0
  419 0 1655 0 1247 0 84 0 157 0 3 0 5 0 1819 0 398 0 -1 0 -1 0 -1 0 -1 0 -1 0 -1 0 -1 0 -1 0 -1 0 -1 0 -1 0 -1 0 -1 0 -1 0 -1 0 -1 0 -1 0 -1 0 -1 0 -1 0 -1 0 -1 0 -1 0 -1 0 -1 0 -1 0 -1 0 -1 0 -1 0 -1 0 -1 0 -1 0 -1 0 -1 0 -1 0 -1 0 -1 0 -1 0 -1 0 -1 0 -1 0 -1 0 -1 0 -1 0 -1 0 -1 0 -1 0 -1 0 -1 0 -1 0 -1 0 -1 0 -1 0 -1 0 -1 0 
  15 15 15 15 20
 80 5 80 5 50 5 30
2586 131072 0 48 208896 0 
  34359738369 1315051091194281984 1835136 0 50465891015 7916447985573822463 2031036 0 

trp_french_infantry3_drum French_Line_Infantry Drummer 0 133169152 0 0 21 0 0
  457 0 1639 0 1268 0 1820 0 150 0 88 0 -1 0 -1 0 -1 0 -1 0 -1 0 -1 0 -1 0 -1 0 -1 0 -1 0 -1 0 -1 0 -1 0 -1 0 -1 0 -1 0 -1 0 -1 0 -1 0 -1 0 -1 0 -1 0 -1 0 -1 0 -1 0 -1 0 -1 0 -1 0 -1 0 -1 0 -1 0 -1 0 -1 0 -1 0 -1 0 -1 0 -1 0 -1 0 -1 0 -1 0 -1 0 -1 0 -1 0 -1 0 -1 0 -1 0 -1 0 -1 0 -1 0 -1 0 -1 0 -1 0 -1 0 -1 0 -1 0 -1 0 -1 0 -1 0 
  15 15 15 15 20
 80 5 80 5 50 5 30
2586 131072 0 48 208896 0 
  34359738369 1315051091194281984 1835136 0 50465891015 7916447985573822463 2031036 0 

trp_french_infantry3_flute French_Line_Infantry Fifer 0 133169152 0 0 21 0 0
  458 0 1639 0 1268 0 151 0 88 0 -1 0 -1 0 -1 0 -1 0 -1 0 -1 0 -1 0 -1 0 -1 0 -1 0 -1 0 -1 0 -1 0 -1 0 -1 0 -1 0 -1 0 -1 0 -1 0 -1 0 -1 0 -1 0 -1 0 -1 0 -1 0 -1 0 -1 0 -1 0 -1 0 -1 0 -1 0 -1 0 -1 0 -1 0 -1 0 -1 0 -1 0 -1 0 -1 0 -1 0 -1 0 -1 0 -1 0 -1 0 -1 0 -1 0 -1 0 -1 0 -1 0 -1 0 -1 0 -1 0 -1 0 -1 0 -1 0 -1 0 -1 0 -1 0 -1 0 
  15 15 15 15 20
 80 5 80 5 50 5 30
2586 131072 0 48 208896 0 
  34359738369 1315051091194281984 1835136 0 50465891015 7916447985573822463 2031036 0 

trp_french_infantry14 14e_Regiment_d'Infanterie_de_ligne Line_Infantry 0 133169152 0 0 7 0 0
  478 0 1651 0 1266 0 156 0 59 0 88 0 -1 0 -1 0 -1 0 -1 0 -1 0 -1 0 -1 0 -1 0 -1 0 -1 0 -1 0 -1 0 -1 0 -1 0 -1 0 -1 0 -1 0 -1 0 -1 0 -1 0 -1 0 -1 0 -1 0 -1 0 -1 0 -1 0 -1 0 -1 0 -1 0 -1 0 -1 0 -1 0 -1 0 -1 0 -1 0 -1 0 -1 0 -1 0 -1 0 -1 0 -1 0 -1 0 -1 0 -1 0 -1 0 -1 0 -1 0 -1 0 -1 0 -1 0 -1 0 -1 0 -1 0 -1 0 -1 0 -1 0 -1 0 -1 0 
  15 15 15 15 20
 50 5 130 5 150 5 30
2586 131072 0 48 208896 0 
  34359738369 1315051091194281984 1835136 0 50465891015 7916447985573822463 2031036 0 

trp_french_infantry14_flag_bearer French_Line_Infantry Eagle_Bearer 0 133169152 0 0 21 0 0
  481 0 1655 0 1247 0 220 0 88 0 -1 0 -1 0 -1 0 -1 0 -1 0 -1 0 -1 0 -1 0 -1 0 -1 0 -1 0 -1 0 -1 0 -1 0 -1 0 -1 0 -1 0 -1 0 -1 0 -1 0 -1 0 -1 0 -1 0 -1 0 -1 0 -1 0 -1 0 -1 0 -1 0 -1 0 -1 0 -1 0 -1 0 -1 0 -1 0 -1 0 -1 0 -1 0 -1 0 -1 0 -1 0 -1 0 -1 0 -1 0 -1 0 -1 0 -1 0 -1 0 -1 0 -1 0 -1 0 -1 0 -1 0 -1 0 -1 0 -1 0 -1 0 -1 0 -1 0 
  15 15 15 15 20
 80 5 80 5 50 5 30
2586 131072 0 48 208896 0 
  34359738369 1315051091194281984 1835136 0 50465891015 7916447985573822463 2031036 0 

trp_french_infantry14_nco French_Line_Infantry Sergeant 0 133169152 0 0 21 0 0
  481 0 1655 0 1247 0 156 0 59 0 88 0 -1 0 -1 0 -1 0 -1 0 -1 0 -1 0 -1 0 -1 0 -1 0 -1 0 -1 0 -1 0 -1 0 -1 0 -1 0 -1 0 -1 0 -1 0 -1 0 -1 0 -1 0 -1 0 -1 0 -1 0 -1 0 -1 0 -1 0 -1 0 -1 0 -1 0 -1 0 -1 0 -1 0 -1 0 -1 0 -1 0 -1 0 -1 0 -1 0 -1 0 -1 0 -1 0 -1 0 -1 0 -1 0 -1 0 -1 0 -1 0 -1 0 -1 0 -1 0 -1 0 -1 0 -1 0 -1 0 -1 0 -1 0 -1 0 
  15 15 15 15 20
 50 5 130 5 150 5 30
2586 131072 0 48 208896 0 
  34359738369 1315051091194281984 1835136 0 50465891015 7916447985573822463 2031036 0 

trp_french_infantry14_officer French_Line_Infantry Officer 0 133169152 0 0 21 0 0
  479 0 1654 0 1247 0 84 0 157 0 3 0 5 0 1819 0 398 0 -1 0 -1 0 -1 0 -1 0 -1 0 -1 0 -1 0 -1 0 -1 0 -1 0 -1 0 -1 0 -1 0 -1 0 -1 0 -1 0 -1 0 -1 0 -1 0 -1 0 -1 0 -1 0 -1 0 -1 0 -1 0 -1 0 -1 0 -1 0 -1 0 -1 0 -1 0 -1 0 -1 0 -1 0 -1 0 -1 0 -1 0 -1 0 -1 0 -1 0 -1 0 -1 0 -1 0 -1 0 -1 0 -1 0 -1 0 -1 0 -1 0 -1 0 -1 0 -1 0 -1 0 -1 0 -1 0 
  15 15 15 15 20
 80 5 80 5 50 5 30
2586 131072 0 48 208896 0 
  34359738369 1315051091194281984 1835136 0 50465891015 7916447985573822463 2031036 0 

trp_french_infantry14_drum French_Line_Infantry Drummer 0 133169152 0 0 21 0 0
  482 0 1651 0 1266 0 1820 0 150 0 88 0 -1 0 -1 0 -1 0 -1 0 -1 0 -1 0 -1 0 -1 0 -1 0 -1 0 -1 0 -1 0 -1 0 -1 0 -1 0 -1 0 -1 0 -1 0 -1 0 -1 0 -1 0 -1 0 -1 0 -1 0 -1 0 -1 0 -1 0 -1 0 -1 0 -1 0 -1 0 -1 0 -1 0 -1 0 -1 0 -1 0 -1 0 -1 0 -1 0 -1 0 -1 0 -1 0 -1 0 -1 0 -1 0 -1 0 -1 0 -1 0 -1 0 -1 0 -1 0 -1 0 -1 0 -1 0 -1 0 -1 0 -1 0 -1 0 
  15 15 15 15 20
 80 5 80 5 50 5 30
2586 131072 0 48 208896 0 
  34359738369 1315051091194281984 1835136 0 50465891015 7916447985573822463 2031036 0 

trp_french_infantry14_flute French_Line_Infantry Fifer 0 133169152 0 0 21 0 0
  480 0 1651 0 1266 0 151 0 88 0 -1 0 -1 0 -1 0 -1 0 -1 0 -1 0 -1 0 -1 0 -1 0 -1 0 -1 0 -1 0 -1 0 -1 0 -1 0 -1 0 -1 0 -1 0 -1 0 -1 0 -1 0 -1 0 -1 0 -1 0 -1 0 -1 0 -1 0 -1 0 -1 0 -1 0 -1 0 -1 0 -1 0 -1 0 -1 0 -1 0 -1 0 -1 0 -1 0 -1 0 -1 0 -1 0 -1 0 -1 0 -1 0 -1 0 -1 0 -1 0 -1 0 -1 0 -1 0 -1 0 -1 0 -1 0 -1 0 -1 0 -1 0 -1 0 -1 0 
  15 15 15 15 20
 80 5 80 5 50 5 30
2586 131072 0 48 208896 0 
  34359738369 1315051091194281984 1835136 0 50465891015 7916447985573822463 2031036 0 

trp_french_infantry65 65e_Regiment_d'Infanterie_de_ligne Line_Infantry 0 133169152 0 0 7 0 0
  483 0 1651 0 1269 0 156 0 59 0 88 0 -1 0 -1 0 -1 0 -1 0 -1 0 -1 0 -1 0 -1 0 -1 0 -1 0 -1 0 -1 0 -1 0 -1 0 -1 0 -1 0 -1 0 -1 0 -1 0 -1 0 -1 0 -1 0 -1 0 -1 0 -1 0 -1 0 -1 0 -1 0 -1 0 -1 0 -1 0 -1 0 -1 0 -1 0 -1 0 -1 0 -1 0 -1 0 -1 0 -1 0 -1 0 -1 0 -1 0 -1 0 -1 0 -1 0 -1 0 -1 0 -1 0 -1 0 -1 0 -1 0 -1 0 -1 0 -1 0 -1 0 -1 0 -1 0 
  15 15 15 15 20
 50 5 130 5 150 5 30
2586 131072 0 48 208896 0 
  34359738369 1315051091194281984 1835136 0 50465891015 7916447985573822463 2031036 0 

trp_french_infantry65_flag_bearer French_Line_Infantry Eagle_Bearer 0 133169152 0 0 21 0 0
  486 0 1655 0 1247 0 223 0 88 0 -1 0 -1 0 -1 0 -1 0 -1 0 -1 0 -1 0 -1 0 -1 0 -1 0 -1 0 -1 0 -1 0 -1 0 -1 0 -1 0 -1 0 -1 0 -1 0 -1 0 -1 0 -1 0 -1 0 -1 0 -1 0 -1 0 -1 0 -1 0 -1 0 -1 0 -1 0 -1 0 -1 0 -1 0 -1 0 -1 0 -1 0 -1 0 -1 0 -1 0 -1 0 -1 0 -1 0 -1 0 -1 0 -1 0 -1 0 -1 0 -1 0 -1 0 -1 0 -1 0 -1 0 -1 0 -1 0 -1 0 -1 0 -1 0 -1 0 
  15 15 15 15 20
 80 5 80 5 50 5 30
2586 131072 0 48 208896 0 
  34359738369 1315051091194281984 1835136 0 50465891015 7916447985573822463 2031036 0 

trp_french_infantry65_nco French_Line_Infantry Sergeant 0 133169152 0 0 21 0 0
  486 0 1655 0 1247 0 156 0 59 0 88 0 -1 0 -1 0 -1 0 -1 0 -1 0 -1 0 -1 0 -1 0 -1 0 -1 0 -1 0 -1 0 -1 0 -1 0 -1 0 -1 0 -1 0 -1 0 -1 0 -1 0 -1 0 -1 0 -1 0 -1 0 -1 0 -1 0 -1 0 -1 0 -1 0 -1 0 -1 0 -1 0 -1 0 -1 0 -1 0 -1 0 -1 0 -1 0 -1 0 -1 0 -1 0 -1 0 -1 0 -1 0 -1 0 -1 0 -1 0 -1 0 -1 0 -1 0 -1 0 -1 0 -1 0 -1 0 -1 0 -1 0 -1 0 -1 0 
  15 15 15 15 20
 50 5 130 5 150 5 30
2586 131072 0 48 208896 0 
  34359738369 1315051091194281984 1835136 0 50465891015 7916447985573822463 2031036 0 

trp_french_infantry65_officer French_Line_Infantry Officer 0 133169152 0 0 21 0 0
  484 0 1654 0 1247 0 84 0 157 0 3 0 5 0 1819 0 398 0 -1 0 -1 0 -1 0 -1 0 -1 0 -1 0 -1 0 -1 0 -1 0 -1 0 -1 0 -1 0 -1 0 -1 0 -1 0 -1 0 -1 0 -1 0 -1 0 -1 0 -1 0 -1 0 -1 0 -1 0 -1 0 -1 0 -1 0 -1 0 -1 0 -1 0 -1 0 -1 0 -1 0 -1 0 -1 0 -1 0 -1 0 -1 0 -1 0 -1 0 -1 0 -1 0 -1 0 -1 0 -1 0 -1 0 -1 0 -1 0 -1 0 -1 0 -1 0 -1 0 -1 0 -1 0 -1 0 
  15 15 15 15 20
 80 5 80 5 50 5 30
2586 131072 0 48 208896 0 
  34359738369 1315051091194281984 1835136 0 50465891015 7916447985573822463 2031036 0 

trp_french_infantry65_drum French_Line_Infantry Drummer 0 133169152 0 0 21 0 0
  487 0 1651 0 1269 0 1820 0 150 0 88 0 -1 0 -1 0 -1 0 -1 0 -1 0 -1 0 -1 0 -1 0 -1 0 -1 0 -1 0 -1 0 -1 0 -1 0 -1 0 -1 0 -1 0 -1 0 -1 0 -1 0 -1 0 -1 0 -1 0 -1 0 -1 0 -1 0 -1 0 -1 0 -1 0 -1 0 -1 0 -1 0 -1 0 -1 0 -1 0 -1 0 -1 0 -1 0 -1 0 -1 0 -1 0 -1 0 -1 0 -1 0 -1 0 -1 0 -1 0 -1 0 -1 0 -1 0 -1 0 -1 0 -1 0 -1 0 -1 0 -1 0 -1 0 -1 0 
  15 15 15 15 20
 80 5 80 5 50 5 30
2586 131072 0 48 208896 0 
  34359738369 1315051091194281984 1835136 0 50465891015 7916447985573822463 2031036 0 

trp_french_infantry65_flute French_Line_Infantry Fifer 0 133169152 0 0 21 0 0
  485 0 1651 0 1269 0 151 0 88 0 -1 0 -1 0 -1 0 -1 0 -1 0 -1 0 -1 0 -1 0 -1 0 -1 0 -1 0 -1 0 -1 0 -1 0 -1 0 -1 0 -1 0 -1 0 -1 0 -1 0 -1 0 -1 0 -1 0 -1 0 -1 0 -1 0 -1 0 -1 0 -1 0 -1 0 -1 0 -1 0 -1 0 -1 0 -1 0 -1 0 -1 0 -1 0 -1 0 -1 0 -1 0 -1 0 -1 0 -1 0 -1 0 -1 0 -1 0 -1 0 -1 0 -1 0 -1 0 -1 0 -1 0 -1 0 -1 0 -1 0 -1 0 -1 0 -1 0 
  15 15 15 15 20
 80 5 80 5 50 5 30
2586 131072 0 48 208896 0 
  34359738369 1315051091194281984 1835136 0 50465891015 7916447985573822463 2031036 0 

trp_french_old_guard 1er_Regiment_de_Grenadiers_de_la_Garde_Imperiale Foot_Guard 0 133169152 0 0 7 0 0
  432 0 1651 0 1243 0 156 0 61 0 79 0 -1 0 -1 0 -1 0 -1 0 -1 0 -1 0 -1 0 -1 0 -1 0 -1 0 -1 0 -1 0 -1 0 -1 0 -1 0 -1 0 -1 0 -1 0 -1 0 -1 0 -1 0 -1 0 -1 0 -1 0 -1 0 -1 0 -1 0 -1 0 -1 0 -1 0 -1 0 -1 0 -1 0 -1 0 -1 0 -1 0 -1 0 -1 0 -1 0 -1 0 -1 0 -1 0 -1 0 -1 0 -1 0 -1 0 -1 0 -1 0 -1 0 -1 0 -1 0 -1 0 -1 0 -1 0 -1 0 -1 0 -1 0 -1 0 
  15 15 15 15 20
 50 5 145 5 150 5 30
2586 131072 0 48 208896 0 
  34359738369 1315051091194281984 1835136 0 50465891015 7916447985573822463 2031036 0 

trp_french_old_guard_flag_bearer French_Grenadier_Guard Eagle_Bearer 0 133169152 0 0 21 0 0
  431 0 1655 0 1241 0 211 0 79 0 -1 0 -1 0 -1 0 -1 0 -1 0 -1 0 -1 0 -1 0 -1 0 -1 0 -1 0 -1 0 -1 0 -1 0 -1 0 -1 0 -1 0 -1 0 -1 0 -1 0 -1 0 -1 0 -1 0 -1 0 -1 0 -1 0 -1 0 -1 0 -1 0 -1 0 -1 0 -1 0 -1 0 -1 0 -1 0 -1 0 -1 0 -1 0 -1 0 -1 0 -1 0 -1 0 -1 0 -1 0 -1 0 -1 0 -1 0 -1 0 -1 0 -1 0 -1 0 -1 0 -1 0 -1 0 -1 0 -1 0 -1 0 -1 0 -1 0 
  15 15 15 15 20
 80 5 80 5 50 5 30
2586 131072 0 48 208896 0 
  34359738369 1315051091194281984 1835136 0 50465891015 7916447985573822463 2031036 0 

trp_french_old_guard_nco French_Grenadier_Guard Sergeant 0 133169152 0 0 21 0 0
  431 0 1655 0 1241 0 156 0 61 0 79 0 -1 0 -1 0 -1 0 -1 0 -1 0 -1 0 -1 0 -1 0 -1 0 -1 0 -1 0 -1 0 -1 0 -1 0 -1 0 -1 0 -1 0 -1 0 -1 0 -1 0 -1 0 -1 0 -1 0 -1 0 -1 0 -1 0 -1 0 -1 0 -1 0 -1 0 -1 0 -1 0 -1 0 -1 0 -1 0 -1 0 -1 0 -1 0 -1 0 -1 0 -1 0 -1 0 -1 0 -1 0 -1 0 -1 0 -1 0 -1 0 -1 0 -1 0 -1 0 -1 0 -1 0 -1 0 -1 0 -1 0 -1 0 -1 0 
  15 15 15 15 20
 50 5 145 5 150 5 30
2586 131072 0 48 208896 0 
  34359738369 1315051091194281984 1835136 0 50465891015 7916447985573822463 2031036 0 

trp_french_old_guard_officer French_Grenadier_Guard Officer 0 133169152 0 0 21 0 0
  433 0 1655 0 1239 0 82 0 157 0 3 0 5 0 1819 0 398 0 -1 0 -1 0 -1 0 -1 0 -1 0 -1 0 -1 0 -1 0 -1 0 -1 0 -1 0 -1 0 -1 0 -1 0 -1 0 -1 0 -1 0 -1 0 -1 0 -1 0 -1 0 -1 0 -1 0 -1 0 -1 0 -1 0 -1 0 -1 0 -1 0 -1 0 -1 0 -1 0 -1 0 -1 0 -1 0 -1 0 -1 0 -1 0 -1 0 -1 0 -1 0 -1 0 -1 0 -1 0 -1 0 -1 0 -1 0 -1 0 -1 0 -1 0 -1 0 -1 0 -1 0 -1 0 -1 0 
  15 15 15 15 20
 80 5 80 5 50 5 30
2586 131072 0 48 208896 0 
  34359738369 1315051091194281984 1835136 0 50465891015 7916447985573822463 2031036 0 

trp_french_old_guard_drum French_Grenadier_Guard Drummer 0 133169152 0 0 21 0 0
  454 0 1651 0 1243 0 1820 0 150 0 79 0 -1 0 -1 0 -1 0 -1 0 -1 0 -1 0 -1 0 -1 0 -1 0 -1 0 -1 0 -1 0 -1 0 -1 0 -1 0 -1 0 -1 0 -1 0 -1 0 -1 0 -1 0 -1 0 -1 0 -1 0 -1 0 -1 0 -1 0 -1 0 -1 0 -1 0 -1 0 -1 0 -1 0 -1 0 -1 0 -1 0 -1 0 -1 0 -1 0 -1 0 -1 0 -1 0 -1 0 -1 0 -1 0 -1 0 -1 0 -1 0 -1 0 -1 0 -1 0 -1 0 -1 0 -1 0 -1 0 -1 0 -1 0 -1 0 
  15 15 15 15 20
 80 5 80 5 50 5 30
2586 131072 0 48 208896 0 
  34359738369 1315051091194281984 1835136 0 50465891015 7916447985573822463 2031036 0 

trp_french_old_guard_flute French_Grenadier_Guard Fifer 0 133169152 0 0 21 0 0
  455 0 1651 0 1243 0 151 0 79 0 1819 0 -1 0 -1 0 -1 0 -1 0 -1 0 -1 0 -1 0 -1 0 -1 0 -1 0 -1 0 -1 0 -1 0 -1 0 -1 0 -1 0 -1 0 -1 0 -1 0 -1 0 -1 0 -1 0 -1 0 -1 0 -1 0 -1 0 -1 0 -1 0 -1 0 -1 0 -1 0 -1 0 -1 0 -1 0 -1 0 -1 0 -1 0 -1 0 -1 0 -1 0 -1 0 -1 0 -1 0 -1 0 -1 0 -1 0 -1 0 -1 0 -1 0 -1 0 -1 0 -1 0 -1 0 -1 0 -1 0 -1 0 -1 0 -1 0 
  15 15 15 15 20
 80 5 80 5 50 5 30
2586 131072 0 48 208896 0 
  34359738369 1315051091194281984 1835136 0 50465891015 7916447985573822463 2031036 0 

trp_french_guard_marines Regiment_de_Marins_de_la_Garde_Imperiale Foot_Guard 0 133169152 0 0 7 0 0
  492 0 1661 0 1272 0 156 0 61 0 79 0 -1 0 -1 0 -1 0 -1 0 -1 0 -1 0 -1 0 -1 0 -1 0 -1 0 -1 0 -1 0 -1 0 -1 0 -1 0 -1 0 -1 0 -1 0 -1 0 -1 0 -1 0 -1 0 -1 0 -1 0 -1 0 -1 0 -1 0 -1 0 -1 0 -1 0 -1 0 -1 0 -1 0 -1 0 -1 0 -1 0 -1 0 -1 0 -1 0 -1 0 -1 0 -1 0 -1 0 -1 0 -1 0 -1 0 -1 0 -1 0 -1 0 -1 0 -1 0 -1 0 -1 0 -1 0 -1 0 -1 0 -1 0 -1 0 
  15 15 15 15 20
 50 5 145 5 150 5 30
2586 131072 0 48 208896 0 
  34359738369 1315051091194281984 1835136 0 50465891015 7916447985573822463 2031036 0 

trp_french_guard_marines_flag_bearer Regiment_de_Marins_de_la_Garde_Imperiale Eagle_Bearer 0 133169152 0 0 21 0 0
  489 0 1655 0 1274 0 227 0 79 0 -1 0 -1 0 -1 0 -1 0 -1 0 -1 0 -1 0 -1 0 -1 0 -1 0 -1 0 -1 0 -1 0 -1 0 -1 0 -1 0 -1 0 -1 0 -1 0 -1 0 -1 0 -1 0 -1 0 -1 0 -1 0 -1 0 -1 0 -1 0 -1 0 -1 0 -1 0 -1 0 -1 0 -1 0 -1 0 -1 0 -1 0 -1 0 -1 0 -1 0 -1 0 -1 0 -1 0 -1 0 -1 0 -1 0 -1 0 -1 0 -1 0 -1 0 -1 0 -1 0 -1 0 -1 0 -1 0 -1 0 -1 0 -1 0 -1 0 
  15 15 15 15 20
 80 5 80 5 50 5 30
2586 131072 0 48 208896 0 
  34359738369 1315051091194281984 1835136 0 50465891015 7916447985573822463 2031036 0 

trp_french_guard_marines_nco Regiment_de_Marins_de_la_Garde_Imperiale Sergeant 0 133169152 0 0 21 0 0
  489 0 1655 0 1274 0 156 0 61 0 79 0 -1 0 -1 0 -1 0 -1 0 -1 0 -1 0 -1 0 -1 0 -1 0 -1 0 -1 0 -1 0 -1 0 -1 0 -1 0 -1 0 -1 0 -1 0 -1 0 -1 0 -1 0 -1 0 -1 0 -1 0 -1 0 -1 0 -1 0 -1 0 -1 0 -1 0 -1 0 -1 0 -1 0 -1 0 -1 0 -1 0 -1 0 -1 0 -1 0 -1 0 -1 0 -1 0 -1 0 -1 0 -1 0 -1 0 -1 0 -1 0 -1 0 -1 0 -1 0 -1 0 -1 0 -1 0 -1 0 -1 0 -1 0 -1 0 
  15 15 15 15 20
 50 5 145 5 150 5 30
2586 131072 0 48 208896 0 
  34359738369 1315051091194281984 1835136 0 50465891015 7916447985573822463 2031036 0 

trp_french_guard_marines_officer Regiment_de_Marins_de_la_Garde_Imperiale Officer 0 133169152 0 0 21 0 0
  488 0 1655 0 1274 0 82 0 157 0 3 0 5 0 1819 0 398 0 -1 0 -1 0 -1 0 -1 0 -1 0 -1 0 -1 0 -1 0 -1 0 -1 0 -1 0 -1 0 -1 0 -1 0 -1 0 -1 0 -1 0 -1 0 -1 0 -1 0 -1 0 -1 0 -1 0 -1 0 -1 0 -1 0 -1 0 -1 0 -1 0 -1 0 -1 0 -1 0 -1 0 -1 0 -1 0 -1 0 -1 0 -1 0 -1 0 -1 0 -1 0 -1 0 -1 0 -1 0 -1 0 -1 0 -1 0 -1 0 -1 0 -1 0 -1 0 -1 0 -1 0 -1 0 -1 0 
  15 15 15 15 20
 80 5 80 5 50 5 30
2586 131072 0 48 208896 0 
  34359738369 1315051091194281984 1835136 0 50465891015 7916447985573822463 2031036 0 

trp_french_guard_marines_drum Regiment_de_Marins_de_la_Garde_Imperiale Drummer 0 133169152 0 0 21 0 0
  490 0 1661 0 1272 0 1820 0 150 0 79 0 -1 0 -1 0 -1 0 -1 0 -1 0 -1 0 -1 0 -1 0 -1 0 -1 0 -1 0 -1 0 -1 0 -1 0 -1 0 -1 0 -1 0 -1 0 -1 0 -1 0 -1 0 -1 0 -1 0 -1 0 -1 0 -1 0 -1 0 -1 0 -1 0 -1 0 -1 0 -1 0 -1 0 -1 0 -1 0 -1 0 -1 0 -1 0 -1 0 -1 0 -1 0 -1 0 -1 0 -1 0 -1 0 -1 0 -1 0 -1 0 -1 0 -1 0 -1 0 -1 0 -1 0 -1 0 -1 0 -1 0 -1 0 -1 0 
  15 15 15 15 20
 80 5 80 5 50 5 30
2586 131072 0 48 208896 0 
  34359738369 1315051091194281984 1835136 0 50465891015 7916447985573822463 2031036 0 

trp_french_guard_marines_flute Regiment_de_Marins_de_la_Garde_Imperiale Fifer 0 133169152 0 0 21 0 0
  491 0 1661 0 1272 0 151 0 79 0 1819 0 -1 0 -1 0 -1 0 -1 0 -1 0 -1 0 -1 0 -1 0 -1 0 -1 0 -1 0 -1 0 -1 0 -1 0 -1 0 -1 0 -1 0 -1 0 -1 0 -1 0 -1 0 -1 0 -1 0 -1 0 -1 0 -1 0 -1 0 -1 0 -1 0 -1 0 -1 0 -1 0 -1 0 -1 0 -1 0 -1 0 -1 0 -1 0 -1 0 -1 0 -1 0 -1 0 -1 0 -1 0 -1 0 -1 0 -1 0 -1 0 -1 0 -1 0 -1 0 -1 0 -1 0 -1 0 -1 0 -1 0 -1 0 -1 0 
  15 15 15 15 20
 80 5 80 5 50 5 30
2586 131072 0 48 208896 0 
  34359738369 1315051091194281984 1835136 0 50465891015 7916447985573822463 2031036 0 

trp_french_gendarme Legion_de_la_Gendarmerie_Imperiale Foot_Guard 0 133169152 0 0 7 0 0
  497 0 1662 0 1270 0 156 0 61 0 79 0 -1 0 -1 0 -1 0 -1 0 -1 0 -1 0 -1 0 -1 0 -1 0 -1 0 -1 0 -1 0 -1 0 -1 0 -1 0 -1 0 -1 0 -1 0 -1 0 -1 0 -1 0 -1 0 -1 0 -1 0 -1 0 -1 0 -1 0 -1 0 -1 0 -1 0 -1 0 -1 0 -1 0 -1 0 -1 0 -1 0 -1 0 -1 0 -1 0 -1 0 -1 0 -1 0 -1 0 -1 0 -1 0 -1 0 -1 0 -1 0 -1 0 -1 0 -1 0 -1 0 -1 0 -1 0 -1 0 -1 0 -1 0 -1 0 
  15 15 15 15 20
 50 5 145 5 150 5 30
2586 131072 0 48 208896 0 
  34359738369 1315051091194281984 1835136 0 50465891015 7916447985573822463 2031036 0 

trp_french_gendarme_flag_bearer French_Gendarme Eagle_Bearer 0 133169152 0 0 21 0 0
  494 0 1662 0 1270 0 228 0 79 0 -1 0 -1 0 -1 0 -1 0 -1 0 -1 0 -1 0 -1 0 -1 0 -1 0 -1 0 -1 0 -1 0 -1 0 -1 0 -1 0 -1 0 -1 0 -1 0 -1 0 -1 0 -1 0 -1 0 -1 0 -1 0 -1 0 -1 0 -1 0 -1 0 -1 0 -1 0 -1 0 -1 0 -1 0 -1 0 -1 0 -1 0 -1 0 -1 0 -1 0 -1 0 -1 0 -1 0 -1 0 -1 0 -1 0 -1 0 -1 0 -1 0 -1 0 -1 0 -1 0 -1 0 -1 0 -1 0 -1 0 -1 0 -1 0 -1 0 
  15 15 15 15 20
 80 5 80 5 50 5 30
2586 131072 0 48 208896 0 
  34359738369 1315051091194281984 1835136 0 50465891015 7916447985573822463 2031036 0 

trp_french_gendarme_nco French_Gendarme Sergeant 0 133169152 0 0 21 0 0
  494 0 1662 0 1270 0 156 0 61 0 79 0 -1 0 -1 0 -1 0 -1 0 -1 0 -1 0 -1 0 -1 0 -1 0 -1 0 -1 0 -1 0 -1 0 -1 0 -1 0 -1 0 -1 0 -1 0 -1 0 -1 0 -1 0 -1 0 -1 0 -1 0 -1 0 -1 0 -1 0 -1 0 -1 0 -1 0 -1 0 -1 0 -1 0 -1 0 -1 0 -1 0 -1 0 -1 0 -1 0 -1 0 -1 0 -1 0 -1 0 -1 0 -1 0 -1 0 -1 0 -1 0 -1 0 -1 0 -1 0 -1 0 -1 0 -1 0 -1 0 -1 0 -1 0 -1 0 
  15 15 15 15 20
 50 5 145 5 150 5 30
2586 131072 0 48 208896 0 
  34359738369 1315051091194281984 1835136 0 50465891015 7916447985573822463 2031036 0 

trp_french_gendarme_officer French_Gendarme Officer 0 133169152 0 0 21 0 0
  493 0 1662 0 1270 0 82 0 157 0 3 0 5 0 1819 0 398 0 -1 0 -1 0 -1 0 -1 0 -1 0 -1 0 -1 0 -1 0 -1 0 -1 0 -1 0 -1 0 -1 0 -1 0 -1 0 -1 0 -1 0 -1 0 -1 0 -1 0 -1 0 -1 0 -1 0 -1 0 -1 0 -1 0 -1 0 -1 0 -1 0 -1 0 -1 0 -1 0 -1 0 -1 0 -1 0 -1 0 -1 0 -1 0 -1 0 -1 0 -1 0 -1 0 -1 0 -1 0 -1 0 -1 0 -1 0 -1 0 -1 0 -1 0 -1 0 -1 0 -1 0 -1 0 -1 0 
  15 15 15 15 20
 80 5 80 5 50 5 30
2586 131072 0 48 208896 0 
  34359738369 1315051091194281984 1835136 0 50465891015 7916447985573822463 2031036 0 

trp_french_gendarme_drum French_Gendarme Drummer 0 133169152 0 0 21 0 0
  495 0 1662 0 1270 0 1820 0 150 0 79 0 -1 0 -1 0 -1 0 -1 0 -1 0 -1 0 -1 0 -1 0 -1 0 -1 0 -1 0 -1 0 -1 0 -1 0 -1 0 -1 0 -1 0 -1 0 -1 0 -1 0 -1 0 -1 0 -1 0 -1 0 -1 0 -1 0 -1 0 -1 0 -1 0 -1 0 -1 0 -1 0 -1 0 -1 0 -1 0 -1 0 -1 0 -1 0 -1 0 -1 0 -1 0 -1 0 -1 0 -1 0 -1 0 -1 0 -1 0 -1 0 -1 0 -1 0 -1 0 -1 0 -1 0 -1 0 -1 0 -1 0 -1 0 -1 0 
  15 15 15 15 20
 80 5 80 5 50 5 30
2586 131072 0 48 208896 0 
  34359738369 1315051091194281984 1835136 0 50465891015 7916447985573822463 2031036 0 

trp_french_gendarme_flute French_Gendarme Fifer 0 133169152 0 0 21 0 0
  496 0 1662 0 1270 0 151 0 79 0 1819 0 -1 0 -1 0 -1 0 -1 0 -1 0 -1 0 -1 0 -1 0 -1 0 -1 0 -1 0 -1 0 -1 0 -1 0 -1 0 -1 0 -1 0 -1 0 -1 0 -1 0 -1 0 -1 0 -1 0 -1 0 -1 0 -1 0 -1 0 -1 0 -1 0 -1 0 -1 0 -1 0 -1 0 -1 0 -1 0 -1 0 -1 0 -1 0 -1 0 -1 0 -1 0 -1 0 -1 0 -1 0 -1 0 -1 0 -1 0 -1 0 -1 0 -1 0 -1 0 -1 0 -1 0 -1 0 -1 0 -1 0 -1 0 -1 0 
  15 15 15 15 20
 80 5 80 5 50 5 30
2586 131072 0 48 208896 0 
  34359738369 1315051091194281984 1835136 0 50465891015 7916447985573822463 2031036 0 

trp_french_voltigeur 15eme_Regiment_d'Infanterie_Legere Light_Infantry 0 133169152 0 0 7 0 0
  417 0 1639 0 1638 0 1228 0 156 0 59 0 21 0 88 0 -1 0 -1 0 -1 0 -1 0 -1 0 -1 0 -1 0 -1 0 -1 0 -1 0 -1 0 -1 0 -1 0 -1 0 -1 0 -1 0 -1 0 -1 0 -1 0 -1 0 -1 0 -1 0 -1 0 -1 0 -1 0 -1 0 -1 0 -1 0 -1 0 -1 0 -1 0 -1 0 -1 0 -1 0 -1 0 -1 0 -1 0 -1 0 -1 0 -1 0 -1 0 -1 0 -1 0 -1 0 -1 0 -1 0 -1 0 -1 0 -1 0 -1 0 -1 0 -1 0 -1 0 -1 0 -1 0 -1 0 
  15 15 15 15 20
 50 5 90 5 206 5 30
2586 131072 0 48 135168 0 
  34359738369 1315051091194281984 1835136 0 50465891015 7916447985573822463 2031036 0 

trp_french_voltigeur_flag_bearer French_Voltigeur Eagle_Bearer 0 133169152 0 0 21 0 0
  418 0 1639 0 1638 0 1228 0 212 0 88 0 -1 0 -1 0 -1 0 -1 0 -1 0 -1 0 -1 0 -1 0 -1 0 -1 0 -1 0 -1 0 -1 0 -1 0 -1 0 -1 0 -1 0 -1 0 -1 0 -1 0 -1 0 -1 0 -1 0 -1 0 -1 0 -1 0 -1 0 -1 0 -1 0 -1 0 -1 0 -1 0 -1 0 -1 0 -1 0 -1 0 -1 0 -1 0 -1 0 -1 0 -1 0 -1 0 -1 0 -1 0 -1 0 -1 0 -1 0 -1 0 -1 0 -1 0 -1 0 -1 0 -1 0 -1 0 -1 0 -1 0 -1 0 -1 0 
  15 15 15 15 20
 80 5 80 5 50 5 30
2586 131072 0 48 135168 0 
  34359738369 1315051091194281984 1835136 0 50465891015 7916447985573822463 2031036 0 

trp_french_voltigeur_nco French_Voltigeur Sergeant 0 133169152 0 0 21 0 0
  418 0 1639 0 1638 0 1228 0 156 0 59 0 21 0 88 0 -1 0 -1 0 -1 0 -1 0 -1 0 -1 0 -1 0 -1 0 -1 0 -1 0 -1 0 -1 0 -1 0 -1 0 -1 0 -1 0 -1 0 -1 0 -1 0 -1 0 -1 0 -1 0 -1 0 -1 0 -1 0 -1 0 -1 0 -1 0 -1 0 -1 0 -1 0 -1 0 -1 0 -1 0 -1 0 -1 0 -1 0 -1 0 -1 0 -1 0 -1 0 -1 0 -1 0 -1 0 -1 0 -1 0 -1 0 -1 0 -1 0 -1 0 -1 0 -1 0 -1 0 -1 0 -1 0 -1 0 
  15 15 15 15 20
 50 5 90 5 206 5 30
2586 131072 0 48 135168 0 
  34359738369 1315051091194281984 1835136 0 50465891015 7916447985573822463 2031036 0 

trp_french_voltigeur_officer French_Voltigeur Officer 0 133169152 0 0 21 0 0
  416 0 1639 0 1227 0 86 0 157 0 3 0 5 0 1819 0 398 0 -1 0 -1 0 -1 0 -1 0 -1 0 -1 0 -1 0 -1 0 -1 0 -1 0 -1 0 -1 0 -1 0 -1 0 -1 0 -1 0 -1 0 -1 0 -1 0 -1 0 -1 0 -1 0 -1 0 -1 0 -1 0 -1 0 -1 0 -1 0 -1 0 -1 0 -1 0 -1 0 -1 0 -1 0 -1 0 -1 0 -1 0 -1 0 -1 0 -1 0 -1 0 -1 0 -1 0 -1 0 -1 0 -1 0 -1 0 -1 0 -1 0 -1 0 -1 0 -1 0 -1 0 -1 0 -1 0 
  15 15 15 15 20
 80 5 80 5 50 5 30
2586 131072 0 48 208896 0 
  34359738369 1315051091194281984 1835136 0 50465891015 7916447985573822463 2031036 0 

trp_french_voltigeur_horn French_Voltigeur Hornist 0 133169152 0 0 21 0 0
  456 0 1639 0 1638 0 1228 0 152 0 88 0 -1 0 -1 0 -1 0 -1 0 -1 0 -1 0 -1 0 -1 0 -1 0 -1 0 -1 0 -1 0 -1 0 -1 0 -1 0 -1 0 -1 0 -1 0 -1 0 -1 0 -1 0 -1 0 -1 0 -1 0 -1 0 -1 0 -1 0 -1 0 -1 0 -1 0 -1 0 -1 0 -1 0 -1 0 -1 0 -1 0 -1 0 -1 0 -1 0 -1 0 -1 0 -1 0 -1 0 -1 0 -1 0 -1 0 -1 0 -1 0 -1 0 -1 0 -1 0 -1 0 -1 0 -1 0 -1 0 -1 0 -1 0 -1 0 
  15 15 15 15 20
 80 5 80 5 50 5 30
2586 131072 0 48 135168 0 
  34359738369 1315051091194281984 1835136 0 50465891015 7916447985573822463 2031036 0 

trp_french_guard_light 1er_Regiment_de_Voltigeurs_de_la_Garde_Imperiale Light_Infantry 0 133169152 0 0 7 0 0
  498 0 1651 0 1276 0 156 0 59 0 21 0 88 0 -1 0 -1 0 -1 0 -1 0 -1 0 -1 0 -1 0 -1 0 -1 0 -1 0 -1 0 -1 0 -1 0 -1 0 -1 0 -1 0 -1 0 -1 0 -1 0 -1 0 -1 0 -1 0 -1 0 -1 0 -1 0 -1 0 -1 0 -1 0 -1 0 -1 0 -1 0 -1 0 -1 0 -1 0 -1 0 -1 0 -1 0 -1 0 -1 0 -1 0 -1 0 -1 0 -1 0 -1 0 -1 0 -1 0 -1 0 -1 0 -1 0 -1 0 -1 0 -1 0 -1 0 -1 0 -1 0 -1 0 -1 0 
  15 15 15 15 20
 50 5 90 5 206 5 30
2586 131072 0 48 135168 0 
  34359738369 1315051091194281984 1835136 0 50465891015 7916447985573822463 2031036 0 

trp_french_guard_light_flag_bearer French_Voltigeur Eagle_Bearer 0 133169152 0 0 21 0 0
  501 0 1655 0 1276 0 224 0 88 0 -1 0 -1 0 -1 0 -1 0 -1 0 -1 0 -1 0 -1 0 -1 0 -1 0 -1 0 -1 0 -1 0 -1 0 -1 0 -1 0 -1 0 -1 0 -1 0 -1 0 -1 0 -1 0 -1 0 -1 0 -1 0 -1 0 -1 0 -1 0 -1 0 -1 0 -1 0 -1 0 -1 0 -1 0 -1 0 -1 0 -1 0 -1 0 -1 0 -1 0 -1 0 -1 0 -1 0 -1 0 -1 0 -1 0 -1 0 -1 0 -1 0 -1 0 -1 0 -1 0 -1 0 -1 0 -1 0 -1 0 -1 0 -1 0 -1 0 
  15 15 15 15 20
 80 5 80 5 50 5 30
2586 131072 0 48 135168 0 
  34359738369 1315051091194281984 1835136 0 50465891015 7916447985573822463 2031036 0 

trp_french_guard_light_nco French_Voltigeur Sergeant 0 133169152 0 0 21 0 0
  501 0 1655 0 1276 0 156 0 59 0 21 0 88 0 -1 0 -1 0 -1 0 -1 0 -1 0 -1 0 -1 0 -1 0 -1 0 -1 0 -1 0 -1 0 -1 0 -1 0 -1 0 -1 0 -1 0 -1 0 -1 0 -1 0 -1 0 -1 0 -1 0 -1 0 -1 0 -1 0 -1 0 -1 0 -1 0 -1 0 -1 0 -1 0 -1 0 -1 0 -1 0 -1 0 -1 0 -1 0 -1 0 -1 0 -1 0 -1 0 -1 0 -1 0 -1 0 -1 0 -1 0 -1 0 -1 0 -1 0 -1 0 -1 0 -1 0 -1 0 -1 0 -1 0 -1 0 
  15 15 15 15 20
 50 5 90 5 206 5 30
2586 131072 0 48 135168 0 
  34359738369 1315051091194281984 1835136 0 50465891015 7916447985573822463 2031036 0 

trp_french_guard_light_officer French_Voltigeur Officer 0 133169152 0 0 21 0 0
  499 0 1655 0 1278 0 86 0 157 0 3 0 5 0 1819 0 398 0 -1 0 -1 0 -1 0 -1 0 -1 0 -1 0 -1 0 -1 0 -1 0 -1 0 -1 0 -1 0 -1 0 -1 0 -1 0 -1 0 -1 0 -1 0 -1 0 -1 0 -1 0 -1 0 -1 0 -1 0 -1 0 -1 0 -1 0 -1 0 -1 0 -1 0 -1 0 -1 0 -1 0 -1 0 -1 0 -1 0 -1 0 -1 0 -1 0 -1 0 -1 0 -1 0 -1 0 -1 0 -1 0 -1 0 -1 0 -1 0 -1 0 -1 0 -1 0 -1 0 -1 0 -1 0 -1 0 
  15 15 15 15 20
 80 5 80 5 50 5 30
2586 131072 0 48 208896 0 
  34359738369 1315051091194281984 1835136 0 50465891015 7916447985573822463 2031036 0 

trp_french_guard_light_horn French_Voltigeur Hornist 0 133169152 0 0 21 0 0
  500 0 1651 0 1276 0 152 0 88 0 -1 0 -1 0 -1 0 -1 0 -1 0 -1 0 -1 0 -1 0 -1 0 -1 0 -1 0 -1 0 -1 0 -1 0 -1 0 -1 0 -1 0 -1 0 -1 0 -1 0 -1 0 -1 0 -1 0 -1 0 -1 0 -1 0 -1 0 -1 0 -1 0 -1 0 -1 0 -1 0 -1 0 -1 0 -1 0 -1 0 -1 0 -1 0 -1 0 -1 0 -1 0 -1 0 -1 0 -1 0 -1 0 -1 0 -1 0 -1 0 -1 0 -1 0 -1 0 -1 0 -1 0 -1 0 -1 0 -1 0 -1 0 -1 0 -1 0 
  15 15 15 15 20
 80 5 80 5 50 5 30
2586 131072 0 48 135168 0 
  34359738369 1315051091194281984 1835136 0 50465891015 7916447985573822463 2031036 0 

trp_french_corses Bataillon_de_Tirailleurs_Corses Rifleman 0 133169152 0 0 7 0 0
  503 0 1663 0 1280 0 156 0 47 0 21 0 88 0 -1 0 -1 0 -1 0 -1 0 -1 0 -1 0 -1 0 -1 0 -1 0 -1 0 -1 0 -1 0 -1 0 -1 0 -1 0 -1 0 -1 0 -1 0 -1 0 -1 0 -1 0 -1 0 -1 0 -1 0 -1 0 -1 0 -1 0 -1 0 -1 0 -1 0 -1 0 -1 0 -1 0 -1 0 -1 0 -1 0 -1 0 -1 0 -1 0 -1 0 -1 0 -1 0 -1 0 -1 0 -1 0 -1 0 -1 0 -1 0 -1 0 -1 0 -1 0 -1 0 -1 0 -1 0 -1 0 -1 0 -1 0 
  15 15 15 15 20
 50 5 90 5 206 5 30
2586 131072 0 48 135168 0 
  34359738369 1315051091194281984 1835136 0 50465891015 7916447985573822463 2031036 0 

trp_french_corses_flag_bearer French_Corsican_Rifle Eagle_Bearer 0 133169152 0 0 21 0 0
  504 0 1639 0 1282 0 225 0 88 0 -1 0 -1 0 -1 0 -1 0 -1 0 -1 0 -1 0 -1 0 -1 0 -1 0 -1 0 -1 0 -1 0 -1 0 -1 0 -1 0 -1 0 -1 0 -1 0 -1 0 -1 0 -1 0 -1 0 -1 0 -1 0 -1 0 -1 0 -1 0 -1 0 -1 0 -1 0 -1 0 -1 0 -1 0 -1 0 -1 0 -1 0 -1 0 -1 0 -1 0 -1 0 -1 0 -1 0 -1 0 -1 0 -1 0 -1 0 -1 0 -1 0 -1 0 -1 0 -1 0 -1 0 -1 0 -1 0 -1 0 -1 0 -1 0 -1 0 
  15 15 15 15 20
 80 5 80 5 50 5 30
2586 131072 0 48 135168 0 
  34359738369 1315051091194281984 1835136 0 50465891015 7916447985573822463 2031036 0 

trp_french_corses_nco French_Corsican_Rifle Sergeant 0 133169152 0 0 21 0 0
  504 0 1639 0 1282 0 156 0 47 0 21 0 88 0 -1 0 -1 0 -1 0 -1 0 -1 0 -1 0 -1 0 -1 0 -1 0 -1 0 -1 0 -1 0 -1 0 -1 0 -1 0 -1 0 -1 0 -1 0 -1 0 -1 0 -1 0 -1 0 -1 0 -1 0 -1 0 -1 0 -1 0 -1 0 -1 0 -1 0 -1 0 -1 0 -1 0 -1 0 -1 0 -1 0 -1 0 -1 0 -1 0 -1 0 -1 0 -1 0 -1 0 -1 0 -1 0 -1 0 -1 0 -1 0 -1 0 -1 0 -1 0 -1 0 -1 0 -1 0 -1 0 -1 0 -1 0 
  15 15 15 15 20
 50 5 90 5 206 5 30
2586 131072 0 48 135168 0 
  34359738369 1315051091194281984 1835136 0 50465891015 7916447985573822463 2031036 0 

trp_french_corses_officer French_Corsican_Rifle Officer 0 133169152 0 0 21 0 0
  502 0 1639 0 1247 0 86 0 157 0 3 0 5 0 1819 0 398 0 -1 0 -1 0 -1 0 -1 0 -1 0 -1 0 -1 0 -1 0 -1 0 -1 0 -1 0 -1 0 -1 0 -1 0 -1 0 -1 0 -1 0 -1 0 -1 0 -1 0 -1 0 -1 0 -1 0 -1 0 -1 0 -1 0 -1 0 -1 0 -1 0 -1 0 -1 0 -1 0 -1 0 -1 0 -1 0 -1 0 -1 0 -1 0 -1 0 -1 0 -1 0 -1 0 -1 0 -1 0 -1 0 -1 0 -1 0 -1 0 -1 0 -1 0 -1 0 -1 0 -1 0 -1 0 -1 0 
  15 15 15 15 20
 80 5 80 5 50 5 30
2586 131072 0 48 208896 0 
  34359738369 1315051091194281984 1835136 0 50465891015 7916447985573822463 2031036 0 

trp_french_corses_horn French_Corsican_Rifle Hornist 0 133169152 0 0 21 0 0
  505 0 1663 0 1280 0 152 0 88 0 -1 0 -1 0 -1 0 -1 0 -1 0 -1 0 -1 0 -1 0 -1 0 -1 0 -1 0 -1 0 -1 0 -1 0 -1 0 -1 0 -1 0 -1 0 -1 0 -1 0 -1 0 -1 0 -1 0 -1 0 -1 0 -1 0 -1 0 -1 0 -1 0 -1 0 -1 0 -1 0 -1 0 -1 0 -1 0 -1 0 -1 0 -1 0 -1 0 -1 0 -1 0 -1 0 -1 0 -1 0 -1 0 -1 0 -1 0 -1 0 -1 0 -1 0 -1 0 -1 0 -1 0 -1 0 -1 0 -1 0 -1 0 -1 0 -1 0 
  15 15 15 15 20
 80 5 80 5 50 5 30
2586 131072 0 48 135168 0 
  34359738369 1315051091194281984 1835136 0 50465891015 7916447985573822463 2031036 0 

trp_french_foot_dragoon 28e_Regiment_de_Dragons_a_Pied Rifleman 0 133169152 0 0 7 0 0
  507 0 1640 0 1284 0 156 0 47 0 21 0 88 0 -1 0 -1 0 -1 0 -1 0 -1 0 -1 0 -1 0 -1 0 -1 0 -1 0 -1 0 -1 0 -1 0 -1 0 -1 0 -1 0 -1 0 -1 0 -1 0 -1 0 -1 0 -1 0 -1 0 -1 0 -1 0 -1 0 -1 0 -1 0 -1 0 -1 0 -1 0 -1 0 -1 0 -1 0 -1 0 -1 0 -1 0 -1 0 -1 0 -1 0 -1 0 -1 0 -1 0 -1 0 -1 0 -1 0 -1 0 -1 0 -1 0 -1 0 -1 0 -1 0 -1 0 -1 0 -1 0 -1 0 -1 0 
  15 15 15 15 20
 50 5 90 5 206 5 30
2586 131072 0 48 135168 0 
  34359738369 1315051091194281984 1835136 0 50465891015 7916447985573822463 2031036 0 

trp_french_foot_dragoon_flag_bearer French_Foot_Dragoon Eagle_Bearer 0 133169152 0 0 21 0 0
  508 0 1640 0 1284 0 226 0 88 0 -1 0 -1 0 -1 0 -1 0 -1 0 -1 0 -1 0 -1 0 -1 0 -1 0 -1 0 -1 0 -1 0 -1 0 -1 0 -1 0 -1 0 -1 0 -1 0 -1 0 -1 0 -1 0 -1 0 -1 0 -1 0 -1 0 -1 0 -1 0 -1 0 -1 0 -1 0 -1 0 -1 0 -1 0 -1 0 -1 0 -1 0 -1 0 -1 0 -1 0 -1 0 -1 0 -1 0 -1 0 -1 0 -1 0 -1 0 -1 0 -1 0 -1 0 -1 0 -1 0 -1 0 -1 0 -1 0 -1 0 -1 0 -1 0 -1 0 
  15 15 15 15 20
 80 5 80 5 50 5 30
2586 131072 0 48 135168 0 
  34359738369 1315051091194281984 1835136 0 50465891015 7916447985573822463 2031036 0 

trp_french_foot_dragoon_nco French_Foot_Dragoon Sergeant 0 133169152 0 0 21 0 0
  508 0 1640 0 1284 0 156 0 47 0 21 0 88 0 -1 0 -1 0 -1 0 -1 0 -1 0 -1 0 -1 0 -1 0 -1 0 -1 0 -1 0 -1 0 -1 0 -1 0 -1 0 -1 0 -1 0 -1 0 -1 0 -1 0 -1 0 -1 0 -1 0 -1 0 -1 0 -1 0 -1 0 -1 0 -1 0 -1 0 -1 0 -1 0 -1 0 -1 0 -1 0 -1 0 -1 0 -1 0 -1 0 -1 0 -1 0 -1 0 -1 0 -1 0 -1 0 -1 0 -1 0 -1 0 -1 0 -1 0 -1 0 -1 0 -1 0 -1 0 -1 0 -1 0 -1 0 
  15 15 15 15 20
 50 5 90 5 206 5 30
2586 131072 0 48 135168 0 
  34359738369 1315051091194281984 1835136 0 50465891015 7916447985573822463 2031036 0 

trp_french_foot_dragoon_officer French_Foot_Dragoon Officer 0 133169152 0 0 21 0 0
  506 0 1640 0 1201 0 86 0 157 0 3 0 5 0 1819 0 398 0 -1 0 -1 0 -1 0 -1 0 -1 0 -1 0 -1 0 -1 0 -1 0 -1 0 -1 0 -1 0 -1 0 -1 0 -1 0 -1 0 -1 0 -1 0 -1 0 -1 0 -1 0 -1 0 -1 0 -1 0 -1 0 -1 0 -1 0 -1 0 -1 0 -1 0 -1 0 -1 0 -1 0 -1 0 -1 0 -1 0 -1 0 -1 0 -1 0 -1 0 -1 0 -1 0 -1 0 -1 0 -1 0 -1 0 -1 0 -1 0 -1 0 -1 0 -1 0 -1 0 -1 0 -1 0 -1 0 
  15 15 15 15 20
 80 5 80 5 50 5 30
2586 131072 0 48 208896 0 
  34359738369 1315051091194281984 1835136 0 50465891015 7916447985573822463 2031036 0 

trp_french_foot_dragoon_horn French_Foot_Dragoon Hornist 0 133169152 0 0 21 0 0
  509 0 1640 0 1284 0 152 0 88 0 -1 0 -1 0 -1 0 -1 0 -1 0 -1 0 -1 0 -1 0 -1 0 -1 0 -1 0 -1 0 -1 0 -1 0 -1 0 -1 0 -1 0 -1 0 -1 0 -1 0 -1 0 -1 0 -1 0 -1 0 -1 0 -1 0 -1 0 -1 0 -1 0 -1 0 -1 0 -1 0 -1 0 -1 0 -1 0 -1 0 -1 0 -1 0 -1 0 -1 0 -1 0 -1 0 -1 0 -1 0 -1 0 -1 0 -1 0 -1 0 -1 0 -1 0 -1 0 -1 0 -1 0 -1 0 -1 0 -1 0 -1 0 -1 0 -1 0 
  15 15 15 15 20
 80 5 80 5 50 5 30
2586 131072 0 48 135168 0 
  34359738369 1315051091194281984 1835136 0 50465891015 7916447985573822463 2031036 0 

trp_french_hussar 2e_Regiment_de_Hussards Hussar 0 133170176 0 0 7 0 0
  449 0 1646 0 1210 0 89 0 1828 0 -1 0 -1 0 -1 0 -1 0 -1 0 -1 0 -1 0 -1 0 -1 0 -1 0 -1 0 -1 0 -1 0 -1 0 -1 0 -1 0 -1 0 -1 0 -1 0 -1 0 -1 0 -1 0 -1 0 -1 0 -1 0 -1 0 -1 0 -1 0 -1 0 -1 0 -1 0 -1 0 -1 0 -1 0 -1 0 -1 0 -1 0 -1 0 -1 0 -1 0 -1 0 -1 0 -1 0 -1 0 -1 0 -1 0 -1 0 -1 0 -1 0 -1 0 -1 0 -1 0 -1 0 -1 0 -1 0 -1 0 -1 0 -1 0 -1 0 
  12 10 15 15 20
 160 5 30 5 30 5 30
2586 131072 0 22 208896 0 
  34359738369 1315051091194281984 1835136 0 50465891015 7916447985573822463 2031036 0 

trp_french_hussar_flag_bearer French_Hussar Eagle_Bearer 0 133170176 0 0 21 0 0
  450 0 1646 0 1208 0 213 0 89 0 1828 0 -1 0 -1 0 -1 0 -1 0 -1 0 -1 0 -1 0 -1 0 -1 0 -1 0 -1 0 -1 0 -1 0 -1 0 -1 0 -1 0 -1 0 -1 0 -1 0 -1 0 -1 0 -1 0 -1 0 -1 0 -1 0 -1 0 -1 0 -1 0 -1 0 -1 0 -1 0 -1 0 -1 0 -1 0 -1 0 -1 0 -1 0 -1 0 -1 0 -1 0 -1 0 -1 0 -1 0 -1 0 -1 0 -1 0 -1 0 -1 0 -1 0 -1 0 -1 0 -1 0 -1 0 -1 0 -1 0 -1 0 -1 0 -1 0 
  12 10 15 15 20
 160 5 30 5 30 5 30
2586 131072 0 22 208896 0 
  34359738369 1315051091194281984 1835136 0 50465891015 7916447985573822463 2031036 0 

trp_french_hussar_nco French_Hussar Sergeant 0 133170176 0 0 21 0 0
  450 0 1646 0 1208 0 89 0 1828 0 -1 0 -1 0 -1 0 -1 0 -1 0 -1 0 -1 0 -1 0 -1 0 -1 0 -1 0 -1 0 -1 0 -1 0 -1 0 -1 0 -1 0 -1 0 -1 0 -1 0 -1 0 -1 0 -1 0 -1 0 -1 0 -1 0 -1 0 -1 0 -1 0 -1 0 -1 0 -1 0 -1 0 -1 0 -1 0 -1 0 -1 0 -1 0 -1 0 -1 0 -1 0 -1 0 -1 0 -1 0 -1 0 -1 0 -1 0 -1 0 -1 0 -1 0 -1 0 -1 0 -1 0 -1 0 -1 0 -1 0 -1 0 -1 0 -1 0 
  12 10 15 15 20
 160 5 30 5 30 5 30
2586 131072 0 22 208896 0 
  34359738369 1315051091194281984 1835136 0 50465891015 7916447985573822463 2031036 0 

trp_french_hussar_officer French_Hussar Officer 0 133170176 0 0 21 0 0
  451 0 1647 0 1214 0 157 0 7 0 85 0 1828 0 398 0 -1 0 -1 0 -1 0 -1 0 -1 0 -1 0 -1 0 -1 0 -1 0 -1 0 -1 0 -1 0 -1 0 -1 0 -1 0 -1 0 -1 0 -1 0 -1 0 -1 0 -1 0 -1 0 -1 0 -1 0 -1 0 -1 0 -1 0 -1 0 -1 0 -1 0 -1 0 -1 0 -1 0 -1 0 -1 0 -1 0 -1 0 -1 0 -1 0 -1 0 -1 0 -1 0 -1 0 -1 0 -1 0 -1 0 -1 0 -1 0 -1 0 -1 0 -1 0 -1 0 -1 0 -1 0 -1 0 -1 0 
  12 10 15 15 20
 160 5 30 5 30 5 30
2586 131072 0 22 208896 0 
  34359738369 1315051091194281984 1835136 0 50465891015 7916447985573822463 2031036 0 

trp_french_hussar_trumpet French_Hussar Trumpeter 0 133170176 0 0 21 0 0
  452 0 1648 0 1212 0 153 0 89 0 1829 0 -1 0 -1 0 -1 0 -1 0 -1 0 -1 0 -1 0 -1 0 -1 0 -1 0 -1 0 -1 0 -1 0 -1 0 -1 0 -1 0 -1 0 -1 0 -1 0 -1 0 -1 0 -1 0 -1 0 -1 0 -1 0 -1 0 -1 0 -1 0 -1 0 -1 0 -1 0 -1 0 -1 0 -1 0 -1 0 -1 0 -1 0 -1 0 -1 0 -1 0 -1 0 -1 0 -1 0 -1 0 -1 0 -1 0 -1 0 -1 0 -1 0 -1 0 -1 0 -1 0 -1 0 -1 0 -1 0 -1 0 -1 0 -1 0 
  12 10 15 15 20
 160 5 30 5 30 5 30
2586 131072 0 22 208896 0 
  34359738369 1315051091194281984 1835136 0 50465891015 7916447985573822463 2031036 0 

trp_french_hussar5 5e_Regiment_de_Hussards Hussar 0 133170176 0 0 7 0 0
  510 0 1664 0 1288 0 89 0 1842 0 -1 0 -1 0 -1 0 -1 0 -1 0 -1 0 -1 0 -1 0 -1 0 -1 0 -1 0 -1 0 -1 0 -1 0 -1 0 -1 0 -1 0 -1 0 -1 0 -1 0 -1 0 -1 0 -1 0 -1 0 -1 0 -1 0 -1 0 -1 0 -1 0 -1 0 -1 0 -1 0 -1 0 -1 0 -1 0 -1 0 -1 0 -1 0 -1 0 -1 0 -1 0 -1 0 -1 0 -1 0 -1 0 -1 0 -1 0 -1 0 -1 0 -1 0 -1 0 -1 0 -1 0 -1 0 -1 0 -1 0 -1 0 -1 0 -1 0 
  12 10 15 15 20
 160 5 30 5 30 5 30
2586 131072 0 22 208896 0 
  34359738369 1315051091194281984 1835136 0 50465891015 7916447985573822463 2031036 0 

trp_french_hussar5_flag_bearer French_Hussar Eagle_Bearer 0 133170176 0 0 21 0 0
  511 0 1664 0 1286 0 232 0 89 0 1842 0 -1 0 -1 0 -1 0 -1 0 -1 0 -1 0 -1 0 -1 0 -1 0 -1 0 -1 0 -1 0 -1 0 -1 0 -1 0 -1 0 -1 0 -1 0 -1 0 -1 0 -1 0 -1 0 -1 0 -1 0 -1 0 -1 0 -1 0 -1 0 -1 0 -1 0 -1 0 -1 0 -1 0 -1 0 -1 0 -1 0 -1 0 -1 0 -1 0 -1 0 -1 0 -1 0 -1 0 -1 0 -1 0 -1 0 -1 0 -1 0 -1 0 -1 0 -1 0 -1 0 -1 0 -1 0 -1 0 -1 0 -1 0 -1 0 
  12 10 15 15 20
 160 5 30 5 30 5 30
2586 131072 0 22 208896 0 
  34359738369 1315051091194281984 1835136 0 50465891015 7916447985573822463 2031036 0 

trp_french_hussar5_nco French_Hussar Sergeant 0 133170176 0 0 21 0 0
  511 0 1664 0 1286 0 89 0 1842 0 -1 0 -1 0 -1 0 -1 0 -1 0 -1 0 -1 0 -1 0 -1 0 -1 0 -1 0 -1 0 -1 0 -1 0 -1 0 -1 0 -1 0 -1 0 -1 0 -1 0 -1 0 -1 0 -1 0 -1 0 -1 0 -1 0 -1 0 -1 0 -1 0 -1 0 -1 0 -1 0 -1 0 -1 0 -1 0 -1 0 -1 0 -1 0 -1 0 -1 0 -1 0 -1 0 -1 0 -1 0 -1 0 -1 0 -1 0 -1 0 -1 0 -1 0 -1 0 -1 0 -1 0 -1 0 -1 0 -1 0 -1 0 -1 0 -1 0 
  12 10 15 15 20
 160 5 30 5 30 5 30
2586 131072 0 22 208896 0 
  34359738369 1315051091194281984 1835136 0 50465891015 7916447985573822463 2031036 0 

trp_french_hussar5_officer French_Hussar Officer 0 133170176 0 0 21 0 0
  512 0 1665 0 1292 0 157 0 7 0 85 0 1843 0 398 0 -1 0 -1 0 -1 0 -1 0 -1 0 -1 0 -1 0 -1 0 -1 0 -1 0 -1 0 -1 0 -1 0 -1 0 -1 0 -1 0 -1 0 -1 0 -1 0 -1 0 -1 0 -1 0 -1 0 -1 0 -1 0 -1 0 -1 0 -1 0 -1 0 -1 0 -1 0 -1 0 -1 0 -1 0 -1 0 -1 0 -1 0 -1 0 -1 0 -1 0 -1 0 -1 0 -1 0 -1 0 -1 0 -1 0 -1 0 -1 0 -1 0 -1 0 -1 0 -1 0 -1 0 -1 0 -1 0 -1 0 
  12 10 15 15 20
 160 5 30 5 30 5 30
2586 131072 0 22 208896 0 
  34359738369 1315051091194281984 1835136 0 50465891015 7916447985573822463 2031036 0 

trp_french_hussar5_trumpet French_Hussar Trumpeter 0 133170176 0 0 21 0 0
  513 0 1664 0 1290 0 153 0 89 0 1843 0 -1 0 -1 0 -1 0 -1 0 -1 0 -1 0 -1 0 -1 0 -1 0 -1 0 -1 0 -1 0 -1 0 -1 0 -1 0 -1 0 -1 0 -1 0 -1 0 -1 0 -1 0 -1 0 -1 0 -1 0 -1 0 -1 0 -1 0 -1 0 -1 0 -1 0 -1 0 -1 0 -1 0 -1 0 -1 0 -1 0 -1 0 -1 0 -1 0 -1 0 -1 0 -1 0 -1 0 -1 0 -1 0 -1 0 -1 0 -1 0 -1 0 -1 0 -1 0 -1 0 -1 0 -1 0 -1 0 -1 0 -1 0 -1 0 
  12 10 15 15 20
 160 5 30 5 30 5 30
2586 131072 0 22 208896 0 
  34359738369 1315051091194281984 1835136 0 50465891015 7916447985573822463 2031036 0 

trp_french_lancer Regiment_de_Chevau-Legers_Lanciers_de_la_Garde Lancer 0 133170176 0 0 7 0 0
  440 0 1644 0 1231 0 1822 0 168 0 80 0 1830 0 -1 0 -1 0 -1 0 -1 0 -1 0 -1 0 -1 0 -1 0 -1 0 -1 0 -1 0 -1 0 -1 0 -1 0 -1 0 -1 0 -1 0 -1 0 -1 0 -1 0 -1 0 -1 0 -1 0 -1 0 -1 0 -1 0 -1 0 -1 0 -1 0 -1 0 -1 0 -1 0 -1 0 -1 0 -1 0 -1 0 -1 0 -1 0 -1 0 -1 0 -1 0 -1 0 -1 0 -1 0 -1 0 -1 0 -1 0 -1 0 -1 0 -1 0 -1 0 -1 0 -1 0 -1 0 -1 0 -1 0 -1 0 
  12 10 15 15 20
 50 5 130 5 40 5 30
2586 131072 0 22 208896 0 
  34359738369 1315051091194281984 1835136 0 50465891015 7916447985573822463 2031036 0 

trp_french_lancer_flag_bearer Polish_Lancer Eagle_Bearer 0 133170176 0 0 21 0 0
  441 0 1644 0 1231 0 1822 0 218 0 80 0 1830 0 -1 0 -1 0 -1 0 -1 0 -1 0 -1 0 -1 0 -1 0 -1 0 -1 0 -1 0 -1 0 -1 0 -1 0 -1 0 -1 0 -1 0 -1 0 -1 0 -1 0 -1 0 -1 0 -1 0 -1 0 -1 0 -1 0 -1 0 -1 0 -1 0 -1 0 -1 0 -1 0 -1 0 -1 0 -1 0 -1 0 -1 0 -1 0 -1 0 -1 0 -1 0 -1 0 -1 0 -1 0 -1 0 -1 0 -1 0 -1 0 -1 0 -1 0 -1 0 -1 0 -1 0 -1 0 -1 0 -1 0 -1 0 
  12 10 15 15 20
 150 5 30 5 30 5 30
2586 131072 0 22 208896 0 
  34359738369 1315051091194281984 1835136 0 50465891015 7916447985573822463 2031036 0 

trp_french_lancer_nco Polish_Lancer Sergeant 0 133170176 0 0 21 0 0
  441 0 1644 0 1231 0 1822 0 168 0 80 0 1830 0 -1 0 -1 0 -1 0 -1 0 -1 0 -1 0 -1 0 -1 0 -1 0 -1 0 -1 0 -1 0 -1 0 -1 0 -1 0 -1 0 -1 0 -1 0 -1 0 -1 0 -1 0 -1 0 -1 0 -1 0 -1 0 -1 0 -1 0 -1 0 -1 0 -1 0 -1 0 -1 0 -1 0 -1 0 -1 0 -1 0 -1 0 -1 0 -1 0 -1 0 -1 0 -1 0 -1 0 -1 0 -1 0 -1 0 -1 0 -1 0 -1 0 -1 0 -1 0 -1 0 -1 0 -1 0 -1 0 -1 0 -1 0 
  12 10 15 15 20
 50 5 130 5 40 5 30
2586 131072 0 22 208896 0 
  34359738369 1315051091194281984 1835136 0 50465891015 7916447985573822463 2031036 0 

trp_french_lancer_officer Polish_Lancer Officer 0 133170176 0 0 21 0 0
  442 0 1645 0 1229 0 1822 0 157 0 1 0 85 0 1830 0 398 0 -1 0 -1 0 -1 0 -1 0 -1 0 -1 0 -1 0 -1 0 -1 0 -1 0 -1 0 -1 0 -1 0 -1 0 -1 0 -1 0 -1 0 -1 0 -1 0 -1 0 -1 0 -1 0 -1 0 -1 0 -1 0 -1 0 -1 0 -1 0 -1 0 -1 0 -1 0 -1 0 -1 0 -1 0 -1 0 -1 0 -1 0 -1 0 -1 0 -1 0 -1 0 -1 0 -1 0 -1 0 -1 0 -1 0 -1 0 -1 0 -1 0 -1 0 -1 0 -1 0 -1 0 -1 0 -1 0 
  12 10 15 15 20
 150 5 30 5 30 5 30
2586 131072 0 22 208896 0 
  34359738369 1315051091194281984 1835136 0 50465891015 7916447985573822463 2031036 0 

trp_french_lancer_trumpet Polish_Lancer Trumpeter 0 133170176 0 0 21 0 0
  464 0 1645 0 1233 0 1822 0 153 0 80 0 1831 0 -1 0 -1 0 -1 0 -1 0 -1 0 -1 0 -1 0 -1 0 -1 0 -1 0 -1 0 -1 0 -1 0 -1 0 -1 0 -1 0 -1 0 -1 0 -1 0 -1 0 -1 0 -1 0 -1 0 -1 0 -1 0 -1 0 -1 0 -1 0 -1 0 -1 0 -1 0 -1 0 -1 0 -1 0 -1 0 -1 0 -1 0 -1 0 -1 0 -1 0 -1 0 -1 0 -1 0 -1 0 -1 0 -1 0 -1 0 -1 0 -1 0 -1 0 -1 0 -1 0 -1 0 -1 0 -1 0 -1 0 -1 0 
  12 10 15 15 20
 150 5 30 5 30 5 30
2586 131072 0 22 208896 0 
  34359738369 1315051091194281984 1835136 0 50465891015 7916447985573822463 2031036 0 

trp_french_dragoon Regiment_de_Dragons_de_l'Imperatrice Dragoon 0 133170176 0 0 7 0 0
  425 0 1640 0 1193 0 1822 0 15 0 21 0 156 0 81 0 1832 0 -1 0 -1 0 -1 0 -1 0 -1 0 -1 0 -1 0 -1 0 -1 0 -1 0 -1 0 -1 0 -1 0 -1 0 -1 0 -1 0 -1 0 -1 0 -1 0 -1 0 -1 0 -1 0 -1 0 -1 0 -1 0 -1 0 -1 0 -1 0 -1 0 -1 0 -1 0 -1 0 -1 0 -1 0 -1 0 -1 0 -1 0 -1 0 -1 0 -1 0 -1 0 -1 0 -1 0 -1 0 -1 0 -1 0 -1 0 -1 0 -1 0 -1 0 -1 0 -1 0 -1 0 -1 0 -1 0 
  12 10 15 15 20
 125 5 30 5 125 5 30
2586 131072 0 37 208896 0 
  34359738369 1315051091194281984 1835136 0 50465891015 7916447985573822463 2031036 0 

trp_french_dragoon_flag_bearer French_Dragoon Eagle_Bearer 0 133170176 0 0 21 0 0
  467 0 1640 0 1193 0 1822 0 217 0 81 0 1832 0 -1 0 -1 0 -1 0 -1 0 -1 0 -1 0 -1 0 -1 0 -1 0 -1 0 -1 0 -1 0 -1 0 -1 0 -1 0 -1 0 -1 0 -1 0 -1 0 -1 0 -1 0 -1 0 -1 0 -1 0 -1 0 -1 0 -1 0 -1 0 -1 0 -1 0 -1 0 -1 0 -1 0 -1 0 -1 0 -1 0 -1 0 -1 0 -1 0 -1 0 -1 0 -1 0 -1 0 -1 0 -1 0 -1 0 -1 0 -1 0 -1 0 -1 0 -1 0 -1 0 -1 0 -1 0 -1 0 -1 0 -1 0 
  12 10 15 15 20
 125 5 30 5 125 5 30
2586 131072 0 37 208896 0 
  34359738369 1315051091194281984 1835136 0 50465891015 7916447985573822463 2031036 0 

trp_french_dragoon_nco French_Dragoon Sergent 0 133170176 0 0 21 0 0
  467 0 1640 0 1193 0 1822 0 15 0 21 0 156 0 81 0 1832 0 -1 0 -1 0 -1 0 -1 0 -1 0 -1 0 -1 0 -1 0 -1 0 -1 0 -1 0 -1 0 -1 0 -1 0 -1 0 -1 0 -1 0 -1 0 -1 0 -1 0 -1 0 -1 0 -1 0 -1 0 -1 0 -1 0 -1 0 -1 0 -1 0 -1 0 -1 0 -1 0 -1 0 -1 0 -1 0 -1 0 -1 0 -1 0 -1 0 -1 0 -1 0 -1 0 -1 0 -1 0 -1 0 -1 0 -1 0 -1 0 -1 0 -1 0 -1 0 -1 0 -1 0 -1 0 -1 0 
  12 10 15 15 20
 125 5 30 5 125 5 30
2586 131072 0 37 208896 0 
  34359738369 1315051091194281984 1835136 0 50465891015 7916447985573822463 2031036 0 

trp_french_dragoon_officer French_Dragoon Officer 0 133170176 0 0 21 0 0
  426 0 1640 0 1195 0 1822 0 157 0 1 0 83 0 1832 0 398 0 -1 0 -1 0 -1 0 -1 0 -1 0 -1 0 -1 0 -1 0 -1 0 -1 0 -1 0 -1 0 -1 0 -1 0 -1 0 -1 0 -1 0 -1 0 -1 0 -1 0 -1 0 -1 0 -1 0 -1 0 -1 0 -1 0 -1 0 -1 0 -1 0 -1 0 -1 0 -1 0 -1 0 -1 0 -1 0 -1 0 -1 0 -1 0 -1 0 -1 0 -1 0 -1 0 -1 0 -1 0 -1 0 -1 0 -1 0 -1 0 -1 0 -1 0 -1 0 -1 0 -1 0 -1 0 -1 0 
  12 10 15 15 20
 130 5 30 5 80 5 30
2586 131072 0 37 208896 0 
  34359738369 1315051091194281984 1835136 0 50465891015 7916447985573822463 2031036 0 

trp_french_dragoon_trumpet French_Dragoon Trumpeter 0 133170176 0 0 21 0 0
  463 0 1640 0 1197 0 1822 0 153 0 81 0 1833 0 -1 0 -1 0 -1 0 -1 0 -1 0 -1 0 -1 0 -1 0 -1 0 -1 0 -1 0 -1 0 -1 0 -1 0 -1 0 -1 0 -1 0 -1 0 -1 0 -1 0 -1 0 -1 0 -1 0 -1 0 -1 0 -1 0 -1 0 -1 0 -1 0 -1 0 -1 0 -1 0 -1 0 -1 0 -1 0 -1 0 -1 0 -1 0 -1 0 -1 0 -1 0 -1 0 -1 0 -1 0 -1 0 -1 0 -1 0 -1 0 -1 0 -1 0 -1 0 -1 0 -1 0 -1 0 -1 0 -1 0 -1 0 
  12 10 15 15 20
 130 5 30 5 80 5 30
2586 131072 0 37 208896 0 
  34359738369 1315051091194281984 1835136 0 50465891015 7916447985573822463 2031036 0 

trp_french_mounted_chasseur Regiment_de_Chasseurs_a_Cheval_de_la_Garde Dragoon 0 133170176 0 0 7 0 0
  514 0 1666 0 1294 0 1819 0 15 0 21 0 156 0 81 0 1844 0 -1 0 -1 0 -1 0 -1 0 -1 0 -1 0 -1 0 -1 0 -1 0 -1 0 -1 0 -1 0 -1 0 -1 0 -1 0 -1 0 -1 0 -1 0 -1 0 -1 0 -1 0 -1 0 -1 0 -1 0 -1 0 -1 0 -1 0 -1 0 -1 0 -1 0 -1 0 -1 0 -1 0 -1 0 -1 0 -1 0 -1 0 -1 0 -1 0 -1 0 -1 0 -1 0 -1 0 -1 0 -1 0 -1 0 -1 0 -1 0 -1 0 -1 0 -1 0 -1 0 -1 0 -1 0 -1 0 
  12 10 15 15 20
 125 5 30 5 125 5 30
2586 131072 0 37 208896 0 
  34359738369 1315051091194281984 1835136 0 50465891015 7916447985573822463 2031036 0 

trp_french_mounted_chasseur_flag_bearer French_Mounted_Chasseur Eagle_Bearer 0 133170176 0 0 21 0 0
  516 0 1666 0 1294 0 1819 0 233 0 81 0 1844 0 -1 0 -1 0 -1 0 -1 0 -1 0 -1 0 -1 0 -1 0 -1 0 -1 0 -1 0 -1 0 -1 0 -1 0 -1 0 -1 0 -1 0 -1 0 -1 0 -1 0 -1 0 -1 0 -1 0 -1 0 -1 0 -1 0 -1 0 -1 0 -1 0 -1 0 -1 0 -1 0 -1 0 -1 0 -1 0 -1 0 -1 0 -1 0 -1 0 -1 0 -1 0 -1 0 -1 0 -1 0 -1 0 -1 0 -1 0 -1 0 -1 0 -1 0 -1 0 -1 0 -1 0 -1 0 -1 0 -1 0 -1 0 
  12 10 15 15 20
 125 5 30 5 125 5 30
2586 131072 0 37 208896 0 
  34359738369 1315051091194281984 1835136 0 50465891015 7916447985573822463 2031036 0 

trp_french_mounted_chasseur_nco French_Mounted_Chasseur Sergent 0 133170176 0 0 21 0 0
  516 0 1666 0 1294 0 1819 0 15 0 21 0 156 0 81 0 1844 0 -1 0 -1 0 -1 0 -1 0 -1 0 -1 0 -1 0 -1 0 -1 0 -1 0 -1 0 -1 0 -1 0 -1 0 -1 0 -1 0 -1 0 -1 0 -1 0 -1 0 -1 0 -1 0 -1 0 -1 0 -1 0 -1 0 -1 0 -1 0 -1 0 -1 0 -1 0 -1 0 -1 0 -1 0 -1 0 -1 0 -1 0 -1 0 -1 0 -1 0 -1 0 -1 0 -1 0 -1 0 -1 0 -1 0 -1 0 -1 0 -1 0 -1 0 -1 0 -1 0 -1 0 -1 0 -1 0 
  12 10 15 15 20
 125 5 30 5 125 5 30
2586 131072 0 37 208896 0 
  34359738369 1315051091194281984 1835136 0 50465891015 7916447985573822463 2031036 0 

trp_french_mounted_chasseur_officer French_Mounted_Chasseur Officer 0 133170176 0 0 21 0 0
  515 0 1667 0 1296 0 1819 0 157 0 1 0 83 0 1845 0 398 0 -1 0 -1 0 -1 0 -1 0 -1 0 -1 0 -1 0 -1 0 -1 0 -1 0 -1 0 -1 0 -1 0 -1 0 -1 0 -1 0 -1 0 -1 0 -1 0 -1 0 -1 0 -1 0 -1 0 -1 0 -1 0 -1 0 -1 0 -1 0 -1 0 -1 0 -1 0 -1 0 -1 0 -1 0 -1 0 -1 0 -1 0 -1 0 -1 0 -1 0 -1 0 -1 0 -1 0 -1 0 -1 0 -1 0 -1 0 -1 0 -1 0 -1 0 -1 0 -1 0 -1 0 -1 0 -1 0 
  12 10 15 15 20
 130 5 30 5 80 5 30
2586 131072 0 37 208896 0 
  34359738369 1315051091194281984 1835136 0 50465891015 7916447985573822463 2031036 0 

trp_french_mounted_chasseur_trumpet French_Mounted_Chasseur Trumpeter 0 133170176 0 0 21 0 0
  517 0 1664 0 1294 0 1819 0 153 0 81 0 1845 0 -1 0 -1 0 -1 0 -1 0 -1 0 -1 0 -1 0 -1 0 -1 0 -1 0 -1 0 -1 0 -1 0 -1 0 -1 0 -1 0 -1 0 -1 0 -1 0 -1 0 -1 0 -1 0 -1 0 -1 0 -1 0 -1 0 -1 0 -1 0 -1 0 -1 0 -1 0 -1 0 -1 0 -1 0 -1 0 -1 0 -1 0 -1 0 -1 0 -1 0 -1 0 -1 0 -1 0 -1 0 -1 0 -1 0 -1 0 -1 0 -1 0 -1 0 -1 0 -1 0 -1 0 -1 0 -1 0 -1 0 -1 0 
  12 10 15 15 20
 130 5 30 5 80 5 30
2586 131072 0 37 208896 0 
  34359738369 1315051091194281984 1835136 0 50465891015 7916447985573822463 2031036 0 

trp_french_cuirassier 9eme_Regiment_de_Cuirassiers Cuirassier 0 133170176 0 0 7 0 0
  443 0 1676 0 1199 0 1822 0 87 0 1834 0 -1 0 -1 0 -1 0 -1 0 -1 0 -1 0 -1 0 -1 0 -1 0 -1 0 -1 0 -1 0 -1 0 -1 0 -1 0 -1 0 -1 0 -1 0 -1 0 -1 0 -1 0 -1 0 -1 0 -1 0 -1 0 -1 0 -1 0 -1 0 -1 0 -1 0 -1 0 -1 0 -1 0 -1 0 -1 0 -1 0 -1 0 -1 0 -1 0 -1 0 -1 0 -1 0 -1 0 -1 0 -1 0 -1 0 -1 0 -1 0 -1 0 -1 0 -1 0 -1 0 -1 0 -1 0 -1 0 -1 0 -1 0 -1 0 
  12 10 15 15 20
 140 5 30 5 30 5 30
2586 131072 0 22 339968 0 
  34359738369 1315051091194281984 1835136 0 50465891015 7916447985573822463 2031036 0 

trp_french_cuirassier_flag_bearer French_Cuirassier Eagle_Bearer 0 133170176 0 0 21 0 0
  444 0 1676 0 1199 0 1822 0 215 0 87 0 1834 0 -1 0 -1 0 -1 0 -1 0 -1 0 -1 0 -1 0 -1 0 -1 0 -1 0 -1 0 -1 0 -1 0 -1 0 -1 0 -1 0 -1 0 -1 0 -1 0 -1 0 -1 0 -1 0 -1 0 -1 0 -1 0 -1 0 -1 0 -1 0 -1 0 -1 0 -1 0 -1 0 -1 0 -1 0 -1 0 -1 0 -1 0 -1 0 -1 0 -1 0 -1 0 -1 0 -1 0 -1 0 -1 0 -1 0 -1 0 -1 0 -1 0 -1 0 -1 0 -1 0 -1 0 -1 0 -1 0 -1 0 -1 0 
  12 10 15 15 20
 140 5 30 5 30 5 30
2586 131072 0 22 339968 0 
  34359738369 1315051091194281984 1835136 0 50465891015 7916447985573822463 2031036 0 

trp_french_cuirassier_nco French_Cuirassier Sergent 0 133170176 0 0 21 0 0
  444 0 1676 0 1199 0 1822 0 87 0 1834 0 -1 0 -1 0 -1 0 -1 0 -1 0 -1 0 -1 0 -1 0 -1 0 -1 0 -1 0 -1 0 -1 0 -1 0 -1 0 -1 0 -1 0 -1 0 -1 0 -1 0 -1 0 -1 0 -1 0 -1 0 -1 0 -1 0 -1 0 -1 0 -1 0 -1 0 -1 0 -1 0 -1 0 -1 0 -1 0 -1 0 -1 0 -1 0 -1 0 -1 0 -1 0 -1 0 -1 0 -1 0 -1 0 -1 0 -1 0 -1 0 -1 0 -1 0 -1 0 -1 0 -1 0 -1 0 -1 0 -1 0 -1 0 -1 0 
  12 10 15 15 20
 140 5 30 5 30 5 30
2586 131072 0 22 339968 0 
  34359738369 1315051091194281984 1835136 0 50465891015 7916447985573822463 2031036 0 

trp_french_cuirassier_officer French_Cuirassier Officer 0 133170176 0 0 21 0 0
  445 0 1676 0 1201 0 1822 0 1 0 157 0 83 0 1835 0 398 0 -1 0 -1 0 -1 0 -1 0 -1 0 -1 0 -1 0 -1 0 -1 0 -1 0 -1 0 -1 0 -1 0 -1 0 -1 0 -1 0 -1 0 -1 0 -1 0 -1 0 -1 0 -1 0 -1 0 -1 0 -1 0 -1 0 -1 0 -1 0 -1 0 -1 0 -1 0 -1 0 -1 0 -1 0 -1 0 -1 0 -1 0 -1 0 -1 0 -1 0 -1 0 -1 0 -1 0 -1 0 -1 0 -1 0 -1 0 -1 0 -1 0 -1 0 -1 0 -1 0 -1 0 -1 0 -1 0 
  12 10 15 15 20
 140 5 30 5 30 5 30
2586 131072 0 22 339968 0 
  34359738369 1315051091194281984 1835136 0 50465891015 7916447985573822463 2031036 0 

trp_french_cuirassier_trumpet French_Cuirassier Trumpeter 0 133170176 0 0 21 0 0
  462 0 1676 0 1203 0 1822 0 153 0 87 0 1836 0 -1 0 -1 0 -1 0 -1 0 -1 0 -1 0 -1 0 -1 0 -1 0 -1 0 -1 0 -1 0 -1 0 -1 0 -1 0 -1 0 -1 0 -1 0 -1 0 -1 0 -1 0 -1 0 -1 0 -1 0 -1 0 -1 0 -1 0 -1 0 -1 0 -1 0 -1 0 -1 0 -1 0 -1 0 -1 0 -1 0 -1 0 -1 0 -1 0 -1 0 -1 0 -1 0 -1 0 -1 0 -1 0 -1 0 -1 0 -1 0 -1 0 -1 0 -1 0 -1 0 -1 0 -1 0 -1 0 -1 0 -1 0 
  12 10 15 15 20
 140 5 30 5 30 5 30
2586 131072 0 22 339968 0 
  34359738369 1315051091194281984 1835136 0 50465891015 7916447985573822463 2031036 0 

trp_french_carabineer 1er_Regiment_de_Carabiniers Carabinier 0 133170176 0 0 7 0 0
  446 0 1676 0 1205 0 1822 0 78 0 1837 0 -1 0 -1 0 -1 0 -1 0 -1 0 -1 0 -1 0 -1 0 -1 0 -1 0 -1 0 -1 0 -1 0 -1 0 -1 0 -1 0 -1 0 -1 0 -1 0 -1 0 -1 0 -1 0 -1 0 -1 0 -1 0 -1 0 -1 0 -1 0 -1 0 -1 0 -1 0 -1 0 -1 0 -1 0 -1 0 -1 0 -1 0 -1 0 -1 0 -1 0 -1 0 -1 0 -1 0 -1 0 -1 0 -1 0 -1 0 -1 0 -1 0 -1 0 -1 0 -1 0 -1 0 -1 0 -1 0 -1 0 -1 0 -1 0 
  12 10 15 15 20
 140 5 30 5 30 5 30
2586 131072 0 22 339968 0 
  34359738369 1315051091194281984 1835136 0 50465891015 7916447985573822463 2031036 0 

trp_french_carabineer_flag_bearer French_Carabinier Eagle_Bearer 0 133170176 0 0 21 0 0
  447 0 1676 0 1205 0 1822 0 214 0 78 0 1837 0 -1 0 -1 0 -1 0 -1 0 -1 0 -1 0 -1 0 -1 0 -1 0 -1 0 -1 0 -1 0 -1 0 -1 0 -1 0 -1 0 -1 0 -1 0 -1 0 -1 0 -1 0 -1 0 -1 0 -1 0 -1 0 -1 0 -1 0 -1 0 -1 0 -1 0 -1 0 -1 0 -1 0 -1 0 -1 0 -1 0 -1 0 -1 0 -1 0 -1 0 -1 0 -1 0 -1 0 -1 0 -1 0 -1 0 -1 0 -1 0 -1 0 -1 0 -1 0 -1 0 -1 0 -1 0 -1 0 -1 0 -1 0 
  12 10 15 15 20
 140 5 30 5 30 5 30
2586 131072 0 22 339968 0 
  34359738369 1315051091194281984 1835136 0 50465891015 7916447985573822463 2031036 0 

trp_french_carabineer_nco French_Carabinier Sergent 0 133170176 0 0 21 0 0
  447 0 1676 0 1205 0 1822 0 78 0 1837 0 -1 0 -1 0 -1 0 -1 0 -1 0 -1 0 -1 0 -1 0 -1 0 -1 0 -1 0 -1 0 -1 0 -1 0 -1 0 -1 0 -1 0 -1 0 -1 0 -1 0 -1 0 -1 0 -1 0 -1 0 -1 0 -1 0 -1 0 -1 0 -1 0 -1 0 -1 0 -1 0 -1 0 -1 0 -1 0 -1 0 -1 0 -1 0 -1 0 -1 0 -1 0 -1 0 -1 0 -1 0 -1 0 -1 0 -1 0 -1 0 -1 0 -1 0 -1 0 -1 0 -1 0 -1 0 -1 0 -1 0 -1 0 -1 0 
  12 10 15 15 20
 140 5 30 5 30 5 30
2586 131072 0 22 339968 0 
  34359738369 1315051091194281984 1835136 0 50465891015 7916447985573822463 2031036 0 

trp_french_carabineer_officer French_Carabinier Officer 0 133170176 0 0 21 0 0
  448 0 1676 0 1206 0 1822 0 1 0 157 0 83 0 1838 0 398 0 -1 0 -1 0 -1 0 -1 0 -1 0 -1 0 -1 0 -1 0 -1 0 -1 0 -1 0 -1 0 -1 0 -1 0 -1 0 -1 0 -1 0 -1 0 -1 0 -1 0 -1 0 -1 0 -1 0 -1 0 -1 0 -1 0 -1 0 -1 0 -1 0 -1 0 -1 0 -1 0 -1 0 -1 0 -1 0 -1 0 -1 0 -1 0 -1 0 -1 0 -1 0 -1 0 -1 0 -1 0 -1 0 -1 0 -1 0 -1 0 -1 0 -1 0 -1 0 -1 0 -1 0 -1 0 -1 0 
  12 10 15 15 20
 140 5 30 5 30 5 30
2586 131072 0 22 339968 0 
  34359738369 1315051091194281984 1835136 0 50465891015 7916447985573822463 2031036 0 

trp_french_carabineer_trumpet French_Carabinier Trumpeter 0 133170176 0 0 21 0 0
  462 0 1676 0 1207 0 1822 0 153 0 78 0 1839 0 -1 0 -1 0 -1 0 -1 0 -1 0 -1 0 -1 0 -1 0 -1 0 -1 0 -1 0 -1 0 -1 0 -1 0 -1 0 -1 0 -1 0 -1 0 -1 0 -1 0 -1 0 -1 0 -1 0 -1 0 -1 0 -1 0 -1 0 -1 0 -1 0 -1 0 -1 0 -1 0 -1 0 -1 0 -1 0 -1 0 -1 0 -1 0 -1 0 -1 0 -1 0 -1 0 -1 0 -1 0 -1 0 -1 0 -1 0 -1 0 -1 0 -1 0 -1 0 -1 0 -1 0 -1 0 -1 0 -1 0 -1 0 
  12 10 15 15 20
 140 5 30 5 30 5 30
2586 131072 0 22 339968 0 
  34359738369 1315051091194281984 1835136 0 50465891015 7916447985573822463 2031036 0 

trp_french_grenadier_a_cheval Regiment_de_Grenadiers_a_Cheval_de_la_Garde Heavy_Cavalry 0 133170176 0 0 7 0 0
  429 0 1642 0 1250 0 1822 0 81 0 1840 0 -1 0 -1 0 -1 0 -1 0 -1 0 -1 0 -1 0 -1 0 -1 0 -1 0 -1 0 -1 0 -1 0 -1 0 -1 0 -1 0 -1 0 -1 0 -1 0 -1 0 -1 0 -1 0 -1 0 -1 0 -1 0 -1 0 -1 0 -1 0 -1 0 -1 0 -1 0 -1 0 -1 0 -1 0 -1 0 -1 0 -1 0 -1 0 -1 0 -1 0 -1 0 -1 0 -1 0 -1 0 -1 0 -1 0 -1 0 -1 0 -1 0 -1 0 -1 0 -1 0 -1 0 -1 0 -1 0 -1 0 -1 0 -1 0 
  12 10 15 15 20
 150 5 30 5 30 5 30
2586 131072 0 22 339968 0 
  34359738369 1315051091194281984 1835136 0 50465891015 7916447985573822463 2031036 0 

trp_french_grenadier_a_cheval_flag_bearer French_Horse_Grenadier Eagle_Bearer 0 133170176 0 0 21 0 0
  428 0 1642 0 1254 0 1822 0 216 0 81 0 1840 0 -1 0 -1 0 -1 0 -1 0 -1 0 -1 0 -1 0 -1 0 -1 0 -1 0 -1 0 -1 0 -1 0 -1 0 -1 0 -1 0 -1 0 -1 0 -1 0 -1 0 -1 0 -1 0 -1 0 -1 0 -1 0 -1 0 -1 0 -1 0 -1 0 -1 0 -1 0 -1 0 -1 0 -1 0 -1 0 -1 0 -1 0 -1 0 -1 0 -1 0 -1 0 -1 0 -1 0 -1 0 -1 0 -1 0 -1 0 -1 0 -1 0 -1 0 -1 0 -1 0 -1 0 -1 0 -1 0 -1 0 -1 0 
  12 10 15 15 20
 150 5 30 5 30 5 30
2586 131072 0 22 339968 0 
  34359738369 1315051091194281984 1835136 0 50465891015 7916447985573822463 2031036 0 

trp_french_grenadier_a_cheval_nco French_Horse_Grenadier Sergent 0 133170176 0 0 21 0 0
  428 0 1642 0 1254 0 1822 0 81 0 1840 0 -1 0 -1 0 -1 0 -1 0 -1 0 -1 0 -1 0 -1 0 -1 0 -1 0 -1 0 -1 0 -1 0 -1 0 -1 0 -1 0 -1 0 -1 0 -1 0 -1 0 -1 0 -1 0 -1 0 -1 0 -1 0 -1 0 -1 0 -1 0 -1 0 -1 0 -1 0 -1 0 -1 0 -1 0 -1 0 -1 0 -1 0 -1 0 -1 0 -1 0 -1 0 -1 0 -1 0 -1 0 -1 0 -1 0 -1 0 -1 0 -1 0 -1 0 -1 0 -1 0 -1 0 -1 0 -1 0 -1 0 -1 0 -1 0 
  12 10 15 15 20
 150 5 30 5 30 5 30
2586 131072 0 22 339968 0 
  34359738369 1315051091194281984 1835136 0 50465891015 7916447985573822463 2031036 0 

trp_french_grenadier_a_cheval_officer French_Horse_Grenadier Officer 0 133170176 0 0 21 0 0
  430 0 1642 0 1252 0 1822 0 1 0 157 0 83 0 1840 0 398 0 -1 0 -1 0 -1 0 -1 0 -1 0 -1 0 -1 0 -1 0 -1 0 -1 0 -1 0 -1 0 -1 0 -1 0 -1 0 -1 0 -1 0 -1 0 -1 0 -1 0 -1 0 -1 0 -1 0 -1 0 -1 0 -1 0 -1 0 -1 0 -1 0 -1 0 -1 0 -1 0 -1 0 -1 0 -1 0 -1 0 -1 0 -1 0 -1 0 -1 0 -1 0 -1 0 -1 0 -1 0 -1 0 -1 0 -1 0 -1 0 -1 0 -1 0 -1 0 -1 0 -1 0 -1 0 -1 0 
  12 10 15 15 20
 150 5 30 5 30 5 30
2586 131072 0 22 339968 0 
  34359738369 1315051091194281984 1835136 0 50465891015 7916447985573822463 2031036 0 

trp_french_grenadier_a_cheval_trumpet French_Horse_Grenadier Trumpeter 0 133170176 0 0 21 0 0
  469 0 1642 0 1254 0 1822 0 153 0 81 0 1841 0 -1 0 -1 0 -1 0 -1 0 -1 0 -1 0 -1 0 -1 0 -1 0 -1 0 -1 0 -1 0 -1 0 -1 0 -1 0 -1 0 -1 0 -1 0 -1 0 -1 0 -1 0 -1 0 -1 0 -1 0 -1 0 -1 0 -1 0 -1 0 -1 0 -1 0 -1 0 -1 0 -1 0 -1 0 -1 0 -1 0 -1 0 -1 0 -1 0 -1 0 -1 0 -1 0 -1 0 -1 0 -1 0 -1 0 -1 0 -1 0 -1 0 -1 0 -1 0 -1 0 -1 0 -1 0 -1 0 -1 0 -1 0 
  12 10 15 15 20
 150 5 30 5 30 5 30
2586 131072 0 22 339968 0 
  34359738369 1315051091194281984 1835136 0 50465891015 7916447985573822463 2031036 0 

trp_french_arty L'Artillerie Artillery 0 133169152 0 0 7 0 0
  434 0 435 0 1650 0 1237 0 396 0 395 0 88 0 -1 0 -1 0 -1 0 -1 0 -1 0 -1 0 -1 0 -1 0 -1 0 -1 0 -1 0 -1 0 -1 0 -1 0 -1 0 -1 0 -1 0 -1 0 -1 0 -1 0 -1 0 -1 0 -1 0 -1 0 -1 0 -1 0 -1 0 -1 0 -1 0 -1 0 -1 0 -1 0 -1 0 -1 0 -1 0 -1 0 -1 0 -1 0 -1 0 -1 0 -1 0 -1 0 -1 0 -1 0 -1 0 -1 0 -1 0 -1 0 -1 0 -1 0 -1 0 -1 0 -1 0 -1 0 -1 0 -1 0 -1 0 
  15 15 15 15 20
 70 5 30 5 30 5 30
2586 131072 0 49 204800 0 
  34359738369 1315051091194281984 1835136 0 50465891015 7916447985573822463 2031036 0 

trp_french_arty_guard Artillery_Guard Artillery_Guard 0 133169152 0 0 21 0 0
  434 0 435 0 1650 0 1237 0 156 0 59 0 88 0 -1 0 -1 0 -1 0 -1 0 -1 0 -1 0 -1 0 -1 0 -1 0 -1 0 -1 0 -1 0 -1 0 -1 0 -1 0 -1 0 -1 0 -1 0 -1 0 -1 0 -1 0 -1 0 -1 0 -1 0 -1 0 -1 0 -1 0 -1 0 -1 0 -1 0 -1 0 -1 0 -1 0 -1 0 -1 0 -1 0 -1 0 -1 0 -1 0 -1 0 -1 0 -1 0 -1 0 -1 0 -1 0 -1 0 -1 0 -1 0 -1 0 -1 0 -1 0 -1 0 -1 0 -1 0 -1 0 -1 0 -1 0 
  15 15 15 15 20
 70 5 30 5 30 5 30
2586 131072 0 49 204800 0 
  34359738369 1315051091194281984 1835136 0 50465891015 7916447985573822463 2031036 0 

trp_french_arty_flag_bearer Artillery_Flag_bearer Eagle_Bearer 0 133169152 0 0 21 0 0
  434 0 435 0 1650 0 1237 0 229 0 88 0 -1 0 -1 0 -1 0 -1 0 -1 0 -1 0 -1 0 -1 0 -1 0 -1 0 -1 0 -1 0 -1 0 -1 0 -1 0 -1 0 -1 0 -1 0 -1 0 -1 0 -1 0 -1 0 -1 0 -1 0 -1 0 -1 0 -1 0 -1 0 -1 0 -1 0 -1 0 -1 0 -1 0 -1 0 -1 0 -1 0 -1 0 -1 0 -1 0 -1 0 -1 0 -1 0 -1 0 -1 0 -1 0 -1 0 -1 0 -1 0 -1 0 -1 0 -1 0 -1 0 -1 0 -1 0 -1 0 -1 0 -1 0 -1 0 
  15 15 15 15 20
 70 5 30 5 30 5 30
2586 131072 0 49 204800 0 
  34359738369 1315051091194281984 1835136 0 50465891015 7916447985573822463 2031036 0 

trp_french_arty_nco French_Artillerist Artillery_Train 0 133169152 0 0 21 0 0
  468 0 1653 0 1248 0 395 0 88 0 1963 0 1979 0 1995 0 -1 0 -1 0 -1 0 -1 0 -1 0 -1 0 -1 0 -1 0 -1 0 -1 0 -1 0 -1 0 -1 0 -1 0 -1 0 -1 0 -1 0 -1 0 -1 0 -1 0 -1 0 -1 0 -1 0 -1 0 -1 0 -1 0 -1 0 -1 0 -1 0 -1 0 -1 0 -1 0 -1 0 -1 0 -1 0 -1 0 -1 0 -1 0 -1 0 -1 0 -1 0 -1 0 -1 0 -1 0 -1 0 -1 0 -1 0 -1 0 -1 0 -1 0 -1 0 -1 0 -1 0 -1 0 -1 0 -1 0 
  15 15 15 15 20
 80 5 30 5 30 5 30
2586 131072 0 49 204800 0 
  34359738369 1315051091194281984 1835136 0 50465891015 7916447985573822463 2031036 0 

trp_french_arty_officer French_Artillerist Officer 0 133169152 0 0 21 0 0
  436 0 1652 0 1235 0 1823 0 77 0 395 0 398 0 -1 0 -1 0 -1 0 -1 0 -1 0 -1 0 -1 0 -1 0 -1 0 -1 0 -1 0 -1 0 -1 0 -1 0 -1 0 -1 0 -1 0 -1 0 -1 0 -1 0 -1 0 -1 0 -1 0 -1 0 -1 0 -1 0 -1 0 -1 0 -1 0 -1 0 -1 0 -1 0 -1 0 -1 0 -1 0 -1 0 -1 0 -1 0 -1 0 -1 0 -1 0 -1 0 -1 0 -1 0 -1 0 -1 0 -1 0 -1 0 -1 0 -1 0 -1 0 -1 0 -1 0 -1 0 -1 0 -1 0 -1 0 
  15 15 15 15 20
 80 5 30 5 30 5 30
2586 131072 0 49 204800 0 
  34359738369 1315051091194281984 1835136 0 50465891015 7916447985573822463 2031036 0 

trp_french_horseart L'Artillerie_a_Cheval Artillery 0 133169152 0 0 7 0 0
  519 0 1669 0 1300 0 396 0 395 0 91 0 1846 0 -1 0 -1 0 -1 0 -1 0 -1 0 -1 0 -1 0 -1 0 -1 0 -1 0 -1 0 -1 0 -1 0 -1 0 -1 0 -1 0 -1 0 -1 0 -1 0 -1 0 -1 0 -1 0 -1 0 -1 0 -1 0 -1 0 -1 0 -1 0 -1 0 -1 0 -1 0 -1 0 -1 0 -1 0 -1 0 -1 0 -1 0 -1 0 -1 0 -1 0 -1 0 -1 0 -1 0 -1 0 -1 0 -1 0 -1 0 -1 0 -1 0 -1 0 -1 0 -1 0 -1 0 -1 0 -1 0 -1 0 -1 0 
  15 15 15 15 20
 70 5 30 5 30 5 30
2586 131072 0 49 204800 0 
  34359738369 1315051091194281984 1835136 0 50465891015 7916447985573822463 2031036 0 

trp_french_horseart_guard Artillery_Guard Artillery_Guard 0 133169152 0 0 21 0 0
  519 0 1669 0 1300 0 156 0 59 0 91 0 1846 0 -1 0 -1 0 -1 0 -1 0 -1 0 -1 0 -1 0 -1 0 -1 0 -1 0 -1 0 -1 0 -1 0 -1 0 -1 0 -1 0 -1 0 -1 0 -1 0 -1 0 -1 0 -1 0 -1 0 -1 0 -1 0 -1 0 -1 0 -1 0 -1 0 -1 0 -1 0 -1 0 -1 0 -1 0 -1 0 -1 0 -1 0 -1 0 -1 0 -1 0 -1 0 -1 0 -1 0 -1 0 -1 0 -1 0 -1 0 -1 0 -1 0 -1 0 -1 0 -1 0 -1 0 -1 0 -1 0 -1 0 -1 0 
  15 15 15 15 20
 70 5 30 5 30 5 30
2586 131072 0 49 204800 0 
  34359738369 1315051091194281984 1835136 0 50465891015 7916447985573822463 2031036 0 

trp_french_horseart_flag_bearer Artillery_Flag_bearer Eagle_Bearer 0 133169152 0 0 21 0 0
  519 0 1669 0 1300 0 230 0 91 0 1846 0 -1 0 -1 0 -1 0 -1 0 -1 0 -1 0 -1 0 -1 0 -1 0 -1 0 -1 0 -1 0 -1 0 -1 0 -1 0 -1 0 -1 0 -1 0 -1 0 -1 0 -1 0 -1 0 -1 0 -1 0 -1 0 -1 0 -1 0 -1 0 -1 0 -1 0 -1 0 -1 0 -1 0 -1 0 -1 0 -1 0 -1 0 -1 0 -1 0 -1 0 -1 0 -1 0 -1 0 -1 0 -1 0 -1 0 -1 0 -1 0 -1 0 -1 0 -1 0 -1 0 -1 0 -1 0 -1 0 -1 0 -1 0 -1 0 
  15 15 15 15 20
 70 5 30 5 30 5 30
2586 131072 0 49 204800 0 
  34359738369 1315051091194281984 1835136 0 50465891015 7916447985573822463 2031036 0 

trp_french_horseart_nco French_Artillerist Artillery_Train 0 133169152 0 0 21 0 0
  518 0 1669 0 1300 0 395 0 91 0 1971 0 1987 0 2003 0 -1 0 -1 0 -1 0 -1 0 -1 0 -1 0 -1 0 -1 0 -1 0 -1 0 -1 0 -1 0 -1 0 -1 0 -1 0 -1 0 -1 0 -1 0 -1 0 -1 0 -1 0 -1 0 -1 0 -1 0 -1 0 -1 0 -1 0 -1 0 -1 0 -1 0 -1 0 -1 0 -1 0 -1 0 -1 0 -1 0 -1 0 -1 0 -1 0 -1 0 -1 0 -1 0 -1 0 -1 0 -1 0 -1 0 -1 0 -1 0 -1 0 -1 0 -1 0 -1 0 -1 0 -1 0 -1 0 -1 0 
  15 15 15 15 20
 80 5 30 5 30 5 30
2586 131072 0 49 204800 0 
  34359738369 1315051091194281984 1835136 0 50465891015 7916447985573822463 2031036 0 

trp_french_horseart_officer French_Artillerist Officer 0 133169152 0 0 21 0 0
  520 0 1668 0 1298 0 1823 0 77 0 395 0 398 0 1847 0 -1 0 -1 0 -1 0 -1 0 -1 0 -1 0 -1 0 -1 0 -1 0 -1 0 -1 0 -1 0 -1 0 -1 0 -1 0 -1 0 -1 0 -1 0 -1 0 -1 0 -1 0 -1 0 -1 0 -1 0 -1 0 -1 0 -1 0 -1 0 -1 0 -1 0 -1 0 -1 0 -1 0 -1 0 -1 0 -1 0 -1 0 -1 0 -1 0 -1 0 -1 0 -1 0 -1 0 -1 0 -1 0 -1 0 -1 0 -1 0 -1 0 -1 0 -1 0 -1 0 -1 0 -1 0 -1 0 -1 0 
  15 15 15 15 20
 80 5 30 5 30 5 30
2586 131072 0 49 204800 0 
  34359738369 1315051091194281984 1835136 0 50465891015 7916447985573822463 2031036 0 

trp_french_medic Medecin_de_2e_classe Surgeon 0 133169152 0 0 7 0 0
  472 0 1660 0 1247 0 106 0 408 0 156 0 59 0 -1 0 -1 0 -1 0 -1 0 -1 0 -1 0 -1 0 -1 0 -1 0 -1 0 -1 0 -1 0 -1 0 -1 0 -1 0 -1 0 -1 0 -1 0 -1 0 -1 0 -1 0 -1 0 -1 0 -1 0 -1 0 -1 0 -1 0 -1 0 -1 0 -1 0 -1 0 -1 0 -1 0 -1 0 -1 0 -1 0 -1 0 -1 0 -1 0 -1 0 -1 0 -1 0 -1 0 -1 0 -1 0 -1 0 -1 0 -1 0 -1 0 -1 0 -1 0 -1 0 -1 0 -1 0 -1 0 -1 0 -1 0 
  15 15 15 15 20
 70 5 30 5 30 5 30
2586 131072 0 48 204800 0 
  34359738369 1315051091194281984 1835136 0 50465891015 7916447985573822463 2031036 0 

trp_french_sapper Sapeur Engineer 0 133169152 0 0 7 0 0
  453 0 1649 0 1245 0 1822 0 90 0 410 0 412 0 413 0 -1 0 -1 0 -1 0 -1 0 -1 0 -1 0 -1 0 -1 0 -1 0 -1 0 -1 0 -1 0 -1 0 -1 0 -1 0 -1 0 -1 0 -1 0 -1 0 -1 0 -1 0 -1 0 -1 0 -1 0 -1 0 -1 0 -1 0 -1 0 -1 0 -1 0 -1 0 -1 0 -1 0 -1 0 -1 0 -1 0 -1 0 -1 0 -1 0 -1 0 -1 0 -1 0 -1 0 -1 0 -1 0 -1 0 -1 0 -1 0 -1 0 -1 0 -1 0 -1 0 -1 0 -1 0 -1 0 -1 0 
  15 15 15 15 20
 70 5 30 5 30 5 30
2586 131072 0 48 204800 0 
  34359738369 1315051091194281984 1835136 0 50465891015 7916447985573822463 2031036 0 

trp_french_horse_sapper Sapeur Engineer_with_horse 0 133169152 0 0 21 0 0
  453 0 1649 0 1245 0 1822 0 90 0 410 0 412 0 413 0 1846 0 -1 0 -1 0 -1 0 -1 0 -1 0 -1 0 -1 0 -1 0 -1 0 -1 0 -1 0 -1 0 -1 0 -1 0 -1 0 -1 0 -1 0 -1 0 -1 0 -1 0 -1 0 -1 0 -1 0 -1 0 -1 0 -1 0 -1 0 -1 0 -1 0 -1 0 -1 0 -1 0 -1 0 -1 0 -1 0 -1 0 -1 0 -1 0 -1 0 -1 0 -1 0 -1 0 -1 0 -1 0 -1 0 -1 0 -1 0 -1 0 -1 0 -1 0 -1 0 -1 0 -1 0 -1 0 -1 0 
  15 15 15 15 20
 70 5 30 5 30 5 30
2586 131072 0 49 204800 0 
  34359738369 1315051091194281984 1835136 0 50465891015 7916447985573822463 2031036 0 

trp_french_ship_marine Ship_Crew Marine 0 133169152 0 0 7 0 0
  471 0 1658 0 1257 0 59 0 156 0 -1 0 -1 0 -1 0 -1 0 -1 0 -1 0 -1 0 -1 0 -1 0 -1 0 -1 0 -1 0 -1 0 -1 0 -1 0 -1 0 -1 0 -1 0 -1 0 -1 0 -1 0 -1 0 -1 0 -1 0 -1 0 -1 0 -1 0 -1 0 -1 0 -1 0 -1 0 -1 0 -1 0 -1 0 -1 0 -1 0 -1 0 -1 0 -1 0 -1 0 -1 0 -1 0 -1 0 -1 0 -1 0 -1 0 -1 0 -1 0 -1 0 -1 0 -1 0 -1 0 -1 0 -1 0 -1 0 -1 0 -1 0 -1 0 -1 0 
  15 15 15 15 20
 50 5 130 5 150 5 30
2586 131072 0 48 208896 0 
  34359738369 1315051091194281984 1835136 0 50465891015 7916447985573822463 2031036 0 

trp_french_ship_flag_bearer Ship_Crew Ship_Flag_bearer 0 133169152 0 0 21 0 0
  471 0 1658 0 1257 0 231 0 88 0 -1 0 -1 0 -1 0 -1 0 -1 0 -1 0 -1 0 -1 0 -1 0 -1 0 -1 0 -1 0 -1 0 -1 0 -1 0 -1 0 -1 0 -1 0 -1 0 -1 0 -1 0 -1 0 -1 0 -1 0 -1 0 -1 0 -1 0 -1 0 -1 0 -1 0 -1 0 -1 0 -1 0 -1 0 -1 0 -1 0 -1 0 -1 0 -1 0 -1 0 -1 0 -1 0 -1 0 -1 0 -1 0 -1 0 -1 0 -1 0 -1 0 -1 0 -1 0 -1 0 -1 0 -1 0 -1 0 -1 0 -1 0 -1 0 -1 0 
  15 15 15 15 20
 50 5 130 5 150 5 30
2586 131072 0 48 208896 0 
  34359738369 1315051091194281984 1835136 0 50465891015 7916447985573822463 2031036 0 

trp_french_ship Ship_Crew Ship_Crew,_Intrepide 0 133169152 0 0 21 0 0
  1659 0 1258 0 1258 0 1259 0 88 0 90 0 101 0 108 0 187 0 187 0 187 0 187 0 188 0 189 0 189 0 186 0 156 0 28 0 157 0 5 0 5 0 5 0 -1 0 -1 0 -1 0 -1 0 -1 0 -1 0 -1 0 -1 0 -1 0 -1 0 -1 0 -1 0 -1 0 -1 0 -1 0 -1 0 -1 0 -1 0 -1 0 -1 0 -1 0 -1 0 -1 0 -1 0 -1 0 -1 0 -1 0 -1 0 -1 0 -1 0 -1 0 -1 0 -1 0 -1 0 -1 0 -1 0 -1 0 -1 0 -1 0 -1 0 -1 0 -1 0 
  15 15 15 15 20
 80 5 80 5 130 80 30
2586 131072 0 48 208896 0 
  34359738369 1315051091194281984 1835136 0 50465891015 7916447985573822463 2031036 0 

trp_french_ship_cannon Ship_Crew L'Artillerie_Navale 0 133169152 0 0 21 0 0
  1659 0 1258 0 1258 0 1259 0 396 0 395 0 88 0 -1 0 -1 0 -1 0 -1 0 -1 0 -1 0 -1 0 -1 0 -1 0 -1 0 -1 0 -1 0 -1 0 -1 0 -1 0 -1 0 -1 0 -1 0 -1 0 -1 0 -1 0 -1 0 -1 0 -1 0 -1 0 -1 0 -1 0 -1 0 -1 0 -1 0 -1 0 -1 0 -1 0 -1 0 -1 0 -1 0 -1 0 -1 0 -1 0 -1 0 -1 0 -1 0 -1 0 -1 0 -1 0 -1 0 -1 0 -1 0 -1 0 -1 0 -1 0 -1 0 -1 0 -1 0 -1 0 -1 0 -1 0 
  15 15 15 15 20
 80 5 80 5 130 80 30
2586 131072 0 49 208896 0 
  34359738369 1315051091194281984 1835136 0 50465891015 7916447985573822463 2031036 0 

trp_french_ship_captain Ship_Crew Capitaine_de_Vaisseau,_Intrepide 0 133169152 0 0 21 0 0
  470 0 1657 0 1256 0 84 0 3 0 5 0 157 0 398 0 -1 0 -1 0 -1 0 -1 0 -1 0 -1 0 -1 0 -1 0 -1 0 -1 0 -1 0 -1 0 -1 0 -1 0 -1 0 -1 0 -1 0 -1 0 -1 0 -1 0 -1 0 -1 0 -1 0 -1 0 -1 0 -1 0 -1 0 -1 0 -1 0 -1 0 -1 0 -1 0 -1 0 -1 0 -1 0 -1 0 -1 0 -1 0 -1 0 -1 0 -1 0 -1 0 -1 0 -1 0 -1 0 -1 0 -1 0 -1 0 -1 0 -1 0 -1 0 -1 0 -1 0 -1 0 -1 0 -1 0 
  15 15 15 15 20
 80 5 80 5 50 5 30
2586 131072 0 48 200704 0 
  34359738369 1315051091194281984 1835136 0 50465891015 7916447985573822463 2031036 0 

trp_napoleon L'Empereur_Napoleon_Bonaparte Commander 0 133170176 0 0 7 0 0
  427 0 1641 0 1249 0 87 0 1838 0 1819 0 398 0 -1 0 -1 0 -1 0 -1 0 -1 0 -1 0 -1 0 -1 0 -1 0 -1 0 -1 0 -1 0 -1 0 -1 0 -1 0 -1 0 -1 0 -1 0 -1 0 -1 0 -1 0 -1 0 -1 0 -1 0 -1 0 -1 0 -1 0 -1 0 -1 0 -1 0 -1 0 -1 0 -1 0 -1 0 -1 0 -1 0 -1 0 -1 0 -1 0 -1 0 -1 0 -1 0 -1 0 -1 0 -1 0 -1 0 -1 0 -1 0 -1 0 -1 0 -1 0 -1 0 -1 0 -1 0 -1 0 -1 0 -1 0 
  12 10 15 15 20
 130 5 30 5 30 5 30
2586 131072 0 22 339968 0 
  34359738369 1315051091194281984 1835136 0 50465891015 7916447985573822463 2031036 0 

trp_prussian_infantry_2 2._Infanterie-Regiment Line_Infantry 0 133169152 0 0 8 0 0
  654 0 1729 0 1401 0 1402 0 122 0 69 0 156 0 -1 0 -1 0 -1 0 -1 0 -1 0 -1 0 -1 0 -1 0 -1 0 -1 0 -1 0 -1 0 -1 0 -1 0 -1 0 -1 0 -1 0 -1 0 -1 0 -1 0 -1 0 -1 0 -1 0 -1 0 -1 0 -1 0 -1 0 -1 0 -1 0 -1 0 -1 0 -1 0 -1 0 -1 0 -1 0 -1 0 -1 0 -1 0 -1 0 -1 0 -1 0 -1 0 -1 0 -1 0 -1 0 -1 0 -1 0 -1 0 -1 0 -1 0 -1 0 -1 0 -1 0 -1 0 -1 0 -1 0 -1 0 
  15 15 15 15 20
 50 5 130 5 150 5 30
2586 131072 0 48 208896 0 
  34359738369 1315051091194281984 1835136 0 50465891015 7916447985573822463 2031036 0 

trp_prussian_infantry_2_flag_bearer Prussian_Line_Infantry Colour_Bearer 0 133169152 0 0 22 0 0
  655 0 1729 0 1425 0 1426 0 122 0 291 0 -1 0 -1 0 -1 0 -1 0 -1 0 -1 0 -1 0 -1 0 -1 0 -1 0 -1 0 -1 0 -1 0 -1 0 -1 0 -1 0 -1 0 -1 0 -1 0 -1 0 -1 0 -1 0 -1 0 -1 0 -1 0 -1 0 -1 0 -1 0 -1 0 -1 0 -1 0 -1 0 -1 0 -1 0 -1 0 -1 0 -1 0 -1 0 -1 0 -1 0 -1 0 -1 0 -1 0 -1 0 -1 0 -1 0 -1 0 -1 0 -1 0 -1 0 -1 0 -1 0 -1 0 -1 0 -1 0 -1 0 -1 0 -1 0 
  15 15 15 15 20
 80 5 80 5 50 5 30
2586 131072 0 48 208896 0 
  34359738369 1315051091194281984 1835136 0 50465891015 7916447985573822463 2031036 0 

trp_prussian_infantry_2_nco Prussian_Line_Infantry Sergeant 0 133169152 0 0 22 0 0
  655 0 1729 0 1425 0 1426 0 122 0 69 0 156 0 -1 0 -1 0 -1 0 -1 0 -1 0 -1 0 -1 0 -1 0 -1 0 -1 0 -1 0 -1 0 -1 0 -1 0 -1 0 -1 0 -1 0 -1 0 -1 0 -1 0 -1 0 -1 0 -1 0 -1 0 -1 0 -1 0 -1 0 -1 0 -1 0 -1 0 -1 0 -1 0 -1 0 -1 0 -1 0 -1 0 -1 0 -1 0 -1 0 -1 0 -1 0 -1 0 -1 0 -1 0 -1 0 -1 0 -1 0 -1 0 -1 0 -1 0 -1 0 -1 0 -1 0 -1 0 -1 0 -1 0 -1 0 
  15 15 15 15 20
 50 5 130 5 150 5 30
2586 131072 0 48 208896 0 
  34359738369 1315051091194281984 1835136 0 50465891015 7916447985573822463 2031036 0 

trp_prussian_infantry_2_officer Prussian_Line_Infantry Officer 0 133169152 0 0 22 0 0
  656 0 1684 0 1403 0 99 0 9 0 157 0 1819 0 398 0 -1 0 -1 0 -1 0 -1 0 -1 0 -1 0 -1 0 -1 0 -1 0 -1 0 -1 0 -1 0 -1 0 -1 0 -1 0 -1 0 -1 0 -1 0 -1 0 -1 0 -1 0 -1 0 -1 0 -1 0 -1 0 -1 0 -1 0 -1 0 -1 0 -1 0 -1 0 -1 0 -1 0 -1 0 -1 0 -1 0 -1 0 -1 0 -1 0 -1 0 -1 0 -1 0 -1 0 -1 0 -1 0 -1 0 -1 0 -1 0 -1 0 -1 0 -1 0 -1 0 -1 0 -1 0 -1 0 -1 0 
  15 15 15 15 20
 80 5 80 5 50 5 30
2586 131072 0 48 208896 0 
  34359738369 1315051091194281984 1835136 0 50465891015 7916447985573822463 2031036 0 

trp_prussian_infantry_2_drum Prussian_Line_Infantry Drummer 0 133169152 0 0 22 0 0
  657 0 1729 0 1401 0 1426 0 122 0 1820 0 150 0 -1 0 -1 0 -1 0 -1 0 -1 0 -1 0 -1 0 -1 0 -1 0 -1 0 -1 0 -1 0 -1 0 -1 0 -1 0 -1 0 -1 0 -1 0 -1 0 -1 0 -1 0 -1 0 -1 0 -1 0 -1 0 -1 0 -1 0 -1 0 -1 0 -1 0 -1 0 -1 0 -1 0 -1 0 -1 0 -1 0 -1 0 -1 0 -1 0 -1 0 -1 0 -1 0 -1 0 -1 0 -1 0 -1 0 -1 0 -1 0 -1 0 -1 0 -1 0 -1 0 -1 0 -1 0 -1 0 -1 0 -1 0 
  15 15 15 15 20
 80 5 80 5 50 5 30
2586 131072 0 48 208896 0 
  34359738369 1315051091194281984 1835136 0 50465891015 7916447985573822463 2031036 0 

trp_prussian_infantry_2_flute Prussian_Line_Infantry Fifer 0 133169152 0 0 22 0 0
  658 0 1729 0 1401 0 1426 0 122 0 151 0 -1 0 -1 0 -1 0 -1 0 -1 0 -1 0 -1 0 -1 0 -1 0 -1 0 -1 0 -1 0 -1 0 -1 0 -1 0 -1 0 -1 0 -1 0 -1 0 -1 0 -1 0 -1 0 -1 0 -1 0 -1 0 -1 0 -1 0 -1 0 -1 0 -1 0 -1 0 -1 0 -1 0 -1 0 -1 0 -1 0 -1 0 -1 0 -1 0 -1 0 -1 0 -1 0 -1 0 -1 0 -1 0 -1 0 -1 0 -1 0 -1 0 -1 0 -1 0 -1 0 -1 0 -1 0 -1 0 -1 0 -1 0 -1 0 
  15 15 15 15 20
 80 5 80 5 50 5 30
2586 131072 0 48 208896 0 
  34359738369 1315051091194281984 1835136 0 50465891015 7916447985573822463 2031036 0 

trp_prussian_infantry 8._Brandenburgische_Infanterie-Regiment Line_Infantry 0 133169152 0 0 8 0 0
  600 0 1729 0 1401 0 1402 0 122 0 69 0 156 0 -1 0 -1 0 -1 0 -1 0 -1 0 -1 0 -1 0 -1 0 -1 0 -1 0 -1 0 -1 0 -1 0 -1 0 -1 0 -1 0 -1 0 -1 0 -1 0 -1 0 -1 0 -1 0 -1 0 -1 0 -1 0 -1 0 -1 0 -1 0 -1 0 -1 0 -1 0 -1 0 -1 0 -1 0 -1 0 -1 0 -1 0 -1 0 -1 0 -1 0 -1 0 -1 0 -1 0 -1 0 -1 0 -1 0 -1 0 -1 0 -1 0 -1 0 -1 0 -1 0 -1 0 -1 0 -1 0 -1 0 -1 0 
  15 15 15 15 20
 50 5 130 5 150 5 30
2586 131072 0 48 208896 0 
  34359738369 1315051091194281984 1835136 0 50465891015 7916447985573822463 2031036 0 

trp_prussian_infantry_flag_bearer Prussian_Line_Infantry Colour_Bearer 0 133169152 0 0 22 0 0
  601 0 1729 0 1425 0 1426 0 122 0 286 0 -1 0 -1 0 -1 0 -1 0 -1 0 -1 0 -1 0 -1 0 -1 0 -1 0 -1 0 -1 0 -1 0 -1 0 -1 0 -1 0 -1 0 -1 0 -1 0 -1 0 -1 0 -1 0 -1 0 -1 0 -1 0 -1 0 -1 0 -1 0 -1 0 -1 0 -1 0 -1 0 -1 0 -1 0 -1 0 -1 0 -1 0 -1 0 -1 0 -1 0 -1 0 -1 0 -1 0 -1 0 -1 0 -1 0 -1 0 -1 0 -1 0 -1 0 -1 0 -1 0 -1 0 -1 0 -1 0 -1 0 -1 0 -1 0 
  15 15 15 15 20
 80 5 80 5 50 5 30
2586 131072 0 48 208896 0 
  34359738369 1315051091194281984 1835136 0 50465891015 7916447985573822463 2031036 0 

trp_prussian_infantry_nco Prussian_Line_Infantry Sergeant 0 133169152 0 0 22 0 0
  601 0 1729 0 1425 0 1426 0 122 0 69 0 156 0 -1 0 -1 0 -1 0 -1 0 -1 0 -1 0 -1 0 -1 0 -1 0 -1 0 -1 0 -1 0 -1 0 -1 0 -1 0 -1 0 -1 0 -1 0 -1 0 -1 0 -1 0 -1 0 -1 0 -1 0 -1 0 -1 0 -1 0 -1 0 -1 0 -1 0 -1 0 -1 0 -1 0 -1 0 -1 0 -1 0 -1 0 -1 0 -1 0 -1 0 -1 0 -1 0 -1 0 -1 0 -1 0 -1 0 -1 0 -1 0 -1 0 -1 0 -1 0 -1 0 -1 0 -1 0 -1 0 -1 0 -1 0 
  15 15 15 15 20
 50 5 130 5 150 5 30
2586 131072 0 48 208896 0 
  34359738369 1315051091194281984 1835136 0 50465891015 7916447985573822463 2031036 0 

trp_prussian_infantry_officer Prussian_Line_Infantry Officer 0 133169152 0 0 22 0 0
  602 0 1684 0 1403 0 99 0 9 0 157 0 1819 0 398 0 -1 0 -1 0 -1 0 -1 0 -1 0 -1 0 -1 0 -1 0 -1 0 -1 0 -1 0 -1 0 -1 0 -1 0 -1 0 -1 0 -1 0 -1 0 -1 0 -1 0 -1 0 -1 0 -1 0 -1 0 -1 0 -1 0 -1 0 -1 0 -1 0 -1 0 -1 0 -1 0 -1 0 -1 0 -1 0 -1 0 -1 0 -1 0 -1 0 -1 0 -1 0 -1 0 -1 0 -1 0 -1 0 -1 0 -1 0 -1 0 -1 0 -1 0 -1 0 -1 0 -1 0 -1 0 -1 0 -1 0 
  15 15 15 15 20
 80 5 80 5 50 5 30
2586 131072 0 48 208896 0 
  34359738369 1315051091194281984 1835136 0 50465891015 7916447985573822463 2031036 0 

trp_prussian_infantry_drum Prussian_Line_Infantry Drummer 0 133169152 0 0 22 0 0
  603 0 1729 0 1401 0 1426 0 122 0 1820 0 150 0 -1 0 -1 0 -1 0 -1 0 -1 0 -1 0 -1 0 -1 0 -1 0 -1 0 -1 0 -1 0 -1 0 -1 0 -1 0 -1 0 -1 0 -1 0 -1 0 -1 0 -1 0 -1 0 -1 0 -1 0 -1 0 -1 0 -1 0 -1 0 -1 0 -1 0 -1 0 -1 0 -1 0 -1 0 -1 0 -1 0 -1 0 -1 0 -1 0 -1 0 -1 0 -1 0 -1 0 -1 0 -1 0 -1 0 -1 0 -1 0 -1 0 -1 0 -1 0 -1 0 -1 0 -1 0 -1 0 -1 0 -1 0 
  15 15 15 15 20
 80 5 80 5 50 5 30
2586 131072 0 48 208896 0 
  34359738369 1315051091194281984 1835136 0 50465891015 7916447985573822463 2031036 0 

trp_prussian_infantry_flute Prussian_Line_Infantry Fifer 0 133169152 0 0 22 0 0
  604 0 1729 0 1401 0 1426 0 122 0 151 0 -1 0 -1 0 -1 0 -1 0 -1 0 -1 0 -1 0 -1 0 -1 0 -1 0 -1 0 -1 0 -1 0 -1 0 -1 0 -1 0 -1 0 -1 0 -1 0 -1 0 -1 0 -1 0 -1 0 -1 0 -1 0 -1 0 -1 0 -1 0 -1 0 -1 0 -1 0 -1 0 -1 0 -1 0 -1 0 -1 0 -1 0 -1 0 -1 0 -1 0 -1 0 -1 0 -1 0 -1 0 -1 0 -1 0 -1 0 -1 0 -1 0 -1 0 -1 0 -1 0 -1 0 -1 0 -1 0 -1 0 -1 0 -1 0 
  15 15 15 15 20
 80 5 80 5 50 5 30
2586 131072 0 48 208896 0 
  34359738369 1315051091194281984 1835136 0 50465891015 7916447985573822463 2031036 0 

trp_prussian_infantry12 12._Brandenburgische_Infanterie-Regiment Line_Infantry 0 133169152 0 0 8 0 0
  659 0 1729 0 1401 0 1402 0 122 0 69 0 156 0 -1 0 -1 0 -1 0 -1 0 -1 0 -1 0 -1 0 -1 0 -1 0 -1 0 -1 0 -1 0 -1 0 -1 0 -1 0 -1 0 -1 0 -1 0 -1 0 -1 0 -1 0 -1 0 -1 0 -1 0 -1 0 -1 0 -1 0 -1 0 -1 0 -1 0 -1 0 -1 0 -1 0 -1 0 -1 0 -1 0 -1 0 -1 0 -1 0 -1 0 -1 0 -1 0 -1 0 -1 0 -1 0 -1 0 -1 0 -1 0 -1 0 -1 0 -1 0 -1 0 -1 0 -1 0 -1 0 -1 0 -1 0 
  15 15 15 15 20
 50 5 130 5 150 5 30
2586 131072 0 48 208896 0 
  34359738369 1315051091194281984 1835136 0 50465891015 7916447985573822463 2031036 0 

trp_prussian_infantry12_flag_bearer Prussian_Line_Infantry Colour_Bearer 0 133169152 0 0 22 0 0
  660 0 1729 0 1425 0 1426 0 122 0 292 0 -1 0 -1 0 -1 0 -1 0 -1 0 -1 0 -1 0 -1 0 -1 0 -1 0 -1 0 -1 0 -1 0 -1 0 -1 0 -1 0 -1 0 -1 0 -1 0 -1 0 -1 0 -1 0 -1 0 -1 0 -1 0 -1 0 -1 0 -1 0 -1 0 -1 0 -1 0 -1 0 -1 0 -1 0 -1 0 -1 0 -1 0 -1 0 -1 0 -1 0 -1 0 -1 0 -1 0 -1 0 -1 0 -1 0 -1 0 -1 0 -1 0 -1 0 -1 0 -1 0 -1 0 -1 0 -1 0 -1 0 -1 0 -1 0 
  15 15 15 15 20
 80 5 80 5 50 5 30
2586 131072 0 48 208896 0 
  34359738369 1315051091194281984 1835136 0 50465891015 7916447985573822463 2031036 0 

trp_prussian_infantry12_nco Prussian_Line_Infantry Sergeant 0 133169152 0 0 22 0 0
  660 0 1729 0 1425 0 1426 0 122 0 69 0 156 0 -1 0 -1 0 -1 0 -1 0 -1 0 -1 0 -1 0 -1 0 -1 0 -1 0 -1 0 -1 0 -1 0 -1 0 -1 0 -1 0 -1 0 -1 0 -1 0 -1 0 -1 0 -1 0 -1 0 -1 0 -1 0 -1 0 -1 0 -1 0 -1 0 -1 0 -1 0 -1 0 -1 0 -1 0 -1 0 -1 0 -1 0 -1 0 -1 0 -1 0 -1 0 -1 0 -1 0 -1 0 -1 0 -1 0 -1 0 -1 0 -1 0 -1 0 -1 0 -1 0 -1 0 -1 0 -1 0 -1 0 -1 0 
  15 15 15 15 20
 50 5 130 5 150 5 30
2586 131072 0 48 208896 0 
  34359738369 1315051091194281984 1835136 0 50465891015 7916447985573822463 2031036 0 

trp_prussian_infantry12_officer Prussian_Line_Infantry Officer 0 133169152 0 0 22 0 0
  661 0 1684 0 1403 0 99 0 9 0 157 0 1819 0 398 0 -1 0 -1 0 -1 0 -1 0 -1 0 -1 0 -1 0 -1 0 -1 0 -1 0 -1 0 -1 0 -1 0 -1 0 -1 0 -1 0 -1 0 -1 0 -1 0 -1 0 -1 0 -1 0 -1 0 -1 0 -1 0 -1 0 -1 0 -1 0 -1 0 -1 0 -1 0 -1 0 -1 0 -1 0 -1 0 -1 0 -1 0 -1 0 -1 0 -1 0 -1 0 -1 0 -1 0 -1 0 -1 0 -1 0 -1 0 -1 0 -1 0 -1 0 -1 0 -1 0 -1 0 -1 0 -1 0 -1 0 
  15 15 15 15 20
 80 5 80 5 50 5 30
2586 131072 0 48 208896 0 
  34359738369 1315051091194281984 1835136 0 50465891015 7916447985573822463 2031036 0 

trp_prussian_infantry12_drum Prussian_Line_Infantry Drummer 0 133169152 0 0 22 0 0
  662 0 1729 0 1401 0 1426 0 122 0 1820 0 150 0 -1 0 -1 0 -1 0 -1 0 -1 0 -1 0 -1 0 -1 0 -1 0 -1 0 -1 0 -1 0 -1 0 -1 0 -1 0 -1 0 -1 0 -1 0 -1 0 -1 0 -1 0 -1 0 -1 0 -1 0 -1 0 -1 0 -1 0 -1 0 -1 0 -1 0 -1 0 -1 0 -1 0 -1 0 -1 0 -1 0 -1 0 -1 0 -1 0 -1 0 -1 0 -1 0 -1 0 -1 0 -1 0 -1 0 -1 0 -1 0 -1 0 -1 0 -1 0 -1 0 -1 0 -1 0 -1 0 -1 0 -1 0 
  15 15 15 15 20
 80 5 80 5 50 5 30
2586 131072 0 48 208896 0 
  34359738369 1315051091194281984 1835136 0 50465891015 7916447985573822463 2031036 0 

trp_prussian_infantry12_flute Prussian_Line_Infantry Fifer 0 133169152 0 0 22 0 0
  663 0 1729 0 1401 0 1426 0 122 0 151 0 -1 0 -1 0 -1 0 -1 0 -1 0 -1 0 -1 0 -1 0 -1 0 -1 0 -1 0 -1 0 -1 0 -1 0 -1 0 -1 0 -1 0 -1 0 -1 0 -1 0 -1 0 -1 0 -1 0 -1 0 -1 0 -1 0 -1 0 -1 0 -1 0 -1 0 -1 0 -1 0 -1 0 -1 0 -1 0 -1 0 -1 0 -1 0 -1 0 -1 0 -1 0 -1 0 -1 0 -1 0 -1 0 -1 0 -1 0 -1 0 -1 0 -1 0 -1 0 -1 0 -1 0 -1 0 -1 0 -1 0 -1 0 -1 0 
  15 15 15 15 20
 80 5 80 5 50 5 30
2586 131072 0 48 208896 0 
  34359738369 1315051091194281984 1835136 0 50465891015 7916447985573822463 2031036 0 

trp_prussian_infantry14 14._Westfalische_Infanterie-Regiment Line_Infantry 0 133169152 0 0 8 0 0
  664 0 1729 0 1401 0 1402 0 122 0 69 0 156 0 -1 0 -1 0 -1 0 -1 0 -1 0 -1 0 -1 0 -1 0 -1 0 -1 0 -1 0 -1 0 -1 0 -1 0 -1 0 -1 0 -1 0 -1 0 -1 0 -1 0 -1 0 -1 0 -1 0 -1 0 -1 0 -1 0 -1 0 -1 0 -1 0 -1 0 -1 0 -1 0 -1 0 -1 0 -1 0 -1 0 -1 0 -1 0 -1 0 -1 0 -1 0 -1 0 -1 0 -1 0 -1 0 -1 0 -1 0 -1 0 -1 0 -1 0 -1 0 -1 0 -1 0 -1 0 -1 0 -1 0 -1 0 
  15 15 15 15 20
 50 5 130 5 150 5 30
2586 131072 0 48 208896 0 
  34359738369 1315051091194281984 1835136 0 50465891015 7916447985573822463 2031036 0 

trp_prussian_infantry14_flag_bearer Prussian_Line_Infantry Colour_Bearer 0 133169152 0 0 22 0 0
  665 0 1729 0 1425 0 1426 0 122 0 293 0 -1 0 -1 0 -1 0 -1 0 -1 0 -1 0 -1 0 -1 0 -1 0 -1 0 -1 0 -1 0 -1 0 -1 0 -1 0 -1 0 -1 0 -1 0 -1 0 -1 0 -1 0 -1 0 -1 0 -1 0 -1 0 -1 0 -1 0 -1 0 -1 0 -1 0 -1 0 -1 0 -1 0 -1 0 -1 0 -1 0 -1 0 -1 0 -1 0 -1 0 -1 0 -1 0 -1 0 -1 0 -1 0 -1 0 -1 0 -1 0 -1 0 -1 0 -1 0 -1 0 -1 0 -1 0 -1 0 -1 0 -1 0 -1 0 
  15 15 15 15 20
 80 5 80 5 50 5 30
2586 131072 0 48 208896 0 
  34359738369 1315051091194281984 1835136 0 50465891015 7916447985573822463 2031036 0 

trp_prussian_infantry14_nco Prussian_Line_Infantry Sergeant 0 133169152 0 0 22 0 0
  665 0 1729 0 1425 0 1426 0 122 0 69 0 156 0 -1 0 -1 0 -1 0 -1 0 -1 0 -1 0 -1 0 -1 0 -1 0 -1 0 -1 0 -1 0 -1 0 -1 0 -1 0 -1 0 -1 0 -1 0 -1 0 -1 0 -1 0 -1 0 -1 0 -1 0 -1 0 -1 0 -1 0 -1 0 -1 0 -1 0 -1 0 -1 0 -1 0 -1 0 -1 0 -1 0 -1 0 -1 0 -1 0 -1 0 -1 0 -1 0 -1 0 -1 0 -1 0 -1 0 -1 0 -1 0 -1 0 -1 0 -1 0 -1 0 -1 0 -1 0 -1 0 -1 0 -1 0 
  15 15 15 15 20
 50 5 130 5 150 5 30
2586 131072 0 48 208896 0 
  34359738369 1315051091194281984 1835136 0 50465891015 7916447985573822463 2031036 0 

trp_prussian_infantry14_officer Prussian_Line_Infantry Officer 0 133169152 0 0 22 0 0
  666 0 1684 0 1403 0 99 0 9 0 157 0 1819 0 398 0 -1 0 -1 0 -1 0 -1 0 -1 0 -1 0 -1 0 -1 0 -1 0 -1 0 -1 0 -1 0 -1 0 -1 0 -1 0 -1 0 -1 0 -1 0 -1 0 -1 0 -1 0 -1 0 -1 0 -1 0 -1 0 -1 0 -1 0 -1 0 -1 0 -1 0 -1 0 -1 0 -1 0 -1 0 -1 0 -1 0 -1 0 -1 0 -1 0 -1 0 -1 0 -1 0 -1 0 -1 0 -1 0 -1 0 -1 0 -1 0 -1 0 -1 0 -1 0 -1 0 -1 0 -1 0 -1 0 -1 0 
  15 15 15 15 20
 80 5 80 5 50 5 30
2586 131072 0 48 208896 0 
  34359738369 1315051091194281984 1835136 0 50465891015 7916447985573822463 2031036 0 

trp_prussian_infantry14_drum Prussian_Line_Infantry Drummer 0 133169152 0 0 22 0 0
  667 0 1729 0 1401 0 1426 0 122 0 1820 0 150 0 -1 0 -1 0 -1 0 -1 0 -1 0 -1 0 -1 0 -1 0 -1 0 -1 0 -1 0 -1 0 -1 0 -1 0 -1 0 -1 0 -1 0 -1 0 -1 0 -1 0 -1 0 -1 0 -1 0 -1 0 -1 0 -1 0 -1 0 -1 0 -1 0 -1 0 -1 0 -1 0 -1 0 -1 0 -1 0 -1 0 -1 0 -1 0 -1 0 -1 0 -1 0 -1 0 -1 0 -1 0 -1 0 -1 0 -1 0 -1 0 -1 0 -1 0 -1 0 -1 0 -1 0 -1 0 -1 0 -1 0 -1 0 
  15 15 15 15 20
 80 5 80 5 50 5 30
2586 131072 0 48 208896 0 
  34359738369 1315051091194281984 1835136 0 50465891015 7916447985573822463 2031036 0 

trp_prussian_infantry14_flute Prussian_Line_Infantry Fifer 0 133169152 0 0 22 0 0
  668 0 1729 0 1401 0 1426 0 122 0 151 0 -1 0 -1 0 -1 0 -1 0 -1 0 -1 0 -1 0 -1 0 -1 0 -1 0 -1 0 -1 0 -1 0 -1 0 -1 0 -1 0 -1 0 -1 0 -1 0 -1 0 -1 0 -1 0 -1 0 -1 0 -1 0 -1 0 -1 0 -1 0 -1 0 -1 0 -1 0 -1 0 -1 0 -1 0 -1 0 -1 0 -1 0 -1 0 -1 0 -1 0 -1 0 -1 0 -1 0 -1 0 -1 0 -1 0 -1 0 -1 0 -1 0 -1 0 -1 0 -1 0 -1 0 -1 0 -1 0 -1 0 -1 0 -1 0 
  15 15 15 15 20
 80 5 80 5 50 5 30
2586 131072 0 48 208896 0 
  34359738369 1315051091194281984 1835136 0 50465891015 7916447985573822463 2031036 0 

trp_prussian_infantry18 18._Infanterie-Regiment Line_Infantry 0 133169152 0 0 8 0 0
  669 0 1729 0 1401 0 1402 0 122 0 69 0 156 0 -1 0 -1 0 -1 0 -1 0 -1 0 -1 0 -1 0 -1 0 -1 0 -1 0 -1 0 -1 0 -1 0 -1 0 -1 0 -1 0 -1 0 -1 0 -1 0 -1 0 -1 0 -1 0 -1 0 -1 0 -1 0 -1 0 -1 0 -1 0 -1 0 -1 0 -1 0 -1 0 -1 0 -1 0 -1 0 -1 0 -1 0 -1 0 -1 0 -1 0 -1 0 -1 0 -1 0 -1 0 -1 0 -1 0 -1 0 -1 0 -1 0 -1 0 -1 0 -1 0 -1 0 -1 0 -1 0 -1 0 -1 0 
  15 15 15 15 20
 50 5 130 5 150 5 30
2586 131072 0 48 208896 0 
  34359738369 1315051091194281984 1835136 0 50465891015 7916447985573822463 2031036 0 

trp_prussian_infantry18_flag_bearer Prussian_Line_Infantry Colour_Bearer 0 133169152 0 0 22 0 0
  670 0 1729 0 1425 0 1426 0 122 0 294 0 -1 0 -1 0 -1 0 -1 0 -1 0 -1 0 -1 0 -1 0 -1 0 -1 0 -1 0 -1 0 -1 0 -1 0 -1 0 -1 0 -1 0 -1 0 -1 0 -1 0 -1 0 -1 0 -1 0 -1 0 -1 0 -1 0 -1 0 -1 0 -1 0 -1 0 -1 0 -1 0 -1 0 -1 0 -1 0 -1 0 -1 0 -1 0 -1 0 -1 0 -1 0 -1 0 -1 0 -1 0 -1 0 -1 0 -1 0 -1 0 -1 0 -1 0 -1 0 -1 0 -1 0 -1 0 -1 0 -1 0 -1 0 -1 0 
  15 15 15 15 20
 80 5 80 5 50 5 30
2586 131072 0 48 208896 0 
  34359738369 1315051091194281984 1835136 0 50465891015 7916447985573822463 2031036 0 

trp_prussian_infantry18_nco Prussian_Line_Infantry Sergeant 0 133169152 0 0 22 0 0
  670 0 1729 0 1425 0 1426 0 122 0 69 0 156 0 -1 0 -1 0 -1 0 -1 0 -1 0 -1 0 -1 0 -1 0 -1 0 -1 0 -1 0 -1 0 -1 0 -1 0 -1 0 -1 0 -1 0 -1 0 -1 0 -1 0 -1 0 -1 0 -1 0 -1 0 -1 0 -1 0 -1 0 -1 0 -1 0 -1 0 -1 0 -1 0 -1 0 -1 0 -1 0 -1 0 -1 0 -1 0 -1 0 -1 0 -1 0 -1 0 -1 0 -1 0 -1 0 -1 0 -1 0 -1 0 -1 0 -1 0 -1 0 -1 0 -1 0 -1 0 -1 0 -1 0 -1 0 
  15 15 15 15 20
 50 5 130 5 150 5 30
2586 131072 0 48 208896 0 
  34359738369 1315051091194281984 1835136 0 50465891015 7916447985573822463 2031036 0 

trp_prussian_infantry18_officer Prussian_Line_Infantry Officer 0 133169152 0 0 22 0 0
  671 0 1684 0 1403 0 99 0 9 0 157 0 1819 0 398 0 -1 0 -1 0 -1 0 -1 0 -1 0 -1 0 -1 0 -1 0 -1 0 -1 0 -1 0 -1 0 -1 0 -1 0 -1 0 -1 0 -1 0 -1 0 -1 0 -1 0 -1 0 -1 0 -1 0 -1 0 -1 0 -1 0 -1 0 -1 0 -1 0 -1 0 -1 0 -1 0 -1 0 -1 0 -1 0 -1 0 -1 0 -1 0 -1 0 -1 0 -1 0 -1 0 -1 0 -1 0 -1 0 -1 0 -1 0 -1 0 -1 0 -1 0 -1 0 -1 0 -1 0 -1 0 -1 0 -1 0 
  15 15 15 15 20
 80 5 80 5 50 5 30
2586 131072 0 48 208896 0 
  34359738369 1315051091194281984 1835136 0 50465891015 7916447985573822463 2031036 0 

trp_prussian_infantry18_drum Prussian_Line_Infantry Drummer 0 133169152 0 0 22 0 0
  672 0 1729 0 1401 0 1426 0 122 0 1820 0 150 0 -1 0 -1 0 -1 0 -1 0 -1 0 -1 0 -1 0 -1 0 -1 0 -1 0 -1 0 -1 0 -1 0 -1 0 -1 0 -1 0 -1 0 -1 0 -1 0 -1 0 -1 0 -1 0 -1 0 -1 0 -1 0 -1 0 -1 0 -1 0 -1 0 -1 0 -1 0 -1 0 -1 0 -1 0 -1 0 -1 0 -1 0 -1 0 -1 0 -1 0 -1 0 -1 0 -1 0 -1 0 -1 0 -1 0 -1 0 -1 0 -1 0 -1 0 -1 0 -1 0 -1 0 -1 0 -1 0 -1 0 -1 0 
  15 15 15 15 20
 80 5 80 5 50 5 30
2586 131072 0 48 208896 0 
  34359738369 1315051091194281984 1835136 0 50465891015 7916447985573822463 2031036 0 

trp_prussian_infantry18_flute Prussian_Line_Infantry Fifer 0 133169152 0 0 22 0 0
  673 0 1729 0 1401 0 1426 0 122 0 151 0 -1 0 -1 0 -1 0 -1 0 -1 0 -1 0 -1 0 -1 0 -1 0 -1 0 -1 0 -1 0 -1 0 -1 0 -1 0 -1 0 -1 0 -1 0 -1 0 -1 0 -1 0 -1 0 -1 0 -1 0 -1 0 -1 0 -1 0 -1 0 -1 0 -1 0 -1 0 -1 0 -1 0 -1 0 -1 0 -1 0 -1 0 -1 0 -1 0 -1 0 -1 0 -1 0 -1 0 -1 0 -1 0 -1 0 -1 0 -1 0 -1 0 -1 0 -1 0 -1 0 -1 0 -1 0 -1 0 -1 0 -1 0 -1 0 
  15 15 15 15 20
 80 5 80 5 50 5 30
2586 131072 0 48 208896 0 
  34359738369 1315051091194281984 1835136 0 50465891015 7916447985573822463 2031036 0 

trp_prussian_infantry2 23._Rheinische_Infanterie-Regiment Line_Infantry 0 133169152 0 0 8 0 0
  627 0 1729 0 1401 0 1402 0 1430 0 122 0 69 0 156 0 -1 0 -1 0 -1 0 -1 0 -1 0 -1 0 -1 0 -1 0 -1 0 -1 0 -1 0 -1 0 -1 0 -1 0 -1 0 -1 0 -1 0 -1 0 -1 0 -1 0 -1 0 -1 0 -1 0 -1 0 -1 0 -1 0 -1 0 -1 0 -1 0 -1 0 -1 0 -1 0 -1 0 -1 0 -1 0 -1 0 -1 0 -1 0 -1 0 -1 0 -1 0 -1 0 -1 0 -1 0 -1 0 -1 0 -1 0 -1 0 -1 0 -1 0 -1 0 -1 0 -1 0 -1 0 -1 0 -1 0 
  15 15 15 15 20
 50 5 130 5 150 5 30
2586 131072 0 48 208896 0 
  34359738369 1315051091194281984 1835136 0 50465891015 7916447985573822463 2031036 0 

trp_prussian_infantry2_flag_bearer Prussian_Line_Infantry Colour_Bearer 0 133169152 0 0 22 0 0
  628 0 1729 0 1402 0 287 0 1430 0 122 0 -1 0 -1 0 -1 0 -1 0 -1 0 -1 0 -1 0 -1 0 -1 0 -1 0 -1 0 -1 0 -1 0 -1 0 -1 0 -1 0 -1 0 -1 0 -1 0 -1 0 -1 0 -1 0 -1 0 -1 0 -1 0 -1 0 -1 0 -1 0 -1 0 -1 0 -1 0 -1 0 -1 0 -1 0 -1 0 -1 0 -1 0 -1 0 -1 0 -1 0 -1 0 -1 0 -1 0 -1 0 -1 0 -1 0 -1 0 -1 0 -1 0 -1 0 -1 0 -1 0 -1 0 -1 0 -1 0 -1 0 -1 0 -1 0 
  15 15 15 15 20
 80 5 80 5 50 5 30
2586 131072 0 48 208896 0 
  34359738369 1315051091194281984 1835136 0 50465891015 7916447985573822463 2031036 0 

trp_prussian_infantry2_nco Prussian_Line_Infantry Sergeant 0 133169152 0 0 22 0 0
  628 0 1729 0 1402 0 1430 0 122 0 69 0 156 0 -1 0 -1 0 -1 0 -1 0 -1 0 -1 0 -1 0 -1 0 -1 0 -1 0 -1 0 -1 0 -1 0 -1 0 -1 0 -1 0 -1 0 -1 0 -1 0 -1 0 -1 0 -1 0 -1 0 -1 0 -1 0 -1 0 -1 0 -1 0 -1 0 -1 0 -1 0 -1 0 -1 0 -1 0 -1 0 -1 0 -1 0 -1 0 -1 0 -1 0 -1 0 -1 0 -1 0 -1 0 -1 0 -1 0 -1 0 -1 0 -1 0 -1 0 -1 0 -1 0 -1 0 -1 0 -1 0 -1 0 -1 0 
  15 15 15 15 20
 50 5 130 5 150 5 30
2586 131072 0 48 208896 0 
  34359738369 1315051091194281984 1835136 0 50465891015 7916447985573822463 2031036 0 

trp_prussian_infantry2_officer Prussian_Line_Infantry Officer 0 133169152 0 0 22 0 0
  629 0 1684 0 1420 0 99 0 9 0 157 0 1819 0 398 0 -1 0 -1 0 -1 0 -1 0 -1 0 -1 0 -1 0 -1 0 -1 0 -1 0 -1 0 -1 0 -1 0 -1 0 -1 0 -1 0 -1 0 -1 0 -1 0 -1 0 -1 0 -1 0 -1 0 -1 0 -1 0 -1 0 -1 0 -1 0 -1 0 -1 0 -1 0 -1 0 -1 0 -1 0 -1 0 -1 0 -1 0 -1 0 -1 0 -1 0 -1 0 -1 0 -1 0 -1 0 -1 0 -1 0 -1 0 -1 0 -1 0 -1 0 -1 0 -1 0 -1 0 -1 0 -1 0 -1 0 
  15 15 15 15 20
 80 5 80 5 50 5 30
2586 131072 0 48 208896 0 
  34359738369 1315051091194281984 1835136 0 50465891015 7916447985573822463 2031036 0 

trp_prussian_infantry2_drum Prussian_Line_Infantry Drummer 0 133169152 0 0 22 0 0
  630 0 1729 0 1402 0 1430 0 122 0 1820 0 150 0 -1 0 -1 0 -1 0 -1 0 -1 0 -1 0 -1 0 -1 0 -1 0 -1 0 -1 0 -1 0 -1 0 -1 0 -1 0 -1 0 -1 0 -1 0 -1 0 -1 0 -1 0 -1 0 -1 0 -1 0 -1 0 -1 0 -1 0 -1 0 -1 0 -1 0 -1 0 -1 0 -1 0 -1 0 -1 0 -1 0 -1 0 -1 0 -1 0 -1 0 -1 0 -1 0 -1 0 -1 0 -1 0 -1 0 -1 0 -1 0 -1 0 -1 0 -1 0 -1 0 -1 0 -1 0 -1 0 -1 0 -1 0 
  15 15 15 15 20
 80 5 80 5 50 5 30
2586 131072 0 48 208896 0 
  34359738369 1315051091194281984 1835136 0 50465891015 7916447985573822463 2031036 0 

trp_prussian_infantry2_flute Prussian_Line_Infantry Fifer 0 133169152 0 0 22 0 0
  631 0 1729 0 1402 0 1430 0 122 0 151 0 -1 0 -1 0 -1 0 -1 0 -1 0 -1 0 -1 0 -1 0 -1 0 -1 0 -1 0 -1 0 -1 0 -1 0 -1 0 -1 0 -1 0 -1 0 -1 0 -1 0 -1 0 -1 0 -1 0 -1 0 -1 0 -1 0 -1 0 -1 0 -1 0 -1 0 -1 0 -1 0 -1 0 -1 0 -1 0 -1 0 -1 0 -1 0 -1 0 -1 0 -1 0 -1 0 -1 0 -1 0 -1 0 -1 0 -1 0 -1 0 -1 0 -1 0 -1 0 -1 0 -1 0 -1 0 -1 0 -1 0 -1 0 -1 0 
  15 15 15 15 20
 80 5 80 5 50 5 30
2586 131072 0 48 208896 0 
  34359738369 1315051091194281984 1835136 0 50465891015 7916447985573822463 2031036 0 

trp_prussian_infantry24 24._Brandenburgische_Infanterie-Regiment Line_Infantry 0 133169152 0 0 8 0 0
  674 0 1729 0 1401 0 1402 0 122 0 69 0 156 0 -1 0 -1 0 -1 0 -1 0 -1 0 -1 0 -1 0 -1 0 -1 0 -1 0 -1 0 -1 0 -1 0 -1 0 -1 0 -1 0 -1 0 -1 0 -1 0 -1 0 -1 0 -1 0 -1 0 -1 0 -1 0 -1 0 -1 0 -1 0 -1 0 -1 0 -1 0 -1 0 -1 0 -1 0 -1 0 -1 0 -1 0 -1 0 -1 0 -1 0 -1 0 -1 0 -1 0 -1 0 -1 0 -1 0 -1 0 -1 0 -1 0 -1 0 -1 0 -1 0 -1 0 -1 0 -1 0 -1 0 -1 0 
  15 15 15 15 20
 50 5 130 5 150 5 30
2586 131072 0 48 208896 0 
  34359738369 1315051091194281984 1835136 0 50465891015 7916447985573822463 2031036 0 

trp_prussian_infantry24_flag_bearer Prussian_Line_Infantry Colour_Bearer 0 133169152 0 0 22 0 0
  675 0 1729 0 1425 0 1426 0 122 0 295 0 -1 0 -1 0 -1 0 -1 0 -1 0 -1 0 -1 0 -1 0 -1 0 -1 0 -1 0 -1 0 -1 0 -1 0 -1 0 -1 0 -1 0 -1 0 -1 0 -1 0 -1 0 -1 0 -1 0 -1 0 -1 0 -1 0 -1 0 -1 0 -1 0 -1 0 -1 0 -1 0 -1 0 -1 0 -1 0 -1 0 -1 0 -1 0 -1 0 -1 0 -1 0 -1 0 -1 0 -1 0 -1 0 -1 0 -1 0 -1 0 -1 0 -1 0 -1 0 -1 0 -1 0 -1 0 -1 0 -1 0 -1 0 -1 0 
  15 15 15 15 20
 80 5 80 5 50 5 30
2586 131072 0 48 208896 0 
  34359738369 1315051091194281984 1835136 0 50465891015 7916447985573822463 2031036 0 

trp_prussian_infantry24_nco Prussian_Line_Infantry Sergeant 0 133169152 0 0 22 0 0
  675 0 1729 0 1425 0 1426 0 122 0 69 0 156 0 -1 0 -1 0 -1 0 -1 0 -1 0 -1 0 -1 0 -1 0 -1 0 -1 0 -1 0 -1 0 -1 0 -1 0 -1 0 -1 0 -1 0 -1 0 -1 0 -1 0 -1 0 -1 0 -1 0 -1 0 -1 0 -1 0 -1 0 -1 0 -1 0 -1 0 -1 0 -1 0 -1 0 -1 0 -1 0 -1 0 -1 0 -1 0 -1 0 -1 0 -1 0 -1 0 -1 0 -1 0 -1 0 -1 0 -1 0 -1 0 -1 0 -1 0 -1 0 -1 0 -1 0 -1 0 -1 0 -1 0 -1 0 
  15 15 15 15 20
 50 5 130 5 150 5 30
2586 131072 0 48 208896 0 
  34359738369 1315051091194281984 1835136 0 50465891015 7916447985573822463 2031036 0 

trp_prussian_infantry24_officer Prussian_Line_Infantry Officer 0 133169152 0 0 22 0 0
  676 0 1684 0 1403 0 99 0 9 0 157 0 1819 0 398 0 -1 0 -1 0 -1 0 -1 0 -1 0 -1 0 -1 0 -1 0 -1 0 -1 0 -1 0 -1 0 -1 0 -1 0 -1 0 -1 0 -1 0 -1 0 -1 0 -1 0 -1 0 -1 0 -1 0 -1 0 -1 0 -1 0 -1 0 -1 0 -1 0 -1 0 -1 0 -1 0 -1 0 -1 0 -1 0 -1 0 -1 0 -1 0 -1 0 -1 0 -1 0 -1 0 -1 0 -1 0 -1 0 -1 0 -1 0 -1 0 -1 0 -1 0 -1 0 -1 0 -1 0 -1 0 -1 0 -1 0 
  15 15 15 15 20
 80 5 80 5 50 5 30
2586 131072 0 48 208896 0 
  34359738369 1315051091194281984 1835136 0 50465891015 7916447985573822463 2031036 0 

trp_prussian_infantry24_drum Prussian_Line_Infantry Drummer 0 133169152 0 0 22 0 0
  677 0 1729 0 1401 0 1426 0 122 0 1820 0 150 0 -1 0 -1 0 -1 0 -1 0 -1 0 -1 0 -1 0 -1 0 -1 0 -1 0 -1 0 -1 0 -1 0 -1 0 -1 0 -1 0 -1 0 -1 0 -1 0 -1 0 -1 0 -1 0 -1 0 -1 0 -1 0 -1 0 -1 0 -1 0 -1 0 -1 0 -1 0 -1 0 -1 0 -1 0 -1 0 -1 0 -1 0 -1 0 -1 0 -1 0 -1 0 -1 0 -1 0 -1 0 -1 0 -1 0 -1 0 -1 0 -1 0 -1 0 -1 0 -1 0 -1 0 -1 0 -1 0 -1 0 -1 0 
  15 15 15 15 20
 80 5 80 5 50 5 30
2586 131072 0 48 208896 0 
  34359738369 1315051091194281984 1835136 0 50465891015 7916447985573822463 2031036 0 

trp_prussian_infantry24_flute Prussian_Line_Infantry Fifer 0 133169152 0 0 22 0 0
  678 0 1729 0 1401 0 1426 0 122 0 151 0 -1 0 -1 0 -1 0 -1 0 -1 0 -1 0 -1 0 -1 0 -1 0 -1 0 -1 0 -1 0 -1 0 -1 0 -1 0 -1 0 -1 0 -1 0 -1 0 -1 0 -1 0 -1 0 -1 0 -1 0 -1 0 -1 0 -1 0 -1 0 -1 0 -1 0 -1 0 -1 0 -1 0 -1 0 -1 0 -1 0 -1 0 -1 0 -1 0 -1 0 -1 0 -1 0 -1 0 -1 0 -1 0 -1 0 -1 0 -1 0 -1 0 -1 0 -1 0 -1 0 -1 0 -1 0 -1 0 -1 0 -1 0 -1 0 
  15 15 15 15 20
 80 5 80 5 50 5 30
2586 131072 0 48 208896 0 
  34359738369 1315051091194281984 1835136 0 50465891015 7916447985573822463 2031036 0 

trp_prussian_infantry26 26._Magdeburgische_Infanterie-Regiment Line_Infantry 0 133169152 0 0 8 0 0
  679 0 1712 0 1433 0 122 0 69 0 156 0 -1 0 -1 0 -1 0 -1 0 -1 0 -1 0 -1 0 -1 0 -1 0 -1 0 -1 0 -1 0 -1 0 -1 0 -1 0 -1 0 -1 0 -1 0 -1 0 -1 0 -1 0 -1 0 -1 0 -1 0 -1 0 -1 0 -1 0 -1 0 -1 0 -1 0 -1 0 -1 0 -1 0 -1 0 -1 0 -1 0 -1 0 -1 0 -1 0 -1 0 -1 0 -1 0 -1 0 -1 0 -1 0 -1 0 -1 0 -1 0 -1 0 -1 0 -1 0 -1 0 -1 0 -1 0 -1 0 -1 0 -1 0 -1 0 
  15 15 15 15 20
 50 5 130 5 150 5 30
2586 131072 0 48 208896 0 
  34359738369 1315051091194281984 1835136 0 50465891015 7916447985573822463 2031036 0 

trp_prussian_infantry26_flag_bearer Prussian_Line_Infantry Colour_Bearer 0 133169152 0 0 22 0 0
  680 0 1739 0 1434 0 1819 0 122 0 296 0 -1 0 -1 0 -1 0 -1 0 -1 0 -1 0 -1 0 -1 0 -1 0 -1 0 -1 0 -1 0 -1 0 -1 0 -1 0 -1 0 -1 0 -1 0 -1 0 -1 0 -1 0 -1 0 -1 0 -1 0 -1 0 -1 0 -1 0 -1 0 -1 0 -1 0 -1 0 -1 0 -1 0 -1 0 -1 0 -1 0 -1 0 -1 0 -1 0 -1 0 -1 0 -1 0 -1 0 -1 0 -1 0 -1 0 -1 0 -1 0 -1 0 -1 0 -1 0 -1 0 -1 0 -1 0 -1 0 -1 0 -1 0 -1 0 
  15 15 15 15 20
 80 5 80 5 50 5 30
2586 131072 0 48 208896 0 
  34359738369 1315051091194281984 1835136 0 50465891015 7916447985573822463 2031036 0 

trp_prussian_infantry26_nco Prussian_Line_Infantry Sergeant 0 133169152 0 0 22 0 0
  680 0 1739 0 1434 0 1819 0 122 0 69 0 156 0 -1 0 -1 0 -1 0 -1 0 -1 0 -1 0 -1 0 -1 0 -1 0 -1 0 -1 0 -1 0 -1 0 -1 0 -1 0 -1 0 -1 0 -1 0 -1 0 -1 0 -1 0 -1 0 -1 0 -1 0 -1 0 -1 0 -1 0 -1 0 -1 0 -1 0 -1 0 -1 0 -1 0 -1 0 -1 0 -1 0 -1 0 -1 0 -1 0 -1 0 -1 0 -1 0 -1 0 -1 0 -1 0 -1 0 -1 0 -1 0 -1 0 -1 0 -1 0 -1 0 -1 0 -1 0 -1 0 -1 0 -1 0 
  15 15 15 15 20
 50 5 130 5 150 5 30
2586 131072 0 48 208896 0 
  34359738369 1315051091194281984 1835136 0 50465891015 7916447985573822463 2031036 0 

trp_prussian_infantry26_officer Prussian_Line_Infantry Officer 0 133169152 0 0 22 0 0
  681 0 1684 0 1420 0 99 0 9 0 157 0 1819 0 398 0 -1 0 -1 0 -1 0 -1 0 -1 0 -1 0 -1 0 -1 0 -1 0 -1 0 -1 0 -1 0 -1 0 -1 0 -1 0 -1 0 -1 0 -1 0 -1 0 -1 0 -1 0 -1 0 -1 0 -1 0 -1 0 -1 0 -1 0 -1 0 -1 0 -1 0 -1 0 -1 0 -1 0 -1 0 -1 0 -1 0 -1 0 -1 0 -1 0 -1 0 -1 0 -1 0 -1 0 -1 0 -1 0 -1 0 -1 0 -1 0 -1 0 -1 0 -1 0 -1 0 -1 0 -1 0 -1 0 -1 0 
  15 15 15 15 20
 80 5 80 5 50 5 30
2586 131072 0 48 208896 0 
  34359738369 1315051091194281984 1835136 0 50465891015 7916447985573822463 2031036 0 

trp_prussian_infantry26_drum Prussian_Line_Infantry Drummer 0 133169152 0 0 22 0 0
  682 0 1749 0 1401 0 122 0 1820 0 150 0 -1 0 -1 0 -1 0 -1 0 -1 0 -1 0 -1 0 -1 0 -1 0 -1 0 -1 0 -1 0 -1 0 -1 0 -1 0 -1 0 -1 0 -1 0 -1 0 -1 0 -1 0 -1 0 -1 0 -1 0 -1 0 -1 0 -1 0 -1 0 -1 0 -1 0 -1 0 -1 0 -1 0 -1 0 -1 0 -1 0 -1 0 -1 0 -1 0 -1 0 -1 0 -1 0 -1 0 -1 0 -1 0 -1 0 -1 0 -1 0 -1 0 -1 0 -1 0 -1 0 -1 0 -1 0 -1 0 -1 0 -1 0 -1 0 
  15 15 15 15 20
 80 5 80 5 50 5 30
2586 131072 0 48 208896 0 
  34359738369 1315051091194281984 1835136 0 50465891015 7916447985573822463 2031036 0 

trp_prussian_infantry26_flute Prussian_Line_Infantry Fifer 0 133169152 0 0 22 0 0
  683 0 1749 0 1401 0 122 0 151 0 -1 0 -1 0 -1 0 -1 0 -1 0 -1 0 -1 0 -1 0 -1 0 -1 0 -1 0 -1 0 -1 0 -1 0 -1 0 -1 0 -1 0 -1 0 -1 0 -1 0 -1 0 -1 0 -1 0 -1 0 -1 0 -1 0 -1 0 -1 0 -1 0 -1 0 -1 0 -1 0 -1 0 -1 0 -1 0 -1 0 -1 0 -1 0 -1 0 -1 0 -1 0 -1 0 -1 0 -1 0 -1 0 -1 0 -1 0 -1 0 -1 0 -1 0 -1 0 -1 0 -1 0 -1 0 -1 0 -1 0 -1 0 -1 0 -1 0 
  15 15 15 15 20
 80 5 80 5 50 5 30
2586 131072 0 48 208896 0 
  34359738369 1315051091194281984 1835136 0 50465891015 7916447985573822463 2031036 0 

trp_prussian_infantry_elbe 2._Elb-Landwehr-Regiment Line_Infantry 0 133169152 0 0 8 0 0
  684 0 685 0 1731 0 1431 0 1432 0 1400 0 124 0 125 0 69 0 156 0 175 0 -1 0 -1 0 -1 0 -1 0 -1 0 -1 0 -1 0 -1 0 -1 0 -1 0 -1 0 -1 0 -1 0 -1 0 -1 0 -1 0 -1 0 -1 0 -1 0 -1 0 -1 0 -1 0 -1 0 -1 0 -1 0 -1 0 -1 0 -1 0 -1 0 -1 0 -1 0 -1 0 -1 0 -1 0 -1 0 -1 0 -1 0 -1 0 -1 0 -1 0 -1 0 -1 0 -1 0 -1 0 -1 0 -1 0 -1 0 -1 0 -1 0 -1 0 -1 0 -1 0 -1 0 
  15 15 15 15 20
 50 5 130 5 150 5 30
2586 131072 0 48 208896 0 
  34359738369 1315051091194281984 1835136 0 50465891015 7916447985573822463 2031036 0 

trp_prussian_infantry_elbe_flag_bearer Prussian_Landwehr Colour_Bearer 0 133169152 0 0 22 0 0
  686 0 1731 0 1431 0 1432 0 1400 0 297 0 124 0 -1 0 -1 0 -1 0 -1 0 -1 0 -1 0 -1 0 -1 0 -1 0 -1 0 -1 0 -1 0 -1 0 -1 0 -1 0 -1 0 -1 0 -1 0 -1 0 -1 0 -1 0 -1 0 -1 0 -1 0 -1 0 -1 0 -1 0 -1 0 -1 0 -1 0 -1 0 -1 0 -1 0 -1 0 -1 0 -1 0 -1 0 -1 0 -1 0 -1 0 -1 0 -1 0 -1 0 -1 0 -1 0 -1 0 -1 0 -1 0 -1 0 -1 0 -1 0 -1 0 -1 0 -1 0 -1 0 -1 0 -1 0 
  15 15 15 15 20
 80 5 80 5 50 5 30
2586 131072 0 48 208896 0 
  34359738369 1315051091194281984 1835136 0 50465891015 7916447985573822463 2031036 0 

trp_prussian_infantry_elbe_nco Prussian_Landwehr Sergeant 0 133169152 0 0 22 0 0
  686 0 1731 0 1431 0 1432 0 1400 0 124 0 69 0 156 0 175 0 -1 0 -1 0 -1 0 -1 0 -1 0 -1 0 -1 0 -1 0 -1 0 -1 0 -1 0 -1 0 -1 0 -1 0 -1 0 -1 0 -1 0 -1 0 -1 0 -1 0 -1 0 -1 0 -1 0 -1 0 -1 0 -1 0 -1 0 -1 0 -1 0 -1 0 -1 0 -1 0 -1 0 -1 0 -1 0 -1 0 -1 0 -1 0 -1 0 -1 0 -1 0 -1 0 -1 0 -1 0 -1 0 -1 0 -1 0 -1 0 -1 0 -1 0 -1 0 -1 0 -1 0 -1 0 -1 0 
  15 15 15 15 20
 50 5 130 5 150 5 30
2586 131072 0 48 208896 0 
  34359738369 1315051091194281984 1835136 0 50465891015 7916447985573822463 2031036 0 

trp_prussian_infantry_elbe_officer Prussian_Landwehr Officer 0 133169152 0 0 22 0 0
  687 0 1731 0 1431 0 1432 0 1400 0 92 0 9 0 157 0 1819 0 398 0 -1 0 -1 0 -1 0 -1 0 -1 0 -1 0 -1 0 -1 0 -1 0 -1 0 -1 0 -1 0 -1 0 -1 0 -1 0 -1 0 -1 0 -1 0 -1 0 -1 0 -1 0 -1 0 -1 0 -1 0 -1 0 -1 0 -1 0 -1 0 -1 0 -1 0 -1 0 -1 0 -1 0 -1 0 -1 0 -1 0 -1 0 -1 0 -1 0 -1 0 -1 0 -1 0 -1 0 -1 0 -1 0 -1 0 -1 0 -1 0 -1 0 -1 0 -1 0 -1 0 -1 0 -1 0 
  15 15 15 15 20
 80 5 80 5 50 5 30
2586 131072 0 48 208896 0 
  34359738369 1315051091194281984 1835136 0 50465891015 7916447985573822463 2031036 0 

trp_prussian_infantry_elbe_drum Prussian_Landwehr Drummer 0 133169152 0 0 22 0 0
  688 0 1731 0 1431 0 1432 0 1400 0 150 0 1820 0 124 0 -1 0 -1 0 -1 0 -1 0 -1 0 -1 0 -1 0 -1 0 -1 0 -1 0 -1 0 -1 0 -1 0 -1 0 -1 0 -1 0 -1 0 -1 0 -1 0 -1 0 -1 0 -1 0 -1 0 -1 0 -1 0 -1 0 -1 0 -1 0 -1 0 -1 0 -1 0 -1 0 -1 0 -1 0 -1 0 -1 0 -1 0 -1 0 -1 0 -1 0 -1 0 -1 0 -1 0 -1 0 -1 0 -1 0 -1 0 -1 0 -1 0 -1 0 -1 0 -1 0 -1 0 -1 0 -1 0 -1 0 
  15 15 15 15 20
 80 5 80 5 50 5 30
2586 131072 0 48 208896 0 
  34359738369 1315051091194281984 1835136 0 50465891015 7916447985573822463 2031036 0 

trp_prussian_infantry_elbe_flute Prussian_Landwehr Fifer 0 133169152 0 0 22 0 0
  689 0 1731 0 1431 0 1432 0 1400 0 151 0 124 0 -1 0 -1 0 -1 0 -1 0 -1 0 -1 0 -1 0 -1 0 -1 0 -1 0 -1 0 -1 0 -1 0 -1 0 -1 0 -1 0 -1 0 -1 0 -1 0 -1 0 -1 0 -1 0 -1 0 -1 0 -1 0 -1 0 -1 0 -1 0 -1 0 -1 0 -1 0 -1 0 -1 0 -1 0 -1 0 -1 0 -1 0 -1 0 -1 0 -1 0 -1 0 -1 0 -1 0 -1 0 -1 0 -1 0 -1 0 -1 0 -1 0 -1 0 -1 0 -1 0 -1 0 -1 0 -1 0 -1 0 -1 0 
  15 15 15 15 20
 80 5 80 5 50 5 30
2586 131072 0 48 208896 0 
  34359738369 1315051091194281984 1835136 0 50465891015 7916447985573822463 2031036 0 

trp_prussian_infantry_kurmark 3._Kurmarkische_Landwehr-Regiment Line_Infantry 0 133169152 0 0 8 0 0
  632 0 633 0 1731 0 1398 0 1399 0 1400 0 124 0 125 0 69 0 156 0 175 0 -1 0 -1 0 -1 0 -1 0 -1 0 -1 0 -1 0 -1 0 -1 0 -1 0 -1 0 -1 0 -1 0 -1 0 -1 0 -1 0 -1 0 -1 0 -1 0 -1 0 -1 0 -1 0 -1 0 -1 0 -1 0 -1 0 -1 0 -1 0 -1 0 -1 0 -1 0 -1 0 -1 0 -1 0 -1 0 -1 0 -1 0 -1 0 -1 0 -1 0 -1 0 -1 0 -1 0 -1 0 -1 0 -1 0 -1 0 -1 0 -1 0 -1 0 -1 0 -1 0 -1 0 
  15 15 15 15 20
 50 5 130 5 150 5 30
2586 131072 0 48 208896 0 
  34359738369 1315051091194281984 1835136 0 50465891015 7916447985573822463 2031036 0 

trp_prussian_infantry_kurmark_flag_bearer Prussian_Landwehr Colour_Bearer 0 133169152 0 0 22 0 0
  634 0 1731 0 1398 0 1399 0 1400 0 289 0 124 0 -1 0 -1 0 -1 0 -1 0 -1 0 -1 0 -1 0 -1 0 -1 0 -1 0 -1 0 -1 0 -1 0 -1 0 -1 0 -1 0 -1 0 -1 0 -1 0 -1 0 -1 0 -1 0 -1 0 -1 0 -1 0 -1 0 -1 0 -1 0 -1 0 -1 0 -1 0 -1 0 -1 0 -1 0 -1 0 -1 0 -1 0 -1 0 -1 0 -1 0 -1 0 -1 0 -1 0 -1 0 -1 0 -1 0 -1 0 -1 0 -1 0 -1 0 -1 0 -1 0 -1 0 -1 0 -1 0 -1 0 -1 0 
  15 15 15 15 20
 80 5 80 5 50 5 30
2586 131072 0 48 208896 0 
  34359738369 1315051091194281984 1835136 0 50465891015 7916447985573822463 2031036 0 

trp_prussian_infantry_kurmark_nco Prussian_Landwehr Sergeant 0 133169152 0 0 22 0 0
  634 0 1731 0 1398 0 1399 0 1400 0 124 0 69 0 156 0 175 0 -1 0 -1 0 -1 0 -1 0 -1 0 -1 0 -1 0 -1 0 -1 0 -1 0 -1 0 -1 0 -1 0 -1 0 -1 0 -1 0 -1 0 -1 0 -1 0 -1 0 -1 0 -1 0 -1 0 -1 0 -1 0 -1 0 -1 0 -1 0 -1 0 -1 0 -1 0 -1 0 -1 0 -1 0 -1 0 -1 0 -1 0 -1 0 -1 0 -1 0 -1 0 -1 0 -1 0 -1 0 -1 0 -1 0 -1 0 -1 0 -1 0 -1 0 -1 0 -1 0 -1 0 -1 0 -1 0 
  15 15 15 15 20
 50 5 130 5 150 5 30
2586 131072 0 48 208896 0 
  34359738369 1315051091194281984 1835136 0 50465891015 7916447985573822463 2031036 0 

trp_prussian_infantry_kurmark_officer Prussian_Landwehr Officer 0 133169152 0 0 22 0 0
  635 0 1731 0 1398 0 1399 0 1400 0 92 0 9 0 157 0 1819 0 398 0 -1 0 -1 0 -1 0 -1 0 -1 0 -1 0 -1 0 -1 0 -1 0 -1 0 -1 0 -1 0 -1 0 -1 0 -1 0 -1 0 -1 0 -1 0 -1 0 -1 0 -1 0 -1 0 -1 0 -1 0 -1 0 -1 0 -1 0 -1 0 -1 0 -1 0 -1 0 -1 0 -1 0 -1 0 -1 0 -1 0 -1 0 -1 0 -1 0 -1 0 -1 0 -1 0 -1 0 -1 0 -1 0 -1 0 -1 0 -1 0 -1 0 -1 0 -1 0 -1 0 -1 0 -1 0 
  15 15 15 15 20
 80 5 80 5 50 5 30
2586 131072 0 48 208896 0 
  34359738369 1315051091194281984 1835136 0 50465891015 7916447985573822463 2031036 0 

trp_prussian_infantry_kurmark_drum Prussian_Landwehr Drummer 0 133169152 0 0 22 0 0
  636 0 1731 0 1398 0 1399 0 1400 0 150 0 1820 0 124 0 -1 0 -1 0 -1 0 -1 0 -1 0 -1 0 -1 0 -1 0 -1 0 -1 0 -1 0 -1 0 -1 0 -1 0 -1 0 -1 0 -1 0 -1 0 -1 0 -1 0 -1 0 -1 0 -1 0 -1 0 -1 0 -1 0 -1 0 -1 0 -1 0 -1 0 -1 0 -1 0 -1 0 -1 0 -1 0 -1 0 -1 0 -1 0 -1 0 -1 0 -1 0 -1 0 -1 0 -1 0 -1 0 -1 0 -1 0 -1 0 -1 0 -1 0 -1 0 -1 0 -1 0 -1 0 -1 0 -1 0 
  15 15 15 15 20
 80 5 80 5 50 5 30
2586 131072 0 48 208896 0 
  34359738369 1315051091194281984 1835136 0 50465891015 7916447985573822463 2031036 0 

trp_prussian_infantry_kurmark_flute Prussian_Landwehr Fifer 0 133169152 0 0 22 0 0
  637 0 1731 0 1398 0 1399 0 1400 0 151 0 124 0 -1 0 -1 0 -1 0 -1 0 -1 0 -1 0 -1 0 -1 0 -1 0 -1 0 -1 0 -1 0 -1 0 -1 0 -1 0 -1 0 -1 0 -1 0 -1 0 -1 0 -1 0 -1 0 -1 0 -1 0 -1 0 -1 0 -1 0 -1 0 -1 0 -1 0 -1 0 -1 0 -1 0 -1 0 -1 0 -1 0 -1 0 -1 0 -1 0 -1 0 -1 0 -1 0 -1 0 -1 0 -1 0 -1 0 -1 0 -1 0 -1 0 -1 0 -1 0 -1 0 -1 0 -1 0 -1 0 -1 0 -1 0 
  15 15 15 15 20
 80 5 80 5 50 5 30
2586 131072 0 48 208896 0 
  34359738369 1315051091194281984 1835136 0 50465891015 7916447985573822463 2031036 0 

trp_prussian_infantry_freikorps Lutzowsches_Freikorps Line_Infantry 0 133169152 0 0 8 0 0
  647 0 1738 0 1402 0 123 0 69 0 156 0 -1 0 -1 0 -1 0 -1 0 -1 0 -1 0 -1 0 -1 0 -1 0 -1 0 -1 0 -1 0 -1 0 -1 0 -1 0 -1 0 -1 0 -1 0 -1 0 -1 0 -1 0 -1 0 -1 0 -1 0 -1 0 -1 0 -1 0 -1 0 -1 0 -1 0 -1 0 -1 0 -1 0 -1 0 -1 0 -1 0 -1 0 -1 0 -1 0 -1 0 -1 0 -1 0 -1 0 -1 0 -1 0 -1 0 -1 0 -1 0 -1 0 -1 0 -1 0 -1 0 -1 0 -1 0 -1 0 -1 0 -1 0 -1 0 
  15 15 15 15 20
 50 5 130 5 150 5 30
2586 131072 0 48 208896 0 
  34359738369 1315051091194281984 1835136 0 50465891015 7916447985573822463 2031036 0 

trp_prussian_infantry_freikorps_flag_bearer Prussian_Freikorps Colour_Bearer 0 133169152 0 0 22 0 0
  648 0 1738 0 1402 0 298 0 123 0 -1 0 -1 0 -1 0 -1 0 -1 0 -1 0 -1 0 -1 0 -1 0 -1 0 -1 0 -1 0 -1 0 -1 0 -1 0 -1 0 -1 0 -1 0 -1 0 -1 0 -1 0 -1 0 -1 0 -1 0 -1 0 -1 0 -1 0 -1 0 -1 0 -1 0 -1 0 -1 0 -1 0 -1 0 -1 0 -1 0 -1 0 -1 0 -1 0 -1 0 -1 0 -1 0 -1 0 -1 0 -1 0 -1 0 -1 0 -1 0 -1 0 -1 0 -1 0 -1 0 -1 0 -1 0 -1 0 -1 0 -1 0 -1 0 -1 0 
  15 15 15 15 20
 80 5 80 5 50 5 30
2586 131072 0 48 208896 0 
  34359738369 1315051091194281984 1835136 0 50465891015 7916447985573822463 2031036 0 

trp_prussian_infantry_freikorps_nco Prussian_Freikorps Sergeant 0 133169152 0 0 22 0 0
  648 0 1738 0 1402 0 123 0 69 0 156 0 -1 0 -1 0 -1 0 -1 0 -1 0 -1 0 -1 0 -1 0 -1 0 -1 0 -1 0 -1 0 -1 0 -1 0 -1 0 -1 0 -1 0 -1 0 -1 0 -1 0 -1 0 -1 0 -1 0 -1 0 -1 0 -1 0 -1 0 -1 0 -1 0 -1 0 -1 0 -1 0 -1 0 -1 0 -1 0 -1 0 -1 0 -1 0 -1 0 -1 0 -1 0 -1 0 -1 0 -1 0 -1 0 -1 0 -1 0 -1 0 -1 0 -1 0 -1 0 -1 0 -1 0 -1 0 -1 0 -1 0 -1 0 -1 0 
  15 15 15 15 20
 50 5 130 5 150 5 30
2586 131072 0 48 208896 0 
  34359738369 1315051091194281984 1835136 0 50465891015 7916447985573822463 2031036 0 

trp_prussian_infantry_freikorps_officer Prussian_Freikorps Officer 0 133169152 0 0 22 0 0
  649 0 1738 0 1429 0 92 0 9 0 157 0 1819 0 398 0 -1 0 -1 0 -1 0 -1 0 -1 0 -1 0 -1 0 -1 0 -1 0 -1 0 -1 0 -1 0 -1 0 -1 0 -1 0 -1 0 -1 0 -1 0 -1 0 -1 0 -1 0 -1 0 -1 0 -1 0 -1 0 -1 0 -1 0 -1 0 -1 0 -1 0 -1 0 -1 0 -1 0 -1 0 -1 0 -1 0 -1 0 -1 0 -1 0 -1 0 -1 0 -1 0 -1 0 -1 0 -1 0 -1 0 -1 0 -1 0 -1 0 -1 0 -1 0 -1 0 -1 0 -1 0 -1 0 -1 0 
  15 15 15 15 20
 80 5 80 5 50 5 30
2586 131072 0 48 208896 0 
  34359738369 1315051091194281984 1835136 0 50465891015 7916447985573822463 2031036 0 

trp_prussian_infantry_freikorps_drum Prussian_Freikorps Drummer 0 133169152 0 0 22 0 0
  650 0 1738 0 1402 0 150 0 1820 0 123 0 -1 0 -1 0 -1 0 -1 0 -1 0 -1 0 -1 0 -1 0 -1 0 -1 0 -1 0 -1 0 -1 0 -1 0 -1 0 -1 0 -1 0 -1 0 -1 0 -1 0 -1 0 -1 0 -1 0 -1 0 -1 0 -1 0 -1 0 -1 0 -1 0 -1 0 -1 0 -1 0 -1 0 -1 0 -1 0 -1 0 -1 0 -1 0 -1 0 -1 0 -1 0 -1 0 -1 0 -1 0 -1 0 -1 0 -1 0 -1 0 -1 0 -1 0 -1 0 -1 0 -1 0 -1 0 -1 0 -1 0 -1 0 -1 0 
  15 15 15 15 20
 80 5 80 5 50 5 30
2586 131072 0 48 208896 0 
  34359738369 1315051091194281984 1835136 0 50465891015 7916447985573822463 2031036 0 

trp_prussian_infantry_freikorps_flute Prussian_Freikorps Fifer 0 133169152 0 0 22 0 0
  651 0 1738 0 1402 0 151 0 123 0 -1 0 -1 0 -1 0 -1 0 -1 0 -1 0 -1 0 -1 0 -1 0 -1 0 -1 0 -1 0 -1 0 -1 0 -1 0 -1 0 -1 0 -1 0 -1 0 -1 0 -1 0 -1 0 -1 0 -1 0 -1 0 -1 0 -1 0 -1 0 -1 0 -1 0 -1 0 -1 0 -1 0 -1 0 -1 0 -1 0 -1 0 -1 0 -1 0 -1 0 -1 0 -1 0 -1 0 -1 0 -1 0 -1 0 -1 0 -1 0 -1 0 -1 0 -1 0 -1 0 -1 0 -1 0 -1 0 -1 0 -1 0 -1 0 -1 0 
  15 15 15 15 20
 80 5 80 5 50 5 30
2586 131072 0 48 208896 0 
  34359738369 1315051091194281984 1835136 0 50465891015 7916447985573822463 2031036 0 

trp_prussian_infantry_15 1._Garde-Regiment_zu_Fuss Foot_Guard 0 133169152 0 0 8 0 0
  614 0 1702 0 1418 0 122 0 69 0 156 0 -1 0 -1 0 -1 0 -1 0 -1 0 -1 0 -1 0 -1 0 -1 0 -1 0 -1 0 -1 0 -1 0 -1 0 -1 0 -1 0 -1 0 -1 0 -1 0 -1 0 -1 0 -1 0 -1 0 -1 0 -1 0 -1 0 -1 0 -1 0 -1 0 -1 0 -1 0 -1 0 -1 0 -1 0 -1 0 -1 0 -1 0 -1 0 -1 0 -1 0 -1 0 -1 0 -1 0 -1 0 -1 0 -1 0 -1 0 -1 0 -1 0 -1 0 -1 0 -1 0 -1 0 -1 0 -1 0 -1 0 -1 0 -1 0 
  15 15 15 15 20
 50 5 145 5 150 5 30
2586 131072 0 48 208896 0 
  34359738369 1315051091194281984 1835136 0 50465891015 7916447985573822463 2031036 0 

trp_prussian_infantry_15_flag_bearer Prussian_Foot_Guard Colour_Bearer 0 133169152 0 0 22 0 0
  615 0 1702 0 1414 0 288 0 122 0 -1 0 -1 0 -1 0 -1 0 -1 0 -1 0 -1 0 -1 0 -1 0 -1 0 -1 0 -1 0 -1 0 -1 0 -1 0 -1 0 -1 0 -1 0 -1 0 -1 0 -1 0 -1 0 -1 0 -1 0 -1 0 -1 0 -1 0 -1 0 -1 0 -1 0 -1 0 -1 0 -1 0 -1 0 -1 0 -1 0 -1 0 -1 0 -1 0 -1 0 -1 0 -1 0 -1 0 -1 0 -1 0 -1 0 -1 0 -1 0 -1 0 -1 0 -1 0 -1 0 -1 0 -1 0 -1 0 -1 0 -1 0 -1 0 -1 0 
  15 15 15 15 20
 80 5 80 5 50 5 30
2586 131072 0 48 208896 0 
  34359738369 1315051091194281984 1835136 0 50465891015 7916447985573822463 2031036 0 

trp_prussian_infantry_15_nco Prussian_Foot_Guard Sergeant 0 133169152 0 0 22 0 0
  615 0 1702 0 1414 0 122 0 69 0 156 0 -1 0 -1 0 -1 0 -1 0 -1 0 -1 0 -1 0 -1 0 -1 0 -1 0 -1 0 -1 0 -1 0 -1 0 -1 0 -1 0 -1 0 -1 0 -1 0 -1 0 -1 0 -1 0 -1 0 -1 0 -1 0 -1 0 -1 0 -1 0 -1 0 -1 0 -1 0 -1 0 -1 0 -1 0 -1 0 -1 0 -1 0 -1 0 -1 0 -1 0 -1 0 -1 0 -1 0 -1 0 -1 0 -1 0 -1 0 -1 0 -1 0 -1 0 -1 0 -1 0 -1 0 -1 0 -1 0 -1 0 -1 0 -1 0 
  15 15 15 15 20
 50 5 145 5 150 5 30
2586 131072 0 48 208896 0 
  34359738369 1315051091194281984 1835136 0 50465891015 7916447985573822463 2031036 0 

trp_prussian_infantry_15_officer Prussian_Foot_Guard Officer 0 133169152 0 0 22 0 0
  616 0 1702 0 1416 0 99 0 9 0 157 0 1819 0 398 0 -1 0 -1 0 -1 0 -1 0 -1 0 -1 0 -1 0 -1 0 -1 0 -1 0 -1 0 -1 0 -1 0 -1 0 -1 0 -1 0 -1 0 -1 0 -1 0 -1 0 -1 0 -1 0 -1 0 -1 0 -1 0 -1 0 -1 0 -1 0 -1 0 -1 0 -1 0 -1 0 -1 0 -1 0 -1 0 -1 0 -1 0 -1 0 -1 0 -1 0 -1 0 -1 0 -1 0 -1 0 -1 0 -1 0 -1 0 -1 0 -1 0 -1 0 -1 0 -1 0 -1 0 -1 0 -1 0 -1 0 
  15 15 15 15 20
 80 5 80 5 50 5 30
2586 131072 0 48 208896 0 
  34359738369 1315051091194281984 1835136 0 50465891015 7916447985573822463 2031036 0 

trp_prussian_infantry_15_drum Prussian_Foot_Guard Drummer 0 133169152 0 0 22 0 0
  617 0 1702 0 1412 0 122 0 150 0 1820 0 -1 0 -1 0 -1 0 -1 0 -1 0 -1 0 -1 0 -1 0 -1 0 -1 0 -1 0 -1 0 -1 0 -1 0 -1 0 -1 0 -1 0 -1 0 -1 0 -1 0 -1 0 -1 0 -1 0 -1 0 -1 0 -1 0 -1 0 -1 0 -1 0 -1 0 -1 0 -1 0 -1 0 -1 0 -1 0 -1 0 -1 0 -1 0 -1 0 -1 0 -1 0 -1 0 -1 0 -1 0 -1 0 -1 0 -1 0 -1 0 -1 0 -1 0 -1 0 -1 0 -1 0 -1 0 -1 0 -1 0 -1 0 -1 0 
  15 15 15 15 20
 80 5 80 5 50 5 30
2586 131072 0 48 208896 0 
  34359738369 1315051091194281984 1835136 0 50465891015 7916447985573822463 2031036 0 

trp_prussian_infantry_15_flute Prussian_Foot_Guard Fifer 0 133169152 0 0 22 0 0
  618 0 1702 0 1412 0 122 0 151 0 -1 0 -1 0 -1 0 -1 0 -1 0 -1 0 -1 0 -1 0 -1 0 -1 0 -1 0 -1 0 -1 0 -1 0 -1 0 -1 0 -1 0 -1 0 -1 0 -1 0 -1 0 -1 0 -1 0 -1 0 -1 0 -1 0 -1 0 -1 0 -1 0 -1 0 -1 0 -1 0 -1 0 -1 0 -1 0 -1 0 -1 0 -1 0 -1 0 -1 0 -1 0 -1 0 -1 0 -1 0 -1 0 -1 0 -1 0 -1 0 -1 0 -1 0 -1 0 -1 0 -1 0 -1 0 -1 0 -1 0 -1 0 -1 0 -1 0 
  15 15 15 15 20
 80 5 80 5 50 5 30
2586 131072 0 48 208896 0 
  34359738369 1315051091194281984 1835136 0 50465891015 7916447985573822463 2031036 0 

trp_pruss_brun Brunswick_Infanterie-Regiment Foot_Guard 0 133169152 0 0 8 0 0
  690 0 1740 0 1435 0 122 0 69 0 156 0 -1 0 -1 0 -1 0 -1 0 -1 0 -1 0 -1 0 -1 0 -1 0 -1 0 -1 0 -1 0 -1 0 -1 0 -1 0 -1 0 -1 0 -1 0 -1 0 -1 0 -1 0 -1 0 -1 0 -1 0 -1 0 -1 0 -1 0 -1 0 -1 0 -1 0 -1 0 -1 0 -1 0 -1 0 -1 0 -1 0 -1 0 -1 0 -1 0 -1 0 -1 0 -1 0 -1 0 -1 0 -1 0 -1 0 -1 0 -1 0 -1 0 -1 0 -1 0 -1 0 -1 0 -1 0 -1 0 -1 0 -1 0 -1 0 
  15 15 15 15 20
 50 5 145 5 150 5 30
2586 131072 0 48 208896 0 
  34359738369 1315051091194281984 1835136 0 50465891015 7916447985573822463 2031036 0 

trp_pruss_brun_flag_bearer Brunswick_Infantry Colour_Bearer 0 133169152 0 0 22 0 0
  692 0 1740 0 1436 0 299 0 300 0 122 0 -1 0 -1 0 -1 0 -1 0 -1 0 -1 0 -1 0 -1 0 -1 0 -1 0 -1 0 -1 0 -1 0 -1 0 -1 0 -1 0 -1 0 -1 0 -1 0 -1 0 -1 0 -1 0 -1 0 -1 0 -1 0 -1 0 -1 0 -1 0 -1 0 -1 0 -1 0 -1 0 -1 0 -1 0 -1 0 -1 0 -1 0 -1 0 -1 0 -1 0 -1 0 -1 0 -1 0 -1 0 -1 0 -1 0 -1 0 -1 0 -1 0 -1 0 -1 0 -1 0 -1 0 -1 0 -1 0 -1 0 -1 0 -1 0 
  15 15 15 15 20
 80 5 80 5 50 5 30
2586 131072 0 48 208896 0 
  34359738369 1315051091194281984 1835136 0 50465891015 7916447985573822463 2031036 0 

trp_pruss_brun_nco Brunswick_Infantry Sergeant 0 133169152 0 0 22 0 0
  692 0 1740 0 1436 0 122 0 69 0 156 0 -1 0 -1 0 -1 0 -1 0 -1 0 -1 0 -1 0 -1 0 -1 0 -1 0 -1 0 -1 0 -1 0 -1 0 -1 0 -1 0 -1 0 -1 0 -1 0 -1 0 -1 0 -1 0 -1 0 -1 0 -1 0 -1 0 -1 0 -1 0 -1 0 -1 0 -1 0 -1 0 -1 0 -1 0 -1 0 -1 0 -1 0 -1 0 -1 0 -1 0 -1 0 -1 0 -1 0 -1 0 -1 0 -1 0 -1 0 -1 0 -1 0 -1 0 -1 0 -1 0 -1 0 -1 0 -1 0 -1 0 -1 0 -1 0 
  15 15 15 15 20
 50 5 145 5 150 5 30
2586 131072 0 48 208896 0 
  34359738369 1315051091194281984 1835136 0 50465891015 7916447985573822463 2031036 0 

trp_pruss_brun_officer Brunswick_Infantry Officer 0 133169152 0 0 22 0 0
  691 0 1741 0 1436 0 99 0 9 0 157 0 1819 0 398 0 -1 0 -1 0 -1 0 -1 0 -1 0 -1 0 -1 0 -1 0 -1 0 -1 0 -1 0 -1 0 -1 0 -1 0 -1 0 -1 0 -1 0 -1 0 -1 0 -1 0 -1 0 -1 0 -1 0 -1 0 -1 0 -1 0 -1 0 -1 0 -1 0 -1 0 -1 0 -1 0 -1 0 -1 0 -1 0 -1 0 -1 0 -1 0 -1 0 -1 0 -1 0 -1 0 -1 0 -1 0 -1 0 -1 0 -1 0 -1 0 -1 0 -1 0 -1 0 -1 0 -1 0 -1 0 -1 0 -1 0 
  15 15 15 15 20
 80 5 80 5 50 5 30
2586 131072 0 48 208896 0 
  34359738369 1315051091194281984 1835136 0 50465891015 7916447985573822463 2031036 0 

trp_pruss_brun_drum Brunswick_Infantry Drummer 0 133169152 0 0 22 0 0
  693 0 1740 0 1435 0 122 0 150 0 1820 0 -1 0 -1 0 -1 0 -1 0 -1 0 -1 0 -1 0 -1 0 -1 0 -1 0 -1 0 -1 0 -1 0 -1 0 -1 0 -1 0 -1 0 -1 0 -1 0 -1 0 -1 0 -1 0 -1 0 -1 0 -1 0 -1 0 -1 0 -1 0 -1 0 -1 0 -1 0 -1 0 -1 0 -1 0 -1 0 -1 0 -1 0 -1 0 -1 0 -1 0 -1 0 -1 0 -1 0 -1 0 -1 0 -1 0 -1 0 -1 0 -1 0 -1 0 -1 0 -1 0 -1 0 -1 0 -1 0 -1 0 -1 0 -1 0 
  15 15 15 15 20
 80 5 80 5 50 5 30
2586 131072 0 48 208896 0 
  34359738369 1315051091194281984 1835136 0 50465891015 7916447985573822463 2031036 0 

trp_pruss_brun_flute Brunswick_Infantry Fifer 0 133169152 0 0 22 0 0
  694 0 1740 0 1435 0 122 0 151 0 -1 0 -1 0 -1 0 -1 0 -1 0 -1 0 -1 0 -1 0 -1 0 -1 0 -1 0 -1 0 -1 0 -1 0 -1 0 -1 0 -1 0 -1 0 -1 0 -1 0 -1 0 -1 0 -1 0 -1 0 -1 0 -1 0 -1 0 -1 0 -1 0 -1 0 -1 0 -1 0 -1 0 -1 0 -1 0 -1 0 -1 0 -1 0 -1 0 -1 0 -1 0 -1 0 -1 0 -1 0 -1 0 -1 0 -1 0 -1 0 -1 0 -1 0 -1 0 -1 0 -1 0 -1 0 -1 0 -1 0 -1 0 -1 0 -1 0 
  15 15 15 15 20
 80 5 80 5 50 5 30
2586 131072 0 48 208896 0 
  34359738369 1315051091194281984 1835136 0 50465891015 7916447985573822463 2031036 0 

trp_pruss_freiw 1._Schlesische_Landwehr,_Freiwillige_Jäger Light_Infantry 0 133169152 0 0 8 0 0
  695 0 1742 0 1437 0 156 0 69 0 98 0 -1 0 -1 0 -1 0 -1 0 -1 0 -1 0 -1 0 -1 0 -1 0 -1 0 -1 0 -1 0 -1 0 -1 0 -1 0 -1 0 -1 0 -1 0 -1 0 -1 0 -1 0 -1 0 -1 0 -1 0 -1 0 -1 0 -1 0 -1 0 -1 0 -1 0 -1 0 -1 0 -1 0 -1 0 -1 0 -1 0 -1 0 -1 0 -1 0 -1 0 -1 0 -1 0 -1 0 -1 0 -1 0 -1 0 -1 0 -1 0 -1 0 -1 0 -1 0 -1 0 -1 0 -1 0 -1 0 -1 0 -1 0 -1 0 
  15 15 15 15 20
 50 5 90 5 206 5 30
2586 131072 0 48 135168 0 
  34359738369 1315051091194281984 1835136 0 50465891015 7916447985573822463 2031036 0 

trp_pruss_freiw_flag_bearer Freiwillige_Jäger Colour_Bearer 0 133169152 0 0 22 0 0
  697 0 1742 0 1437 0 301 0 98 0 -1 0 -1 0 -1 0 -1 0 -1 0 -1 0 -1 0 -1 0 -1 0 -1 0 -1 0 -1 0 -1 0 -1 0 -1 0 -1 0 -1 0 -1 0 -1 0 -1 0 -1 0 -1 0 -1 0 -1 0 -1 0 -1 0 -1 0 -1 0 -1 0 -1 0 -1 0 -1 0 -1 0 -1 0 -1 0 -1 0 -1 0 -1 0 -1 0 -1 0 -1 0 -1 0 -1 0 -1 0 -1 0 -1 0 -1 0 -1 0 -1 0 -1 0 -1 0 -1 0 -1 0 -1 0 -1 0 -1 0 -1 0 -1 0 -1 0 
  15 15 15 15 20
 80 5 80 5 50 5 30
2586 131072 0 48 135168 0 
  34359738369 1315051091194281984 1835136 0 50465891015 7916447985573822463 2031036 0 

trp_pruss_freiw_nco Freiwillige_Jäger Sergeant 0 133169152 0 0 22 0 0
  697 0 1742 0 1437 0 156 0 69 0 98 0 -1 0 -1 0 -1 0 -1 0 -1 0 -1 0 -1 0 -1 0 -1 0 -1 0 -1 0 -1 0 -1 0 -1 0 -1 0 -1 0 -1 0 -1 0 -1 0 -1 0 -1 0 -1 0 -1 0 -1 0 -1 0 -1 0 -1 0 -1 0 -1 0 -1 0 -1 0 -1 0 -1 0 -1 0 -1 0 -1 0 -1 0 -1 0 -1 0 -1 0 -1 0 -1 0 -1 0 -1 0 -1 0 -1 0 -1 0 -1 0 -1 0 -1 0 -1 0 -1 0 -1 0 -1 0 -1 0 -1 0 -1 0 -1 0 
  15 15 15 15 20
 50 5 90 5 206 5 30
2586 131072 0 48 135168 0 
  34359738369 1315051091194281984 1835136 0 50465891015 7916447985573822463 2031036 0 

trp_pruss_freiw_officer Freiwillige_Jäger Officer 0 133169152 0 0 22 0 0
  696 0 1742 0 1437 0 86 0 157 0 3 0 5 0 1819 0 398 0 -1 0 -1 0 -1 0 -1 0 -1 0 -1 0 -1 0 -1 0 -1 0 -1 0 -1 0 -1 0 -1 0 -1 0 -1 0 -1 0 -1 0 -1 0 -1 0 -1 0 -1 0 -1 0 -1 0 -1 0 -1 0 -1 0 -1 0 -1 0 -1 0 -1 0 -1 0 -1 0 -1 0 -1 0 -1 0 -1 0 -1 0 -1 0 -1 0 -1 0 -1 0 -1 0 -1 0 -1 0 -1 0 -1 0 -1 0 -1 0 -1 0 -1 0 -1 0 -1 0 -1 0 -1 0 -1 0 
  15 15 15 15 20
 80 5 80 5 50 5 30
2586 131072 0 48 208896 0 
  34359738369 1315051091194281984 1835136 0 50465891015 7916447985573822463 2031036 0 

trp_pruss_freiw_horn Freiwillige_Jäger Hornist 0 133169152 0 0 22 0 0
  698 0 1742 0 1437 0 152 0 98 0 -1 0 -1 0 -1 0 -1 0 -1 0 -1 0 -1 0 -1 0 -1 0 -1 0 -1 0 -1 0 -1 0 -1 0 -1 0 -1 0 -1 0 -1 0 -1 0 -1 0 -1 0 -1 0 -1 0 -1 0 -1 0 -1 0 -1 0 -1 0 -1 0 -1 0 -1 0 -1 0 -1 0 -1 0 -1 0 -1 0 -1 0 -1 0 -1 0 -1 0 -1 0 -1 0 -1 0 -1 0 -1 0 -1 0 -1 0 -1 0 -1 0 -1 0 -1 0 -1 0 -1 0 -1 0 -1 0 -1 0 -1 0 -1 0 -1 0 
  15 15 15 15 20
 80 5 80 5 50 5 30
2586 131072 0 48 135168 0 
  34359738369 1315051091194281984 1835136 0 50465891015 7916447985573822463 2031036 0 

trp_prussian_infantry_rifle Schlesische_Schutzen Rifleman 0 133169152 0 0 8 0 0
  609 0 610 0 1730 0 1402 0 98 0 43 0 24 0 156 0 -1 0 -1 0 -1 0 -1 0 -1 0 -1 0 -1 0 -1 0 -1 0 -1 0 -1 0 -1 0 -1 0 -1 0 -1 0 -1 0 -1 0 -1 0 -1 0 -1 0 -1 0 -1 0 -1 0 -1 0 -1 0 -1 0 -1 0 -1 0 -1 0 -1 0 -1 0 -1 0 -1 0 -1 0 -1 0 -1 0 -1 0 -1 0 -1 0 -1 0 -1 0 -1 0 -1 0 -1 0 -1 0 -1 0 -1 0 -1 0 -1 0 -1 0 -1 0 -1 0 -1 0 -1 0 -1 0 -1 0 
  15 15 15 15 20
 50 5 90 5 206 5 30
2586 131072 0 48 135168 0 
  34359738369 1315051091194281984 1835136 0 50465891015 7916447985573822463 2031036 0 

trp_prussian_infantry_rifle_flag_bearer Prussian_Jaeger Colour_Bearer 0 133169152 0 0 22 0 0
  611 0 1730 0 1402 0 302 0 98 0 -1 0 -1 0 -1 0 -1 0 -1 0 -1 0 -1 0 -1 0 -1 0 -1 0 -1 0 -1 0 -1 0 -1 0 -1 0 -1 0 -1 0 -1 0 -1 0 -1 0 -1 0 -1 0 -1 0 -1 0 -1 0 -1 0 -1 0 -1 0 -1 0 -1 0 -1 0 -1 0 -1 0 -1 0 -1 0 -1 0 -1 0 -1 0 -1 0 -1 0 -1 0 -1 0 -1 0 -1 0 -1 0 -1 0 -1 0 -1 0 -1 0 -1 0 -1 0 -1 0 -1 0 -1 0 -1 0 -1 0 -1 0 -1 0 -1 0 
  15 15 15 15 20
 80 5 80 5 50 5 30
2586 131072 0 48 135168 0 
  34359738369 1315051091194281984 1835136 0 50465891015 7916447985573822463 2031036 0 

trp_prussian_infantry_rifle_nco Prussian_Jaeger Sergeant 0 133169152 0 0 22 0 0
  611 0 1730 0 1402 0 98 0 43 0 24 0 156 0 -1 0 -1 0 -1 0 -1 0 -1 0 -1 0 -1 0 -1 0 -1 0 -1 0 -1 0 -1 0 -1 0 -1 0 -1 0 -1 0 -1 0 -1 0 -1 0 -1 0 -1 0 -1 0 -1 0 -1 0 -1 0 -1 0 -1 0 -1 0 -1 0 -1 0 -1 0 -1 0 -1 0 -1 0 -1 0 -1 0 -1 0 -1 0 -1 0 -1 0 -1 0 -1 0 -1 0 -1 0 -1 0 -1 0 -1 0 -1 0 -1 0 -1 0 -1 0 -1 0 -1 0 -1 0 -1 0 -1 0 -1 0 
  15 15 15 15 20
 50 5 90 5 206 5 30
2586 131072 0 48 135168 0 
  34359738369 1315051091194281984 1835136 0 50465891015 7916447985573822463 2031036 0 

trp_prussian_infantry_rifle_officer Prussian_Jaeger Officer 0 133169152 0 0 22 0 0
  612 0 1702 0 1421 0 1819 0 99 0 9 0 157 0 398 0 -1 0 -1 0 -1 0 -1 0 -1 0 -1 0 -1 0 -1 0 -1 0 -1 0 -1 0 -1 0 -1 0 -1 0 -1 0 -1 0 -1 0 -1 0 -1 0 -1 0 -1 0 -1 0 -1 0 -1 0 -1 0 -1 0 -1 0 -1 0 -1 0 -1 0 -1 0 -1 0 -1 0 -1 0 -1 0 -1 0 -1 0 -1 0 -1 0 -1 0 -1 0 -1 0 -1 0 -1 0 -1 0 -1 0 -1 0 -1 0 -1 0 -1 0 -1 0 -1 0 -1 0 -1 0 -1 0 -1 0 
  15 15 15 15 20
 80 5 80 5 50 5 30
2586 131072 0 48 208896 0 
  34359738369 1315051091194281984 1835136 0 50465891015 7916447985573822463 2031036 0 

trp_prussian_infantry_rifle_horn Prussian_Jaeger Hornist 0 133169152 0 0 22 0 0
  613 0 1730 0 1402 0 98 0 152 0 -1 0 -1 0 -1 0 -1 0 -1 0 -1 0 -1 0 -1 0 -1 0 -1 0 -1 0 -1 0 -1 0 -1 0 -1 0 -1 0 -1 0 -1 0 -1 0 -1 0 -1 0 -1 0 -1 0 -1 0 -1 0 -1 0 -1 0 -1 0 -1 0 -1 0 -1 0 -1 0 -1 0 -1 0 -1 0 -1 0 -1 0 -1 0 -1 0 -1 0 -1 0 -1 0 -1 0 -1 0 -1 0 -1 0 -1 0 -1 0 -1 0 -1 0 -1 0 -1 0 -1 0 -1 0 -1 0 -1 0 -1 0 -1 0 -1 0 
  15 15 15 15 20
 80 5 80 5 50 5 30
2586 131072 0 48 135168 0 
  34359738369 1315051091194281984 1835136 0 50465891015 7916447985573822463 2031036 0 

trp_prussian_dragoon5 5._Brandenburgische_Dragoner-Regiment Dragoon 0 133170176 0 0 8 0 0
  699 0 1734 0 1735 0 1439 0 112 0 24 0 156 0 1870 0 -1 0 -1 0 -1 0 -1 0 -1 0 -1 0 -1 0 -1 0 -1 0 -1 0 -1 0 -1 0 -1 0 -1 0 -1 0 -1 0 -1 0 -1 0 -1 0 -1 0 -1 0 -1 0 -1 0 -1 0 -1 0 -1 0 -1 0 -1 0 -1 0 -1 0 -1 0 -1 0 -1 0 -1 0 -1 0 -1 0 -1 0 -1 0 -1 0 -1 0 -1 0 -1 0 -1 0 -1 0 -1 0 -1 0 -1 0 -1 0 -1 0 -1 0 -1 0 -1 0 -1 0 -1 0 -1 0 -1 0 
  12 10 15 15 20
 125 5 30 5 125 5 30
2586 131072 0 37 208896 0 
  34359738369 1315051091194281984 1835136 0 50465891015 7916447985573822463 2031036 0 

trp_prussian_dragoon5_flag_bearer Prussian_Dragoon Colour_Bearer 0 133170176 0 0 22 0 0
  700 0 1734 0 1735 0 1439 0 307 0 112 0 1870 0 -1 0 -1 0 -1 0 -1 0 -1 0 -1 0 -1 0 -1 0 -1 0 -1 0 -1 0 -1 0 -1 0 -1 0 -1 0 -1 0 -1 0 -1 0 -1 0 -1 0 -1 0 -1 0 -1 0 -1 0 -1 0 -1 0 -1 0 -1 0 -1 0 -1 0 -1 0 -1 0 -1 0 -1 0 -1 0 -1 0 -1 0 -1 0 -1 0 -1 0 -1 0 -1 0 -1 0 -1 0 -1 0 -1 0 -1 0 -1 0 -1 0 -1 0 -1 0 -1 0 -1 0 -1 0 -1 0 -1 0 -1 0 
  12 10 15 15 20
 125 5 30 5 125 5 30
2586 131072 0 37 208896 0 
  34359738369 1315051091194281984 1835136 0 50465891015 7916447985573822463 2031036 0 

trp_prussian_dragoon5_nco Prussian_Dragoon Sergeant 0 133170176 0 0 22 0 0
  700 0 1734 0 1735 0 1439 0 112 0 24 0 156 0 1870 0 -1 0 -1 0 -1 0 -1 0 -1 0 -1 0 -1 0 -1 0 -1 0 -1 0 -1 0 -1 0 -1 0 -1 0 -1 0 -1 0 -1 0 -1 0 -1 0 -1 0 -1 0 -1 0 -1 0 -1 0 -1 0 -1 0 -1 0 -1 0 -1 0 -1 0 -1 0 -1 0 -1 0 -1 0 -1 0 -1 0 -1 0 -1 0 -1 0 -1 0 -1 0 -1 0 -1 0 -1 0 -1 0 -1 0 -1 0 -1 0 -1 0 -1 0 -1 0 -1 0 -1 0 -1 0 -1 0 -1 0 
  12 10 15 15 20
 125 5 30 5 125 5 30
2586 131072 0 37 208896 0 
  34359738369 1315051091194281984 1835136 0 50465891015 7916447985573822463 2031036 0 

trp_prussian_dragoon5_officer Prussian_Dragoon Officer 0 133170176 0 0 22 0 0
  701 0 1734 0 1735 0 1438 0 112 0 9 0 157 0 1871 0 1819 0 398 0 -1 0 -1 0 -1 0 -1 0 -1 0 -1 0 -1 0 -1 0 -1 0 -1 0 -1 0 -1 0 -1 0 -1 0 -1 0 -1 0 -1 0 -1 0 -1 0 -1 0 -1 0 -1 0 -1 0 -1 0 -1 0 -1 0 -1 0 -1 0 -1 0 -1 0 -1 0 -1 0 -1 0 -1 0 -1 0 -1 0 -1 0 -1 0 -1 0 -1 0 -1 0 -1 0 -1 0 -1 0 -1 0 -1 0 -1 0 -1 0 -1 0 -1 0 -1 0 -1 0 -1 0 -1 0 
  12 10 15 15 20
 130 5 30 5 80 5 30
2586 131072 0 37 208896 0 
  34359738369 1315051091194281984 1835136 0 50465891015 7916447985573822463 2031036 0 

trp_prussian_dragoon5_trumpet Prussian_Dragoon Trumpeter 0 133170176 0 0 22 0 0
  702 0 1734 0 1735 0 1439 0 112 0 153 0 1872 0 -1 0 -1 0 -1 0 -1 0 -1 0 -1 0 -1 0 -1 0 -1 0 -1 0 -1 0 -1 0 -1 0 -1 0 -1 0 -1 0 -1 0 -1 0 -1 0 -1 0 -1 0 -1 0 -1 0 -1 0 -1 0 -1 0 -1 0 -1 0 -1 0 -1 0 -1 0 -1 0 -1 0 -1 0 -1 0 -1 0 -1 0 -1 0 -1 0 -1 0 -1 0 -1 0 -1 0 -1 0 -1 0 -1 0 -1 0 -1 0 -1 0 -1 0 -1 0 -1 0 -1 0 -1 0 -1 0 -1 0 -1 0 
  12 10 15 15 20
 130 5 30 5 80 5 30
2586 131072 0 37 208896 0 
  34359738369 1315051091194281984 1835136 0 50465891015 7916447985573822463 2031036 0 

trp_prussian_dragoon 6._Neumarkische_Dragoner Dragoon 0 133170176 0 0 8 0 0
  605 0 1734 0 1735 0 1411 0 112 0 24 0 156 0 1864 0 -1 0 -1 0 -1 0 -1 0 -1 0 -1 0 -1 0 -1 0 -1 0 -1 0 -1 0 -1 0 -1 0 -1 0 -1 0 -1 0 -1 0 -1 0 -1 0 -1 0 -1 0 -1 0 -1 0 -1 0 -1 0 -1 0 -1 0 -1 0 -1 0 -1 0 -1 0 -1 0 -1 0 -1 0 -1 0 -1 0 -1 0 -1 0 -1 0 -1 0 -1 0 -1 0 -1 0 -1 0 -1 0 -1 0 -1 0 -1 0 -1 0 -1 0 -1 0 -1 0 -1 0 -1 0 -1 0 -1 0 
  12 10 15 15 20
 125 5 30 5 125 5 30
2586 131072 0 37 208896 0 
  34359738369 1315051091194281984 1835136 0 50465891015 7916447985573822463 2031036 0 

trp_prussian_dragoon_flag_bearer Prussian_Dragoon Colour_Bearer 0 133170176 0 0 22 0 0
  606 0 1734 0 1735 0 1411 0 306 0 112 0 1864 0 -1 0 -1 0 -1 0 -1 0 -1 0 -1 0 -1 0 -1 0 -1 0 -1 0 -1 0 -1 0 -1 0 -1 0 -1 0 -1 0 -1 0 -1 0 -1 0 -1 0 -1 0 -1 0 -1 0 -1 0 -1 0 -1 0 -1 0 -1 0 -1 0 -1 0 -1 0 -1 0 -1 0 -1 0 -1 0 -1 0 -1 0 -1 0 -1 0 -1 0 -1 0 -1 0 -1 0 -1 0 -1 0 -1 0 -1 0 -1 0 -1 0 -1 0 -1 0 -1 0 -1 0 -1 0 -1 0 -1 0 -1 0 
  12 10 15 15 20
 125 5 30 5 125 5 30
2586 131072 0 37 208896 0 
  34359738369 1315051091194281984 1835136 0 50465891015 7916447985573822463 2031036 0 

trp_prussian_dragoon_nco Prussian_Dragoon Sergeant 0 133170176 0 0 22 0 0
  606 0 1734 0 1735 0 1411 0 112 0 24 0 156 0 1864 0 -1 0 -1 0 -1 0 -1 0 -1 0 -1 0 -1 0 -1 0 -1 0 -1 0 -1 0 -1 0 -1 0 -1 0 -1 0 -1 0 -1 0 -1 0 -1 0 -1 0 -1 0 -1 0 -1 0 -1 0 -1 0 -1 0 -1 0 -1 0 -1 0 -1 0 -1 0 -1 0 -1 0 -1 0 -1 0 -1 0 -1 0 -1 0 -1 0 -1 0 -1 0 -1 0 -1 0 -1 0 -1 0 -1 0 -1 0 -1 0 -1 0 -1 0 -1 0 -1 0 -1 0 -1 0 -1 0 -1 0 
  12 10 15 15 20
 125 5 30 5 125 5 30
2586 131072 0 37 208896 0 
  34359738369 1315051091194281984 1835136 0 50465891015 7916447985573822463 2031036 0 

trp_prussian_dragoon_officer Prussian_Dragoon Officer 0 133170176 0 0 22 0 0
  607 0 1734 0 1735 0 1410 0 112 0 9 0 157 0 1864 0 1819 0 398 0 -1 0 -1 0 -1 0 -1 0 -1 0 -1 0 -1 0 -1 0 -1 0 -1 0 -1 0 -1 0 -1 0 -1 0 -1 0 -1 0 -1 0 -1 0 -1 0 -1 0 -1 0 -1 0 -1 0 -1 0 -1 0 -1 0 -1 0 -1 0 -1 0 -1 0 -1 0 -1 0 -1 0 -1 0 -1 0 -1 0 -1 0 -1 0 -1 0 -1 0 -1 0 -1 0 -1 0 -1 0 -1 0 -1 0 -1 0 -1 0 -1 0 -1 0 -1 0 -1 0 -1 0 -1 0 
  12 10 15 15 20
 130 5 30 5 80 5 30
2586 131072 0 37 208896 0 
  34359738369 1315051091194281984 1835136 0 50465891015 7916447985573822463 2031036 0 

trp_prussian_dragoon_trumpet Prussian_Dragoon Trumpeter 0 133170176 0 0 22 0 0
  608 0 1734 0 1735 0 1411 0 112 0 153 0 1865 0 -1 0 -1 0 -1 0 -1 0 -1 0 -1 0 -1 0 -1 0 -1 0 -1 0 -1 0 -1 0 -1 0 -1 0 -1 0 -1 0 -1 0 -1 0 -1 0 -1 0 -1 0 -1 0 -1 0 -1 0 -1 0 -1 0 -1 0 -1 0 -1 0 -1 0 -1 0 -1 0 -1 0 -1 0 -1 0 -1 0 -1 0 -1 0 -1 0 -1 0 -1 0 -1 0 -1 0 -1 0 -1 0 -1 0 -1 0 -1 0 -1 0 -1 0 -1 0 -1 0 -1 0 -1 0 -1 0 -1 0 -1 0 
  12 10 15 15 20
 130 5 30 5 80 5 30
2586 131072 0 37 208896 0 
  34359738369 1315051091194281984 1835136 0 50465891015 7916447985573822463 2031036 0 

trp_prussian_hussar 1._Leib-Husaren-Regiment_(Totenkopfhusaren) Hussar 0 133170176 0 0 8 0 0
  622 0 1736 0 1404 0 112 0 1862 0 1863 0 -1 0 -1 0 -1 0 -1 0 -1 0 -1 0 -1 0 -1 0 -1 0 -1 0 -1 0 -1 0 -1 0 -1 0 -1 0 -1 0 -1 0 -1 0 -1 0 -1 0 -1 0 -1 0 -1 0 -1 0 -1 0 -1 0 -1 0 -1 0 -1 0 -1 0 -1 0 -1 0 -1 0 -1 0 -1 0 -1 0 -1 0 -1 0 -1 0 -1 0 -1 0 -1 0 -1 0 -1 0 -1 0 -1 0 -1 0 -1 0 -1 0 -1 0 -1 0 -1 0 -1 0 -1 0 -1 0 -1 0 -1 0 -1 0 
  12 10 15 15 20
 160 5 30 5 30 5 30
2586 131072 0 22 208896 0 
  34359738369 1315051091194281984 1835136 0 50465891015 7916447985573822463 2031036 0 

trp_prussian_hussar_flag_bearer Prussian_Hussar Colour_Bearer 0 133170176 0 0 22 0 0
  623 0 1736 0 1404 0 290 0 112 0 1862 0 1863 0 -1 0 -1 0 -1 0 -1 0 -1 0 -1 0 -1 0 -1 0 -1 0 -1 0 -1 0 -1 0 -1 0 -1 0 -1 0 -1 0 -1 0 -1 0 -1 0 -1 0 -1 0 -1 0 -1 0 -1 0 -1 0 -1 0 -1 0 -1 0 -1 0 -1 0 -1 0 -1 0 -1 0 -1 0 -1 0 -1 0 -1 0 -1 0 -1 0 -1 0 -1 0 -1 0 -1 0 -1 0 -1 0 -1 0 -1 0 -1 0 -1 0 -1 0 -1 0 -1 0 -1 0 -1 0 -1 0 -1 0 -1 0 
  12 10 15 15 20
 160 5 30 5 30 5 30
2586 131072 0 22 208896 0 
  34359738369 1315051091194281984 1835136 0 50465891015 7916447985573822463 2031036 0 

trp_prussian_hussar_nco Prussian_Hussar Sergeant 0 133170176 0 0 22 0 0
  623 0 1736 0 1404 0 112 0 1862 0 1863 0 -1 0 -1 0 -1 0 -1 0 -1 0 -1 0 -1 0 -1 0 -1 0 -1 0 -1 0 -1 0 -1 0 -1 0 -1 0 -1 0 -1 0 -1 0 -1 0 -1 0 -1 0 -1 0 -1 0 -1 0 -1 0 -1 0 -1 0 -1 0 -1 0 -1 0 -1 0 -1 0 -1 0 -1 0 -1 0 -1 0 -1 0 -1 0 -1 0 -1 0 -1 0 -1 0 -1 0 -1 0 -1 0 -1 0 -1 0 -1 0 -1 0 -1 0 -1 0 -1 0 -1 0 -1 0 -1 0 -1 0 -1 0 -1 0 
  12 10 15 15 20
 160 5 30 5 30 5 30
2586 131072 0 22 208896 0 
  34359738369 1315051091194281984 1835136 0 50465891015 7916447985573822463 2031036 0 

trp_prussian_hussar_officer Prussian_Hussar Officer 0 133170176 0 0 22 0 0
  624 0 625 0 1737 0 1405 0 1819 0 9 0 112 0 157 0 1862 0 1863 0 398 0 -1 0 -1 0 -1 0 -1 0 -1 0 -1 0 -1 0 -1 0 -1 0 -1 0 -1 0 -1 0 -1 0 -1 0 -1 0 -1 0 -1 0 -1 0 -1 0 -1 0 -1 0 -1 0 -1 0 -1 0 -1 0 -1 0 -1 0 -1 0 -1 0 -1 0 -1 0 -1 0 -1 0 -1 0 -1 0 -1 0 -1 0 -1 0 -1 0 -1 0 -1 0 -1 0 -1 0 -1 0 -1 0 -1 0 -1 0 -1 0 -1 0 -1 0 -1 0 -1 0 -1 0 
  12 10 15 15 20
 160 5 30 5 30 5 30
2586 131072 0 22 208896 0 
  34359738369 1315051091194281984 1835136 0 50465891015 7916447985573822463 2031036 0 

trp_prussian_hussar_trumpet Prussian_Hussar Trumpeter 0 133170176 0 0 22 0 0
  626 0 1736 0 1404 0 153 0 112 0 1862 0 1863 0 -1 0 -1 0 -1 0 -1 0 -1 0 -1 0 -1 0 -1 0 -1 0 -1 0 -1 0 -1 0 -1 0 -1 0 -1 0 -1 0 -1 0 -1 0 -1 0 -1 0 -1 0 -1 0 -1 0 -1 0 -1 0 -1 0 -1 0 -1 0 -1 0 -1 0 -1 0 -1 0 -1 0 -1 0 -1 0 -1 0 -1 0 -1 0 -1 0 -1 0 -1 0 -1 0 -1 0 -1 0 -1 0 -1 0 -1 0 -1 0 -1 0 -1 0 -1 0 -1 0 -1 0 -1 0 -1 0 -1 0 -1 0 
  12 10 15 15 20
 160 5 30 5 30 5 30
2586 131072 0 22 208896 0 
  34359738369 1315051091194281984 1835136 0 50465891015 7916447985573822463 2031036 0 

trp_prussian_hussar_mhr Magdeburgisches_Husaren-Regiment_Nr.10 Hussar 0 133170176 0 0 8 0 0
  703 0 1744 0 1441 0 112 0 1873 0 -1 0 -1 0 -1 0 -1 0 -1 0 -1 0 -1 0 -1 0 -1 0 -1 0 -1 0 -1 0 -1 0 -1 0 -1 0 -1 0 -1 0 -1 0 -1 0 -1 0 -1 0 -1 0 -1 0 -1 0 -1 0 -1 0 -1 0 -1 0 -1 0 -1 0 -1 0 -1 0 -1 0 -1 0 -1 0 -1 0 -1 0 -1 0 -1 0 -1 0 -1 0 -1 0 -1 0 -1 0 -1 0 -1 0 -1 0 -1 0 -1 0 -1 0 -1 0 -1 0 -1 0 -1 0 -1 0 -1 0 -1 0 -1 0 -1 0 
  12 10 15 15 20
 160 5 30 5 30 5 30
2586 131072 0 22 208896 0 
  34359738369 1315051091194281984 1835136 0 50465891015 7916447985573822463 2031036 0 

trp_prussian_hussar_mhr_flag_bearer Prussian_Hussar Colour_Bearer 0 133170176 0 0 22 0 0
  704 0 1744 0 1441 0 303 0 112 0 1873 0 -1 0 -1 0 -1 0 -1 0 -1 0 -1 0 -1 0 -1 0 -1 0 -1 0 -1 0 -1 0 -1 0 -1 0 -1 0 -1 0 -1 0 -1 0 -1 0 -1 0 -1 0 -1 0 -1 0 -1 0 -1 0 -1 0 -1 0 -1 0 -1 0 -1 0 -1 0 -1 0 -1 0 -1 0 -1 0 -1 0 -1 0 -1 0 -1 0 -1 0 -1 0 -1 0 -1 0 -1 0 -1 0 -1 0 -1 0 -1 0 -1 0 -1 0 -1 0 -1 0 -1 0 -1 0 -1 0 -1 0 -1 0 -1 0 
  12 10 15 15 20
 160 5 30 5 30 5 30
2586 131072 0 22 208896 0 
  34359738369 1315051091194281984 1835136 0 50465891015 7916447985573822463 2031036 0 

trp_prussian_hussar_mhr_nco Prussian_Hussar Sergeant 0 133170176 0 0 22 0 0
  704 0 1744 0 1441 0 112 0 1873 0 -1 0 -1 0 -1 0 -1 0 -1 0 -1 0 -1 0 -1 0 -1 0 -1 0 -1 0 -1 0 -1 0 -1 0 -1 0 -1 0 -1 0 -1 0 -1 0 -1 0 -1 0 -1 0 -1 0 -1 0 -1 0 -1 0 -1 0 -1 0 -1 0 -1 0 -1 0 -1 0 -1 0 -1 0 -1 0 -1 0 -1 0 -1 0 -1 0 -1 0 -1 0 -1 0 -1 0 -1 0 -1 0 -1 0 -1 0 -1 0 -1 0 -1 0 -1 0 -1 0 -1 0 -1 0 -1 0 -1 0 -1 0 -1 0 -1 0 
  12 10 15 15 20
 160 5 30 5 30 5 30
2586 131072 0 22 208896 0 
  34359738369 1315051091194281984 1835136 0 50465891015 7916447985573822463 2031036 0 

trp_prussian_hussar_mhr_officer Prussian_Hussar Officer 0 133170176 0 0 22 0 0
  705 0 1743 0 1440 0 1819 0 9 0 112 0 157 0 1874 0 398 0 -1 0 -1 0 -1 0 -1 0 -1 0 -1 0 -1 0 -1 0 -1 0 -1 0 -1 0 -1 0 -1 0 -1 0 -1 0 -1 0 -1 0 -1 0 -1 0 -1 0 -1 0 -1 0 -1 0 -1 0 -1 0 -1 0 -1 0 -1 0 -1 0 -1 0 -1 0 -1 0 -1 0 -1 0 -1 0 -1 0 -1 0 -1 0 -1 0 -1 0 -1 0 -1 0 -1 0 -1 0 -1 0 -1 0 -1 0 -1 0 -1 0 -1 0 -1 0 -1 0 -1 0 -1 0 -1 0 
  12 10 15 15 20
 160 5 30 5 30 5 30
2586 131072 0 22 208896 0 
  34359738369 1315051091194281984 1835136 0 50465891015 7916447985573822463 2031036 0 

trp_prussian_hussar_mhr_trumpet Prussian_Hussar Trumpeter 0 133170176 0 0 22 0 0
  707 0 1744 0 1441 0 153 0 112 0 1875 0 -1 0 -1 0 -1 0 -1 0 -1 0 -1 0 -1 0 -1 0 -1 0 -1 0 -1 0 -1 0 -1 0 -1 0 -1 0 -1 0 -1 0 -1 0 -1 0 -1 0 -1 0 -1 0 -1 0 -1 0 -1 0 -1 0 -1 0 -1 0 -1 0 -1 0 -1 0 -1 0 -1 0 -1 0 -1 0 -1 0 -1 0 -1 0 -1 0 -1 0 -1 0 -1 0 -1 0 -1 0 -1 0 -1 0 -1 0 -1 0 -1 0 -1 0 -1 0 -1 0 -1 0 -1 0 -1 0 -1 0 -1 0 -1 0 
  12 10 15 15 20
 160 5 30 5 30 5 30
2586 131072 0 22 208896 0 
  34359738369 1315051091194281984 1835136 0 50465891015 7916447985573822463 2031036 0 

trp_prussian_hussar_mhr_elite Prussian_hussar Freiwilliger_Jaeger 0 133170176 0 0 22 0 0
  706 0 1744 0 1442 0 112 0 24 0 156 0 1876 0 -1 0 -1 0 -1 0 -1 0 -1 0 -1 0 -1 0 -1 0 -1 0 -1 0 -1 0 -1 0 -1 0 -1 0 -1 0 -1 0 -1 0 -1 0 -1 0 -1 0 -1 0 -1 0 -1 0 -1 0 -1 0 -1 0 -1 0 -1 0 -1 0 -1 0 -1 0 -1 0 -1 0 -1 0 -1 0 -1 0 -1 0 -1 0 -1 0 -1 0 -1 0 -1 0 -1 0 -1 0 -1 0 -1 0 -1 0 -1 0 -1 0 -1 0 -1 0 -1 0 -1 0 -1 0 -1 0 -1 0 -1 0 
  12 10 15 15 20
 160 5 30 5 30 5 30
2586 131072 0 22 208896 0 
  34359738369 1315051091194281984 1835136 0 50465891015 7916447985573822463 2031036 0 

trp_prussian_landwehr_cav Westfalische_Landwehrkavallerie Lancer 0 133170176 0 0 8 0 0
  638 0 1732 0 1422 0 169 0 112 0 1860 0 1861 0 -1 0 -1 0 -1 0 -1 0 -1 0 -1 0 -1 0 -1 0 -1 0 -1 0 -1 0 -1 0 -1 0 -1 0 -1 0 -1 0 -1 0 -1 0 -1 0 -1 0 -1 0 -1 0 -1 0 -1 0 -1 0 -1 0 -1 0 -1 0 -1 0 -1 0 -1 0 -1 0 -1 0 -1 0 -1 0 -1 0 -1 0 -1 0 -1 0 -1 0 -1 0 -1 0 -1 0 -1 0 -1 0 -1 0 -1 0 -1 0 -1 0 -1 0 -1 0 -1 0 -1 0 -1 0 -1 0 -1 0 -1 0 
  12 10 15 15 20
 50 5 130 5 40 5 30
2586 131072 0 22 208896 0 
  34359738369 1315051091194281984 1835136 0 50465891015 7916447985573822463 2031036 0 

trp_prussian_landwehr_cav_flag_bearer Prussian_Lancer Colour_Bearer 0 133170176 0 0 22 0 0
  639 0 1732 0 1422 0 308 0 112 0 1860 0 1861 0 -1 0 -1 0 -1 0 -1 0 -1 0 -1 0 -1 0 -1 0 -1 0 -1 0 -1 0 -1 0 -1 0 -1 0 -1 0 -1 0 -1 0 -1 0 -1 0 -1 0 -1 0 -1 0 -1 0 -1 0 -1 0 -1 0 -1 0 -1 0 -1 0 -1 0 -1 0 -1 0 -1 0 -1 0 -1 0 -1 0 -1 0 -1 0 -1 0 -1 0 -1 0 -1 0 -1 0 -1 0 -1 0 -1 0 -1 0 -1 0 -1 0 -1 0 -1 0 -1 0 -1 0 -1 0 -1 0 -1 0 -1 0 
  12 10 15 15 20
 150 5 30 5 30 5 30
2586 131072 0 22 208896 0 
  34359738369 1315051091194281984 1835136 0 50465891015 7916447985573822463 2031036 0 

trp_prussian_landwehr_cav_nco Prussian_Lancer Sergeant 0 133170176 0 0 22 0 0
  639 0 1732 0 1422 0 169 0 112 0 1860 0 1861 0 -1 0 -1 0 -1 0 -1 0 -1 0 -1 0 -1 0 -1 0 -1 0 -1 0 -1 0 -1 0 -1 0 -1 0 -1 0 -1 0 -1 0 -1 0 -1 0 -1 0 -1 0 -1 0 -1 0 -1 0 -1 0 -1 0 -1 0 -1 0 -1 0 -1 0 -1 0 -1 0 -1 0 -1 0 -1 0 -1 0 -1 0 -1 0 -1 0 -1 0 -1 0 -1 0 -1 0 -1 0 -1 0 -1 0 -1 0 -1 0 -1 0 -1 0 -1 0 -1 0 -1 0 -1 0 -1 0 -1 0 -1 0 
  12 10 15 15 20
 50 5 130 5 40 5 30
2586 131072 0 22 208896 0 
  34359738369 1315051091194281984 1835136 0 50465891015 7916447985573822463 2031036 0 

trp_prussian_landwehr_cav_officer Prussian_Lancer Officer 0 133170176 0 0 22 0 0
  640 0 1684 0 1423 0 112 0 9 0 157 0 1860 0 1861 0 1819 0 398 0 -1 0 -1 0 -1 0 -1 0 -1 0 -1 0 -1 0 -1 0 -1 0 -1 0 -1 0 -1 0 -1 0 -1 0 -1 0 -1 0 -1 0 -1 0 -1 0 -1 0 -1 0 -1 0 -1 0 -1 0 -1 0 -1 0 -1 0 -1 0 -1 0 -1 0 -1 0 -1 0 -1 0 -1 0 -1 0 -1 0 -1 0 -1 0 -1 0 -1 0 -1 0 -1 0 -1 0 -1 0 -1 0 -1 0 -1 0 -1 0 -1 0 -1 0 -1 0 -1 0 -1 0 -1 0 
  12 10 15 15 20
 150 5 30 5 30 5 30
2586 131072 0 22 208896 0 
  34359738369 1315051091194281984 1835136 0 50465891015 7916447985573822463 2031036 0 

trp_prussian_landwehr_cav_trumpet Prussian_Lancer Trumpeter 0 133170176 0 0 22 0 0
  641 0 1732 0 1422 0 153 0 112 0 1860 0 1861 0 -1 0 -1 0 -1 0 -1 0 -1 0 -1 0 -1 0 -1 0 -1 0 -1 0 -1 0 -1 0 -1 0 -1 0 -1 0 -1 0 -1 0 -1 0 -1 0 -1 0 -1 0 -1 0 -1 0 -1 0 -1 0 -1 0 -1 0 -1 0 -1 0 -1 0 -1 0 -1 0 -1 0 -1 0 -1 0 -1 0 -1 0 -1 0 -1 0 -1 0 -1 0 -1 0 -1 0 -1 0 -1 0 -1 0 -1 0 -1 0 -1 0 -1 0 -1 0 -1 0 -1 0 -1 0 -1 0 -1 0 -1 0 
  12 10 15 15 20
 150 5 30 5 30 5 30
2586 131072 0 22 208896 0 
  34359738369 1315051091194281984 1835136 0 50465891015 7916447985573822463 2031036 0 

trp_prussian_brun_lancer Brunswick_Ulanen-Eskadron Lancer 0 133170176 0 0 8 0 0
  708 0 1745 0 1443 0 170 0 112 0 1877 0 -1 0 -1 0 -1 0 -1 0 -1 0 -1 0 -1 0 -1 0 -1 0 -1 0 -1 0 -1 0 -1 0 -1 0 -1 0 -1 0 -1 0 -1 0 -1 0 -1 0 -1 0 -1 0 -1 0 -1 0 -1 0 -1 0 -1 0 -1 0 -1 0 -1 0 -1 0 -1 0 -1 0 -1 0 -1 0 -1 0 -1 0 -1 0 -1 0 -1 0 -1 0 -1 0 -1 0 -1 0 -1 0 -1 0 -1 0 -1 0 -1 0 -1 0 -1 0 -1 0 -1 0 -1 0 -1 0 -1 0 -1 0 -1 0 
  12 10 15 15 20
 50 5 130 5 40 5 30
2586 131072 0 22 208896 0 
  34359738369 1315051091194281984 1835136 0 50465891015 7916447985573822463 2031036 0 

trp_prussian_brun_lancer_flag_bearer Brunswick_Uhlan Colour_Bearer 0 133170176 0 0 22 0 0
  709 0 1746 0 1444 0 309 0 112 0 1877 0 -1 0 -1 0 -1 0 -1 0 -1 0 -1 0 -1 0 -1 0 -1 0 -1 0 -1 0 -1 0 -1 0 -1 0 -1 0 -1 0 -1 0 -1 0 -1 0 -1 0 -1 0 -1 0 -1 0 -1 0 -1 0 -1 0 -1 0 -1 0 -1 0 -1 0 -1 0 -1 0 -1 0 -1 0 -1 0 -1 0 -1 0 -1 0 -1 0 -1 0 -1 0 -1 0 -1 0 -1 0 -1 0 -1 0 -1 0 -1 0 -1 0 -1 0 -1 0 -1 0 -1 0 -1 0 -1 0 -1 0 -1 0 -1 0 
  12 10 15 15 20
 150 5 30 5 30 5 30
2586 131072 0 22 208896 0 
  34359738369 1315051091194281984 1835136 0 50465891015 7916447985573822463 2031036 0 

trp_prussian_brun_lancer_nco Brunswick_Uhlan Sergeant 0 133170176 0 0 22 0 0
  709 0 1746 0 1444 0 170 0 112 0 1877 0 -1 0 -1 0 -1 0 -1 0 -1 0 -1 0 -1 0 -1 0 -1 0 -1 0 -1 0 -1 0 -1 0 -1 0 -1 0 -1 0 -1 0 -1 0 -1 0 -1 0 -1 0 -1 0 -1 0 -1 0 -1 0 -1 0 -1 0 -1 0 -1 0 -1 0 -1 0 -1 0 -1 0 -1 0 -1 0 -1 0 -1 0 -1 0 -1 0 -1 0 -1 0 -1 0 -1 0 -1 0 -1 0 -1 0 -1 0 -1 0 -1 0 -1 0 -1 0 -1 0 -1 0 -1 0 -1 0 -1 0 -1 0 -1 0 
  12 10 15 15 20
 50 5 130 5 40 5 30
2586 131072 0 22 208896 0 
  34359738369 1315051091194281984 1835136 0 50465891015 7916447985573822463 2031036 0 

trp_prussian_brun_lancer_officer Brunswick_Uhlan Officer 0 133170176 0 0 22 0 0
  710 0 1746 0 1445 0 112 0 9 0 157 0 1878 0 1819 0 398 0 -1 0 -1 0 -1 0 -1 0 -1 0 -1 0 -1 0 -1 0 -1 0 -1 0 -1 0 -1 0 -1 0 -1 0 -1 0 -1 0 -1 0 -1 0 -1 0 -1 0 -1 0 -1 0 -1 0 -1 0 -1 0 -1 0 -1 0 -1 0 -1 0 -1 0 -1 0 -1 0 -1 0 -1 0 -1 0 -1 0 -1 0 -1 0 -1 0 -1 0 -1 0 -1 0 -1 0 -1 0 -1 0 -1 0 -1 0 -1 0 -1 0 -1 0 -1 0 -1 0 -1 0 -1 0 -1 0 
  12 10 15 15 20
 150 5 30 5 30 5 30
2586 131072 0 22 208896 0 
  34359738369 1315051091194281984 1835136 0 50465891015 7916447985573822463 2031036 0 

trp_prussian_brun_lancer_trumpet Brunswick_Uhlan Trumpeter 0 133170176 0 0 22 0 0
  711 0 1745 0 1443 0 153 0 112 0 1879 0 -1 0 -1 0 -1 0 -1 0 -1 0 -1 0 -1 0 -1 0 -1 0 -1 0 -1 0 -1 0 -1 0 -1 0 -1 0 -1 0 -1 0 -1 0 -1 0 -1 0 -1 0 -1 0 -1 0 -1 0 -1 0 -1 0 -1 0 -1 0 -1 0 -1 0 -1 0 -1 0 -1 0 -1 0 -1 0 -1 0 -1 0 -1 0 -1 0 -1 0 -1 0 -1 0 -1 0 -1 0 -1 0 -1 0 -1 0 -1 0 -1 0 -1 0 -1 0 -1 0 -1 0 -1 0 -1 0 -1 0 -1 0 -1 0 
  12 10 15 15 20
 150 5 30 5 30 5 30
2586 131072 0 22 208896 0 
  34359738369 1315051091194281984 1835136 0 50465891015 7916447985573822463 2031036 0 

trp_prussian_cuirassier 3._Brandenburgische_Kurassier_Regiment Heavy_Cavalry 0 133170176 0 0 8 0 0
  643 0 1734 0 1735 0 1427 0 81 0 1867 0 -1 0 -1 0 -1 0 -1 0 -1 0 -1 0 -1 0 -1 0 -1 0 -1 0 -1 0 -1 0 -1 0 -1 0 -1 0 -1 0 -1 0 -1 0 -1 0 -1 0 -1 0 -1 0 -1 0 -1 0 -1 0 -1 0 -1 0 -1 0 -1 0 -1 0 -1 0 -1 0 -1 0 -1 0 -1 0 -1 0 -1 0 -1 0 -1 0 -1 0 -1 0 -1 0 -1 0 -1 0 -1 0 -1 0 -1 0 -1 0 -1 0 -1 0 -1 0 -1 0 -1 0 -1 0 -1 0 -1 0 -1 0 -1 0 
  12 10 15 15 20
 150 5 30 5 30 5 30
2586 131072 0 22 339968 0 
  34359738369 1315051091194281984 1835136 0 50465891015 7916447985573822463 2031036 0 

trp_prussian_cuirassier_flag_bearer Prussian_Cuirassier Colour_Bearer 0 133170176 0 0 22 0 0
  644 0 1734 0 1735 0 1427 0 304 0 81 0 1867 0 -1 0 -1 0 -1 0 -1 0 -1 0 -1 0 -1 0 -1 0 -1 0 -1 0 -1 0 -1 0 -1 0 -1 0 -1 0 -1 0 -1 0 -1 0 -1 0 -1 0 -1 0 -1 0 -1 0 -1 0 -1 0 -1 0 -1 0 -1 0 -1 0 -1 0 -1 0 -1 0 -1 0 -1 0 -1 0 -1 0 -1 0 -1 0 -1 0 -1 0 -1 0 -1 0 -1 0 -1 0 -1 0 -1 0 -1 0 -1 0 -1 0 -1 0 -1 0 -1 0 -1 0 -1 0 -1 0 -1 0 -1 0 
  12 10 15 15 20
 150 5 30 5 30 5 30
2586 131072 0 22 339968 0 
  34359738369 1315051091194281984 1835136 0 50465891015 7916447985573822463 2031036 0 

trp_prussian_cuirassier_nco Prussian_Cuirassier Sergeant 0 133170176 0 0 22 0 0
  644 0 1734 0 1735 0 1427 0 81 0 1867 0 -1 0 -1 0 -1 0 -1 0 -1 0 -1 0 -1 0 -1 0 -1 0 -1 0 -1 0 -1 0 -1 0 -1 0 -1 0 -1 0 -1 0 -1 0 -1 0 -1 0 -1 0 -1 0 -1 0 -1 0 -1 0 -1 0 -1 0 -1 0 -1 0 -1 0 -1 0 -1 0 -1 0 -1 0 -1 0 -1 0 -1 0 -1 0 -1 0 -1 0 -1 0 -1 0 -1 0 -1 0 -1 0 -1 0 -1 0 -1 0 -1 0 -1 0 -1 0 -1 0 -1 0 -1 0 -1 0 -1 0 -1 0 -1 0 
  12 10 15 15 20
 150 5 30 5 30 5 30
2586 131072 0 22 339968 0 
  34359738369 1315051091194281984 1835136 0 50465891015 7916447985573822463 2031036 0 

trp_prussian_cuirassier_officer Prussian_Cuirassier Officer 0 133170176 0 0 22 0 0
  645 0 1734 0 1735 0 1427 0 1822 0 1 0 157 0 83 0 1867 0 398 0 -1 0 -1 0 -1 0 -1 0 -1 0 -1 0 -1 0 -1 0 -1 0 -1 0 -1 0 -1 0 -1 0 -1 0 -1 0 -1 0 -1 0 -1 0 -1 0 -1 0 -1 0 -1 0 -1 0 -1 0 -1 0 -1 0 -1 0 -1 0 -1 0 -1 0 -1 0 -1 0 -1 0 -1 0 -1 0 -1 0 -1 0 -1 0 -1 0 -1 0 -1 0 -1 0 -1 0 -1 0 -1 0 -1 0 -1 0 -1 0 -1 0 -1 0 -1 0 -1 0 -1 0 -1 0 
  12 10 15 15 20
 150 5 30 5 30 5 30
2586 131072 0 22 339968 0 
  34359738369 1315051091194281984 1835136 0 50465891015 7916447985573822463 2031036 0 

trp_prussian_cuirassier_trumpet Prussian_Cuirassier Trumpeter 0 133170176 0 0 22 0 0
  646 0 1734 0 1735 0 1428 0 153 0 81 0 1867 0 -1 0 -1 0 -1 0 -1 0 -1 0 -1 0 -1 0 -1 0 -1 0 -1 0 -1 0 -1 0 -1 0 -1 0 -1 0 -1 0 -1 0 -1 0 -1 0 -1 0 -1 0 -1 0 -1 0 -1 0 -1 0 -1 0 -1 0 -1 0 -1 0 -1 0 -1 0 -1 0 -1 0 -1 0 -1 0 -1 0 -1 0 -1 0 -1 0 -1 0 -1 0 -1 0 -1 0 -1 0 -1 0 -1 0 -1 0 -1 0 -1 0 -1 0 -1 0 -1 0 -1 0 -1 0 -1 0 -1 0 -1 0 
  12 10 15 15 20
 150 5 30 5 30 5 30
2586 131072 0 22 339968 0 
  34359738369 1315051091194281984 1835136 0 50465891015 7916447985573822463 2031036 0 

trp_pruss_cav_silesian 1._Schlesische_Kurassier_Regiment Heavy_Cavalry 0 133170176 0 0 8 0 0
  714 0 1734 0 1735 0 1427 0 81 0 1866 0 -1 0 -1 0 -1 0 -1 0 -1 0 -1 0 -1 0 -1 0 -1 0 -1 0 -1 0 -1 0 -1 0 -1 0 -1 0 -1 0 -1 0 -1 0 -1 0 -1 0 -1 0 -1 0 -1 0 -1 0 -1 0 -1 0 -1 0 -1 0 -1 0 -1 0 -1 0 -1 0 -1 0 -1 0 -1 0 -1 0 -1 0 -1 0 -1 0 -1 0 -1 0 -1 0 -1 0 -1 0 -1 0 -1 0 -1 0 -1 0 -1 0 -1 0 -1 0 -1 0 -1 0 -1 0 -1 0 -1 0 -1 0 -1 0 
  12 10 15 15 20
 150 5 30 5 30 5 30
2586 131072 0 22 339968 0 
  34359738369 1315051091194281984 1835136 0 50465891015 7916447985573822463 2031036 0 

trp_pruss_cav_silesian_flag_bearer Prussian_Cuirassier Colour_Bearer 0 133170176 0 0 22 0 0
  715 0 1734 0 1735 0 1427 0 305 0 81 0 1866 0 -1 0 -1 0 -1 0 -1 0 -1 0 -1 0 -1 0 -1 0 -1 0 -1 0 -1 0 -1 0 -1 0 -1 0 -1 0 -1 0 -1 0 -1 0 -1 0 -1 0 -1 0 -1 0 -1 0 -1 0 -1 0 -1 0 -1 0 -1 0 -1 0 -1 0 -1 0 -1 0 -1 0 -1 0 -1 0 -1 0 -1 0 -1 0 -1 0 -1 0 -1 0 -1 0 -1 0 -1 0 -1 0 -1 0 -1 0 -1 0 -1 0 -1 0 -1 0 -1 0 -1 0 -1 0 -1 0 -1 0 -1 0 
  12 10 15 15 20
 150 5 30 5 30 5 30
2586 131072 0 22 339968 0 
  34359738369 1315051091194281984 1835136 0 50465891015 7916447985573822463 2031036 0 

trp_pruss_cav_silesian_nco Prussian_Cuirassier Sergeant 0 133170176 0 0 22 0 0
  715 0 1734 0 1735 0 1427 0 81 0 1866 0 -1 0 -1 0 -1 0 -1 0 -1 0 -1 0 -1 0 -1 0 -1 0 -1 0 -1 0 -1 0 -1 0 -1 0 -1 0 -1 0 -1 0 -1 0 -1 0 -1 0 -1 0 -1 0 -1 0 -1 0 -1 0 -1 0 -1 0 -1 0 -1 0 -1 0 -1 0 -1 0 -1 0 -1 0 -1 0 -1 0 -1 0 -1 0 -1 0 -1 0 -1 0 -1 0 -1 0 -1 0 -1 0 -1 0 -1 0 -1 0 -1 0 -1 0 -1 0 -1 0 -1 0 -1 0 -1 0 -1 0 -1 0 -1 0 
  12 10 15 15 20
 150 5 30 5 30 5 30
2586 131072 0 22 339968 0 
  34359738369 1315051091194281984 1835136 0 50465891015 7916447985573822463 2031036 0 

trp_pruss_cav_silesian_officer Prussian_Cuirassier Officer 0 133170176 0 0 22 0 0
  716 0 1734 0 1735 0 1427 0 1822 0 1 0 157 0 83 0 1866 0 398 0 -1 0 -1 0 -1 0 -1 0 -1 0 -1 0 -1 0 -1 0 -1 0 -1 0 -1 0 -1 0 -1 0 -1 0 -1 0 -1 0 -1 0 -1 0 -1 0 -1 0 -1 0 -1 0 -1 0 -1 0 -1 0 -1 0 -1 0 -1 0 -1 0 -1 0 -1 0 -1 0 -1 0 -1 0 -1 0 -1 0 -1 0 -1 0 -1 0 -1 0 -1 0 -1 0 -1 0 -1 0 -1 0 -1 0 -1 0 -1 0 -1 0 -1 0 -1 0 -1 0 -1 0 -1 0 
  12 10 15 15 20
 150 5 30 5 30 5 30
2586 131072 0 22 339968 0 
  34359738369 1315051091194281984 1835136 0 50465891015 7916447985573822463 2031036 0 

trp_pruss_cav_silesian_trumpet Prussian_Cuirassier Trumpeter 0 133170176 0 0 22 0 0
  717 0 1734 0 1735 0 1428 0 153 0 81 0 1866 0 -1 0 -1 0 -1 0 -1 0 -1 0 -1 0 -1 0 -1 0 -1 0 -1 0 -1 0 -1 0 -1 0 -1 0 -1 0 -1 0 -1 0 -1 0 -1 0 -1 0 -1 0 -1 0 -1 0 -1 0 -1 0 -1 0 -1 0 -1 0 -1 0 -1 0 -1 0 -1 0 -1 0 -1 0 -1 0 -1 0 -1 0 -1 0 -1 0 -1 0 -1 0 -1 0 -1 0 -1 0 -1 0 -1 0 -1 0 -1 0 -1 0 -1 0 -1 0 -1 0 -1 0 -1 0 -1 0 -1 0 -1 0 
  12 10 15 15 20
 150 5 30 5 30 5 30
2586 131072 0 22 339968 0 
  34359738369 1315051091194281984 1835136 0 50465891015 7916447985573822463 2031036 0 

trp_prussian_arty 36._Regiment_der_Fussartillerie Artillery 0 133169152 0 0 8 0 0
  619 0 1729 0 1409 0 396 0 395 0 123 0 -1 0 -1 0 -1 0 -1 0 -1 0 -1 0 -1 0 -1 0 -1 0 -1 0 -1 0 -1 0 -1 0 -1 0 -1 0 -1 0 -1 0 -1 0 -1 0 -1 0 -1 0 -1 0 -1 0 -1 0 -1 0 -1 0 -1 0 -1 0 -1 0 -1 0 -1 0 -1 0 -1 0 -1 0 -1 0 -1 0 -1 0 -1 0 -1 0 -1 0 -1 0 -1 0 -1 0 -1 0 -1 0 -1 0 -1 0 -1 0 -1 0 -1 0 -1 0 -1 0 -1 0 -1 0 -1 0 -1 0 -1 0 -1 0 
  15 15 15 15 20
 70 5 30 5 30 5 30
2586 131072 0 49 204800 0 
  34359738369 1315051091194281984 1835136 0 50465891015 7916447985573822463 2031036 0 

trp_prussian_arty_guard Artillery_Guard Artillery_Guard 0 133169152 0 0 22 0 0
  619 0 1729 0 1409 0 69 0 156 0 123 0 -1 0 -1 0 -1 0 -1 0 -1 0 -1 0 -1 0 -1 0 -1 0 -1 0 -1 0 -1 0 -1 0 -1 0 -1 0 -1 0 -1 0 -1 0 -1 0 -1 0 -1 0 -1 0 -1 0 -1 0 -1 0 -1 0 -1 0 -1 0 -1 0 -1 0 -1 0 -1 0 -1 0 -1 0 -1 0 -1 0 -1 0 -1 0 -1 0 -1 0 -1 0 -1 0 -1 0 -1 0 -1 0 -1 0 -1 0 -1 0 -1 0 -1 0 -1 0 -1 0 -1 0 -1 0 -1 0 -1 0 -1 0 -1 0 
  15 15 15 15 20
 70 5 30 5 30 5 30
2586 131072 0 49 204800 0 
  34359738369 1315051091194281984 1835136 0 50465891015 7916447985573822463 2031036 0 

trp_prussian_arty_flag_bearer Artillery_Flag_bearer Colour_Bearer 0 133169152 0 0 22 0 0
  619 0 1729 0 1409 0 310 0 123 0 -1 0 -1 0 -1 0 -1 0 -1 0 -1 0 -1 0 -1 0 -1 0 -1 0 -1 0 -1 0 -1 0 -1 0 -1 0 -1 0 -1 0 -1 0 -1 0 -1 0 -1 0 -1 0 -1 0 -1 0 -1 0 -1 0 -1 0 -1 0 -1 0 -1 0 -1 0 -1 0 -1 0 -1 0 -1 0 -1 0 -1 0 -1 0 -1 0 -1 0 -1 0 -1 0 -1 0 -1 0 -1 0 -1 0 -1 0 -1 0 -1 0 -1 0 -1 0 -1 0 -1 0 -1 0 -1 0 -1 0 -1 0 -1 0 -1 0 
  15 15 15 15 20
 70 5 30 5 30 5 30
2586 131072 0 49 204800 0 
  34359738369 1315051091194281984 1835136 0 50465891015 7916447985573822463 2031036 0 

trp_prussian_arty_nco Prussian_Artillerist Artillery_Train 0 133169152 0 0 22 0 0
  620 0 1734 0 1409 0 395 0 1967 0 1983 0 123 0 1999 0 -1 0 -1 0 -1 0 -1 0 -1 0 -1 0 -1 0 -1 0 -1 0 -1 0 -1 0 -1 0 -1 0 -1 0 -1 0 -1 0 -1 0 -1 0 -1 0 -1 0 -1 0 -1 0 -1 0 -1 0 -1 0 -1 0 -1 0 -1 0 -1 0 -1 0 -1 0 -1 0 -1 0 -1 0 -1 0 -1 0 -1 0 -1 0 -1 0 -1 0 -1 0 -1 0 -1 0 -1 0 -1 0 -1 0 -1 0 -1 0 -1 0 -1 0 -1 0 -1 0 -1 0 -1 0 -1 0 -1 0 
  15 15 15 15 20
 80 5 30 5 30 5 30
2586 131072 0 49 204800 0 
  34359738369 1315051091194281984 1835136 0 50465891015 7916447985573822463 2031036 0 

trp_prussian_arty_officer Prussian_Artillerist Officer 0 133169152 0 0 22 0 0
  621 0 1684 0 1408 0 99 0 395 0 1819 0 398 0 -1 0 -1 0 -1 0 -1 0 -1 0 -1 0 -1 0 -1 0 -1 0 -1 0 -1 0 -1 0 -1 0 -1 0 -1 0 -1 0 -1 0 -1 0 -1 0 -1 0 -1 0 -1 0 -1 0 -1 0 -1 0 -1 0 -1 0 -1 0 -1 0 -1 0 -1 0 -1 0 -1 0 -1 0 -1 0 -1 0 -1 0 -1 0 -1 0 -1 0 -1 0 -1 0 -1 0 -1 0 -1 0 -1 0 -1 0 -1 0 -1 0 -1 0 -1 0 -1 0 -1 0 -1 0 -1 0 -1 0 -1 0 
  15 15 15 15 20
 80 5 30 5 30 5 30
2586 131072 0 49 204800 0 
  34359738369 1315051091194281984 1835136 0 50465891015 7916447985573822463 2031036 0 

trp_pruss_horseart Reitende_Batterie_Nr.20 Artillery 0 133169152 0 0 8 0 0
  712 0 1748 0 1447 0 396 0 395 0 123 0 1868 0 -1 0 -1 0 -1 0 -1 0 -1 0 -1 0 -1 0 -1 0 -1 0 -1 0 -1 0 -1 0 -1 0 -1 0 -1 0 -1 0 -1 0 -1 0 -1 0 -1 0 -1 0 -1 0 -1 0 -1 0 -1 0 -1 0 -1 0 -1 0 -1 0 -1 0 -1 0 -1 0 -1 0 -1 0 -1 0 -1 0 -1 0 -1 0 -1 0 -1 0 -1 0 -1 0 -1 0 -1 0 -1 0 -1 0 -1 0 -1 0 -1 0 -1 0 -1 0 -1 0 -1 0 -1 0 -1 0 -1 0 -1 0 
  15 15 15 15 20
 70 5 30 5 30 5 30
2586 131072 0 49 204800 0 
  34359738369 1315051091194281984 1835136 0 50465891015 7916447985573822463 2031036 0 

trp_pruss_horseart_guard Artillery_Guard Artillery_Guard 0 133169152 0 0 22 0 0
  712 0 1748 0 1447 0 69 0 156 0 123 0 1868 0 -1 0 -1 0 -1 0 -1 0 -1 0 -1 0 -1 0 -1 0 -1 0 -1 0 -1 0 -1 0 -1 0 -1 0 -1 0 -1 0 -1 0 -1 0 -1 0 -1 0 -1 0 -1 0 -1 0 -1 0 -1 0 -1 0 -1 0 -1 0 -1 0 -1 0 -1 0 -1 0 -1 0 -1 0 -1 0 -1 0 -1 0 -1 0 -1 0 -1 0 -1 0 -1 0 -1 0 -1 0 -1 0 -1 0 -1 0 -1 0 -1 0 -1 0 -1 0 -1 0 -1 0 -1 0 -1 0 -1 0 -1 0 
  15 15 15 15 20
 70 5 30 5 30 5 30
2586 131072 0 49 204800 0 
  34359738369 1315051091194281984 1835136 0 50465891015 7916447985573822463 2031036 0 

trp_pruss_horseart_flag_bearer Artillery_Flag_bearer Colour_Bearer 0 133169152 0 0 22 0 0
  712 0 1748 0 1447 0 311 0 123 0 1868 0 -1 0 -1 0 -1 0 -1 0 -1 0 -1 0 -1 0 -1 0 -1 0 -1 0 -1 0 -1 0 -1 0 -1 0 -1 0 -1 0 -1 0 -1 0 -1 0 -1 0 -1 0 -1 0 -1 0 -1 0 -1 0 -1 0 -1 0 -1 0 -1 0 -1 0 -1 0 -1 0 -1 0 -1 0 -1 0 -1 0 -1 0 -1 0 -1 0 -1 0 -1 0 -1 0 -1 0 -1 0 -1 0 -1 0 -1 0 -1 0 -1 0 -1 0 -1 0 -1 0 -1 0 -1 0 -1 0 -1 0 -1 0 -1 0 
  15 15 15 15 20
 70 5 30 5 30 5 30
2586 131072 0 49 204800 0 
  34359738369 1315051091194281984 1835136 0 50465891015 7916447985573822463 2031036 0 

trp_pruss_horseart_nco Prussian_Artillerist Artillery_Train 0 133169152 0 0 22 0 0
  712 0 1748 0 1447 0 395 0 1973 0 1989 0 123 0 2006 0 -1 0 -1 0 -1 0 -1 0 -1 0 -1 0 -1 0 -1 0 -1 0 -1 0 -1 0 -1 0 -1 0 -1 0 -1 0 -1 0 -1 0 -1 0 -1 0 -1 0 -1 0 -1 0 -1 0 -1 0 -1 0 -1 0 -1 0 -1 0 -1 0 -1 0 -1 0 -1 0 -1 0 -1 0 -1 0 -1 0 -1 0 -1 0 -1 0 -1 0 -1 0 -1 0 -1 0 -1 0 -1 0 -1 0 -1 0 -1 0 -1 0 -1 0 -1 0 -1 0 -1 0 -1 0 -1 0 -1 0 
  15 15 15 15 20
 80 5 30 5 30 5 30
2586 131072 0 49 204800 0 
  34359738369 1315051091194281984 1835136 0 50465891015 7916447985573822463 2031036 0 

trp_pruss_horseart_officer Prussian_Artillerist Officer 0 133169152 0 0 22 0 0
  713 0 1747 0 1448 0 99 0 395 0 1819 0 398 0 1869 0 -1 0 -1 0 -1 0 -1 0 -1 0 -1 0 -1 0 -1 0 -1 0 -1 0 -1 0 -1 0 -1 0 -1 0 -1 0 -1 0 -1 0 -1 0 -1 0 -1 0 -1 0 -1 0 -1 0 -1 0 -1 0 -1 0 -1 0 -1 0 -1 0 -1 0 -1 0 -1 0 -1 0 -1 0 -1 0 -1 0 -1 0 -1 0 -1 0 -1 0 -1 0 -1 0 -1 0 -1 0 -1 0 -1 0 -1 0 -1 0 -1 0 -1 0 -1 0 -1 0 -1 0 -1 0 -1 0 -1 0 
  15 15 15 15 20
 80 5 30 5 30 5 30
2586 131072 0 49 204800 0 
  34359738369 1315051091194281984 1835136 0 50465891015 7916447985573822463 2031036 0 

trp_prussian_medic Sanitaeter Surgeon 0 133169152 0 0 8 0 0
  653 0 1733 0 1430 0 106 0 408 0 69 0 156 0 -1 0 -1 0 -1 0 -1 0 -1 0 -1 0 -1 0 -1 0 -1 0 -1 0 -1 0 -1 0 -1 0 -1 0 -1 0 -1 0 -1 0 -1 0 -1 0 -1 0 -1 0 -1 0 -1 0 -1 0 -1 0 -1 0 -1 0 -1 0 -1 0 -1 0 -1 0 -1 0 -1 0 -1 0 -1 0 -1 0 -1 0 -1 0 -1 0 -1 0 -1 0 -1 0 -1 0 -1 0 -1 0 -1 0 -1 0 -1 0 -1 0 -1 0 -1 0 -1 0 -1 0 -1 0 -1 0 -1 0 -1 0 
  15 15 15 15 20
 70 5 30 5 30 5 30
2586 131072 0 48 204800 0 
  34359738369 1315051091194281984 1835136 0 50465891015 7916447985573822463 2031036 0 

trp_prussian_sapper 4._Mansfelder_Pionierskorps Engineer 0 133169152 0 0 8 0 0
  652 0 1712 0 1424 0 123 0 410 0 412 0 413 0 -1 0 -1 0 -1 0 -1 0 -1 0 -1 0 -1 0 -1 0 -1 0 -1 0 -1 0 -1 0 -1 0 -1 0 -1 0 -1 0 -1 0 -1 0 -1 0 -1 0 -1 0 -1 0 -1 0 -1 0 -1 0 -1 0 -1 0 -1 0 -1 0 -1 0 -1 0 -1 0 -1 0 -1 0 -1 0 -1 0 -1 0 -1 0 -1 0 -1 0 -1 0 -1 0 -1 0 -1 0 -1 0 -1 0 -1 0 -1 0 -1 0 -1 0 -1 0 -1 0 -1 0 -1 0 -1 0 -1 0 -1 0 
  15 15 15 15 20
 70 5 30 5 30 5 30
2586 131072 0 48 204800 0 
  34359738369 1315051091194281984 1835136 0 50465891015 7916447985573822463 2031036 0 

trp_prussian_horse_sapper 4._Mansfelder_Pionierskorps Engineer_with_horse 0 133169152 0 0 22 0 0
  652 0 1712 0 1424 0 123 0 410 0 412 0 413 0 1868 0 -1 0 -1 0 -1 0 -1 0 -1 0 -1 0 -1 0 -1 0 -1 0 -1 0 -1 0 -1 0 -1 0 -1 0 -1 0 -1 0 -1 0 -1 0 -1 0 -1 0 -1 0 -1 0 -1 0 -1 0 -1 0 -1 0 -1 0 -1 0 -1 0 -1 0 -1 0 -1 0 -1 0 -1 0 -1 0 -1 0 -1 0 -1 0 -1 0 -1 0 -1 0 -1 0 -1 0 -1 0 -1 0 -1 0 -1 0 -1 0 -1 0 -1 0 -1 0 -1 0 -1 0 -1 0 -1 0 -1 0 
  15 15 15 15 20
 70 5 30 5 30 5 30
2586 131072 0 49 204800 0 
  34359738369 1315051091194281984 1835136 0 50465891015 7916447985573822463 2031036 0 

trp_prussian_blucher Generalfeldmarschall_Gebhard_von_Blucher Commander 0 133170176 0 0 8 0 0
  642 0 1733 0 1407 0 95 0 1866 0 1819 0 398 0 -1 0 -1 0 -1 0 -1 0 -1 0 -1 0 -1 0 -1 0 -1 0 -1 0 -1 0 -1 0 -1 0 -1 0 -1 0 -1 0 -1 0 -1 0 -1 0 -1 0 -1 0 -1 0 -1 0 -1 0 -1 0 -1 0 -1 0 -1 0 -1 0 -1 0 -1 0 -1 0 -1 0 -1 0 -1 0 -1 0 -1 0 -1 0 -1 0 -1 0 -1 0 -1 0 -1 0 -1 0 -1 0 -1 0 -1 0 -1 0 -1 0 -1 0 -1 0 -1 0 -1 0 -1 0 -1 0 -1 0 -1 0 
  12 10 15 15 20
 130 5 30 5 30 5 30
2586 131072 0 22 339968 0 
  34359738369 1315051091194281984 1835136 0 50465891015 7916447985573822463 2031036 0 

trp_russian_opol Sankt-Peterburzhskoye_Opolcheniye Line_Militia 0 133169152 0 0 9 0 0
  735 0 1680 0 1681 0 1136 0 156 0 24 0 175 0 101 0 -1 0 -1 0 -1 0 -1 0 -1 0 -1 0 -1 0 -1 0 -1 0 -1 0 -1 0 -1 0 -1 0 -1 0 -1 0 -1 0 -1 0 -1 0 -1 0 -1 0 -1 0 -1 0 -1 0 -1 0 -1 0 -1 0 -1 0 -1 0 -1 0 -1 0 -1 0 -1 0 -1 0 -1 0 -1 0 -1 0 -1 0 -1 0 -1 0 -1 0 -1 0 -1 0 -1 0 -1 0 -1 0 -1 0 -1 0 -1 0 -1 0 -1 0 -1 0 -1 0 -1 0 -1 0 -1 0 -1 0 
  15 15 15 15 20
 50 5 130 5 150 5 30
2586 131072 0 48 208896 0 
  34359738369 1315051091194281984 1835136 0 50465891015 7916447985573822463 2031036 0 

trp_russian_opol_flag_bearer Russian_Militia Colour_Bearer 0 133169152 0 0 23 0 0
  734 0 1679 0 1137 0 234 0 96 0 -1 0 -1 0 -1 0 -1 0 -1 0 -1 0 -1 0 -1 0 -1 0 -1 0 -1 0 -1 0 -1 0 -1 0 -1 0 -1 0 -1 0 -1 0 -1 0 -1 0 -1 0 -1 0 -1 0 -1 0 -1 0 -1 0 -1 0 -1 0 -1 0 -1 0 -1 0 -1 0 -1 0 -1 0 -1 0 -1 0 -1 0 -1 0 -1 0 -1 0 -1 0 -1 0 -1 0 -1 0 -1 0 -1 0 -1 0 -1 0 -1 0 -1 0 -1 0 -1 0 -1 0 -1 0 -1 0 -1 0 -1 0 -1 0 -1 0 
  15 15 15 15 20
 80 5 80 5 50 5 30
2586 131072 0 48 208896 0 
  34359738369 1315051091194281984 1835136 0 50465891015 7916447985573822463 2031036 0 

trp_russian_opol_nco Russian_Militia Sergeant 0 133169152 0 0 23 0 0
  734 0 1679 0 1137 0 156 0 24 0 175 0 101 0 -1 0 -1 0 -1 0 -1 0 -1 0 -1 0 -1 0 -1 0 -1 0 -1 0 -1 0 -1 0 -1 0 -1 0 -1 0 -1 0 -1 0 -1 0 -1 0 -1 0 -1 0 -1 0 -1 0 -1 0 -1 0 -1 0 -1 0 -1 0 -1 0 -1 0 -1 0 -1 0 -1 0 -1 0 -1 0 -1 0 -1 0 -1 0 -1 0 -1 0 -1 0 -1 0 -1 0 -1 0 -1 0 -1 0 -1 0 -1 0 -1 0 -1 0 -1 0 -1 0 -1 0 -1 0 -1 0 -1 0 -1 0 
  15 15 15 15 20
 50 5 130 5 150 5 30
2586 131072 0 48 208896 0 
  34359738369 1315051091194281984 1835136 0 50465891015 7916447985573822463 2031036 0 

trp_russian_opol_officer Russian_Militia Officer 0 133169152 0 0 23 0 0
  734 0 1679 0 1137 0 99 0 157 0 9 0 1819 0 398 0 -1 0 -1 0 -1 0 -1 0 -1 0 -1 0 -1 0 -1 0 -1 0 -1 0 -1 0 -1 0 -1 0 -1 0 -1 0 -1 0 -1 0 -1 0 -1 0 -1 0 -1 0 -1 0 -1 0 -1 0 -1 0 -1 0 -1 0 -1 0 -1 0 -1 0 -1 0 -1 0 -1 0 -1 0 -1 0 -1 0 -1 0 -1 0 -1 0 -1 0 -1 0 -1 0 -1 0 -1 0 -1 0 -1 0 -1 0 -1 0 -1 0 -1 0 -1 0 -1 0 -1 0 -1 0 -1 0 -1 0 
  15 15 15 15 20
 80 5 80 5 50 5 30
2586 131072 0 48 208896 0 
  34359738369 1315051091194281984 1835136 0 50465891015 7916447985573822463 2031036 0 

trp_russian_infantry Simbirskiy_Pehotniy_Polk Line_Infantry 0 133169152 0 0 9 0 0
  718 0 1670 0 1671 0 1141 0 156 0 65 0 96 0 -1 0 -1 0 -1 0 -1 0 -1 0 -1 0 -1 0 -1 0 -1 0 -1 0 -1 0 -1 0 -1 0 -1 0 -1 0 -1 0 -1 0 -1 0 -1 0 -1 0 -1 0 -1 0 -1 0 -1 0 -1 0 -1 0 -1 0 -1 0 -1 0 -1 0 -1 0 -1 0 -1 0 -1 0 -1 0 -1 0 -1 0 -1 0 -1 0 -1 0 -1 0 -1 0 -1 0 -1 0 -1 0 -1 0 -1 0 -1 0 -1 0 -1 0 -1 0 -1 0 -1 0 -1 0 -1 0 -1 0 -1 0 
  15 15 15 15 20
 50 5 130 5 150 5 30
2586 131072 0 48 208896 0 
  34359738369 1315051091194281984 1835136 0 50465891015 7916447985573822463 2031036 0 

trp_russian_infantry_flag_bearer Russian_Line_Infantry Colour_Bearer 0 133169152 0 0 23 0 0
  719 0 1670 0 1671 0 1173 0 239 0 240 0 96 0 -1 0 -1 0 -1 0 -1 0 -1 0 -1 0 -1 0 -1 0 -1 0 -1 0 -1 0 -1 0 -1 0 -1 0 -1 0 -1 0 -1 0 -1 0 -1 0 -1 0 -1 0 -1 0 -1 0 -1 0 -1 0 -1 0 -1 0 -1 0 -1 0 -1 0 -1 0 -1 0 -1 0 -1 0 -1 0 -1 0 -1 0 -1 0 -1 0 -1 0 -1 0 -1 0 -1 0 -1 0 -1 0 -1 0 -1 0 -1 0 -1 0 -1 0 -1 0 -1 0 -1 0 -1 0 -1 0 -1 0 -1 0 
  15 15 15 15 20
 80 5 80 5 50 5 30
2586 131072 0 48 208896 0 
  34359738369 1315051091194281984 1835136 0 50465891015 7916447985573822463 2031036 0 

trp_russian_infantry_nco Russian_Line_Infantry Sergeant 0 133169152 0 0 23 0 0
  719 0 1670 0 1671 0 1173 0 156 0 65 0 96 0 -1 0 -1 0 -1 0 -1 0 -1 0 -1 0 -1 0 -1 0 -1 0 -1 0 -1 0 -1 0 -1 0 -1 0 -1 0 -1 0 -1 0 -1 0 -1 0 -1 0 -1 0 -1 0 -1 0 -1 0 -1 0 -1 0 -1 0 -1 0 -1 0 -1 0 -1 0 -1 0 -1 0 -1 0 -1 0 -1 0 -1 0 -1 0 -1 0 -1 0 -1 0 -1 0 -1 0 -1 0 -1 0 -1 0 -1 0 -1 0 -1 0 -1 0 -1 0 -1 0 -1 0 -1 0 -1 0 -1 0 -1 0 
  15 15 15 15 20
 50 5 130 5 150 5 30
2586 131072 0 48 208896 0 
  34359738369 1315051091194281984 1835136 0 50465891015 7916447985573822463 2031036 0 

trp_russian_infantry_officer Russian_Line_Infantry Officer 0 133169152 0 0 23 0 0
  720 0 1670 0 1671 0 1172 0 99 0 157 0 9 0 1819 0 398 0 -1 0 -1 0 -1 0 -1 0 -1 0 -1 0 -1 0 -1 0 -1 0 -1 0 -1 0 -1 0 -1 0 -1 0 -1 0 -1 0 -1 0 -1 0 -1 0 -1 0 -1 0 -1 0 -1 0 -1 0 -1 0 -1 0 -1 0 -1 0 -1 0 -1 0 -1 0 -1 0 -1 0 -1 0 -1 0 -1 0 -1 0 -1 0 -1 0 -1 0 -1 0 -1 0 -1 0 -1 0 -1 0 -1 0 -1 0 -1 0 -1 0 -1 0 -1 0 -1 0 -1 0 -1 0 -1 0 
  15 15 15 15 20
 80 5 80 5 50 5 30
2586 131072 0 48 208896 0 
  34359738369 1315051091194281984 1835136 0 50465891015 7916447985573822463 2031036 0 

trp_russian_infantry_drum Russian_Line_Infantry Drummer 0 133169152 0 0 23 0 0
  721 0 1670 0 1671 0 1141 0 1820 0 150 0 96 0 -1 0 -1 0 -1 0 -1 0 -1 0 -1 0 -1 0 -1 0 -1 0 -1 0 -1 0 -1 0 -1 0 -1 0 -1 0 -1 0 -1 0 -1 0 -1 0 -1 0 -1 0 -1 0 -1 0 -1 0 -1 0 -1 0 -1 0 -1 0 -1 0 -1 0 -1 0 -1 0 -1 0 -1 0 -1 0 -1 0 -1 0 -1 0 -1 0 -1 0 -1 0 -1 0 -1 0 -1 0 -1 0 -1 0 -1 0 -1 0 -1 0 -1 0 -1 0 -1 0 -1 0 -1 0 -1 0 -1 0 -1 0 
  15 15 15 15 20
 80 5 80 5 50 5 30
2586 131072 0 48 208896 0 
  34359738369 1315051091194281984 1835136 0 50465891015 7916447985573822463 2031036 0 

trp_russian_infantry_flute Russian_Line_Infantry Fifer 0 133169152 0 0 23 0 0
  722 0 1670 0 1671 0 1141 0 151 0 96 0 -1 0 -1 0 -1 0 -1 0 -1 0 -1 0 -1 0 -1 0 -1 0 -1 0 -1 0 -1 0 -1 0 -1 0 -1 0 -1 0 -1 0 -1 0 -1 0 -1 0 -1 0 -1 0 -1 0 -1 0 -1 0 -1 0 -1 0 -1 0 -1 0 -1 0 -1 0 -1 0 -1 0 -1 0 -1 0 -1 0 -1 0 -1 0 -1 0 -1 0 -1 0 -1 0 -1 0 -1 0 -1 0 -1 0 -1 0 -1 0 -1 0 -1 0 -1 0 -1 0 -1 0 -1 0 -1 0 -1 0 -1 0 -1 0 
  15 15 15 15 20
 80 5 80 5 50 5 30
2586 131072 0 48 208896 0 
  34359738369 1315051091194281984 1835136 0 50465891015 7916447985573822463 2031036 0 

trp_russian_grenadier Pavlovskiy_Grenaderskiy_Polk Line_Infantry 0 133169152 0 0 9 0 0
  747 0 1670 0 1671 0 1138 0 156 0 65 0 96 0 -1 0 -1 0 -1 0 -1 0 -1 0 -1 0 -1 0 -1 0 -1 0 -1 0 -1 0 -1 0 -1 0 -1 0 -1 0 -1 0 -1 0 -1 0 -1 0 -1 0 -1 0 -1 0 -1 0 -1 0 -1 0 -1 0 -1 0 -1 0 -1 0 -1 0 -1 0 -1 0 -1 0 -1 0 -1 0 -1 0 -1 0 -1 0 -1 0 -1 0 -1 0 -1 0 -1 0 -1 0 -1 0 -1 0 -1 0 -1 0 -1 0 -1 0 -1 0 -1 0 -1 0 -1 0 -1 0 -1 0 -1 0 
  15 15 15 15 20
 50 5 130 5 150 5 30
2586 131072 0 48 208896 0 
  34359738369 1315051091194281984 1835136 0 50465891015 7916447985573822463 2031036 0 

trp_russian_grenadier_flag_bearer Russian_Grenadier Colour_Bearer 0 133169152 0 0 23 0 0
  746 0 1670 0 1671 0 1138 0 235 0 236 0 96 0 -1 0 -1 0 -1 0 -1 0 -1 0 -1 0 -1 0 -1 0 -1 0 -1 0 -1 0 -1 0 -1 0 -1 0 -1 0 -1 0 -1 0 -1 0 -1 0 -1 0 -1 0 -1 0 -1 0 -1 0 -1 0 -1 0 -1 0 -1 0 -1 0 -1 0 -1 0 -1 0 -1 0 -1 0 -1 0 -1 0 -1 0 -1 0 -1 0 -1 0 -1 0 -1 0 -1 0 -1 0 -1 0 -1 0 -1 0 -1 0 -1 0 -1 0 -1 0 -1 0 -1 0 -1 0 -1 0 -1 0 -1 0 
  15 15 15 15 20
 80 5 80 5 50 5 30
2586 131072 0 48 208896 0 
  34359738369 1315051091194281984 1835136 0 50465891015 7916447985573822463 2031036 0 

trp_russian_grenadier_nco Russian_Grenadier Sergeant 0 133169152 0 0 23 0 0
  746 0 1670 0 1671 0 1138 0 156 0 65 0 96 0 -1 0 -1 0 -1 0 -1 0 -1 0 -1 0 -1 0 -1 0 -1 0 -1 0 -1 0 -1 0 -1 0 -1 0 -1 0 -1 0 -1 0 -1 0 -1 0 -1 0 -1 0 -1 0 -1 0 -1 0 -1 0 -1 0 -1 0 -1 0 -1 0 -1 0 -1 0 -1 0 -1 0 -1 0 -1 0 -1 0 -1 0 -1 0 -1 0 -1 0 -1 0 -1 0 -1 0 -1 0 -1 0 -1 0 -1 0 -1 0 -1 0 -1 0 -1 0 -1 0 -1 0 -1 0 -1 0 -1 0 -1 0 
  15 15 15 15 20
 50 5 130 5 150 5 30
2586 131072 0 48 208896 0 
  34359738369 1315051091194281984 1835136 0 50465891015 7916447985573822463 2031036 0 

trp_russian_grenadier_officer Russian_Grenadier Officer 0 133169152 0 0 23 0 0
  745 0 1670 0 1671 0 1138 0 99 0 157 0 9 0 1819 0 398 0 -1 0 -1 0 -1 0 -1 0 -1 0 -1 0 -1 0 -1 0 -1 0 -1 0 -1 0 -1 0 -1 0 -1 0 -1 0 -1 0 -1 0 -1 0 -1 0 -1 0 -1 0 -1 0 -1 0 -1 0 -1 0 -1 0 -1 0 -1 0 -1 0 -1 0 -1 0 -1 0 -1 0 -1 0 -1 0 -1 0 -1 0 -1 0 -1 0 -1 0 -1 0 -1 0 -1 0 -1 0 -1 0 -1 0 -1 0 -1 0 -1 0 -1 0 -1 0 -1 0 -1 0 -1 0 -1 0 
  15 15 15 15 20
 80 5 80 5 50 5 30
2586 131072 0 48 208896 0 
  34359738369 1315051091194281984 1835136 0 50465891015 7916447985573822463 2031036 0 

trp_russian_grenadier_drum Russian_Grenadier Drummer 0 133169152 0 0 23 0 0
  721 0 1670 0 1671 0 1138 0 1820 0 150 0 96 0 -1 0 -1 0 -1 0 -1 0 -1 0 -1 0 -1 0 -1 0 -1 0 -1 0 -1 0 -1 0 -1 0 -1 0 -1 0 -1 0 -1 0 -1 0 -1 0 -1 0 -1 0 -1 0 -1 0 -1 0 -1 0 -1 0 -1 0 -1 0 -1 0 -1 0 -1 0 -1 0 -1 0 -1 0 -1 0 -1 0 -1 0 -1 0 -1 0 -1 0 -1 0 -1 0 -1 0 -1 0 -1 0 -1 0 -1 0 -1 0 -1 0 -1 0 -1 0 -1 0 -1 0 -1 0 -1 0 -1 0 -1 0 
  15 15 15 15 20
 80 5 80 5 50 5 30
2586 131072 0 48 208896 0 
  34359738369 1315051091194281984 1835136 0 50465891015 7916447985573822463 2031036 0 

trp_russian_grenadier_flute Russian_Grenadier Fifer 0 133169152 0 0 23 0 0
  722 0 1670 0 1671 0 1138 0 151 0 96 0 -1 0 -1 0 -1 0 -1 0 -1 0 -1 0 -1 0 -1 0 -1 0 -1 0 -1 0 -1 0 -1 0 -1 0 -1 0 -1 0 -1 0 -1 0 -1 0 -1 0 -1 0 -1 0 -1 0 -1 0 -1 0 -1 0 -1 0 -1 0 -1 0 -1 0 -1 0 -1 0 -1 0 -1 0 -1 0 -1 0 -1 0 -1 0 -1 0 -1 0 -1 0 -1 0 -1 0 -1 0 -1 0 -1 0 -1 0 -1 0 -1 0 -1 0 -1 0 -1 0 -1 0 -1 0 -1 0 -1 0 -1 0 -1 0 
  15 15 15 15 20
 80 5 80 5 50 5 30
2586 131072 0 48 208896 0 
  34359738369 1315051091194281984 1835136 0 50465891015 7916447985573822463 2031036 0 

trp_russian_butyrskiy_infantry Butyrskiy_Pehotniy_Polk Line_Infantry 0 133169152 0 0 9 0 0
  764 0 1680 0 1141 0 156 0 65 0 96 0 -1 0 -1 0 -1 0 -1 0 -1 0 -1 0 -1 0 -1 0 -1 0 -1 0 -1 0 -1 0 -1 0 -1 0 -1 0 -1 0 -1 0 -1 0 -1 0 -1 0 -1 0 -1 0 -1 0 -1 0 -1 0 -1 0 -1 0 -1 0 -1 0 -1 0 -1 0 -1 0 -1 0 -1 0 -1 0 -1 0 -1 0 -1 0 -1 0 -1 0 -1 0 -1 0 -1 0 -1 0 -1 0 -1 0 -1 0 -1 0 -1 0 -1 0 -1 0 -1 0 -1 0 -1 0 -1 0 -1 0 -1 0 -1 0 
  15 15 15 15 20
 50 5 130 5 150 5 30
2586 131072 0 48 208896 0 
  34359738369 1315051091194281984 1835136 0 50465891015 7916447985573822463 2031036 0 

trp_russian_butyrskiy_infantry_flag_bearer Russian_Line_Infantry Colour_Bearer 0 133169152 0 0 23 0 0
  764 0 1680 0 1173 0 242 0 96 0 -1 0 -1 0 -1 0 -1 0 -1 0 -1 0 -1 0 -1 0 -1 0 -1 0 -1 0 -1 0 -1 0 -1 0 -1 0 -1 0 -1 0 -1 0 -1 0 -1 0 -1 0 -1 0 -1 0 -1 0 -1 0 -1 0 -1 0 -1 0 -1 0 -1 0 -1 0 -1 0 -1 0 -1 0 -1 0 -1 0 -1 0 -1 0 -1 0 -1 0 -1 0 -1 0 -1 0 -1 0 -1 0 -1 0 -1 0 -1 0 -1 0 -1 0 -1 0 -1 0 -1 0 -1 0 -1 0 -1 0 -1 0 -1 0 -1 0 
  15 15 15 15 20
 80 5 80 5 50 5 30
2586 131072 0 48 208896 0 
  34359738369 1315051091194281984 1835136 0 50465891015 7916447985573822463 2031036 0 

trp_russian_butyrskiy_infantry_nco Russian_Line_Infantry Sergeant 0 133169152 0 0 23 0 0
  764 0 1680 0 1173 0 156 0 65 0 96 0 -1 0 -1 0 -1 0 -1 0 -1 0 -1 0 -1 0 -1 0 -1 0 -1 0 -1 0 -1 0 -1 0 -1 0 -1 0 -1 0 -1 0 -1 0 -1 0 -1 0 -1 0 -1 0 -1 0 -1 0 -1 0 -1 0 -1 0 -1 0 -1 0 -1 0 -1 0 -1 0 -1 0 -1 0 -1 0 -1 0 -1 0 -1 0 -1 0 -1 0 -1 0 -1 0 -1 0 -1 0 -1 0 -1 0 -1 0 -1 0 -1 0 -1 0 -1 0 -1 0 -1 0 -1 0 -1 0 -1 0 -1 0 -1 0 
  15 15 15 15 20
 50 5 130 5 150 5 30
2586 131072 0 48 208896 0 
  34359738369 1315051091194281984 1835136 0 50465891015 7916447985573822463 2031036 0 

trp_russian_butyrskiy_infantry_officer Russian_Line_Infantry Officer 0 133169152 0 0 23 0 0
  763 0 1679 0 1187 0 99 0 157 0 9 0 1819 0 398 0 -1 0 -1 0 -1 0 -1 0 -1 0 -1 0 -1 0 -1 0 -1 0 -1 0 -1 0 -1 0 -1 0 -1 0 -1 0 -1 0 -1 0 -1 0 -1 0 -1 0 -1 0 -1 0 -1 0 -1 0 -1 0 -1 0 -1 0 -1 0 -1 0 -1 0 -1 0 -1 0 -1 0 -1 0 -1 0 -1 0 -1 0 -1 0 -1 0 -1 0 -1 0 -1 0 -1 0 -1 0 -1 0 -1 0 -1 0 -1 0 -1 0 -1 0 -1 0 -1 0 -1 0 -1 0 -1 0 -1 0 
  15 15 15 15 20
 80 5 80 5 50 5 30
2586 131072 0 48 208896 0 
  34359738369 1315051091194281984 1835136 0 50465891015 7916447985573822463 2031036 0 

trp_russian_butyrskiy_infantry_drum Russian_Line_Infantry Drummer 0 133169152 0 0 23 0 0
  765 0 1680 0 1141 0 1820 0 150 0 96 0 -1 0 -1 0 -1 0 -1 0 -1 0 -1 0 -1 0 -1 0 -1 0 -1 0 -1 0 -1 0 -1 0 -1 0 -1 0 -1 0 -1 0 -1 0 -1 0 -1 0 -1 0 -1 0 -1 0 -1 0 -1 0 -1 0 -1 0 -1 0 -1 0 -1 0 -1 0 -1 0 -1 0 -1 0 -1 0 -1 0 -1 0 -1 0 -1 0 -1 0 -1 0 -1 0 -1 0 -1 0 -1 0 -1 0 -1 0 -1 0 -1 0 -1 0 -1 0 -1 0 -1 0 -1 0 -1 0 -1 0 -1 0 -1 0 
  15 15 15 15 20
 80 5 80 5 50 5 30
2586 131072 0 48 208896 0 
  34359738369 1315051091194281984 1835136 0 50465891015 7916447985573822463 2031036 0 

trp_russian_butyrskiy_infantry_flute Russian_Line_Infantry Fifer 0 133169152 0 0 23 0 0
  764 0 1680 0 1141 0 151 0 96 0 -1 0 -1 0 -1 0 -1 0 -1 0 -1 0 -1 0 -1 0 -1 0 -1 0 -1 0 -1 0 -1 0 -1 0 -1 0 -1 0 -1 0 -1 0 -1 0 -1 0 -1 0 -1 0 -1 0 -1 0 -1 0 -1 0 -1 0 -1 0 -1 0 -1 0 -1 0 -1 0 -1 0 -1 0 -1 0 -1 0 -1 0 -1 0 -1 0 -1 0 -1 0 -1 0 -1 0 -1 0 -1 0 -1 0 -1 0 -1 0 -1 0 -1 0 -1 0 -1 0 -1 0 -1 0 -1 0 -1 0 -1 0 -1 0 -1 0 
  15 15 15 15 20
 80 5 80 5 50 5 30
2586 131072 0 48 208896 0 
  34359738369 1315051091194281984 1835136 0 50465891015 7916447985573822463 2031036 0 

trp_russian_internal_guard Internal_Guard Line_Infantry 0 133169152 0 0 9 0 0
  766 0 1688 0 1141 0 156 0 65 0 96 0 -1 0 -1 0 -1 0 -1 0 -1 0 -1 0 -1 0 -1 0 -1 0 -1 0 -1 0 -1 0 -1 0 -1 0 -1 0 -1 0 -1 0 -1 0 -1 0 -1 0 -1 0 -1 0 -1 0 -1 0 -1 0 -1 0 -1 0 -1 0 -1 0 -1 0 -1 0 -1 0 -1 0 -1 0 -1 0 -1 0 -1 0 -1 0 -1 0 -1 0 -1 0 -1 0 -1 0 -1 0 -1 0 -1 0 -1 0 -1 0 -1 0 -1 0 -1 0 -1 0 -1 0 -1 0 -1 0 -1 0 -1 0 -1 0 
  15 15 15 15 20
 50 5 130 5 150 5 30
2586 131072 0 48 208896 0 
  34359738369 1315051091194281984 1835136 0 50465891015 7916447985573822463 2031036 0 

trp_russian_internal_guard_flag_bearer Russian_Internal_Guard Colour_Bearer 0 133169152 0 0 23 0 0
  766 0 1688 0 1173 0 243 0 96 0 -1 0 -1 0 -1 0 -1 0 -1 0 -1 0 -1 0 -1 0 -1 0 -1 0 -1 0 -1 0 -1 0 -1 0 -1 0 -1 0 -1 0 -1 0 -1 0 -1 0 -1 0 -1 0 -1 0 -1 0 -1 0 -1 0 -1 0 -1 0 -1 0 -1 0 -1 0 -1 0 -1 0 -1 0 -1 0 -1 0 -1 0 -1 0 -1 0 -1 0 -1 0 -1 0 -1 0 -1 0 -1 0 -1 0 -1 0 -1 0 -1 0 -1 0 -1 0 -1 0 -1 0 -1 0 -1 0 -1 0 -1 0 -1 0 -1 0 
  15 15 15 15 20
 80 5 80 5 50 5 30
2586 131072 0 48 208896 0 
  34359738369 1315051091194281984 1835136 0 50465891015 7916447985573822463 2031036 0 

trp_russian_internal_guard_nco Russian_Internal_Guard Sergeant 0 133169152 0 0 23 0 0
  766 0 1688 0 1173 0 156 0 65 0 96 0 -1 0 -1 0 -1 0 -1 0 -1 0 -1 0 -1 0 -1 0 -1 0 -1 0 -1 0 -1 0 -1 0 -1 0 -1 0 -1 0 -1 0 -1 0 -1 0 -1 0 -1 0 -1 0 -1 0 -1 0 -1 0 -1 0 -1 0 -1 0 -1 0 -1 0 -1 0 -1 0 -1 0 -1 0 -1 0 -1 0 -1 0 -1 0 -1 0 -1 0 -1 0 -1 0 -1 0 -1 0 -1 0 -1 0 -1 0 -1 0 -1 0 -1 0 -1 0 -1 0 -1 0 -1 0 -1 0 -1 0 -1 0 -1 0 
  15 15 15 15 20
 50 5 130 5 150 5 30
2586 131072 0 48 208896 0 
  34359738369 1315051091194281984 1835136 0 50465891015 7916447985573822463 2031036 0 

trp_russian_internal_guard_officer Russian_Internal_Guard Officer 0 133169152 0 0 23 0 0
  767 0 1671 0 1172 0 99 0 157 0 9 0 1819 0 398 0 -1 0 -1 0 -1 0 -1 0 -1 0 -1 0 -1 0 -1 0 -1 0 -1 0 -1 0 -1 0 -1 0 -1 0 -1 0 -1 0 -1 0 -1 0 -1 0 -1 0 -1 0 -1 0 -1 0 -1 0 -1 0 -1 0 -1 0 -1 0 -1 0 -1 0 -1 0 -1 0 -1 0 -1 0 -1 0 -1 0 -1 0 -1 0 -1 0 -1 0 -1 0 -1 0 -1 0 -1 0 -1 0 -1 0 -1 0 -1 0 -1 0 -1 0 -1 0 -1 0 -1 0 -1 0 -1 0 -1 0 
  15 15 15 15 20
 80 5 80 5 50 5 30
2586 131072 0 48 208896 0 
  34359738369 1315051091194281984 1835136 0 50465891015 7916447985573822463 2031036 0 

trp_russian_internal_guard_drum Russian_Internal_Guard Drummer 0 133169152 0 0 23 0 0
  769 0 1688 0 1141 0 1820 0 150 0 96 0 -1 0 -1 0 -1 0 -1 0 -1 0 -1 0 -1 0 -1 0 -1 0 -1 0 -1 0 -1 0 -1 0 -1 0 -1 0 -1 0 -1 0 -1 0 -1 0 -1 0 -1 0 -1 0 -1 0 -1 0 -1 0 -1 0 -1 0 -1 0 -1 0 -1 0 -1 0 -1 0 -1 0 -1 0 -1 0 -1 0 -1 0 -1 0 -1 0 -1 0 -1 0 -1 0 -1 0 -1 0 -1 0 -1 0 -1 0 -1 0 -1 0 -1 0 -1 0 -1 0 -1 0 -1 0 -1 0 -1 0 -1 0 -1 0 
  15 15 15 15 20
 80 5 80 5 50 5 30
2586 131072 0 48 208896 0 
  34359738369 1315051091194281984 1835136 0 50465891015 7916447985573822463 2031036 0 

trp_russian_internal_guard_flute Russian_Internal_Guard Fifer 0 133169152 0 0 23 0 0
  768 0 1688 0 1141 0 151 0 96 0 -1 0 -1 0 -1 0 -1 0 -1 0 -1 0 -1 0 -1 0 -1 0 -1 0 -1 0 -1 0 -1 0 -1 0 -1 0 -1 0 -1 0 -1 0 -1 0 -1 0 -1 0 -1 0 -1 0 -1 0 -1 0 -1 0 -1 0 -1 0 -1 0 -1 0 -1 0 -1 0 -1 0 -1 0 -1 0 -1 0 -1 0 -1 0 -1 0 -1 0 -1 0 -1 0 -1 0 -1 0 -1 0 -1 0 -1 0 -1 0 -1 0 -1 0 -1 0 -1 0 -1 0 -1 0 -1 0 -1 0 -1 0 -1 0 -1 0 
  15 15 15 15 20
 80 5 80 5 50 5 30
2586 131072 0 48 208896 0 
  34359738369 1315051091194281984 1835136 0 50465891015 7916447985573822463 2031036 0 

trp_russian_partizan Partizani Partisan_Irregulars 0 133169152 0 0 9 0 0
  755 0 756 0 1680 0 1681 0 1136 0 1175 0 1176 0 1177 0 1178 0 1179 0 1136 0 1141 0 156 0 24 0 177 0 178 0 179 0 176 0 181 0 180 0 102 0 182 0 183 0 101 0 108 0 109 0 184 0 185 0 186 0 187 0 28 0 -1 0 -1 0 -1 0 -1 0 -1 0 -1 0 -1 0 -1 0 -1 0 -1 0 -1 0 -1 0 -1 0 -1 0 -1 0 -1 0 -1 0 -1 0 -1 0 -1 0 -1 0 -1 0 -1 0 -1 0 -1 0 -1 0 -1 0 -1 0 -1 0 -1 0 -1 0 -1 0 -1 0 
  15 15 15 15 20
 80 5 80 5 130 80 30
2586 131072 0 48 208896 0 
  34359738369 1315051091194281984 1835136 0 50465891015 7916447985573822463 2031036 0 

trp_russian_foot_guard Leib-Gvardii_Preobrazhenskiy_Polk Foot_Guard 0 133169152 0 0 9 0 0
  738 0 1670 0 1671 0 1168 0 156 0 65 0 96 0 -1 0 -1 0 -1 0 -1 0 -1 0 -1 0 -1 0 -1 0 -1 0 -1 0 -1 0 -1 0 -1 0 -1 0 -1 0 -1 0 -1 0 -1 0 -1 0 -1 0 -1 0 -1 0 -1 0 -1 0 -1 0 -1 0 -1 0 -1 0 -1 0 -1 0 -1 0 -1 0 -1 0 -1 0 -1 0 -1 0 -1 0 -1 0 -1 0 -1 0 -1 0 -1 0 -1 0 -1 0 -1 0 -1 0 -1 0 -1 0 -1 0 -1 0 -1 0 -1 0 -1 0 -1 0 -1 0 -1 0 -1 0 
  15 15 15 15 20
 50 5 145 5 150 5 30
2586 131072 0 48 208896 0 
  34359738369 1315051091194281984 1835136 0 50465891015 7916447985573822463 2031036 0 

trp_russian_foot_guard_flag_bearer Russian_Foot_Guard Colour_Bearer 0 133169152 0 0 23 0 0
  737 0 1670 0 1671 0 1166 0 237 0 238 0 96 0 -1 0 -1 0 -1 0 -1 0 -1 0 -1 0 -1 0 -1 0 -1 0 -1 0 -1 0 -1 0 -1 0 -1 0 -1 0 -1 0 -1 0 -1 0 -1 0 -1 0 -1 0 -1 0 -1 0 -1 0 -1 0 -1 0 -1 0 -1 0 -1 0 -1 0 -1 0 -1 0 -1 0 -1 0 -1 0 -1 0 -1 0 -1 0 -1 0 -1 0 -1 0 -1 0 -1 0 -1 0 -1 0 -1 0 -1 0 -1 0 -1 0 -1 0 -1 0 -1 0 -1 0 -1 0 -1 0 -1 0 -1 0 
  15 15 15 15 20
 80 5 80 5 50 5 30
2586 131072 0 48 208896 0 
  34359738369 1315051091194281984 1835136 0 50465891015 7916447985573822463 2031036 0 

trp_russian_foot_guard_nco Russian_Foot_Guard Sergeant 0 133169152 0 0 23 0 0
  737 0 1670 0 1671 0 1166 0 156 0 65 0 96 0 -1 0 -1 0 -1 0 -1 0 -1 0 -1 0 -1 0 -1 0 -1 0 -1 0 -1 0 -1 0 -1 0 -1 0 -1 0 -1 0 -1 0 -1 0 -1 0 -1 0 -1 0 -1 0 -1 0 -1 0 -1 0 -1 0 -1 0 -1 0 -1 0 -1 0 -1 0 -1 0 -1 0 -1 0 -1 0 -1 0 -1 0 -1 0 -1 0 -1 0 -1 0 -1 0 -1 0 -1 0 -1 0 -1 0 -1 0 -1 0 -1 0 -1 0 -1 0 -1 0 -1 0 -1 0 -1 0 -1 0 -1 0 
  15 15 15 15 20
 50 5 145 5 150 5 30
2586 131072 0 48 208896 0 
  34359738369 1315051091194281984 1835136 0 50465891015 7916447985573822463 2031036 0 

trp_russian_foot_guard_officer Russian_Foot_Guard Officer 0 133169152 0 0 23 0 0
  736 0 1670 0 1671 0 1164 0 105 0 157 0 9 0 1819 0 398 0 -1 0 -1 0 -1 0 -1 0 -1 0 -1 0 -1 0 -1 0 -1 0 -1 0 -1 0 -1 0 -1 0 -1 0 -1 0 -1 0 -1 0 -1 0 -1 0 -1 0 -1 0 -1 0 -1 0 -1 0 -1 0 -1 0 -1 0 -1 0 -1 0 -1 0 -1 0 -1 0 -1 0 -1 0 -1 0 -1 0 -1 0 -1 0 -1 0 -1 0 -1 0 -1 0 -1 0 -1 0 -1 0 -1 0 -1 0 -1 0 -1 0 -1 0 -1 0 -1 0 -1 0 -1 0 -1 0 
  15 15 15 15 20
 80 5 80 5 50 5 30
2586 131072 0 48 208896 0 
  34359738369 1315051091194281984 1835136 0 50465891015 7916447985573822463 2031036 0 

trp_russian_foot_guard_drum Russian_Foot_Guard Drummer 0 133169152 0 0 23 0 0
  739 0 1670 0 1671 0 1170 0 1820 0 150 0 96 0 -1 0 -1 0 -1 0 -1 0 -1 0 -1 0 -1 0 -1 0 -1 0 -1 0 -1 0 -1 0 -1 0 -1 0 -1 0 -1 0 -1 0 -1 0 -1 0 -1 0 -1 0 -1 0 -1 0 -1 0 -1 0 -1 0 -1 0 -1 0 -1 0 -1 0 -1 0 -1 0 -1 0 -1 0 -1 0 -1 0 -1 0 -1 0 -1 0 -1 0 -1 0 -1 0 -1 0 -1 0 -1 0 -1 0 -1 0 -1 0 -1 0 -1 0 -1 0 -1 0 -1 0 -1 0 -1 0 -1 0 -1 0 
  15 15 15 15 20
 80 5 80 5 50 5 30
2586 131072 0 48 208896 0 
  34359738369 1315051091194281984 1835136 0 50465891015 7916447985573822463 2031036 0 

trp_russian_foot_guard_flute Russian_Foot_Guard Fifer 0 133169152 0 0 23 0 0
  740 0 1670 0 1671 0 1170 0 151 0 96 0 -1 0 -1 0 -1 0 -1 0 -1 0 -1 0 -1 0 -1 0 -1 0 -1 0 -1 0 -1 0 -1 0 -1 0 -1 0 -1 0 -1 0 -1 0 -1 0 -1 0 -1 0 -1 0 -1 0 -1 0 -1 0 -1 0 -1 0 -1 0 -1 0 -1 0 -1 0 -1 0 -1 0 -1 0 -1 0 -1 0 -1 0 -1 0 -1 0 -1 0 -1 0 -1 0 -1 0 -1 0 -1 0 -1 0 -1 0 -1 0 -1 0 -1 0 -1 0 -1 0 -1 0 -1 0 -1 0 -1 0 -1 0 -1 0 
  15 15 15 15 20
 80 5 80 5 50 5 30
2586 131072 0 48 208896 0 
  34359738369 1315051091194281984 1835136 0 50465891015 7916447985573822463 2031036 0 

trp_russian_litovski_guard Leib-Gvardii_Litovskiy_Polk Foot_Guard 0 133169152 0 0 9 0 0
  772 0 1670 0 1168 0 156 0 65 0 96 0 -1 0 -1 0 -1 0 -1 0 -1 0 -1 0 -1 0 -1 0 -1 0 -1 0 -1 0 -1 0 -1 0 -1 0 -1 0 -1 0 -1 0 -1 0 -1 0 -1 0 -1 0 -1 0 -1 0 -1 0 -1 0 -1 0 -1 0 -1 0 -1 0 -1 0 -1 0 -1 0 -1 0 -1 0 -1 0 -1 0 -1 0 -1 0 -1 0 -1 0 -1 0 -1 0 -1 0 -1 0 -1 0 -1 0 -1 0 -1 0 -1 0 -1 0 -1 0 -1 0 -1 0 -1 0 -1 0 -1 0 -1 0 -1 0 
  15 15 15 15 20
 50 5 145 5 150 5 30
2586 131072 0 48 208896 0 
  34359738369 1315051091194281984 1835136 0 50465891015 7916447985573822463 2031036 0 

trp_russian_litovski_guard_flag_bearer Russian_Foot_Guard Colour_Bearer 0 133169152 0 0 23 0 0
  771 0 1670 0 1166 0 244 0 96 0 -1 0 -1 0 -1 0 -1 0 -1 0 -1 0 -1 0 -1 0 -1 0 -1 0 -1 0 -1 0 -1 0 -1 0 -1 0 -1 0 -1 0 -1 0 -1 0 -1 0 -1 0 -1 0 -1 0 -1 0 -1 0 -1 0 -1 0 -1 0 -1 0 -1 0 -1 0 -1 0 -1 0 -1 0 -1 0 -1 0 -1 0 -1 0 -1 0 -1 0 -1 0 -1 0 -1 0 -1 0 -1 0 -1 0 -1 0 -1 0 -1 0 -1 0 -1 0 -1 0 -1 0 -1 0 -1 0 -1 0 -1 0 -1 0 -1 0 
  15 15 15 15 20
 80 5 80 5 50 5 30
2586 131072 0 48 208896 0 
  34359738369 1315051091194281984 1835136 0 50465891015 7916447985573822463 2031036 0 

trp_russian_litovski_guard_nco Russian_Foot_Guard Sergent 0 133169152 0 0 23 0 0
  771 0 1670 0 1166 0 156 0 65 0 96 0 -1 0 -1 0 -1 0 -1 0 -1 0 -1 0 -1 0 -1 0 -1 0 -1 0 -1 0 -1 0 -1 0 -1 0 -1 0 -1 0 -1 0 -1 0 -1 0 -1 0 -1 0 -1 0 -1 0 -1 0 -1 0 -1 0 -1 0 -1 0 -1 0 -1 0 -1 0 -1 0 -1 0 -1 0 -1 0 -1 0 -1 0 -1 0 -1 0 -1 0 -1 0 -1 0 -1 0 -1 0 -1 0 -1 0 -1 0 -1 0 -1 0 -1 0 -1 0 -1 0 -1 0 -1 0 -1 0 -1 0 -1 0 -1 0 
  15 15 15 15 20
 50 5 145 5 150 5 30
2586 131072 0 48 208896 0 
  34359738369 1315051091194281984 1835136 0 50465891015 7916447985573822463 2031036 0 

trp_russian_litovski_guard_officer Russian_Foot_Guard Officer 0 133169152 0 0 23 0 0
  770 0 1687 0 1164 0 105 0 157 0 9 0 1819 0 398 0 -1 0 -1 0 -1 0 -1 0 -1 0 -1 0 -1 0 -1 0 -1 0 -1 0 -1 0 -1 0 -1 0 -1 0 -1 0 -1 0 -1 0 -1 0 -1 0 -1 0 -1 0 -1 0 -1 0 -1 0 -1 0 -1 0 -1 0 -1 0 -1 0 -1 0 -1 0 -1 0 -1 0 -1 0 -1 0 -1 0 -1 0 -1 0 -1 0 -1 0 -1 0 -1 0 -1 0 -1 0 -1 0 -1 0 -1 0 -1 0 -1 0 -1 0 -1 0 -1 0 -1 0 -1 0 -1 0 -1 0 
  15 15 15 15 20
 80 5 80 5 50 5 30
2586 131072 0 48 208896 0 
  34359738369 1315051091194281984 1835136 0 50465891015 7916447985573822463 2031036 0 

trp_russian_litovski_guard_drum Russian_Foot_Guard Drummer 0 133169152 0 0 23 0 0
  773 0 1670 0 1170 0 1820 0 150 0 96 0 -1 0 -1 0 -1 0 -1 0 -1 0 -1 0 -1 0 -1 0 -1 0 -1 0 -1 0 -1 0 -1 0 -1 0 -1 0 -1 0 -1 0 -1 0 -1 0 -1 0 -1 0 -1 0 -1 0 -1 0 -1 0 -1 0 -1 0 -1 0 -1 0 -1 0 -1 0 -1 0 -1 0 -1 0 -1 0 -1 0 -1 0 -1 0 -1 0 -1 0 -1 0 -1 0 -1 0 -1 0 -1 0 -1 0 -1 0 -1 0 -1 0 -1 0 -1 0 -1 0 -1 0 -1 0 -1 0 -1 0 -1 0 -1 0 
  15 15 15 15 20
 80 5 80 5 50 5 30
2586 131072 0 48 208896 0 
  34359738369 1315051091194281984 1835136 0 50465891015 7916447985573822463 2031036 0 

trp_russian_litovski_guard_flute Russian_Foot_Guard Fifer 0 133169152 0 0 23 0 0
  774 0 1670 0 1170 0 151 0 96 0 -1 0 -1 0 -1 0 -1 0 -1 0 -1 0 -1 0 -1 0 -1 0 -1 0 -1 0 -1 0 -1 0 -1 0 -1 0 -1 0 -1 0 -1 0 -1 0 -1 0 -1 0 -1 0 -1 0 -1 0 -1 0 -1 0 -1 0 -1 0 -1 0 -1 0 -1 0 -1 0 -1 0 -1 0 -1 0 -1 0 -1 0 -1 0 -1 0 -1 0 -1 0 -1 0 -1 0 -1 0 -1 0 -1 0 -1 0 -1 0 -1 0 -1 0 -1 0 -1 0 -1 0 -1 0 -1 0 -1 0 -1 0 -1 0 -1 0 
  15 15 15 15 20
 80 5 80 5 50 5 30
2586 131072 0 48 208896 0 
  34359738369 1315051091194281984 1835136 0 50465891015 7916447985573822463 2031036 0 

trp_russian_finnish_jaeger Finlandskiy_Leib-Yegerskiy_Polk Light_Infantry 0 133169152 0 0 9 0 0
  777 0 1689 0 1189 0 156 0 65 0 24 0 96 0 -1 0 -1 0 -1 0 -1 0 -1 0 -1 0 -1 0 -1 0 -1 0 -1 0 -1 0 -1 0 -1 0 -1 0 -1 0 -1 0 -1 0 -1 0 -1 0 -1 0 -1 0 -1 0 -1 0 -1 0 -1 0 -1 0 -1 0 -1 0 -1 0 -1 0 -1 0 -1 0 -1 0 -1 0 -1 0 -1 0 -1 0 -1 0 -1 0 -1 0 -1 0 -1 0 -1 0 -1 0 -1 0 -1 0 -1 0 -1 0 -1 0 -1 0 -1 0 -1 0 -1 0 -1 0 -1 0 -1 0 -1 0 
  15 15 15 15 20
 50 5 90 5 206 5 30
2586 131072 0 48 135168 0 
  34359738369 1315051091194281984 1835136 0 50465891015 7916447985573822463 2031036 0 

trp_russian_finnish_jaeger_flag_bearer Finnish_Jaeger Colour_Bearer 0 133169152 0 0 23 0 0
  776 0 1689 0 1188 0 245 0 96 0 -1 0 -1 0 -1 0 -1 0 -1 0 -1 0 -1 0 -1 0 -1 0 -1 0 -1 0 -1 0 -1 0 -1 0 -1 0 -1 0 -1 0 -1 0 -1 0 -1 0 -1 0 -1 0 -1 0 -1 0 -1 0 -1 0 -1 0 -1 0 -1 0 -1 0 -1 0 -1 0 -1 0 -1 0 -1 0 -1 0 -1 0 -1 0 -1 0 -1 0 -1 0 -1 0 -1 0 -1 0 -1 0 -1 0 -1 0 -1 0 -1 0 -1 0 -1 0 -1 0 -1 0 -1 0 -1 0 -1 0 -1 0 -1 0 -1 0 
  15 15 15 15 20
 80 5 80 5 50 5 30
2586 131072 0 48 135168 0 
  34359738369 1315051091194281984 1835136 0 50465891015 7916447985573822463 2031036 0 

trp_russian_finnish_jaeger_nco Finnish_Jaeger Sergeant 0 133169152 0 0 23 0 0
  776 0 1689 0 1188 0 156 0 65 0 24 0 96 0 -1 0 -1 0 -1 0 -1 0 -1 0 -1 0 -1 0 -1 0 -1 0 -1 0 -1 0 -1 0 -1 0 -1 0 -1 0 -1 0 -1 0 -1 0 -1 0 -1 0 -1 0 -1 0 -1 0 -1 0 -1 0 -1 0 -1 0 -1 0 -1 0 -1 0 -1 0 -1 0 -1 0 -1 0 -1 0 -1 0 -1 0 -1 0 -1 0 -1 0 -1 0 -1 0 -1 0 -1 0 -1 0 -1 0 -1 0 -1 0 -1 0 -1 0 -1 0 -1 0 -1 0 -1 0 -1 0 -1 0 -1 0 
  15 15 15 15 20
 50 5 90 5 206 5 30
2586 131072 0 48 135168 0 
  34359738369 1315051091194281984 1835136 0 50465891015 7916447985573822463 2031036 0 

trp_russian_finnish_jaeger_officer Finnish_Jaeger Officer 0 133169152 0 0 23 0 0
  775 0 1689 0 1190 0 100 0 157 0 9 0 1819 0 398 0 -1 0 -1 0 -1 0 -1 0 -1 0 -1 0 -1 0 -1 0 -1 0 -1 0 -1 0 -1 0 -1 0 -1 0 -1 0 -1 0 -1 0 -1 0 -1 0 -1 0 -1 0 -1 0 -1 0 -1 0 -1 0 -1 0 -1 0 -1 0 -1 0 -1 0 -1 0 -1 0 -1 0 -1 0 -1 0 -1 0 -1 0 -1 0 -1 0 -1 0 -1 0 -1 0 -1 0 -1 0 -1 0 -1 0 -1 0 -1 0 -1 0 -1 0 -1 0 -1 0 -1 0 -1 0 -1 0 -1 0 
  15 15 15 15 20
 80 5 80 5 50 5 30
2586 131072 0 48 208896 0 
  34359738369 1315051091194281984 1835136 0 50465891015 7916447985573822463 2031036 0 

trp_russian_finnish_jaeger_horn Finnish_Jaeger Hornist 0 133169152 0 0 23 0 0
  778 0 1689 0 1189 0 152 0 96 0 -1 0 -1 0 -1 0 -1 0 -1 0 -1 0 -1 0 -1 0 -1 0 -1 0 -1 0 -1 0 -1 0 -1 0 -1 0 -1 0 -1 0 -1 0 -1 0 -1 0 -1 0 -1 0 -1 0 -1 0 -1 0 -1 0 -1 0 -1 0 -1 0 -1 0 -1 0 -1 0 -1 0 -1 0 -1 0 -1 0 -1 0 -1 0 -1 0 -1 0 -1 0 -1 0 -1 0 -1 0 -1 0 -1 0 -1 0 -1 0 -1 0 -1 0 -1 0 -1 0 -1 0 -1 0 -1 0 -1 0 -1 0 -1 0 -1 0 
  15 15 15 15 20
 80 5 80 5 50 5 30
2586 131072 0 48 135168 0 
  34359738369 1315051091194281984 1835136 0 50465891015 7916447985573822463 2031036 0 

trp_russian_infantry_rifle 21-y_Yegerskiy_Polk Rifleman 0 133169152 0 0 9 0 0
  743 0 1682 0 1162 0 43 0 24 0 156 0 98 0 -1 0 -1 0 -1 0 -1 0 -1 0 -1 0 -1 0 -1 0 -1 0 -1 0 -1 0 -1 0 -1 0 -1 0 -1 0 -1 0 -1 0 -1 0 -1 0 -1 0 -1 0 -1 0 -1 0 -1 0 -1 0 -1 0 -1 0 -1 0 -1 0 -1 0 -1 0 -1 0 -1 0 -1 0 -1 0 -1 0 -1 0 -1 0 -1 0 -1 0 -1 0 -1 0 -1 0 -1 0 -1 0 -1 0 -1 0 -1 0 -1 0 -1 0 -1 0 -1 0 -1 0 -1 0 -1 0 -1 0 -1 0 
  15 15 15 15 20
 50 5 90 5 206 5 30
2586 131072 0 48 135168 0 
  34359738369 1315051091194281984 1835136 0 50465891015 7916447985573822463 2031036 0 

trp_russian_infantry_rifle_flag_bearer Russian_Jaeger Colour_Bearer 0 133169152 0 0 23 0 0
  742 0 1682 0 1161 0 246 0 98 0 -1 0 -1 0 -1 0 -1 0 -1 0 -1 0 -1 0 -1 0 -1 0 -1 0 -1 0 -1 0 -1 0 -1 0 -1 0 -1 0 -1 0 -1 0 -1 0 -1 0 -1 0 -1 0 -1 0 -1 0 -1 0 -1 0 -1 0 -1 0 -1 0 -1 0 -1 0 -1 0 -1 0 -1 0 -1 0 -1 0 -1 0 -1 0 -1 0 -1 0 -1 0 -1 0 -1 0 -1 0 -1 0 -1 0 -1 0 -1 0 -1 0 -1 0 -1 0 -1 0 -1 0 -1 0 -1 0 -1 0 -1 0 -1 0 -1 0 
  15 15 15 15 20
 80 5 80 5 50 5 30
2586 131072 0 48 135168 0 
  34359738369 1315051091194281984 1835136 0 50465891015 7916447985573822463 2031036 0 

trp_russian_infantry_rifle_nco Russian_Jaeger Sergeant 0 133169152 0 0 23 0 0
  742 0 1682 0 1161 0 43 0 24 0 156 0 98 0 -1 0 -1 0 -1 0 -1 0 -1 0 -1 0 -1 0 -1 0 -1 0 -1 0 -1 0 -1 0 -1 0 -1 0 -1 0 -1 0 -1 0 -1 0 -1 0 -1 0 -1 0 -1 0 -1 0 -1 0 -1 0 -1 0 -1 0 -1 0 -1 0 -1 0 -1 0 -1 0 -1 0 -1 0 -1 0 -1 0 -1 0 -1 0 -1 0 -1 0 -1 0 -1 0 -1 0 -1 0 -1 0 -1 0 -1 0 -1 0 -1 0 -1 0 -1 0 -1 0 -1 0 -1 0 -1 0 -1 0 -1 0 
  15 15 15 15 20
 50 5 90 5 206 5 30
2586 131072 0 48 135168 0 
  34359738369 1315051091194281984 1835136 0 50465891015 7916447985573822463 2031036 0 

trp_russian_infantry_rifle_officer Russian_Jaeger Officer 0 133169152 0 0 23 0 0
  741 0 1682 0 1172 0 9 0 157 0 100 0 1819 0 398 0 -1 0 -1 0 -1 0 -1 0 -1 0 -1 0 -1 0 -1 0 -1 0 -1 0 -1 0 -1 0 -1 0 -1 0 -1 0 -1 0 -1 0 -1 0 -1 0 -1 0 -1 0 -1 0 -1 0 -1 0 -1 0 -1 0 -1 0 -1 0 -1 0 -1 0 -1 0 -1 0 -1 0 -1 0 -1 0 -1 0 -1 0 -1 0 -1 0 -1 0 -1 0 -1 0 -1 0 -1 0 -1 0 -1 0 -1 0 -1 0 -1 0 -1 0 -1 0 -1 0 -1 0 -1 0 -1 0 -1 0 
  15 15 15 15 20
 80 5 80 5 50 5 30
2586 131072 0 48 208896 0 
  34359738369 1315051091194281984 1835136 0 50465891015 7916447985573822463 2031036 0 

trp_russian_infantry_rifle_horn Russian_Jaeger Hornist 0 133169152 0 0 23 0 0
  744 0 1682 0 1162 0 152 0 123 0 -1 0 -1 0 -1 0 -1 0 -1 0 -1 0 -1 0 -1 0 -1 0 -1 0 -1 0 -1 0 -1 0 -1 0 -1 0 -1 0 -1 0 -1 0 -1 0 -1 0 -1 0 -1 0 -1 0 -1 0 -1 0 -1 0 -1 0 -1 0 -1 0 -1 0 -1 0 -1 0 -1 0 -1 0 -1 0 -1 0 -1 0 -1 0 -1 0 -1 0 -1 0 -1 0 -1 0 -1 0 -1 0 -1 0 -1 0 -1 0 -1 0 -1 0 -1 0 -1 0 -1 0 -1 0 -1 0 -1 0 -1 0 -1 0 -1 0 
  15 15 15 15 20
 80 5 80 5 50 5 30
2586 131072 0 48 135168 0 
  34359738369 1315051091194281984 1835136 0 50465891015 7916447985573822463 2031036 0 

trp_russian_hussar Sumskoy_Gusarskiy_Polk Hussar 0 133170176 0 0 9 0 0
  725 0 1674 0 1157 0 93 0 1885 0 -1 0 -1 0 -1 0 -1 0 -1 0 -1 0 -1 0 -1 0 -1 0 -1 0 -1 0 -1 0 -1 0 -1 0 -1 0 -1 0 -1 0 -1 0 -1 0 -1 0 -1 0 -1 0 -1 0 -1 0 -1 0 -1 0 -1 0 -1 0 -1 0 -1 0 -1 0 -1 0 -1 0 -1 0 -1 0 -1 0 -1 0 -1 0 -1 0 -1 0 -1 0 -1 0 -1 0 -1 0 -1 0 -1 0 -1 0 -1 0 -1 0 -1 0 -1 0 -1 0 -1 0 -1 0 -1 0 -1 0 -1 0 -1 0 -1 0 
  12 10 15 15 20
 160 5 30 5 30 5 30
2586 131072 0 22 208896 0 
  34359738369 1315051091194281984 1835136 0 50465891015 7916447985573822463 2031036 0 

trp_russian_hussar_flag_bearer Russian_Hussar Colour_Bearer 0 133170176 0 0 23 0 0
  724 0 1672 0 1673 0 1155 0 247 0 93 0 1885 0 -1 0 -1 0 -1 0 -1 0 -1 0 -1 0 -1 0 -1 0 -1 0 -1 0 -1 0 -1 0 -1 0 -1 0 -1 0 -1 0 -1 0 -1 0 -1 0 -1 0 -1 0 -1 0 -1 0 -1 0 -1 0 -1 0 -1 0 -1 0 -1 0 -1 0 -1 0 -1 0 -1 0 -1 0 -1 0 -1 0 -1 0 -1 0 -1 0 -1 0 -1 0 -1 0 -1 0 -1 0 -1 0 -1 0 -1 0 -1 0 -1 0 -1 0 -1 0 -1 0 -1 0 -1 0 -1 0 -1 0 -1 0 
  12 10 15 15 20
 160 5 30 5 30 5 30
2586 131072 0 22 208896 0 
  34359738369 1315051091194281984 1835136 0 50465891015 7916447985573822463 2031036 0 

trp_russian_hussar_nco Russian_Hussar Sergeant 0 133170176 0 0 23 0 0
  724 0 1672 0 1673 0 1155 0 93 0 1885 0 -1 0 -1 0 -1 0 -1 0 -1 0 -1 0 -1 0 -1 0 -1 0 -1 0 -1 0 -1 0 -1 0 -1 0 -1 0 -1 0 -1 0 -1 0 -1 0 -1 0 -1 0 -1 0 -1 0 -1 0 -1 0 -1 0 -1 0 -1 0 -1 0 -1 0 -1 0 -1 0 -1 0 -1 0 -1 0 -1 0 -1 0 -1 0 -1 0 -1 0 -1 0 -1 0 -1 0 -1 0 -1 0 -1 0 -1 0 -1 0 -1 0 -1 0 -1 0 -1 0 -1 0 -1 0 -1 0 -1 0 -1 0 -1 0 
  12 10 15 15 20
 160 5 30 5 30 5 30
2586 131072 0 22 208896 0 
  34359738369 1315051091194281984 1835136 0 50465891015 7916447985573822463 2031036 0 

trp_russian_hussar_officer Russian_Hussar Officer 0 133170176 0 0 23 0 0
  723 0 1675 0 1153 0 157 0 9 0 93 0 1885 0 1819 0 398 0 -1 0 -1 0 -1 0 -1 0 -1 0 -1 0 -1 0 -1 0 -1 0 -1 0 -1 0 -1 0 -1 0 -1 0 -1 0 -1 0 -1 0 -1 0 -1 0 -1 0 -1 0 -1 0 -1 0 -1 0 -1 0 -1 0 -1 0 -1 0 -1 0 -1 0 -1 0 -1 0 -1 0 -1 0 -1 0 -1 0 -1 0 -1 0 -1 0 -1 0 -1 0 -1 0 -1 0 -1 0 -1 0 -1 0 -1 0 -1 0 -1 0 -1 0 -1 0 -1 0 -1 0 -1 0 -1 0 
  12 10 15 15 20
 160 5 30 5 30 5 30
2586 131072 0 22 208896 0 
  34359738369 1315051091194281984 1835136 0 50465891015 7916447985573822463 2031036 0 

trp_russian_hussar_trumpet Russian_Hussar Trumpeter 0 133170176 0 0 23 0 0
  726 0 1672 0 1673 0 1159 0 153 0 93 0 1885 0 -1 0 -1 0 -1 0 -1 0 -1 0 -1 0 -1 0 -1 0 -1 0 -1 0 -1 0 -1 0 -1 0 -1 0 -1 0 -1 0 -1 0 -1 0 -1 0 -1 0 -1 0 -1 0 -1 0 -1 0 -1 0 -1 0 -1 0 -1 0 -1 0 -1 0 -1 0 -1 0 -1 0 -1 0 -1 0 -1 0 -1 0 -1 0 -1 0 -1 0 -1 0 -1 0 -1 0 -1 0 -1 0 -1 0 -1 0 -1 0 -1 0 -1 0 -1 0 -1 0 -1 0 -1 0 -1 0 -1 0 -1 0 
  12 10 15 15 20
 160 5 30 5 30 5 30
2586 131072 0 22 208896 0 
  34359738369 1315051091194281984 1835136 0 50465891015 7916447985573822463 2031036 0 

trp_russian_uhlan Litovskiy_Ulanskiy_Polk Lancer 0 133170176 0 0 9 0 0
  759 0 1686 0 1183 0 174 0 93 0 1884 0 -1 0 -1 0 -1 0 -1 0 -1 0 -1 0 -1 0 -1 0 -1 0 -1 0 -1 0 -1 0 -1 0 -1 0 -1 0 -1 0 -1 0 -1 0 -1 0 -1 0 -1 0 -1 0 -1 0 -1 0 -1 0 -1 0 -1 0 -1 0 -1 0 -1 0 -1 0 -1 0 -1 0 -1 0 -1 0 -1 0 -1 0 -1 0 -1 0 -1 0 -1 0 -1 0 -1 0 -1 0 -1 0 -1 0 -1 0 -1 0 -1 0 -1 0 -1 0 -1 0 -1 0 -1 0 -1 0 -1 0 -1 0 -1 0 
  12 10 15 15 20
 50 5 130 5 40 5 30
2586 131072 0 22 208896 0 
  34359738369 1315051091194281984 1835136 0 50465891015 7916447985573822463 2031036 0 

trp_russian_uhlan_flag_bearer Russian_Uhlan Colour_Bearer 0 133170176 0 0 23 0 0
  758 0 1686 0 1182 0 248 0 93 0 1884 0 -1 0 -1 0 -1 0 -1 0 -1 0 -1 0 -1 0 -1 0 -1 0 -1 0 -1 0 -1 0 -1 0 -1 0 -1 0 -1 0 -1 0 -1 0 -1 0 -1 0 -1 0 -1 0 -1 0 -1 0 -1 0 -1 0 -1 0 -1 0 -1 0 -1 0 -1 0 -1 0 -1 0 -1 0 -1 0 -1 0 -1 0 -1 0 -1 0 -1 0 -1 0 -1 0 -1 0 -1 0 -1 0 -1 0 -1 0 -1 0 -1 0 -1 0 -1 0 -1 0 -1 0 -1 0 -1 0 -1 0 -1 0 -1 0 
  12 10 15 15 20
 150 5 30 5 30 5 30
2586 131072 0 22 208896 0 
  34359738369 1315051091194281984 1835136 0 50465891015 7916447985573822463 2031036 0 

trp_russian_uhlan_nco Russian_Uhlan Sergeant 0 133170176 0 0 23 0 0
  758 0 1686 0 1182 0 174 0 93 0 1884 0 -1 0 -1 0 -1 0 -1 0 -1 0 -1 0 -1 0 -1 0 -1 0 -1 0 -1 0 -1 0 -1 0 -1 0 -1 0 -1 0 -1 0 -1 0 -1 0 -1 0 -1 0 -1 0 -1 0 -1 0 -1 0 -1 0 -1 0 -1 0 -1 0 -1 0 -1 0 -1 0 -1 0 -1 0 -1 0 -1 0 -1 0 -1 0 -1 0 -1 0 -1 0 -1 0 -1 0 -1 0 -1 0 -1 0 -1 0 -1 0 -1 0 -1 0 -1 0 -1 0 -1 0 -1 0 -1 0 -1 0 -1 0 -1 0 
  12 10 15 15 20
 50 5 130 5 40 5 30
2586 131072 0 22 208896 0 
  34359738369 1315051091194281984 1835136 0 50465891015 7916447985573822463 2031036 0 

trp_russian_uhlan_officer Russian_Uhlan Officer 0 133170176 0 0 23 0 0
  757 0 1686 0 1180 0 157 0 9 0 93 0 1884 0 1819 0 398 0 -1 0 -1 0 -1 0 -1 0 -1 0 -1 0 -1 0 -1 0 -1 0 -1 0 -1 0 -1 0 -1 0 -1 0 -1 0 -1 0 -1 0 -1 0 -1 0 -1 0 -1 0 -1 0 -1 0 -1 0 -1 0 -1 0 -1 0 -1 0 -1 0 -1 0 -1 0 -1 0 -1 0 -1 0 -1 0 -1 0 -1 0 -1 0 -1 0 -1 0 -1 0 -1 0 -1 0 -1 0 -1 0 -1 0 -1 0 -1 0 -1 0 -1 0 -1 0 -1 0 -1 0 -1 0 -1 0 
  12 10 15 15 20
 150 5 30 5 30 5 30
2586 131072 0 22 208896 0 
  34359738369 1315051091194281984 1835136 0 50465891015 7916447985573822463 2031036 0 

trp_russian_uhlan_trumpet Russian_Uhlan Trumpeter 0 133170176 0 0 23 0 0
  760 0 1686 0 1185 0 153 0 93 0 1884 0 -1 0 -1 0 -1 0 -1 0 -1 0 -1 0 -1 0 -1 0 -1 0 -1 0 -1 0 -1 0 -1 0 -1 0 -1 0 -1 0 -1 0 -1 0 -1 0 -1 0 -1 0 -1 0 -1 0 -1 0 -1 0 -1 0 -1 0 -1 0 -1 0 -1 0 -1 0 -1 0 -1 0 -1 0 -1 0 -1 0 -1 0 -1 0 -1 0 -1 0 -1 0 -1 0 -1 0 -1 0 -1 0 -1 0 -1 0 -1 0 -1 0 -1 0 -1 0 -1 0 -1 0 -1 0 -1 0 -1 0 -1 0 -1 0 
  12 10 15 15 20
 150 5 30 5 30 5 30
2586 131072 0 22 208896 0 
  34359738369 1315051091194281984 1835136 0 50465891015 7916447985573822463 2031036 0 

trp_russian_cossack Donskoy_Kazachiy_Polk Lancer 0 133170176 0 0 9 0 0
  732 0 1677 0 1152 0 173 0 92 0 104 0 1880 0 1881 0 1882 0 1883 0 -1 0 -1 0 -1 0 -1 0 -1 0 -1 0 -1 0 -1 0 -1 0 -1 0 -1 0 -1 0 -1 0 -1 0 -1 0 -1 0 -1 0 -1 0 -1 0 -1 0 -1 0 -1 0 -1 0 -1 0 -1 0 -1 0 -1 0 -1 0 -1 0 -1 0 -1 0 -1 0 -1 0 -1 0 -1 0 -1 0 -1 0 -1 0 -1 0 -1 0 -1 0 -1 0 -1 0 -1 0 -1 0 -1 0 -1 0 -1 0 -1 0 -1 0 -1 0 -1 0 -1 0 -1 0 
  12 10 15 15 20
 90 5 130 5 40 5 30
2586 131072 0 22 208896 0 
  34359738369 1315051091194281984 1835136 0 50465891015 7916447985573822463 2031036 0 

trp_russian_cossack_flag_bearer Russian_Cossack Colour_Bearer 0 133170176 0 0 23 0 0
  732 0 1677 0 1150 0 249 0 92 0 1880 0 1881 0 1882 0 1883 0 -1 0 -1 0 -1 0 -1 0 -1 0 -1 0 -1 0 -1 0 -1 0 -1 0 -1 0 -1 0 -1 0 -1 0 -1 0 -1 0 -1 0 -1 0 -1 0 -1 0 -1 0 -1 0 -1 0 -1 0 -1 0 -1 0 -1 0 -1 0 -1 0 -1 0 -1 0 -1 0 -1 0 -1 0 -1 0 -1 0 -1 0 -1 0 -1 0 -1 0 -1 0 -1 0 -1 0 -1 0 -1 0 -1 0 -1 0 -1 0 -1 0 -1 0 -1 0 -1 0 -1 0 -1 0 -1 0 
  12 10 15 15 20
 150 5 30 5 30 5 30
2586 131072 0 22 208896 0 
  34359738369 1315051091194281984 1835136 0 50465891015 7916447985573822463 2031036 0 

trp_russian_cossack_nco Russian_Cossack Sergeant 0 133170176 0 0 23 0 0
  732 0 1677 0 1150 0 173 0 92 0 104 0 1880 0 1881 0 1882 0 1883 0 -1 0 -1 0 -1 0 -1 0 -1 0 -1 0 -1 0 -1 0 -1 0 -1 0 -1 0 -1 0 -1 0 -1 0 -1 0 -1 0 -1 0 -1 0 -1 0 -1 0 -1 0 -1 0 -1 0 -1 0 -1 0 -1 0 -1 0 -1 0 -1 0 -1 0 -1 0 -1 0 -1 0 -1 0 -1 0 -1 0 -1 0 -1 0 -1 0 -1 0 -1 0 -1 0 -1 0 -1 0 -1 0 -1 0 -1 0 -1 0 -1 0 -1 0 -1 0 -1 0 -1 0 -1 0 
  12 10 15 15 20
 90 5 130 5 40 5 30
2586 131072 0 22 208896 0 
  34359738369 1315051091194281984 1835136 0 50465891015 7916447985573822463 2031036 0 

trp_russian_cossack_officer Russian_Cossack Officer 0 133170176 0 0 23 0 0
  731 0 1677 0 1148 0 157 0 9 0 92 0 1880 0 1881 0 1882 0 1883 0 1819 0 398 0 -1 0 -1 0 -1 0 -1 0 -1 0 -1 0 -1 0 -1 0 -1 0 -1 0 -1 0 -1 0 -1 0 -1 0 -1 0 -1 0 -1 0 -1 0 -1 0 -1 0 -1 0 -1 0 -1 0 -1 0 -1 0 -1 0 -1 0 -1 0 -1 0 -1 0 -1 0 -1 0 -1 0 -1 0 -1 0 -1 0 -1 0 -1 0 -1 0 -1 0 -1 0 -1 0 -1 0 -1 0 -1 0 -1 0 -1 0 -1 0 -1 0 -1 0 -1 0 -1 0 
  12 10 15 15 20
 150 5 30 5 30 5 30
2586 131072 0 22 208896 0 
  34359738369 1315051091194281984 1835136 0 50465891015 7916447985573822463 2031036 0 

trp_russian_dragoon Kievskiy_Dragunskiy_Polk Dragoon 0 133170176 0 0 9 0 0
  753 0 1684 0 1685 0 1139 0 24 0 27 0 156 0 94 0 1886 0 1819 0 -1 0 -1 0 -1 0 -1 0 -1 0 -1 0 -1 0 -1 0 -1 0 -1 0 -1 0 -1 0 -1 0 -1 0 -1 0 -1 0 -1 0 -1 0 -1 0 -1 0 -1 0 -1 0 -1 0 -1 0 -1 0 -1 0 -1 0 -1 0 -1 0 -1 0 -1 0 -1 0 -1 0 -1 0 -1 0 -1 0 -1 0 -1 0 -1 0 -1 0 -1 0 -1 0 -1 0 -1 0 -1 0 -1 0 -1 0 -1 0 -1 0 -1 0 -1 0 -1 0 -1 0 -1 0 
  12 10 15 15 20
 125 5 30 5 125 5 30
2586 131072 0 37 208896 0 
  34359738369 1315051091194281984 1835136 0 50465891015 7916447985573822463 2031036 0 

trp_russian_dragoon_flag_bearer Russian_Dragoon Colour_Bearer 0 133170176 0 0 23 0 0
  752 0 1684 0 1685 0 1139 0 241 0 94 0 1886 0 1819 0 -1 0 -1 0 -1 0 -1 0 -1 0 -1 0 -1 0 -1 0 -1 0 -1 0 -1 0 -1 0 -1 0 -1 0 -1 0 -1 0 -1 0 -1 0 -1 0 -1 0 -1 0 -1 0 -1 0 -1 0 -1 0 -1 0 -1 0 -1 0 -1 0 -1 0 -1 0 -1 0 -1 0 -1 0 -1 0 -1 0 -1 0 -1 0 -1 0 -1 0 -1 0 -1 0 -1 0 -1 0 -1 0 -1 0 -1 0 -1 0 -1 0 -1 0 -1 0 -1 0 -1 0 -1 0 -1 0 -1 0 
  12 10 15 15 20
 125 5 30 5 125 5 30
2586 131072 0 37 208896 0 
  34359738369 1315051091194281984 1835136 0 50465891015 7916447985573822463 2031036 0 

trp_russian_dragoon_nco Russian_Dragoon Sergeant 0 133170176 0 0 23 0 0
  752 0 1684 0 1685 0 1139 0 24 0 27 0 156 0 94 0 1886 0 1819 0 -1 0 -1 0 -1 0 -1 0 -1 0 -1 0 -1 0 -1 0 -1 0 -1 0 -1 0 -1 0 -1 0 -1 0 -1 0 -1 0 -1 0 -1 0 -1 0 -1 0 -1 0 -1 0 -1 0 -1 0 -1 0 -1 0 -1 0 -1 0 -1 0 -1 0 -1 0 -1 0 -1 0 -1 0 -1 0 -1 0 -1 0 -1 0 -1 0 -1 0 -1 0 -1 0 -1 0 -1 0 -1 0 -1 0 -1 0 -1 0 -1 0 -1 0 -1 0 -1 0 -1 0 -1 0 
  12 10 15 15 20
 125 5 30 5 125 5 30
2586 131072 0 37 208896 0 
  34359738369 1315051091194281984 1835136 0 50465891015 7916447985573822463 2031036 0 

trp_russian_dragoon_officer Russian_Dragoon Officer 0 133170176 0 0 23 0 0
  751 0 1684 0 1685 0 1139 0 157 0 9 0 94 0 1886 0 1819 0 398 0 -1 0 -1 0 -1 0 -1 0 -1 0 -1 0 -1 0 -1 0 -1 0 -1 0 -1 0 -1 0 -1 0 -1 0 -1 0 -1 0 -1 0 -1 0 -1 0 -1 0 -1 0 -1 0 -1 0 -1 0 -1 0 -1 0 -1 0 -1 0 -1 0 -1 0 -1 0 -1 0 -1 0 -1 0 -1 0 -1 0 -1 0 -1 0 -1 0 -1 0 -1 0 -1 0 -1 0 -1 0 -1 0 -1 0 -1 0 -1 0 -1 0 -1 0 -1 0 -1 0 -1 0 -1 0 
  12 10 15 15 20
 130 5 30 5 80 5 30
2586 131072 0 37 208896 0 
  34359738369 1315051091194281984 1835136 0 50465891015 7916447985573822463 2031036 0 

trp_russian_dragoon_trumpet Russian_Dragoon Trumpeter 0 133170176 0 0 23 0 0
  754 0 1684 0 1685 0 1140 0 153 0 94 0 1886 0 1819 0 -1 0 -1 0 -1 0 -1 0 -1 0 -1 0 -1 0 -1 0 -1 0 -1 0 -1 0 -1 0 -1 0 -1 0 -1 0 -1 0 -1 0 -1 0 -1 0 -1 0 -1 0 -1 0 -1 0 -1 0 -1 0 -1 0 -1 0 -1 0 -1 0 -1 0 -1 0 -1 0 -1 0 -1 0 -1 0 -1 0 -1 0 -1 0 -1 0 -1 0 -1 0 -1 0 -1 0 -1 0 -1 0 -1 0 -1 0 -1 0 -1 0 -1 0 -1 0 -1 0 -1 0 -1 0 -1 0 -1 0 
  12 10 15 15 20
 130 5 30 5 80 5 30
2586 131072 0 37 208896 0 
  34359738369 1315051091194281984 1835136 0 50465891015 7916447985573822463 2031036 0 

trp_russian_horse_guard Kavalergardskiy_Polk Cuirassier 0 133170176 0 0 9 0 0
  727 0 1676 0 1142 0 95 0 1887 0 1821 0 -1 0 -1 0 -1 0 -1 0 -1 0 -1 0 -1 0 -1 0 -1 0 -1 0 -1 0 -1 0 -1 0 -1 0 -1 0 -1 0 -1 0 -1 0 -1 0 -1 0 -1 0 -1 0 -1 0 -1 0 -1 0 -1 0 -1 0 -1 0 -1 0 -1 0 -1 0 -1 0 -1 0 -1 0 -1 0 -1 0 -1 0 -1 0 -1 0 -1 0 -1 0 -1 0 -1 0 -1 0 -1 0 -1 0 -1 0 -1 0 -1 0 -1 0 -1 0 -1 0 -1 0 -1 0 -1 0 -1 0 -1 0 -1 0 
  12 10 15 15 20
 140 5 30 5 30 5 30
2586 131072 0 22 339968 0 
  34359738369 1315051091194281984 1835136 0 50465891015 7916447985573822463 2031036 0 

trp_russian_horse_guard_flag_bearer Russian_Cavalry_Guard Colour_Bearer 0 133170176 0 0 23 0 0
  728 0 1676 0 1142 0 250 0 95 0 1887 0 1821 0 -1 0 -1 0 -1 0 -1 0 -1 0 -1 0 -1 0 -1 0 -1 0 -1 0 -1 0 -1 0 -1 0 -1 0 -1 0 -1 0 -1 0 -1 0 -1 0 -1 0 -1 0 -1 0 -1 0 -1 0 -1 0 -1 0 -1 0 -1 0 -1 0 -1 0 -1 0 -1 0 -1 0 -1 0 -1 0 -1 0 -1 0 -1 0 -1 0 -1 0 -1 0 -1 0 -1 0 -1 0 -1 0 -1 0 -1 0 -1 0 -1 0 -1 0 -1 0 -1 0 -1 0 -1 0 -1 0 -1 0 -1 0 
  12 10 15 15 20
 140 5 30 5 30 5 30
2586 131072 0 22 339968 0 
  34359738369 1315051091194281984 1835136 0 50465891015 7916447985573822463 2031036 0 

trp_russian_horse_guard_nco Russian_Cavalry_Guard Sergeant 0 133170176 0 0 23 0 0
  728 0 1676 0 1142 0 95 0 1887 0 1821 0 -1 0 -1 0 -1 0 -1 0 -1 0 -1 0 -1 0 -1 0 -1 0 -1 0 -1 0 -1 0 -1 0 -1 0 -1 0 -1 0 -1 0 -1 0 -1 0 -1 0 -1 0 -1 0 -1 0 -1 0 -1 0 -1 0 -1 0 -1 0 -1 0 -1 0 -1 0 -1 0 -1 0 -1 0 -1 0 -1 0 -1 0 -1 0 -1 0 -1 0 -1 0 -1 0 -1 0 -1 0 -1 0 -1 0 -1 0 -1 0 -1 0 -1 0 -1 0 -1 0 -1 0 -1 0 -1 0 -1 0 -1 0 -1 0 
  12 10 15 15 20
 140 5 30 5 30 5 30
2586 131072 0 22 339968 0 
  34359738369 1315051091194281984 1835136 0 50465891015 7916447985573822463 2031036 0 

trp_russian_horse_guard_officer Russian_Cavalry_Guard Officer 0 133170176 0 0 23 0 0
  729 0 1676 0 1143 0 157 0 9 0 95 0 1887 0 1821 0 398 0 -1 0 -1 0 -1 0 -1 0 -1 0 -1 0 -1 0 -1 0 -1 0 -1 0 -1 0 -1 0 -1 0 -1 0 -1 0 -1 0 -1 0 -1 0 -1 0 -1 0 -1 0 -1 0 -1 0 -1 0 -1 0 -1 0 -1 0 -1 0 -1 0 -1 0 -1 0 -1 0 -1 0 -1 0 -1 0 -1 0 -1 0 -1 0 -1 0 -1 0 -1 0 -1 0 -1 0 -1 0 -1 0 -1 0 -1 0 -1 0 -1 0 -1 0 -1 0 -1 0 -1 0 -1 0 -1 0 
  12 10 15 15 20
 140 5 30 5 30 5 30
2586 131072 0 22 339968 0 
  34359738369 1315051091194281984 1835136 0 50465891015 7916447985573822463 2031036 0 

trp_russian_horse_guard_trumpet Russian_Cavalry_Guard Trumpeter 0 133170176 0 0 23 0 0
  730 0 1684 0 1685 0 1144 0 153 0 95 0 1887 0 1819 0 -1 0 -1 0 -1 0 -1 0 -1 0 -1 0 -1 0 -1 0 -1 0 -1 0 -1 0 -1 0 -1 0 -1 0 -1 0 -1 0 -1 0 -1 0 -1 0 -1 0 -1 0 -1 0 -1 0 -1 0 -1 0 -1 0 -1 0 -1 0 -1 0 -1 0 -1 0 -1 0 -1 0 -1 0 -1 0 -1 0 -1 0 -1 0 -1 0 -1 0 -1 0 -1 0 -1 0 -1 0 -1 0 -1 0 -1 0 -1 0 -1 0 -1 0 -1 0 -1 0 -1 0 -1 0 -1 0 -1 0 
  12 10 15 15 20
 140 5 30 5 30 5 30
2586 131072 0 22 339968 0 
  34359738369 1315051091194281984 1835136 0 50465891015 7916447985573822463 2031036 0 

trp_russian_glukhovskiy_cuirassier Glukhovskiy_Kirasirskiy_Polk Cuirassier 0 133170176 0 0 9 0 0
  779 0 1684 0 1142 0 95 0 1890 0 1821 0 -1 0 -1 0 -1 0 -1 0 -1 0 -1 0 -1 0 -1 0 -1 0 -1 0 -1 0 -1 0 -1 0 -1 0 -1 0 -1 0 -1 0 -1 0 -1 0 -1 0 -1 0 -1 0 -1 0 -1 0 -1 0 -1 0 -1 0 -1 0 -1 0 -1 0 -1 0 -1 0 -1 0 -1 0 -1 0 -1 0 -1 0 -1 0 -1 0 -1 0 -1 0 -1 0 -1 0 -1 0 -1 0 -1 0 -1 0 -1 0 -1 0 -1 0 -1 0 -1 0 -1 0 -1 0 -1 0 -1 0 -1 0 -1 0 
  12 10 15 15 20
 140 5 30 5 30 5 30
2586 131072 0 22 339968 0 
  34359738369 1315051091194281984 1835136 0 50465891015 7916447985573822463 2031036 0 

trp_russian_glukhovskiy_cuirassier_flag_bearer Russian_Cavalry_Guard Colour_Bearer 0 133170176 0 0 23 0 0
  780 0 1684 0 1142 0 251 0 95 0 1890 0 1821 0 -1 0 -1 0 -1 0 -1 0 -1 0 -1 0 -1 0 -1 0 -1 0 -1 0 -1 0 -1 0 -1 0 -1 0 -1 0 -1 0 -1 0 -1 0 -1 0 -1 0 -1 0 -1 0 -1 0 -1 0 -1 0 -1 0 -1 0 -1 0 -1 0 -1 0 -1 0 -1 0 -1 0 -1 0 -1 0 -1 0 -1 0 -1 0 -1 0 -1 0 -1 0 -1 0 -1 0 -1 0 -1 0 -1 0 -1 0 -1 0 -1 0 -1 0 -1 0 -1 0 -1 0 -1 0 -1 0 -1 0 -1 0 
  12 10 15 15 20
 140 5 30 5 30 5 30
2586 131072 0 22 339968 0 
  34359738369 1315051091194281984 1835136 0 50465891015 7916447985573822463 2031036 0 

trp_russian_glukhovskiy_cuirassier_nco Russian_Cavalry_Guard Sergeant 0 133170176 0 0 23 0 0
  780 0 1684 0 1142 0 95 0 1890 0 1821 0 -1 0 -1 0 -1 0 -1 0 -1 0 -1 0 -1 0 -1 0 -1 0 -1 0 -1 0 -1 0 -1 0 -1 0 -1 0 -1 0 -1 0 -1 0 -1 0 -1 0 -1 0 -1 0 -1 0 -1 0 -1 0 -1 0 -1 0 -1 0 -1 0 -1 0 -1 0 -1 0 -1 0 -1 0 -1 0 -1 0 -1 0 -1 0 -1 0 -1 0 -1 0 -1 0 -1 0 -1 0 -1 0 -1 0 -1 0 -1 0 -1 0 -1 0 -1 0 -1 0 -1 0 -1 0 -1 0 -1 0 -1 0 -1 0 
  12 10 15 15 20
 140 5 30 5 30 5 30
2586 131072 0 22 339968 0 
  34359738369 1315051091194281984 1835136 0 50465891015 7916447985573822463 2031036 0 

trp_russian_glukhovskiy_cuirassier_officer Russian_Cavalry_Guard Officer 0 133170176 0 0 23 0 0
  781 0 1676 0 1143 0 157 0 9 0 95 0 1890 0 1821 0 398 0 -1 0 -1 0 -1 0 -1 0 -1 0 -1 0 -1 0 -1 0 -1 0 -1 0 -1 0 -1 0 -1 0 -1 0 -1 0 -1 0 -1 0 -1 0 -1 0 -1 0 -1 0 -1 0 -1 0 -1 0 -1 0 -1 0 -1 0 -1 0 -1 0 -1 0 -1 0 -1 0 -1 0 -1 0 -1 0 -1 0 -1 0 -1 0 -1 0 -1 0 -1 0 -1 0 -1 0 -1 0 -1 0 -1 0 -1 0 -1 0 -1 0 -1 0 -1 0 -1 0 -1 0 -1 0 -1 0 
  12 10 15 15 20
 140 5 30 5 30 5 30
2586 131072 0 22 339968 0 
  34359738369 1315051091194281984 1835136 0 50465891015 7916447985573822463 2031036 0 

trp_russian_glukhovskiy_cuirassier_trumpet Russian_Cavalry_Guard Trumpeter 0 133170176 0 0 23 0 0
  782 0 1684 0 1685 0 1144 0 153 0 95 0 1890 0 1819 0 -1 0 -1 0 -1 0 -1 0 -1 0 -1 0 -1 0 -1 0 -1 0 -1 0 -1 0 -1 0 -1 0 -1 0 -1 0 -1 0 -1 0 -1 0 -1 0 -1 0 -1 0 -1 0 -1 0 -1 0 -1 0 -1 0 -1 0 -1 0 -1 0 -1 0 -1 0 -1 0 -1 0 -1 0 -1 0 -1 0 -1 0 -1 0 -1 0 -1 0 -1 0 -1 0 -1 0 -1 0 -1 0 -1 0 -1 0 -1 0 -1 0 -1 0 -1 0 -1 0 -1 0 -1 0 -1 0 -1 0 
  12 10 15 15 20
 140 5 30 5 30 5 30
2586 131072 0 22 339968 0 
  34359738369 1315051091194281984 1835136 0 50465891015 7916447985573822463 2031036 0 

trp_russian_arty 8-ya_Batarejnaya_Rota Artillery 0 133169152 0 0 9 0 0
  750 0 1683 0 1147 0 396 0 395 0 96 0 -1 0 -1 0 -1 0 -1 0 -1 0 -1 0 -1 0 -1 0 -1 0 -1 0 -1 0 -1 0 -1 0 -1 0 -1 0 -1 0 -1 0 -1 0 -1 0 -1 0 -1 0 -1 0 -1 0 -1 0 -1 0 -1 0 -1 0 -1 0 -1 0 -1 0 -1 0 -1 0 -1 0 -1 0 -1 0 -1 0 -1 0 -1 0 -1 0 -1 0 -1 0 -1 0 -1 0 -1 0 -1 0 -1 0 -1 0 -1 0 -1 0 -1 0 -1 0 -1 0 -1 0 -1 0 -1 0 -1 0 -1 0 -1 0 
  15 15 15 15 20
 70 5 30 5 30 5 30
2586 131072 0 49 204800 0 
  34359738369 1315051091194281984 1835136 0 50465891015 7916447985573822463 2031036 0 

trp_russian_arty_guard Artillery_Guard Artillery_Guard 0 133169152 0 0 23 0 0
  750 0 1683 0 1147 0 156 0 65 0 96 0 -1 0 -1 0 -1 0 -1 0 -1 0 -1 0 -1 0 -1 0 -1 0 -1 0 -1 0 -1 0 -1 0 -1 0 -1 0 -1 0 -1 0 -1 0 -1 0 -1 0 -1 0 -1 0 -1 0 -1 0 -1 0 -1 0 -1 0 -1 0 -1 0 -1 0 -1 0 -1 0 -1 0 -1 0 -1 0 -1 0 -1 0 -1 0 -1 0 -1 0 -1 0 -1 0 -1 0 -1 0 -1 0 -1 0 -1 0 -1 0 -1 0 -1 0 -1 0 -1 0 -1 0 -1 0 -1 0 -1 0 -1 0 -1 0 
  15 15 15 15 20
 70 5 30 5 30 5 30
2586 131072 0 49 204800 0 
  34359738369 1315051091194281984 1835136 0 50465891015 7916447985573822463 2031036 0 

trp_russian_arty_flag_bearer Artillery_Flag_bearer Colour_Bearer 0 133169152 0 0 23 0 0
  750 0 1683 0 1147 0 252 0 96 0 -1 0 -1 0 -1 0 -1 0 -1 0 -1 0 -1 0 -1 0 -1 0 -1 0 -1 0 -1 0 -1 0 -1 0 -1 0 -1 0 -1 0 -1 0 -1 0 -1 0 -1 0 -1 0 -1 0 -1 0 -1 0 -1 0 -1 0 -1 0 -1 0 -1 0 -1 0 -1 0 -1 0 -1 0 -1 0 -1 0 -1 0 -1 0 -1 0 -1 0 -1 0 -1 0 -1 0 -1 0 -1 0 -1 0 -1 0 -1 0 -1 0 -1 0 -1 0 -1 0 -1 0 -1 0 -1 0 -1 0 -1 0 -1 0 -1 0 
  15 15 15 15 20
 70 5 30 5 30 5 30
2586 131072 0 49 204800 0 
  34359738369 1315051091194281984 1835136 0 50465891015 7916447985573822463 2031036 0 

trp_russian_arty_nco Russian_Artillerist Artillery_Train 0 133169152 0 0 23 0 0
  749 0 1685 0 1146 0 395 0 96 0 1965 0 1981 0 1997 0 -1 0 -1 0 -1 0 -1 0 -1 0 -1 0 -1 0 -1 0 -1 0 -1 0 -1 0 -1 0 -1 0 -1 0 -1 0 -1 0 -1 0 -1 0 -1 0 -1 0 -1 0 -1 0 -1 0 -1 0 -1 0 -1 0 -1 0 -1 0 -1 0 -1 0 -1 0 -1 0 -1 0 -1 0 -1 0 -1 0 -1 0 -1 0 -1 0 -1 0 -1 0 -1 0 -1 0 -1 0 -1 0 -1 0 -1 0 -1 0 -1 0 -1 0 -1 0 -1 0 -1 0 -1 0 -1 0 -1 0 
  15 15 15 15 20
 80 5 30 5 30 5 30
2586 131072 0 49 204800 0 
  34359738369 1315051091194281984 1835136 0 50465891015 7916447985573822463 2031036 0 

trp_russian_arty_officer Russian_Artillerist Officer 0 133169152 0 0 23 0 0
  748 0 1683 0 1145 0 99 0 395 0 1819 0 398 0 -1 0 -1 0 -1 0 -1 0 -1 0 -1 0 -1 0 -1 0 -1 0 -1 0 -1 0 -1 0 -1 0 -1 0 -1 0 -1 0 -1 0 -1 0 -1 0 -1 0 -1 0 -1 0 -1 0 -1 0 -1 0 -1 0 -1 0 -1 0 -1 0 -1 0 -1 0 -1 0 -1 0 -1 0 -1 0 -1 0 -1 0 -1 0 -1 0 -1 0 -1 0 -1 0 -1 0 -1 0 -1 0 -1 0 -1 0 -1 0 -1 0 -1 0 -1 0 -1 0 -1 0 -1 0 -1 0 -1 0 -1 0 
  15 15 15 15 20
 80 5 30 5 30 5 30
2586 131072 0 49 204800 0 
  34359738369 1315051091194281984 1835136 0 50465891015 7916447985573822463 2031036 0 

trp_nwe_rus_horse_arty 4-ya_Konno-Artilleriyskaya_Rota Artillery 0 133169152 0 0 9 0 0
  785 0 1690 0 1191 0 396 0 395 0 96 0 1888 0 -1 0 -1 0 -1 0 -1 0 -1 0 -1 0 -1 0 -1 0 -1 0 -1 0 -1 0 -1 0 -1 0 -1 0 -1 0 -1 0 -1 0 -1 0 -1 0 -1 0 -1 0 -1 0 -1 0 -1 0 -1 0 -1 0 -1 0 -1 0 -1 0 -1 0 -1 0 -1 0 -1 0 -1 0 -1 0 -1 0 -1 0 -1 0 -1 0 -1 0 -1 0 -1 0 -1 0 -1 0 -1 0 -1 0 -1 0 -1 0 -1 0 -1 0 -1 0 -1 0 -1 0 -1 0 -1 0 -1 0 -1 0 
  15 15 15 15 20
 70 5 30 5 30 5 30
2586 131072 0 49 204800 0 
  34359738369 1315051091194281984 1835136 0 50465891015 7916447985573822463 2031036 0 

trp_nwe_rus_horse_arty_guard Artillery_Guard Artillery_Guard 0 133169152 0 0 23 0 0
  785 0 1690 0 1191 0 156 0 65 0 96 0 1888 0 -1 0 -1 0 -1 0 -1 0 -1 0 -1 0 -1 0 -1 0 -1 0 -1 0 -1 0 -1 0 -1 0 -1 0 -1 0 -1 0 -1 0 -1 0 -1 0 -1 0 -1 0 -1 0 -1 0 -1 0 -1 0 -1 0 -1 0 -1 0 -1 0 -1 0 -1 0 -1 0 -1 0 -1 0 -1 0 -1 0 -1 0 -1 0 -1 0 -1 0 -1 0 -1 0 -1 0 -1 0 -1 0 -1 0 -1 0 -1 0 -1 0 -1 0 -1 0 -1 0 -1 0 -1 0 -1 0 -1 0 -1 0 
  15 15 15 15 20
 70 5 30 5 30 5 30
2586 131072 0 49 204800 0 
  34359738369 1315051091194281984 1835136 0 50465891015 7916447985573822463 2031036 0 

trp_nwe_rus_horse_arty_flag_bearer Artillery_Flag_bearer Colour_bearer 0 133169152 0 0 23 0 0
  785 0 1690 0 1191 0 253 0 96 0 1888 0 -1 0 -1 0 -1 0 -1 0 -1 0 -1 0 -1 0 -1 0 -1 0 -1 0 -1 0 -1 0 -1 0 -1 0 -1 0 -1 0 -1 0 -1 0 -1 0 -1 0 -1 0 -1 0 -1 0 -1 0 -1 0 -1 0 -1 0 -1 0 -1 0 -1 0 -1 0 -1 0 -1 0 -1 0 -1 0 -1 0 -1 0 -1 0 -1 0 -1 0 -1 0 -1 0 -1 0 -1 0 -1 0 -1 0 -1 0 -1 0 -1 0 -1 0 -1 0 -1 0 -1 0 -1 0 -1 0 -1 0 -1 0 -1 0 
  15 15 15 15 20
 70 5 30 5 30 5 30
2586 131072 0 49 204800 0 
  34359738369 1315051091194281984 1835136 0 50465891015 7916447985573822463 2031036 0 

trp_nwe_rus_horse_arty_nco Russian_Artillerist Artillery_Train 0 133169152 0 0 23 0 0
  784 0 1685 0 1191 0 395 0 96 0 1974 0 1991 0 2007 0 -1 0 -1 0 -1 0 -1 0 -1 0 -1 0 -1 0 -1 0 -1 0 -1 0 -1 0 -1 0 -1 0 -1 0 -1 0 -1 0 -1 0 -1 0 -1 0 -1 0 -1 0 -1 0 -1 0 -1 0 -1 0 -1 0 -1 0 -1 0 -1 0 -1 0 -1 0 -1 0 -1 0 -1 0 -1 0 -1 0 -1 0 -1 0 -1 0 -1 0 -1 0 -1 0 -1 0 -1 0 -1 0 -1 0 -1 0 -1 0 -1 0 -1 0 -1 0 -1 0 -1 0 -1 0 -1 0 -1 0 
  15 15 15 15 20
 80 5 30 5 30 5 30
2586 131072 0 49 204800 0 
  34359738369 1315051091194281984 1835136 0 50465891015 7916447985573822463 2031036 0 

trp_nwe_rus_horse_arty_officer Russian_Artillerist Officer 0 133169152 0 0 23 0 0
  783 0 1690 0 1191 0 99 0 395 0 1819 0 398 0 1889 0 -1 0 -1 0 -1 0 -1 0 -1 0 -1 0 -1 0 -1 0 -1 0 -1 0 -1 0 -1 0 -1 0 -1 0 -1 0 -1 0 -1 0 -1 0 -1 0 -1 0 -1 0 -1 0 -1 0 -1 0 -1 0 -1 0 -1 0 -1 0 -1 0 -1 0 -1 0 -1 0 -1 0 -1 0 -1 0 -1 0 -1 0 -1 0 -1 0 -1 0 -1 0 -1 0 -1 0 -1 0 -1 0 -1 0 -1 0 -1 0 -1 0 -1 0 -1 0 -1 0 -1 0 -1 0 -1 0 -1 0 
  15 15 15 15 20
 80 5 30 5 30 5 30
2586 131072 0 49 204800 0 
  34359738369 1315051091194281984 1835136 0 50465891015 7916447985573822463 2031036 0 

trp_russian_medic Khirurg_ Surgeon 0 133169152 0 0 9 0 0
  762 0 1679 0 1177 0 106 0 408 0 156 0 65 0 -1 0 -1 0 -1 0 -1 0 -1 0 -1 0 -1 0 -1 0 -1 0 -1 0 -1 0 -1 0 -1 0 -1 0 -1 0 -1 0 -1 0 -1 0 -1 0 -1 0 -1 0 -1 0 -1 0 -1 0 -1 0 -1 0 -1 0 -1 0 -1 0 -1 0 -1 0 -1 0 -1 0 -1 0 -1 0 -1 0 -1 0 -1 0 -1 0 -1 0 -1 0 -1 0 -1 0 -1 0 -1 0 -1 0 -1 0 -1 0 -1 0 -1 0 -1 0 -1 0 -1 0 -1 0 -1 0 -1 0 -1 0 
  15 15 15 15 20
 70 5 30 5 30 5 30
2586 131072 0 48 204800 0 
  34359738369 1315051091194281984 1835136 0 50465891015 7916447985573822463 2031036 0 

trp_russian_sapper Saper Engineer 0 133169152 0 0 9 0 0
  761 0 1697 0 1174 0 106 0 411 0 412 0 413 0 -1 0 -1 0 -1 0 -1 0 -1 0 -1 0 -1 0 -1 0 -1 0 -1 0 -1 0 -1 0 -1 0 -1 0 -1 0 -1 0 -1 0 -1 0 -1 0 -1 0 -1 0 -1 0 -1 0 -1 0 -1 0 -1 0 -1 0 -1 0 -1 0 -1 0 -1 0 -1 0 -1 0 -1 0 -1 0 -1 0 -1 0 -1 0 -1 0 -1 0 -1 0 -1 0 -1 0 -1 0 -1 0 -1 0 -1 0 -1 0 -1 0 -1 0 -1 0 -1 0 -1 0 -1 0 -1 0 -1 0 -1 0 
  15 15 15 15 20
 70 5 30 5 30 5 30
2586 131072 0 48 204800 0 
  34359738369 1315051091194281984 1835136 0 50465891015 7916447985573822463 2031036 0 

trp_russian_horse_sapper Saper Engineer_with_horse 0 133169152 0 0 23 0 0
  761 0 1697 0 1174 0 106 0 411 0 412 0 413 0 1888 0 -1 0 -1 0 -1 0 -1 0 -1 0 -1 0 -1 0 -1 0 -1 0 -1 0 -1 0 -1 0 -1 0 -1 0 -1 0 -1 0 -1 0 -1 0 -1 0 -1 0 -1 0 -1 0 -1 0 -1 0 -1 0 -1 0 -1 0 -1 0 -1 0 -1 0 -1 0 -1 0 -1 0 -1 0 -1 0 -1 0 -1 0 -1 0 -1 0 -1 0 -1 0 -1 0 -1 0 -1 0 -1 0 -1 0 -1 0 -1 0 -1 0 -1 0 -1 0 -1 0 -1 0 -1 0 -1 0 -1 0 
  15 15 15 15 20
 70 5 30 5 30 5 30
2586 131072 0 49 204800 0 
  34359738369 1315051091194281984 1835136 0 50465891015 7916447985573822463 2031036 0 

trp_russian_ship_marine Ship_Crew Marine 0 133169152 0 0 9 0 0
  786 0 1691 0 1192 0 65 0 156 0 -1 0 -1 0 -1 0 -1 0 -1 0 -1 0 -1 0 -1 0 -1 0 -1 0 -1 0 -1 0 -1 0 -1 0 -1 0 -1 0 -1 0 -1 0 -1 0 -1 0 -1 0 -1 0 -1 0 -1 0 -1 0 -1 0 -1 0 -1 0 -1 0 -1 0 -1 0 -1 0 -1 0 -1 0 -1 0 -1 0 -1 0 -1 0 -1 0 -1 0 -1 0 -1 0 -1 0 -1 0 -1 0 -1 0 -1 0 -1 0 -1 0 -1 0 -1 0 -1 0 -1 0 -1 0 -1 0 -1 0 -1 0 -1 0 -1 0 
  15 15 15 15 20
 50 5 130 5 150 5 30
2586 131072 0 48 208896 0 
  34359738369 1315051091194281984 1835136 0 50465891015 7916447985573822463 2031036 0 

trp_russian_ship_flag_bearer Ship_Crew Flag_bearer 0 133169152 0 0 23 0 0
  786 0 1691 0 1192 0 254 0 96 0 -1 0 -1 0 -1 0 -1 0 -1 0 -1 0 -1 0 -1 0 -1 0 -1 0 -1 0 -1 0 -1 0 -1 0 -1 0 -1 0 -1 0 -1 0 -1 0 -1 0 -1 0 -1 0 -1 0 -1 0 -1 0 -1 0 -1 0 -1 0 -1 0 -1 0 -1 0 -1 0 -1 0 -1 0 -1 0 -1 0 -1 0 -1 0 -1 0 -1 0 -1 0 -1 0 -1 0 -1 0 -1 0 -1 0 -1 0 -1 0 -1 0 -1 0 -1 0 -1 0 -1 0 -1 0 -1 0 -1 0 -1 0 -1 0 -1 0 
  15 15 15 15 20
 50 5 130 5 150 5 30
2586 131072 0 48 208896 0 
  34359738369 1315051091194281984 1835136 0 50465891015 7916447985573822463 2031036 0 

trp_russian_ship Ship_Crew Ship_Crew 0 133169152 0 0 23 0 0
  1693 0 1177 0 1178 0 1179 0 96 0 106 0 101 0 108 0 187 0 187 0 187 0 187 0 188 0 189 0 189 0 186 0 156 0 28 0 157 0 9 0 9 0 9 0 -1 0 -1 0 -1 0 -1 0 -1 0 -1 0 -1 0 -1 0 -1 0 -1 0 -1 0 -1 0 -1 0 -1 0 -1 0 -1 0 -1 0 -1 0 -1 0 -1 0 -1 0 -1 0 -1 0 -1 0 -1 0 -1 0 -1 0 -1 0 -1 0 -1 0 -1 0 -1 0 -1 0 -1 0 -1 0 -1 0 -1 0 -1 0 -1 0 -1 0 -1 0 -1 0 
  15 15 15 15 20
 80 5 80 5 130 80 30
2586 131072 0 48 208896 0 
  34359738369 1315051091194281984 1835136 0 50465891015 7916447985573822463 2031036 0 

trp_russian_ship_cannon Ship_Crew Naval_Artillery 0 133169152 0 0 23 0 0
  1693 0 1177 0 1178 0 1179 0 396 0 395 0 96 0 -1 0 -1 0 -1 0 -1 0 -1 0 -1 0 -1 0 -1 0 -1 0 -1 0 -1 0 -1 0 -1 0 -1 0 -1 0 -1 0 -1 0 -1 0 -1 0 -1 0 -1 0 -1 0 -1 0 -1 0 -1 0 -1 0 -1 0 -1 0 -1 0 -1 0 -1 0 -1 0 -1 0 -1 0 -1 0 -1 0 -1 0 -1 0 -1 0 -1 0 -1 0 -1 0 -1 0 -1 0 -1 0 -1 0 -1 0 -1 0 -1 0 -1 0 -1 0 -1 0 -1 0 -1 0 -1 0 -1 0 -1 0 
  15 15 15 15 20
 80 5 80 5 130 80 30
2586 131072 0 49 208896 0 
  34359738369 1315051091194281984 1835136 0 50465891015 7916447985573822463 2031036 0 

trp_russian_ship_captain Ship_Crew Kapitan 0 133169152 0 0 23 0 0
  787 0 1692 0 1190 0 105 0 9 0 157 0 398 0 -1 0 -1 0 -1 0 -1 0 -1 0 -1 0 -1 0 -1 0 -1 0 -1 0 -1 0 -1 0 -1 0 -1 0 -1 0 -1 0 -1 0 -1 0 -1 0 -1 0 -1 0 -1 0 -1 0 -1 0 -1 0 -1 0 -1 0 -1 0 -1 0 -1 0 -1 0 -1 0 -1 0 -1 0 -1 0 -1 0 -1 0 -1 0 -1 0 -1 0 -1 0 -1 0 -1 0 -1 0 -1 0 -1 0 -1 0 -1 0 -1 0 -1 0 -1 0 -1 0 -1 0 -1 0 -1 0 -1 0 -1 0 
  15 15 15 15 20
 80 5 80 5 50 5 30
2586 131072 0 48 200704 0 
  34359738369 1315051091194281984 1835136 0 50465891015 7916447985573822463 2031036 0 

trp_kutuzov Feldmarshal_Mikhail_Kutuzov Commander 0 133170176 0 0 9 0 0
  733 0 1678 0 1163 0 95 0 1887 0 1819 0 398 0 -1 0 -1 0 -1 0 -1 0 -1 0 -1 0 -1 0 -1 0 -1 0 -1 0 -1 0 -1 0 -1 0 -1 0 -1 0 -1 0 -1 0 -1 0 -1 0 -1 0 -1 0 -1 0 -1 0 -1 0 -1 0 -1 0 -1 0 -1 0 -1 0 -1 0 -1 0 -1 0 -1 0 -1 0 -1 0 -1 0 -1 0 -1 0 -1 0 -1 0 -1 0 -1 0 -1 0 -1 0 -1 0 -1 0 -1 0 -1 0 -1 0 -1 0 -1 0 -1 0 -1 0 -1 0 -1 0 -1 0 -1 0 
  12 10 15 15 20
 130 5 30 5 30 5 30
2586 131072 0 22 339968 0 
  34359738369 1315051091194281984 1835136 0 50465891015 7916447985573822463 2031036 0 

trp_austrian_4 Infanterie_Regiment_Nr.4_Hoch_und_Deutschmeister Line_Infantry 0 133169152 0 0 10 0 0
  839 0 1329 0 1694 0 156 0 67 0 -1 0 -1 0 -1 0 -1 0 -1 0 -1 0 -1 0 -1 0 -1 0 -1 0 -1 0 -1 0 -1 0 -1 0 -1 0 -1 0 -1 0 -1 0 -1 0 -1 0 -1 0 -1 0 -1 0 -1 0 -1 0 -1 0 -1 0 -1 0 -1 0 -1 0 -1 0 -1 0 -1 0 -1 0 -1 0 -1 0 -1 0 -1 0 -1 0 -1 0 -1 0 -1 0 -1 0 -1 0 -1 0 -1 0 -1 0 -1 0 -1 0 -1 0 -1 0 -1 0 -1 0 -1 0 -1 0 -1 0 -1 0 -1 0 -1 0 
  15 15 15 15 20
 50 5 130 5 150 5 30
2586 131072 0 48 208896 0 
  34359738369 1315051091194281984 1835136 0 50465891015 7916447985573822463 2031036 0 

trp_austrian_4_flag_bearer Austrian_Line_Infantry Colour_Bearer 0 133169152 0 0 24 0 0
  840 0 1327 0 1694 0 316 0 118 0 -1 0 -1 0 -1 0 -1 0 -1 0 -1 0 -1 0 -1 0 -1 0 -1 0 -1 0 -1 0 -1 0 -1 0 -1 0 -1 0 -1 0 -1 0 -1 0 -1 0 -1 0 -1 0 -1 0 -1 0 -1 0 -1 0 -1 0 -1 0 -1 0 -1 0 -1 0 -1 0 -1 0 -1 0 -1 0 -1 0 -1 0 -1 0 -1 0 -1 0 -1 0 -1 0 -1 0 -1 0 -1 0 -1 0 -1 0 -1 0 -1 0 -1 0 -1 0 -1 0 -1 0 -1 0 -1 0 -1 0 -1 0 -1 0 -1 0 
  15 15 15 15 20
 80 5 80 5 50 5 30
2586 131072 0 48 208896 0 
  34359738369 1315051091194281984 1835136 0 50465891015 7916447985573822463 2031036 0 

trp_austrian_4_nco Austrian_Line_Infantry Sergeant 0 133169152 0 0 24 0 0
  840 0 1327 0 1694 0 156 0 67 0 -1 0 -1 0 -1 0 -1 0 -1 0 -1 0 -1 0 -1 0 -1 0 -1 0 -1 0 -1 0 -1 0 -1 0 -1 0 -1 0 -1 0 -1 0 -1 0 -1 0 -1 0 -1 0 -1 0 -1 0 -1 0 -1 0 -1 0 -1 0 -1 0 -1 0 -1 0 -1 0 -1 0 -1 0 -1 0 -1 0 -1 0 -1 0 -1 0 -1 0 -1 0 -1 0 -1 0 -1 0 -1 0 -1 0 -1 0 -1 0 -1 0 -1 0 -1 0 -1 0 -1 0 -1 0 -1 0 -1 0 -1 0 -1 0 -1 0 
  15 15 15 15 20
 50 5 130 5 150 5 30
2586 131072 0 48 208896 0 
  34359738369 1315051091194281984 1835136 0 50465891015 7916447985573822463 2031036 0 

trp_austrian_4_officer Austrian_Line_Infantry Officer 0 133169152 0 0 24 0 0
  841 0 1328 0 1702 0 99 0 157 0 9 0 1819 0 398 0 -1 0 -1 0 -1 0 -1 0 -1 0 -1 0 -1 0 -1 0 -1 0 -1 0 -1 0 -1 0 -1 0 -1 0 -1 0 -1 0 -1 0 -1 0 -1 0 -1 0 -1 0 -1 0 -1 0 -1 0 -1 0 -1 0 -1 0 -1 0 -1 0 -1 0 -1 0 -1 0 -1 0 -1 0 -1 0 -1 0 -1 0 -1 0 -1 0 -1 0 -1 0 -1 0 -1 0 -1 0 -1 0 -1 0 -1 0 -1 0 -1 0 -1 0 -1 0 -1 0 -1 0 -1 0 -1 0 -1 0 
  15 15 15 15 20
 80 5 80 5 50 5 30
2586 131072 0 48 208896 0 
  34359738369 1315051091194281984 1835136 0 50465891015 7916447985573822463 2031036 0 

trp_austrian_4_drum Austrian_Line_Infantry Drummer 0 133169152 0 0 24 0 0
  842 0 1329 0 1694 0 1820 0 150 0 118 0 -1 0 -1 0 -1 0 -1 0 -1 0 -1 0 -1 0 -1 0 -1 0 -1 0 -1 0 -1 0 -1 0 -1 0 -1 0 -1 0 -1 0 -1 0 -1 0 -1 0 -1 0 -1 0 -1 0 -1 0 -1 0 -1 0 -1 0 -1 0 -1 0 -1 0 -1 0 -1 0 -1 0 -1 0 -1 0 -1 0 -1 0 -1 0 -1 0 -1 0 -1 0 -1 0 -1 0 -1 0 -1 0 -1 0 -1 0 -1 0 -1 0 -1 0 -1 0 -1 0 -1 0 -1 0 -1 0 -1 0 -1 0 -1 0 
  15 15 15 15 20
 80 5 80 5 50 5 30
2586 131072 0 48 208896 0 
  34359738369 1315051091194281984 1835136 0 50465891015 7916447985573822463 2031036 0 

trp_austrian_4_flute Austrian_Line_Infantry Fifer 0 133169152 0 0 24 0 0
  843 0 1329 0 1694 0 151 0 118 0 -1 0 -1 0 -1 0 -1 0 -1 0 -1 0 -1 0 -1 0 -1 0 -1 0 -1 0 -1 0 -1 0 -1 0 -1 0 -1 0 -1 0 -1 0 -1 0 -1 0 -1 0 -1 0 -1 0 -1 0 -1 0 -1 0 -1 0 -1 0 -1 0 -1 0 -1 0 -1 0 -1 0 -1 0 -1 0 -1 0 -1 0 -1 0 -1 0 -1 0 -1 0 -1 0 -1 0 -1 0 -1 0 -1 0 -1 0 -1 0 -1 0 -1 0 -1 0 -1 0 -1 0 -1 0 -1 0 -1 0 -1 0 -1 0 -1 0 
  15 15 15 15 20
 80 5 80 5 50 5 30
2586 131072 0 48 208896 0 
  34359738369 1315051091194281984 1835136 0 50465891015 7916447985573822463 2031036 0 

trp_austrian_11 Infanterie_Regiment_Nr.11_Rainer Line_Infantry 0 133169152 0 0 10 0 0
  844 0 1329 0 1694 0 156 0 67 0 -1 0 -1 0 -1 0 -1 0 -1 0 -1 0 -1 0 -1 0 -1 0 -1 0 -1 0 -1 0 -1 0 -1 0 -1 0 -1 0 -1 0 -1 0 -1 0 -1 0 -1 0 -1 0 -1 0 -1 0 -1 0 -1 0 -1 0 -1 0 -1 0 -1 0 -1 0 -1 0 -1 0 -1 0 -1 0 -1 0 -1 0 -1 0 -1 0 -1 0 -1 0 -1 0 -1 0 -1 0 -1 0 -1 0 -1 0 -1 0 -1 0 -1 0 -1 0 -1 0 -1 0 -1 0 -1 0 -1 0 -1 0 -1 0 -1 0 
  15 15 15 15 20
 50 5 130 5 150 5 30
2586 131072 0 48 208896 0 
  34359738369 1315051091194281984 1835136 0 50465891015 7916447985573822463 2031036 0 

trp_austrian_11_flag_bearer Austrian_Line_Infantry Colour_Bearer 0 133169152 0 0 24 0 0
  845 0 1327 0 1694 0 317 0 118 0 -1 0 -1 0 -1 0 -1 0 -1 0 -1 0 -1 0 -1 0 -1 0 -1 0 -1 0 -1 0 -1 0 -1 0 -1 0 -1 0 -1 0 -1 0 -1 0 -1 0 -1 0 -1 0 -1 0 -1 0 -1 0 -1 0 -1 0 -1 0 -1 0 -1 0 -1 0 -1 0 -1 0 -1 0 -1 0 -1 0 -1 0 -1 0 -1 0 -1 0 -1 0 -1 0 -1 0 -1 0 -1 0 -1 0 -1 0 -1 0 -1 0 -1 0 -1 0 -1 0 -1 0 -1 0 -1 0 -1 0 -1 0 -1 0 -1 0 
  15 15 15 15 20
 80 5 80 5 50 5 30
2586 131072 0 48 208896 0 
  34359738369 1315051091194281984 1835136 0 50465891015 7916447985573822463 2031036 0 

trp_austrian_11_nco Austrian_Line_Infantry Sergeant 0 133169152 0 0 24 0 0
  845 0 1327 0 1694 0 156 0 67 0 -1 0 -1 0 -1 0 -1 0 -1 0 -1 0 -1 0 -1 0 -1 0 -1 0 -1 0 -1 0 -1 0 -1 0 -1 0 -1 0 -1 0 -1 0 -1 0 -1 0 -1 0 -1 0 -1 0 -1 0 -1 0 -1 0 -1 0 -1 0 -1 0 -1 0 -1 0 -1 0 -1 0 -1 0 -1 0 -1 0 -1 0 -1 0 -1 0 -1 0 -1 0 -1 0 -1 0 -1 0 -1 0 -1 0 -1 0 -1 0 -1 0 -1 0 -1 0 -1 0 -1 0 -1 0 -1 0 -1 0 -1 0 -1 0 -1 0 
  15 15 15 15 20
 50 5 130 5 150 5 30
2586 131072 0 48 208896 0 
  34359738369 1315051091194281984 1835136 0 50465891015 7916447985573822463 2031036 0 

trp_austrian_11_officer Austrian_Line_Infantry Officer 0 133169152 0 0 24 0 0
  846 0 1328 0 1702 0 99 0 157 0 9 0 1819 0 398 0 -1 0 -1 0 -1 0 -1 0 -1 0 -1 0 -1 0 -1 0 -1 0 -1 0 -1 0 -1 0 -1 0 -1 0 -1 0 -1 0 -1 0 -1 0 -1 0 -1 0 -1 0 -1 0 -1 0 -1 0 -1 0 -1 0 -1 0 -1 0 -1 0 -1 0 -1 0 -1 0 -1 0 -1 0 -1 0 -1 0 -1 0 -1 0 -1 0 -1 0 -1 0 -1 0 -1 0 -1 0 -1 0 -1 0 -1 0 -1 0 -1 0 -1 0 -1 0 -1 0 -1 0 -1 0 -1 0 -1 0 
  15 15 15 15 20
 80 5 80 5 50 5 30
2586 131072 0 48 208896 0 
  34359738369 1315051091194281984 1835136 0 50465891015 7916447985573822463 2031036 0 

trp_austrian_11_drum Austrian_Line_Infantry Drummer 0 133169152 0 0 24 0 0
  847 0 1329 0 1694 0 1820 0 150 0 118 0 -1 0 -1 0 -1 0 -1 0 -1 0 -1 0 -1 0 -1 0 -1 0 -1 0 -1 0 -1 0 -1 0 -1 0 -1 0 -1 0 -1 0 -1 0 -1 0 -1 0 -1 0 -1 0 -1 0 -1 0 -1 0 -1 0 -1 0 -1 0 -1 0 -1 0 -1 0 -1 0 -1 0 -1 0 -1 0 -1 0 -1 0 -1 0 -1 0 -1 0 -1 0 -1 0 -1 0 -1 0 -1 0 -1 0 -1 0 -1 0 -1 0 -1 0 -1 0 -1 0 -1 0 -1 0 -1 0 -1 0 -1 0 -1 0 
  15 15 15 15 20
 80 5 80 5 50 5 30
2586 131072 0 48 208896 0 
  34359738369 1315051091194281984 1835136 0 50465891015 7916447985573822463 2031036 0 

trp_austrian_11_flute Austrian_Line_Infantry Fifer 0 133169152 0 0 24 0 0
  848 0 1329 0 1694 0 151 0 118 0 -1 0 -1 0 -1 0 -1 0 -1 0 -1 0 -1 0 -1 0 -1 0 -1 0 -1 0 -1 0 -1 0 -1 0 -1 0 -1 0 -1 0 -1 0 -1 0 -1 0 -1 0 -1 0 -1 0 -1 0 -1 0 -1 0 -1 0 -1 0 -1 0 -1 0 -1 0 -1 0 -1 0 -1 0 -1 0 -1 0 -1 0 -1 0 -1 0 -1 0 -1 0 -1 0 -1 0 -1 0 -1 0 -1 0 -1 0 -1 0 -1 0 -1 0 -1 0 -1 0 -1 0 -1 0 -1 0 -1 0 -1 0 -1 0 -1 0 
  15 15 15 15 20
 80 5 80 5 50 5 30
2586 131072 0 48 208896 0 
  34359738369 1315051091194281984 1835136 0 50465891015 7916447985573822463 2031036 0 

trp_austrian_infantry Infanterie_Regiment_Nr.14_Erzherzog_Rudolf Line_Infantry 0 133169152 0 0 10 0 0
  788 0 1329 0 1694 0 156 0 67 0 -1 0 -1 0 -1 0 -1 0 -1 0 -1 0 -1 0 -1 0 -1 0 -1 0 -1 0 -1 0 -1 0 -1 0 -1 0 -1 0 -1 0 -1 0 -1 0 -1 0 -1 0 -1 0 -1 0 -1 0 -1 0 -1 0 -1 0 -1 0 -1 0 -1 0 -1 0 -1 0 -1 0 -1 0 -1 0 -1 0 -1 0 -1 0 -1 0 -1 0 -1 0 -1 0 -1 0 -1 0 -1 0 -1 0 -1 0 -1 0 -1 0 -1 0 -1 0 -1 0 -1 0 -1 0 -1 0 -1 0 -1 0 -1 0 -1 0 
  15 15 15 15 20
 50 5 130 5 150 5 30
2586 131072 0 48 208896 0 
  34359738369 1315051091194281984 1835136 0 50465891015 7916447985573822463 2031036 0 

trp_austrian_infantry_flag_bearer Austrian_Line_Infantry Colour_Bearer 0 133169152 0 0 24 0 0
  789 0 1327 0 1694 0 312 0 118 0 -1 0 -1 0 -1 0 -1 0 -1 0 -1 0 -1 0 -1 0 -1 0 -1 0 -1 0 -1 0 -1 0 -1 0 -1 0 -1 0 -1 0 -1 0 -1 0 -1 0 -1 0 -1 0 -1 0 -1 0 -1 0 -1 0 -1 0 -1 0 -1 0 -1 0 -1 0 -1 0 -1 0 -1 0 -1 0 -1 0 -1 0 -1 0 -1 0 -1 0 -1 0 -1 0 -1 0 -1 0 -1 0 -1 0 -1 0 -1 0 -1 0 -1 0 -1 0 -1 0 -1 0 -1 0 -1 0 -1 0 -1 0 -1 0 -1 0 
  15 15 15 15 20
 80 5 80 5 50 5 30
2586 131072 0 48 208896 0 
  34359738369 1315051091194281984 1835136 0 50465891015 7916447985573822463 2031036 0 

trp_austrian_infantry_nco Austrian_Line_Infantry Sergeant 0 133169152 0 0 24 0 0
  789 0 1327 0 1694 0 156 0 67 0 -1 0 -1 0 -1 0 -1 0 -1 0 -1 0 -1 0 -1 0 -1 0 -1 0 -1 0 -1 0 -1 0 -1 0 -1 0 -1 0 -1 0 -1 0 -1 0 -1 0 -1 0 -1 0 -1 0 -1 0 -1 0 -1 0 -1 0 -1 0 -1 0 -1 0 -1 0 -1 0 -1 0 -1 0 -1 0 -1 0 -1 0 -1 0 -1 0 -1 0 -1 0 -1 0 -1 0 -1 0 -1 0 -1 0 -1 0 -1 0 -1 0 -1 0 -1 0 -1 0 -1 0 -1 0 -1 0 -1 0 -1 0 -1 0 -1 0 
  15 15 15 15 20
 50 5 130 5 150 5 30
2586 131072 0 48 208896 0 
  34359738369 1315051091194281984 1835136 0 50465891015 7916447985573822463 2031036 0 

trp_austrian_infantry_officer Austrian_Line_Infantry Officer 0 133169152 0 0 24 0 0
  790 0 1328 0 1702 0 99 0 157 0 9 0 1819 0 398 0 -1 0 -1 0 -1 0 -1 0 -1 0 -1 0 -1 0 -1 0 -1 0 -1 0 -1 0 -1 0 -1 0 -1 0 -1 0 -1 0 -1 0 -1 0 -1 0 -1 0 -1 0 -1 0 -1 0 -1 0 -1 0 -1 0 -1 0 -1 0 -1 0 -1 0 -1 0 -1 0 -1 0 -1 0 -1 0 -1 0 -1 0 -1 0 -1 0 -1 0 -1 0 -1 0 -1 0 -1 0 -1 0 -1 0 -1 0 -1 0 -1 0 -1 0 -1 0 -1 0 -1 0 -1 0 -1 0 -1 0 
  15 15 15 15 20
 80 5 80 5 50 5 30
2586 131072 0 48 208896 0 
  34359738369 1315051091194281984 1835136 0 50465891015 7916447985573822463 2031036 0 

trp_austrian_infantry_drum Austrian_Line_Infantry Drummer 0 133169152 0 0 24 0 0
  791 0 1329 0 1694 0 1820 0 150 0 118 0 -1 0 -1 0 -1 0 -1 0 -1 0 -1 0 -1 0 -1 0 -1 0 -1 0 -1 0 -1 0 -1 0 -1 0 -1 0 -1 0 -1 0 -1 0 -1 0 -1 0 -1 0 -1 0 -1 0 -1 0 -1 0 -1 0 -1 0 -1 0 -1 0 -1 0 -1 0 -1 0 -1 0 -1 0 -1 0 -1 0 -1 0 -1 0 -1 0 -1 0 -1 0 -1 0 -1 0 -1 0 -1 0 -1 0 -1 0 -1 0 -1 0 -1 0 -1 0 -1 0 -1 0 -1 0 -1 0 -1 0 -1 0 -1 0 
  15 15 15 15 20
 80 5 80 5 50 5 30
2586 131072 0 48 208896 0 
  34359738369 1315051091194281984 1835136 0 50465891015 7916447985573822463 2031036 0 

trp_austrian_infantry_flute Austrian_Line_Infantry Fifer 0 133169152 0 0 24 0 0
  792 0 1329 0 1694 0 151 0 118 0 -1 0 -1 0 -1 0 -1 0 -1 0 -1 0 -1 0 -1 0 -1 0 -1 0 -1 0 -1 0 -1 0 -1 0 -1 0 -1 0 -1 0 -1 0 -1 0 -1 0 -1 0 -1 0 -1 0 -1 0 -1 0 -1 0 -1 0 -1 0 -1 0 -1 0 -1 0 -1 0 -1 0 -1 0 -1 0 -1 0 -1 0 -1 0 -1 0 -1 0 -1 0 -1 0 -1 0 -1 0 -1 0 -1 0 -1 0 -1 0 -1 0 -1 0 -1 0 -1 0 -1 0 -1 0 -1 0 -1 0 -1 0 -1 0 -1 0 
  15 15 15 15 20
 80 5 80 5 50 5 30
2586 131072 0 48 208896 0 
  34359738369 1315051091194281984 1835136 0 50465891015 7916447985573822463 2031036 0 

trp_austrian_24 Infanterie_Regiment_Nr.24_von_Strauch Line_Infantry 0 133169152 0 0 10 0 0
  849 0 1329 0 1694 0 156 0 67 0 -1 0 -1 0 -1 0 -1 0 -1 0 -1 0 -1 0 -1 0 -1 0 -1 0 -1 0 -1 0 -1 0 -1 0 -1 0 -1 0 -1 0 -1 0 -1 0 -1 0 -1 0 -1 0 -1 0 -1 0 -1 0 -1 0 -1 0 -1 0 -1 0 -1 0 -1 0 -1 0 -1 0 -1 0 -1 0 -1 0 -1 0 -1 0 -1 0 -1 0 -1 0 -1 0 -1 0 -1 0 -1 0 -1 0 -1 0 -1 0 -1 0 -1 0 -1 0 -1 0 -1 0 -1 0 -1 0 -1 0 -1 0 -1 0 -1 0 
  15 15 15 15 20
 50 5 130 5 150 5 30
2586 131072 0 48 208896 0 
  34359738369 1315051091194281984 1835136 0 50465891015 7916447985573822463 2031036 0 

trp_austrian_24_flag_bearer Austrian_Line_Infantry Colour_Bearer 0 133169152 0 0 24 0 0
  850 0 1327 0 1694 0 319 0 118 0 -1 0 -1 0 -1 0 -1 0 -1 0 -1 0 -1 0 -1 0 -1 0 -1 0 -1 0 -1 0 -1 0 -1 0 -1 0 -1 0 -1 0 -1 0 -1 0 -1 0 -1 0 -1 0 -1 0 -1 0 -1 0 -1 0 -1 0 -1 0 -1 0 -1 0 -1 0 -1 0 -1 0 -1 0 -1 0 -1 0 -1 0 -1 0 -1 0 -1 0 -1 0 -1 0 -1 0 -1 0 -1 0 -1 0 -1 0 -1 0 -1 0 -1 0 -1 0 -1 0 -1 0 -1 0 -1 0 -1 0 -1 0 -1 0 -1 0 
  15 15 15 15 20
 80 5 80 5 50 5 30
2586 131072 0 48 208896 0 
  34359738369 1315051091194281984 1835136 0 50465891015 7916447985573822463 2031036 0 

trp_austrian_24_nco Austrian_Line_Infantry Sergeant 0 133169152 0 0 24 0 0
  850 0 1327 0 1694 0 156 0 67 0 -1 0 -1 0 -1 0 -1 0 -1 0 -1 0 -1 0 -1 0 -1 0 -1 0 -1 0 -1 0 -1 0 -1 0 -1 0 -1 0 -1 0 -1 0 -1 0 -1 0 -1 0 -1 0 -1 0 -1 0 -1 0 -1 0 -1 0 -1 0 -1 0 -1 0 -1 0 -1 0 -1 0 -1 0 -1 0 -1 0 -1 0 -1 0 -1 0 -1 0 -1 0 -1 0 -1 0 -1 0 -1 0 -1 0 -1 0 -1 0 -1 0 -1 0 -1 0 -1 0 -1 0 -1 0 -1 0 -1 0 -1 0 -1 0 -1 0 
  15 15 15 15 20
 50 5 130 5 150 5 30
2586 131072 0 48 208896 0 
  34359738369 1315051091194281984 1835136 0 50465891015 7916447985573822463 2031036 0 

trp_austrian_24_officer Austrian_Line_Infantry Officer 0 133169152 0 0 24 0 0
  851 0 1328 0 1702 0 99 0 157 0 9 0 1819 0 398 0 -1 0 -1 0 -1 0 -1 0 -1 0 -1 0 -1 0 -1 0 -1 0 -1 0 -1 0 -1 0 -1 0 -1 0 -1 0 -1 0 -1 0 -1 0 -1 0 -1 0 -1 0 -1 0 -1 0 -1 0 -1 0 -1 0 -1 0 -1 0 -1 0 -1 0 -1 0 -1 0 -1 0 -1 0 -1 0 -1 0 -1 0 -1 0 -1 0 -1 0 -1 0 -1 0 -1 0 -1 0 -1 0 -1 0 -1 0 -1 0 -1 0 -1 0 -1 0 -1 0 -1 0 -1 0 -1 0 -1 0 
  15 15 15 15 20
 80 5 80 5 50 5 30
2586 131072 0 48 208896 0 
  34359738369 1315051091194281984 1835136 0 50465891015 7916447985573822463 2031036 0 

trp_austrian_24_drum Austrian_Line_Infantry Drummer 0 133169152 0 0 24 0 0
  852 0 1329 0 1694 0 1820 0 150 0 118 0 -1 0 -1 0 -1 0 -1 0 -1 0 -1 0 -1 0 -1 0 -1 0 -1 0 -1 0 -1 0 -1 0 -1 0 -1 0 -1 0 -1 0 -1 0 -1 0 -1 0 -1 0 -1 0 -1 0 -1 0 -1 0 -1 0 -1 0 -1 0 -1 0 -1 0 -1 0 -1 0 -1 0 -1 0 -1 0 -1 0 -1 0 -1 0 -1 0 -1 0 -1 0 -1 0 -1 0 -1 0 -1 0 -1 0 -1 0 -1 0 -1 0 -1 0 -1 0 -1 0 -1 0 -1 0 -1 0 -1 0 -1 0 -1 0 
  15 15 15 15 20
 80 5 80 5 50 5 30
2586 131072 0 48 208896 0 
  34359738369 1315051091194281984 1835136 0 50465891015 7916447985573822463 2031036 0 

trp_austrian_24_flute Austrian_Line_Infantry Fifer 0 133169152 0 0 24 0 0
  853 0 1329 0 1694 0 151 0 118 0 -1 0 -1 0 -1 0 -1 0 -1 0 -1 0 -1 0 -1 0 -1 0 -1 0 -1 0 -1 0 -1 0 -1 0 -1 0 -1 0 -1 0 -1 0 -1 0 -1 0 -1 0 -1 0 -1 0 -1 0 -1 0 -1 0 -1 0 -1 0 -1 0 -1 0 -1 0 -1 0 -1 0 -1 0 -1 0 -1 0 -1 0 -1 0 -1 0 -1 0 -1 0 -1 0 -1 0 -1 0 -1 0 -1 0 -1 0 -1 0 -1 0 -1 0 -1 0 -1 0 -1 0 -1 0 -1 0 -1 0 -1 0 -1 0 -1 0 
  15 15 15 15 20
 80 5 80 5 50 5 30
2586 131072 0 48 208896 0 
  34359738369 1315051091194281984 1835136 0 50465891015 7916447985573822463 2031036 0 

trp_austrian_31 Infanterie_Regiment_Nr.31_Benjowsky Line_Infantry 0 133169152 0 0 10 0 0
  854 0 1329 0 1695 0 156 0 67 0 -1 0 -1 0 -1 0 -1 0 -1 0 -1 0 -1 0 -1 0 -1 0 -1 0 -1 0 -1 0 -1 0 -1 0 -1 0 -1 0 -1 0 -1 0 -1 0 -1 0 -1 0 -1 0 -1 0 -1 0 -1 0 -1 0 -1 0 -1 0 -1 0 -1 0 -1 0 -1 0 -1 0 -1 0 -1 0 -1 0 -1 0 -1 0 -1 0 -1 0 -1 0 -1 0 -1 0 -1 0 -1 0 -1 0 -1 0 -1 0 -1 0 -1 0 -1 0 -1 0 -1 0 -1 0 -1 0 -1 0 -1 0 -1 0 -1 0 
  15 15 15 15 20
 50 5 130 5 150 5 30
2586 131072 0 48 208896 0 
  34359738369 1315051091194281984 1835136 0 50465891015 7916447985573822463 2031036 0 

trp_austrian_31_flag_bearer Hungarian_Line_Infantry Colour_Bearer 0 133169152 0 0 24 0 0
  855 0 1327 0 1695 0 320 0 118 0 -1 0 -1 0 -1 0 -1 0 -1 0 -1 0 -1 0 -1 0 -1 0 -1 0 -1 0 -1 0 -1 0 -1 0 -1 0 -1 0 -1 0 -1 0 -1 0 -1 0 -1 0 -1 0 -1 0 -1 0 -1 0 -1 0 -1 0 -1 0 -1 0 -1 0 -1 0 -1 0 -1 0 -1 0 -1 0 -1 0 -1 0 -1 0 -1 0 -1 0 -1 0 -1 0 -1 0 -1 0 -1 0 -1 0 -1 0 -1 0 -1 0 -1 0 -1 0 -1 0 -1 0 -1 0 -1 0 -1 0 -1 0 -1 0 -1 0 
  15 15 15 15 20
 80 5 80 5 50 5 30
2586 131072 0 48 208896 0 
  34359738369 1315051091194281984 1835136 0 50465891015 7916447985573822463 2031036 0 

trp_austrian_31_nco Hungarian_Line_Infantry Sergeant 0 133169152 0 0 24 0 0
  855 0 1327 0 1695 0 156 0 67 0 -1 0 -1 0 -1 0 -1 0 -1 0 -1 0 -1 0 -1 0 -1 0 -1 0 -1 0 -1 0 -1 0 -1 0 -1 0 -1 0 -1 0 -1 0 -1 0 -1 0 -1 0 -1 0 -1 0 -1 0 -1 0 -1 0 -1 0 -1 0 -1 0 -1 0 -1 0 -1 0 -1 0 -1 0 -1 0 -1 0 -1 0 -1 0 -1 0 -1 0 -1 0 -1 0 -1 0 -1 0 -1 0 -1 0 -1 0 -1 0 -1 0 -1 0 -1 0 -1 0 -1 0 -1 0 -1 0 -1 0 -1 0 -1 0 -1 0 
  15 15 15 15 20
 50 5 130 5 150 5 30
2586 131072 0 48 208896 0 
  34359738369 1315051091194281984 1835136 0 50465891015 7916447985573822463 2031036 0 

trp_austrian_31_officer Hungarian_Line_Infantry Officer 0 133169152 0 0 24 0 0
  856 0 1328 0 1696 0 99 0 157 0 9 0 1819 0 398 0 -1 0 -1 0 -1 0 -1 0 -1 0 -1 0 -1 0 -1 0 -1 0 -1 0 -1 0 -1 0 -1 0 -1 0 -1 0 -1 0 -1 0 -1 0 -1 0 -1 0 -1 0 -1 0 -1 0 -1 0 -1 0 -1 0 -1 0 -1 0 -1 0 -1 0 -1 0 -1 0 -1 0 -1 0 -1 0 -1 0 -1 0 -1 0 -1 0 -1 0 -1 0 -1 0 -1 0 -1 0 -1 0 -1 0 -1 0 -1 0 -1 0 -1 0 -1 0 -1 0 -1 0 -1 0 -1 0 -1 0 
  15 15 15 15 20
 80 5 80 5 50 5 30
2586 131072 0 48 208896 0 
  34359738369 1315051091194281984 1835136 0 50465891015 7916447985573822463 2031036 0 

trp_austrian_31_drum Hungarian_Line_Infantry Drummer 0 133169152 0 0 24 0 0
  857 0 1329 0 1695 0 1820 0 150 0 118 0 -1 0 -1 0 -1 0 -1 0 -1 0 -1 0 -1 0 -1 0 -1 0 -1 0 -1 0 -1 0 -1 0 -1 0 -1 0 -1 0 -1 0 -1 0 -1 0 -1 0 -1 0 -1 0 -1 0 -1 0 -1 0 -1 0 -1 0 -1 0 -1 0 -1 0 -1 0 -1 0 -1 0 -1 0 -1 0 -1 0 -1 0 -1 0 -1 0 -1 0 -1 0 -1 0 -1 0 -1 0 -1 0 -1 0 -1 0 -1 0 -1 0 -1 0 -1 0 -1 0 -1 0 -1 0 -1 0 -1 0 -1 0 -1 0 
  15 15 15 15 20
 80 5 80 5 50 5 30
2586 131072 0 48 208896 0 
  34359738369 1315051091194281984 1835136 0 50465891015 7916447985573822463 2031036 0 

trp_austrian_31_flute Hungarian_Line_Infantry Fifer 0 133169152 0 0 24 0 0
  858 0 1329 0 1695 0 151 0 118 0 -1 0 -1 0 -1 0 -1 0 -1 0 -1 0 -1 0 -1 0 -1 0 -1 0 -1 0 -1 0 -1 0 -1 0 -1 0 -1 0 -1 0 -1 0 -1 0 -1 0 -1 0 -1 0 -1 0 -1 0 -1 0 -1 0 -1 0 -1 0 -1 0 -1 0 -1 0 -1 0 -1 0 -1 0 -1 0 -1 0 -1 0 -1 0 -1 0 -1 0 -1 0 -1 0 -1 0 -1 0 -1 0 -1 0 -1 0 -1 0 -1 0 -1 0 -1 0 -1 0 -1 0 -1 0 -1 0 -1 0 -1 0 -1 0 -1 0 
  15 15 15 15 20
 80 5 80 5 50 5 30
2586 131072 0 48 208896 0 
  34359738369 1315051091194281984 1835136 0 50465891015 7916447985573822463 2031036 0 

trp_austrian_32 Infanterie_Regiment_Nr.32_Eszterházy Line_Infantry 0 133169152 0 0 10 0 0
  859 0 1329 0 1695 0 156 0 67 0 -1 0 -1 0 -1 0 -1 0 -1 0 -1 0 -1 0 -1 0 -1 0 -1 0 -1 0 -1 0 -1 0 -1 0 -1 0 -1 0 -1 0 -1 0 -1 0 -1 0 -1 0 -1 0 -1 0 -1 0 -1 0 -1 0 -1 0 -1 0 -1 0 -1 0 -1 0 -1 0 -1 0 -1 0 -1 0 -1 0 -1 0 -1 0 -1 0 -1 0 -1 0 -1 0 -1 0 -1 0 -1 0 -1 0 -1 0 -1 0 -1 0 -1 0 -1 0 -1 0 -1 0 -1 0 -1 0 -1 0 -1 0 -1 0 -1 0 
  15 15 15 15 20
 50 5 130 5 150 5 30
2586 131072 0 48 208896 0 
  34359738369 1315051091194281984 1835136 0 50465891015 7916447985573822463 2031036 0 

trp_austrian_32_flag_bearer Hungarian_Line_Infantry Colour_Bearer 0 133169152 0 0 24 0 0
  860 0 1327 0 1695 0 321 0 118 0 -1 0 -1 0 -1 0 -1 0 -1 0 -1 0 -1 0 -1 0 -1 0 -1 0 -1 0 -1 0 -1 0 -1 0 -1 0 -1 0 -1 0 -1 0 -1 0 -1 0 -1 0 -1 0 -1 0 -1 0 -1 0 -1 0 -1 0 -1 0 -1 0 -1 0 -1 0 -1 0 -1 0 -1 0 -1 0 -1 0 -1 0 -1 0 -1 0 -1 0 -1 0 -1 0 -1 0 -1 0 -1 0 -1 0 -1 0 -1 0 -1 0 -1 0 -1 0 -1 0 -1 0 -1 0 -1 0 -1 0 -1 0 -1 0 -1 0 
  15 15 15 15 20
 80 5 80 5 50 5 30
2586 131072 0 48 208896 0 
  34359738369 1315051091194281984 1835136 0 50465891015 7916447985573822463 2031036 0 

trp_austrian_32_nco Hungarian_Line_Infantry Sergeant 0 133169152 0 0 24 0 0
  860 0 1327 0 1695 0 156 0 67 0 -1 0 -1 0 -1 0 -1 0 -1 0 -1 0 -1 0 -1 0 -1 0 -1 0 -1 0 -1 0 -1 0 -1 0 -1 0 -1 0 -1 0 -1 0 -1 0 -1 0 -1 0 -1 0 -1 0 -1 0 -1 0 -1 0 -1 0 -1 0 -1 0 -1 0 -1 0 -1 0 -1 0 -1 0 -1 0 -1 0 -1 0 -1 0 -1 0 -1 0 -1 0 -1 0 -1 0 -1 0 -1 0 -1 0 -1 0 -1 0 -1 0 -1 0 -1 0 -1 0 -1 0 -1 0 -1 0 -1 0 -1 0 -1 0 -1 0 
  15 15 15 15 20
 50 5 130 5 150 5 30
2586 131072 0 48 208896 0 
  34359738369 1315051091194281984 1835136 0 50465891015 7916447985573822463 2031036 0 

trp_austrian_32_officer Hungarian_Line_Infantry Officer 0 133169152 0 0 24 0 0
  861 0 1328 0 1696 0 99 0 157 0 9 0 1819 0 398 0 -1 0 -1 0 -1 0 -1 0 -1 0 -1 0 -1 0 -1 0 -1 0 -1 0 -1 0 -1 0 -1 0 -1 0 -1 0 -1 0 -1 0 -1 0 -1 0 -1 0 -1 0 -1 0 -1 0 -1 0 -1 0 -1 0 -1 0 -1 0 -1 0 -1 0 -1 0 -1 0 -1 0 -1 0 -1 0 -1 0 -1 0 -1 0 -1 0 -1 0 -1 0 -1 0 -1 0 -1 0 -1 0 -1 0 -1 0 -1 0 -1 0 -1 0 -1 0 -1 0 -1 0 -1 0 -1 0 -1 0 
  15 15 15 15 20
 80 5 80 5 50 5 30
2586 131072 0 48 208896 0 
  34359738369 1315051091194281984 1835136 0 50465891015 7916447985573822463 2031036 0 

trp_austrian_32_drum Hungarian_Line_Infantry Drummer 0 133169152 0 0 24 0 0
  862 0 1329 0 1695 0 1820 0 150 0 118 0 -1 0 -1 0 -1 0 -1 0 -1 0 -1 0 -1 0 -1 0 -1 0 -1 0 -1 0 -1 0 -1 0 -1 0 -1 0 -1 0 -1 0 -1 0 -1 0 -1 0 -1 0 -1 0 -1 0 -1 0 -1 0 -1 0 -1 0 -1 0 -1 0 -1 0 -1 0 -1 0 -1 0 -1 0 -1 0 -1 0 -1 0 -1 0 -1 0 -1 0 -1 0 -1 0 -1 0 -1 0 -1 0 -1 0 -1 0 -1 0 -1 0 -1 0 -1 0 -1 0 -1 0 -1 0 -1 0 -1 0 -1 0 -1 0 
  15 15 15 15 20
 80 5 80 5 50 5 30
2586 131072 0 48 208896 0 
  34359738369 1315051091194281984 1835136 0 50465891015 7916447985573822463 2031036 0 

trp_austrian_32_flute Hungarian_Line_Infantry Fifer 0 133169152 0 0 24 0 0
  863 0 1329 0 1695 0 151 0 118 0 -1 0 -1 0 -1 0 -1 0 -1 0 -1 0 -1 0 -1 0 -1 0 -1 0 -1 0 -1 0 -1 0 -1 0 -1 0 -1 0 -1 0 -1 0 -1 0 -1 0 -1 0 -1 0 -1 0 -1 0 -1 0 -1 0 -1 0 -1 0 -1 0 -1 0 -1 0 -1 0 -1 0 -1 0 -1 0 -1 0 -1 0 -1 0 -1 0 -1 0 -1 0 -1 0 -1 0 -1 0 -1 0 -1 0 -1 0 -1 0 -1 0 -1 0 -1 0 -1 0 -1 0 -1 0 -1 0 -1 0 -1 0 -1 0 -1 0 
  15 15 15 15 20
 80 5 80 5 50 5 30
2586 131072 0 48 208896 0 
  34359738369 1315051091194281984 1835136 0 50465891015 7916447985573822463 2031036 0 

trp_austrian_34 Infanterie_Regiment_Nr.34_Freiherr_von_Davidovich Line_Infantry 0 133169152 0 0 10 0 0
  864 0 1329 0 1695 0 156 0 67 0 -1 0 -1 0 -1 0 -1 0 -1 0 -1 0 -1 0 -1 0 -1 0 -1 0 -1 0 -1 0 -1 0 -1 0 -1 0 -1 0 -1 0 -1 0 -1 0 -1 0 -1 0 -1 0 -1 0 -1 0 -1 0 -1 0 -1 0 -1 0 -1 0 -1 0 -1 0 -1 0 -1 0 -1 0 -1 0 -1 0 -1 0 -1 0 -1 0 -1 0 -1 0 -1 0 -1 0 -1 0 -1 0 -1 0 -1 0 -1 0 -1 0 -1 0 -1 0 -1 0 -1 0 -1 0 -1 0 -1 0 -1 0 -1 0 -1 0 
  15 15 15 15 20
 50 5 130 5 150 5 30
2586 131072 0 48 208896 0 
  34359738369 1315051091194281984 1835136 0 50465891015 7916447985573822463 2031036 0 

trp_austrian_34_flag_bearer Hungarian_Line_Infantry Colour_Bearer 0 133169152 0 0 24 0 0
  865 0 1327 0 1695 0 322 0 118 0 -1 0 -1 0 -1 0 -1 0 -1 0 -1 0 -1 0 -1 0 -1 0 -1 0 -1 0 -1 0 -1 0 -1 0 -1 0 -1 0 -1 0 -1 0 -1 0 -1 0 -1 0 -1 0 -1 0 -1 0 -1 0 -1 0 -1 0 -1 0 -1 0 -1 0 -1 0 -1 0 -1 0 -1 0 -1 0 -1 0 -1 0 -1 0 -1 0 -1 0 -1 0 -1 0 -1 0 -1 0 -1 0 -1 0 -1 0 -1 0 -1 0 -1 0 -1 0 -1 0 -1 0 -1 0 -1 0 -1 0 -1 0 -1 0 -1 0 
  15 15 15 15 20
 80 5 80 5 50 5 30
2586 131072 0 48 208896 0 
  34359738369 1315051091194281984 1835136 0 50465891015 7916447985573822463 2031036 0 

trp_austrian_34_nco Hungarian_Line_Infantry Sergeant 0 133169152 0 0 24 0 0
  865 0 1327 0 1695 0 156 0 67 0 -1 0 -1 0 -1 0 -1 0 -1 0 -1 0 -1 0 -1 0 -1 0 -1 0 -1 0 -1 0 -1 0 -1 0 -1 0 -1 0 -1 0 -1 0 -1 0 -1 0 -1 0 -1 0 -1 0 -1 0 -1 0 -1 0 -1 0 -1 0 -1 0 -1 0 -1 0 -1 0 -1 0 -1 0 -1 0 -1 0 -1 0 -1 0 -1 0 -1 0 -1 0 -1 0 -1 0 -1 0 -1 0 -1 0 -1 0 -1 0 -1 0 -1 0 -1 0 -1 0 -1 0 -1 0 -1 0 -1 0 -1 0 -1 0 -1 0 
  15 15 15 15 20
 50 5 130 5 150 5 30
2586 131072 0 48 208896 0 
  34359738369 1315051091194281984 1835136 0 50465891015 7916447985573822463 2031036 0 

trp_austrian_34_officer Hungarian_Line_Infantry Officer 0 133169152 0 0 24 0 0
  866 0 1328 0 1696 0 99 0 157 0 9 0 1819 0 398 0 -1 0 -1 0 -1 0 -1 0 -1 0 -1 0 -1 0 -1 0 -1 0 -1 0 -1 0 -1 0 -1 0 -1 0 -1 0 -1 0 -1 0 -1 0 -1 0 -1 0 -1 0 -1 0 -1 0 -1 0 -1 0 -1 0 -1 0 -1 0 -1 0 -1 0 -1 0 -1 0 -1 0 -1 0 -1 0 -1 0 -1 0 -1 0 -1 0 -1 0 -1 0 -1 0 -1 0 -1 0 -1 0 -1 0 -1 0 -1 0 -1 0 -1 0 -1 0 -1 0 -1 0 -1 0 -1 0 -1 0 
  15 15 15 15 20
 80 5 80 5 50 5 30
2586 131072 0 48 208896 0 
  34359738369 1315051091194281984 1835136 0 50465891015 7916447985573822463 2031036 0 

trp_austrian_34_drum Hungarian_Line_Infantry Drummer 0 133169152 0 0 24 0 0
  867 0 1329 0 1695 0 1820 0 150 0 118 0 -1 0 -1 0 -1 0 -1 0 -1 0 -1 0 -1 0 -1 0 -1 0 -1 0 -1 0 -1 0 -1 0 -1 0 -1 0 -1 0 -1 0 -1 0 -1 0 -1 0 -1 0 -1 0 -1 0 -1 0 -1 0 -1 0 -1 0 -1 0 -1 0 -1 0 -1 0 -1 0 -1 0 -1 0 -1 0 -1 0 -1 0 -1 0 -1 0 -1 0 -1 0 -1 0 -1 0 -1 0 -1 0 -1 0 -1 0 -1 0 -1 0 -1 0 -1 0 -1 0 -1 0 -1 0 -1 0 -1 0 -1 0 -1 0 
  15 15 15 15 20
 80 5 80 5 50 5 30
2586 131072 0 48 208896 0 
  34359738369 1315051091194281984 1835136 0 50465891015 7916447985573822463 2031036 0 

trp_austrian_34_flute Hungarian_Line_Infantry Fifer 0 133169152 0 0 24 0 0
  868 0 1329 0 1695 0 151 0 118 0 -1 0 -1 0 -1 0 -1 0 -1 0 -1 0 -1 0 -1 0 -1 0 -1 0 -1 0 -1 0 -1 0 -1 0 -1 0 -1 0 -1 0 -1 0 -1 0 -1 0 -1 0 -1 0 -1 0 -1 0 -1 0 -1 0 -1 0 -1 0 -1 0 -1 0 -1 0 -1 0 -1 0 -1 0 -1 0 -1 0 -1 0 -1 0 -1 0 -1 0 -1 0 -1 0 -1 0 -1 0 -1 0 -1 0 -1 0 -1 0 -1 0 -1 0 -1 0 -1 0 -1 0 -1 0 -1 0 -1 0 -1 0 -1 0 -1 0 
  15 15 15 15 20
 80 5 80 5 50 5 30
2586 131072 0 48 208896 0 
  34359738369 1315051091194281984 1835136 0 50465891015 7916447985573822463 2031036 0 

trp_austrian_39 Infanterie_Regiment_Nr.39_Freiherr_Duka Line_Infantry 0 133169152 0 0 10 0 0
  869 0 1329 0 1695 0 156 0 67 0 -1 0 -1 0 -1 0 -1 0 -1 0 -1 0 -1 0 -1 0 -1 0 -1 0 -1 0 -1 0 -1 0 -1 0 -1 0 -1 0 -1 0 -1 0 -1 0 -1 0 -1 0 -1 0 -1 0 -1 0 -1 0 -1 0 -1 0 -1 0 -1 0 -1 0 -1 0 -1 0 -1 0 -1 0 -1 0 -1 0 -1 0 -1 0 -1 0 -1 0 -1 0 -1 0 -1 0 -1 0 -1 0 -1 0 -1 0 -1 0 -1 0 -1 0 -1 0 -1 0 -1 0 -1 0 -1 0 -1 0 -1 0 -1 0 -1 0 
  15 15 15 15 20
 50 5 130 5 150 5 30
2586 131072 0 48 208896 0 
  34359738369 1315051091194281984 1835136 0 50465891015 7916447985573822463 2031036 0 

trp_austrian_39_flag_bearer Hungarian_Line_Infantry Colour_Bearer 0 133169152 0 0 24 0 0
  870 0 1327 0 1695 0 323 0 118 0 -1 0 -1 0 -1 0 -1 0 -1 0 -1 0 -1 0 -1 0 -1 0 -1 0 -1 0 -1 0 -1 0 -1 0 -1 0 -1 0 -1 0 -1 0 -1 0 -1 0 -1 0 -1 0 -1 0 -1 0 -1 0 -1 0 -1 0 -1 0 -1 0 -1 0 -1 0 -1 0 -1 0 -1 0 -1 0 -1 0 -1 0 -1 0 -1 0 -1 0 -1 0 -1 0 -1 0 -1 0 -1 0 -1 0 -1 0 -1 0 -1 0 -1 0 -1 0 -1 0 -1 0 -1 0 -1 0 -1 0 -1 0 -1 0 -1 0 
  15 15 15 15 20
 80 5 80 5 50 5 30
2586 131072 0 48 208896 0 
  34359738369 1315051091194281984 1835136 0 50465891015 7916447985573822463 2031036 0 

trp_austrian_39_nco Hungarian_Line_Infantry Sergeant 0 133169152 0 0 24 0 0
  870 0 1327 0 1695 0 156 0 67 0 -1 0 -1 0 -1 0 -1 0 -1 0 -1 0 -1 0 -1 0 -1 0 -1 0 -1 0 -1 0 -1 0 -1 0 -1 0 -1 0 -1 0 -1 0 -1 0 -1 0 -1 0 -1 0 -1 0 -1 0 -1 0 -1 0 -1 0 -1 0 -1 0 -1 0 -1 0 -1 0 -1 0 -1 0 -1 0 -1 0 -1 0 -1 0 -1 0 -1 0 -1 0 -1 0 -1 0 -1 0 -1 0 -1 0 -1 0 -1 0 -1 0 -1 0 -1 0 -1 0 -1 0 -1 0 -1 0 -1 0 -1 0 -1 0 -1 0 
  15 15 15 15 20
 50 5 130 5 150 5 30
2586 131072 0 48 208896 0 
  34359738369 1315051091194281984 1835136 0 50465891015 7916447985573822463 2031036 0 

trp_austrian_39_officer Hungarian_Line_Infantry Officer 0 133169152 0 0 24 0 0
  871 0 1328 0 1696 0 99 0 157 0 9 0 1819 0 398 0 -1 0 -1 0 -1 0 -1 0 -1 0 -1 0 -1 0 -1 0 -1 0 -1 0 -1 0 -1 0 -1 0 -1 0 -1 0 -1 0 -1 0 -1 0 -1 0 -1 0 -1 0 -1 0 -1 0 -1 0 -1 0 -1 0 -1 0 -1 0 -1 0 -1 0 -1 0 -1 0 -1 0 -1 0 -1 0 -1 0 -1 0 -1 0 -1 0 -1 0 -1 0 -1 0 -1 0 -1 0 -1 0 -1 0 -1 0 -1 0 -1 0 -1 0 -1 0 -1 0 -1 0 -1 0 -1 0 -1 0 
  15 15 15 15 20
 80 5 80 5 50 5 30
2586 131072 0 48 208896 0 
  34359738369 1315051091194281984 1835136 0 50465891015 7916447985573822463 2031036 0 

trp_austrian_39_drum Hungarian_Line_Infantry Drummer 0 133169152 0 0 24 0 0
  872 0 1329 0 1695 0 1820 0 150 0 118 0 -1 0 -1 0 -1 0 -1 0 -1 0 -1 0 -1 0 -1 0 -1 0 -1 0 -1 0 -1 0 -1 0 -1 0 -1 0 -1 0 -1 0 -1 0 -1 0 -1 0 -1 0 -1 0 -1 0 -1 0 -1 0 -1 0 -1 0 -1 0 -1 0 -1 0 -1 0 -1 0 -1 0 -1 0 -1 0 -1 0 -1 0 -1 0 -1 0 -1 0 -1 0 -1 0 -1 0 -1 0 -1 0 -1 0 -1 0 -1 0 -1 0 -1 0 -1 0 -1 0 -1 0 -1 0 -1 0 -1 0 -1 0 -1 0 
  15 15 15 15 20
 80 5 80 5 50 5 30
2586 131072 0 48 208896 0 
  34359738369 1315051091194281984 1835136 0 50465891015 7916447985573822463 2031036 0 

trp_austrian_39_flute Hungarian_Line_Infantry Fifer 0 133169152 0 0 24 0 0
  873 0 1329 0 1695 0 151 0 118 0 -1 0 -1 0 -1 0 -1 0 -1 0 -1 0 -1 0 -1 0 -1 0 -1 0 -1 0 -1 0 -1 0 -1 0 -1 0 -1 0 -1 0 -1 0 -1 0 -1 0 -1 0 -1 0 -1 0 -1 0 -1 0 -1 0 -1 0 -1 0 -1 0 -1 0 -1 0 -1 0 -1 0 -1 0 -1 0 -1 0 -1 0 -1 0 -1 0 -1 0 -1 0 -1 0 -1 0 -1 0 -1 0 -1 0 -1 0 -1 0 -1 0 -1 0 -1 0 -1 0 -1 0 -1 0 -1 0 -1 0 -1 0 -1 0 -1 0 
  15 15 15 15 20
 80 5 80 5 50 5 30
2586 131072 0 48 208896 0 
  34359738369 1315051091194281984 1835136 0 50465891015 7916447985573822463 2031036 0 

trp_austrian_51 Infanterie_Regiment_Nr.51_Splenyi_'Legion_Infernale' Line_Infantry 0 133169152 0 0 10 0 0
  874 0 1329 0 1695 0 156 0 67 0 -1 0 -1 0 -1 0 -1 0 -1 0 -1 0 -1 0 -1 0 -1 0 -1 0 -1 0 -1 0 -1 0 -1 0 -1 0 -1 0 -1 0 -1 0 -1 0 -1 0 -1 0 -1 0 -1 0 -1 0 -1 0 -1 0 -1 0 -1 0 -1 0 -1 0 -1 0 -1 0 -1 0 -1 0 -1 0 -1 0 -1 0 -1 0 -1 0 -1 0 -1 0 -1 0 -1 0 -1 0 -1 0 -1 0 -1 0 -1 0 -1 0 -1 0 -1 0 -1 0 -1 0 -1 0 -1 0 -1 0 -1 0 -1 0 -1 0 
  15 15 15 15 20
 50 5 130 5 150 5 30
2586 131072 0 48 208896 0 
  34359738369 1315051091194281984 1835136 0 50465891015 7916447985573822463 2031036 0 

trp_austrian_51_flag_bearer Hungarian_Line_Infantry Colour_Bearer 0 133169152 0 0 24 0 0
  875 0 1327 0 1695 0 324 0 118 0 -1 0 -1 0 -1 0 -1 0 -1 0 -1 0 -1 0 -1 0 -1 0 -1 0 -1 0 -1 0 -1 0 -1 0 -1 0 -1 0 -1 0 -1 0 -1 0 -1 0 -1 0 -1 0 -1 0 -1 0 -1 0 -1 0 -1 0 -1 0 -1 0 -1 0 -1 0 -1 0 -1 0 -1 0 -1 0 -1 0 -1 0 -1 0 -1 0 -1 0 -1 0 -1 0 -1 0 -1 0 -1 0 -1 0 -1 0 -1 0 -1 0 -1 0 -1 0 -1 0 -1 0 -1 0 -1 0 -1 0 -1 0 -1 0 -1 0 
  15 15 15 15 20
 80 5 80 5 50 5 30
2586 131072 0 48 208896 0 
  34359738369 1315051091194281984 1835136 0 50465891015 7916447985573822463 2031036 0 

trp_austrian_51_nco Hungarian_Line_Infantry Sergeant 0 133169152 0 0 24 0 0
  875 0 1327 0 1695 0 156 0 67 0 -1 0 -1 0 -1 0 -1 0 -1 0 -1 0 -1 0 -1 0 -1 0 -1 0 -1 0 -1 0 -1 0 -1 0 -1 0 -1 0 -1 0 -1 0 -1 0 -1 0 -1 0 -1 0 -1 0 -1 0 -1 0 -1 0 -1 0 -1 0 -1 0 -1 0 -1 0 -1 0 -1 0 -1 0 -1 0 -1 0 -1 0 -1 0 -1 0 -1 0 -1 0 -1 0 -1 0 -1 0 -1 0 -1 0 -1 0 -1 0 -1 0 -1 0 -1 0 -1 0 -1 0 -1 0 -1 0 -1 0 -1 0 -1 0 -1 0 
  15 15 15 15 20
 50 5 130 5 150 5 30
2586 131072 0 48 208896 0 
  34359738369 1315051091194281984 1835136 0 50465891015 7916447985573822463 2031036 0 

trp_austrian_51_officer Hungarian_Line_Infantry Officer 0 133169152 0 0 24 0 0
  876 0 1328 0 1696 0 99 0 157 0 9 0 1819 0 398 0 -1 0 -1 0 -1 0 -1 0 -1 0 -1 0 -1 0 -1 0 -1 0 -1 0 -1 0 -1 0 -1 0 -1 0 -1 0 -1 0 -1 0 -1 0 -1 0 -1 0 -1 0 -1 0 -1 0 -1 0 -1 0 -1 0 -1 0 -1 0 -1 0 -1 0 -1 0 -1 0 -1 0 -1 0 -1 0 -1 0 -1 0 -1 0 -1 0 -1 0 -1 0 -1 0 -1 0 -1 0 -1 0 -1 0 -1 0 -1 0 -1 0 -1 0 -1 0 -1 0 -1 0 -1 0 -1 0 -1 0 
  15 15 15 15 20
 80 5 80 5 50 5 30
2586 131072 0 48 208896 0 
  34359738369 1315051091194281984 1835136 0 50465891015 7916447985573822463 2031036 0 

trp_austrian_51_drum Hungarian_Line_Infantry Drummer 0 133169152 0 0 24 0 0
  877 0 1329 0 1695 0 1820 0 150 0 118 0 -1 0 -1 0 -1 0 -1 0 -1 0 -1 0 -1 0 -1 0 -1 0 -1 0 -1 0 -1 0 -1 0 -1 0 -1 0 -1 0 -1 0 -1 0 -1 0 -1 0 -1 0 -1 0 -1 0 -1 0 -1 0 -1 0 -1 0 -1 0 -1 0 -1 0 -1 0 -1 0 -1 0 -1 0 -1 0 -1 0 -1 0 -1 0 -1 0 -1 0 -1 0 -1 0 -1 0 -1 0 -1 0 -1 0 -1 0 -1 0 -1 0 -1 0 -1 0 -1 0 -1 0 -1 0 -1 0 -1 0 -1 0 -1 0 
  15 15 15 15 20
 80 5 80 5 50 5 30
2586 131072 0 48 208896 0 
  34359738369 1315051091194281984 1835136 0 50465891015 7916447985573822463 2031036 0 

trp_austrian_51_flute Hungarian_Line_Infantry Fifer 0 133169152 0 0 24 0 0
  878 0 1329 0 1695 0 151 0 118 0 -1 0 -1 0 -1 0 -1 0 -1 0 -1 0 -1 0 -1 0 -1 0 -1 0 -1 0 -1 0 -1 0 -1 0 -1 0 -1 0 -1 0 -1 0 -1 0 -1 0 -1 0 -1 0 -1 0 -1 0 -1 0 -1 0 -1 0 -1 0 -1 0 -1 0 -1 0 -1 0 -1 0 -1 0 -1 0 -1 0 -1 0 -1 0 -1 0 -1 0 -1 0 -1 0 -1 0 -1 0 -1 0 -1 0 -1 0 -1 0 -1 0 -1 0 -1 0 -1 0 -1 0 -1 0 -1 0 -1 0 -1 0 -1 0 -1 0 
  15 15 15 15 20
 80 5 80 5 50 5 30
2586 131072 0 48 208896 0 
  34359738369 1315051091194281984 1835136 0 50465891015 7916447985573822463 2031036 0 

trp_austrian_59 Infanterie_Regiment_Nr.59_Alexander_von_Jordis Line_Infantry 0 133169152 0 0 10 0 0
  879 0 1329 0 1694 0 156 0 67 0 -1 0 -1 0 -1 0 -1 0 -1 0 -1 0 -1 0 -1 0 -1 0 -1 0 -1 0 -1 0 -1 0 -1 0 -1 0 -1 0 -1 0 -1 0 -1 0 -1 0 -1 0 -1 0 -1 0 -1 0 -1 0 -1 0 -1 0 -1 0 -1 0 -1 0 -1 0 -1 0 -1 0 -1 0 -1 0 -1 0 -1 0 -1 0 -1 0 -1 0 -1 0 -1 0 -1 0 -1 0 -1 0 -1 0 -1 0 -1 0 -1 0 -1 0 -1 0 -1 0 -1 0 -1 0 -1 0 -1 0 -1 0 -1 0 -1 0 
  15 15 15 15 20
 50 5 130 5 150 5 30
2586 131072 0 48 208896 0 
  34359738369 1315051091194281984 1835136 0 50465891015 7916447985573822463 2031036 0 

trp_austrian_59_flag_bearer Austrian_Line_Infantry Colour_Bearer 0 133169152 0 0 24 0 0
  880 0 1327 0 1694 0 326 0 118 0 -1 0 -1 0 -1 0 -1 0 -1 0 -1 0 -1 0 -1 0 -1 0 -1 0 -1 0 -1 0 -1 0 -1 0 -1 0 -1 0 -1 0 -1 0 -1 0 -1 0 -1 0 -1 0 -1 0 -1 0 -1 0 -1 0 -1 0 -1 0 -1 0 -1 0 -1 0 -1 0 -1 0 -1 0 -1 0 -1 0 -1 0 -1 0 -1 0 -1 0 -1 0 -1 0 -1 0 -1 0 -1 0 -1 0 -1 0 -1 0 -1 0 -1 0 -1 0 -1 0 -1 0 -1 0 -1 0 -1 0 -1 0 -1 0 -1 0 
  15 15 15 15 20
 80 5 80 5 50 5 30
2586 131072 0 48 208896 0 
  34359738369 1315051091194281984 1835136 0 50465891015 7916447985573822463 2031036 0 

trp_austrian_59_nco Austrian_Line_Infantry Sergeant 0 133169152 0 0 24 0 0
  880 0 1327 0 1694 0 156 0 67 0 -1 0 -1 0 -1 0 -1 0 -1 0 -1 0 -1 0 -1 0 -1 0 -1 0 -1 0 -1 0 -1 0 -1 0 -1 0 -1 0 -1 0 -1 0 -1 0 -1 0 -1 0 -1 0 -1 0 -1 0 -1 0 -1 0 -1 0 -1 0 -1 0 -1 0 -1 0 -1 0 -1 0 -1 0 -1 0 -1 0 -1 0 -1 0 -1 0 -1 0 -1 0 -1 0 -1 0 -1 0 -1 0 -1 0 -1 0 -1 0 -1 0 -1 0 -1 0 -1 0 -1 0 -1 0 -1 0 -1 0 -1 0 -1 0 -1 0 
  15 15 15 15 20
 50 5 130 5 150 5 30
2586 131072 0 48 208896 0 
  34359738369 1315051091194281984 1835136 0 50465891015 7916447985573822463 2031036 0 

trp_austrian_59_officer Austrian_Line_Infantry Officer 0 133169152 0 0 24 0 0
  881 0 1328 0 1702 0 99 0 157 0 9 0 1819 0 398 0 -1 0 -1 0 -1 0 -1 0 -1 0 -1 0 -1 0 -1 0 -1 0 -1 0 -1 0 -1 0 -1 0 -1 0 -1 0 -1 0 -1 0 -1 0 -1 0 -1 0 -1 0 -1 0 -1 0 -1 0 -1 0 -1 0 -1 0 -1 0 -1 0 -1 0 -1 0 -1 0 -1 0 -1 0 -1 0 -1 0 -1 0 -1 0 -1 0 -1 0 -1 0 -1 0 -1 0 -1 0 -1 0 -1 0 -1 0 -1 0 -1 0 -1 0 -1 0 -1 0 -1 0 -1 0 -1 0 -1 0 
  15 15 15 15 20
 80 5 80 5 50 5 30
2586 131072 0 48 208896 0 
  34359738369 1315051091194281984 1835136 0 50465891015 7916447985573822463 2031036 0 

trp_austrian_59_drum Austrian_Line_Infantry Drummer 0 133169152 0 0 24 0 0
  882 0 1329 0 1694 0 1820 0 150 0 118 0 -1 0 -1 0 -1 0 -1 0 -1 0 -1 0 -1 0 -1 0 -1 0 -1 0 -1 0 -1 0 -1 0 -1 0 -1 0 -1 0 -1 0 -1 0 -1 0 -1 0 -1 0 -1 0 -1 0 -1 0 -1 0 -1 0 -1 0 -1 0 -1 0 -1 0 -1 0 -1 0 -1 0 -1 0 -1 0 -1 0 -1 0 -1 0 -1 0 -1 0 -1 0 -1 0 -1 0 -1 0 -1 0 -1 0 -1 0 -1 0 -1 0 -1 0 -1 0 -1 0 -1 0 -1 0 -1 0 -1 0 -1 0 -1 0 
  15 15 15 15 20
 80 5 80 5 50 5 30
2586 131072 0 48 208896 0 
  34359738369 1315051091194281984 1835136 0 50465891015 7916447985573822463 2031036 0 

trp_austrian_59_flute Austrian_Line_Infantry Fifer 0 133169152 0 0 24 0 0
  883 0 1329 0 1694 0 151 0 118 0 -1 0 -1 0 -1 0 -1 0 -1 0 -1 0 -1 0 -1 0 -1 0 -1 0 -1 0 -1 0 -1 0 -1 0 -1 0 -1 0 -1 0 -1 0 -1 0 -1 0 -1 0 -1 0 -1 0 -1 0 -1 0 -1 0 -1 0 -1 0 -1 0 -1 0 -1 0 -1 0 -1 0 -1 0 -1 0 -1 0 -1 0 -1 0 -1 0 -1 0 -1 0 -1 0 -1 0 -1 0 -1 0 -1 0 -1 0 -1 0 -1 0 -1 0 -1 0 -1 0 -1 0 -1 0 -1 0 -1 0 -1 0 -1 0 -1 0 
  15 15 15 15 20
 80 5 80 5 50 5 30
2586 131072 0 48 208896 0 
  34359738369 1315051091194281984 1835136 0 50465891015 7916447985573822463 2031036 0 

trp_austrian_infantry2 Infanterie_Regiment_Nr.62_Freiherr_von_Wacquant Line_Infantry 0 133169152 0 0 10 0 0
  793 0 1329 0 1695 0 156 0 67 0 -1 0 -1 0 -1 0 -1 0 -1 0 -1 0 -1 0 -1 0 -1 0 -1 0 -1 0 -1 0 -1 0 -1 0 -1 0 -1 0 -1 0 -1 0 -1 0 -1 0 -1 0 -1 0 -1 0 -1 0 -1 0 -1 0 -1 0 -1 0 -1 0 -1 0 -1 0 -1 0 -1 0 -1 0 -1 0 -1 0 -1 0 -1 0 -1 0 -1 0 -1 0 -1 0 -1 0 -1 0 -1 0 -1 0 -1 0 -1 0 -1 0 -1 0 -1 0 -1 0 -1 0 -1 0 -1 0 -1 0 -1 0 -1 0 -1 0 
  15 15 15 15 20
 50 5 130 5 150 5 30
2586 131072 0 48 208896 0 
  34359738369 1315051091194281984 1835136 0 50465891015 7916447985573822463 2031036 0 

trp_austrian_infantry2_flag_bearer Hungarian_Line_Infantry Colour_Bearer 0 133169152 0 0 24 0 0
  794 0 1327 0 1695 0 315 0 118 0 -1 0 -1 0 -1 0 -1 0 -1 0 -1 0 -1 0 -1 0 -1 0 -1 0 -1 0 -1 0 -1 0 -1 0 -1 0 -1 0 -1 0 -1 0 -1 0 -1 0 -1 0 -1 0 -1 0 -1 0 -1 0 -1 0 -1 0 -1 0 -1 0 -1 0 -1 0 -1 0 -1 0 -1 0 -1 0 -1 0 -1 0 -1 0 -1 0 -1 0 -1 0 -1 0 -1 0 -1 0 -1 0 -1 0 -1 0 -1 0 -1 0 -1 0 -1 0 -1 0 -1 0 -1 0 -1 0 -1 0 -1 0 -1 0 -1 0 
  15 15 15 15 20
 80 5 80 5 50 5 30
2586 131072 0 48 208896 0 
  34359738369 1315051091194281984 1835136 0 50465891015 7916447985573822463 2031036 0 

trp_austrian_infantry2_nco Hungarian_Line_Infantry Sergeant 0 133169152 0 0 24 0 0
  794 0 1327 0 1695 0 156 0 67 0 -1 0 -1 0 -1 0 -1 0 -1 0 -1 0 -1 0 -1 0 -1 0 -1 0 -1 0 -1 0 -1 0 -1 0 -1 0 -1 0 -1 0 -1 0 -1 0 -1 0 -1 0 -1 0 -1 0 -1 0 -1 0 -1 0 -1 0 -1 0 -1 0 -1 0 -1 0 -1 0 -1 0 -1 0 -1 0 -1 0 -1 0 -1 0 -1 0 -1 0 -1 0 -1 0 -1 0 -1 0 -1 0 -1 0 -1 0 -1 0 -1 0 -1 0 -1 0 -1 0 -1 0 -1 0 -1 0 -1 0 -1 0 -1 0 -1 0 
  15 15 15 15 20
 50 5 130 5 150 5 30
2586 131072 0 48 208896 0 
  34359738369 1315051091194281984 1835136 0 50465891015 7916447985573822463 2031036 0 

trp_austrian_infantry2_officer Hungarian_Line_Infantry Officer 0 133169152 0 0 24 0 0
  795 0 1328 0 1696 0 99 0 157 0 9 0 1819 0 398 0 -1 0 -1 0 -1 0 -1 0 -1 0 -1 0 -1 0 -1 0 -1 0 -1 0 -1 0 -1 0 -1 0 -1 0 -1 0 -1 0 -1 0 -1 0 -1 0 -1 0 -1 0 -1 0 -1 0 -1 0 -1 0 -1 0 -1 0 -1 0 -1 0 -1 0 -1 0 -1 0 -1 0 -1 0 -1 0 -1 0 -1 0 -1 0 -1 0 -1 0 -1 0 -1 0 -1 0 -1 0 -1 0 -1 0 -1 0 -1 0 -1 0 -1 0 -1 0 -1 0 -1 0 -1 0 -1 0 -1 0 
  15 15 15 15 20
 80 5 80 5 50 5 30
2586 131072 0 48 208896 0 
  34359738369 1315051091194281984 1835136 0 50465891015 7916447985573822463 2031036 0 

trp_austrian_infantry2_drum Hungarian_Line_Infantry Drummer 0 133169152 0 0 24 0 0
  796 0 1329 0 1695 0 1820 0 150 0 118 0 -1 0 -1 0 -1 0 -1 0 -1 0 -1 0 -1 0 -1 0 -1 0 -1 0 -1 0 -1 0 -1 0 -1 0 -1 0 -1 0 -1 0 -1 0 -1 0 -1 0 -1 0 -1 0 -1 0 -1 0 -1 0 -1 0 -1 0 -1 0 -1 0 -1 0 -1 0 -1 0 -1 0 -1 0 -1 0 -1 0 -1 0 -1 0 -1 0 -1 0 -1 0 -1 0 -1 0 -1 0 -1 0 -1 0 -1 0 -1 0 -1 0 -1 0 -1 0 -1 0 -1 0 -1 0 -1 0 -1 0 -1 0 -1 0 
  15 15 15 15 20
 80 5 80 5 50 5 30
2586 131072 0 48 208896 0 
  34359738369 1315051091194281984 1835136 0 50465891015 7916447985573822463 2031036 0 

trp_austrian_infantry2_flute Hungarian_Line_Infantry Fifer 0 133169152 0 0 24 0 0
  797 0 1329 0 1695 0 151 0 118 0 -1 0 -1 0 -1 0 -1 0 -1 0 -1 0 -1 0 -1 0 -1 0 -1 0 -1 0 -1 0 -1 0 -1 0 -1 0 -1 0 -1 0 -1 0 -1 0 -1 0 -1 0 -1 0 -1 0 -1 0 -1 0 -1 0 -1 0 -1 0 -1 0 -1 0 -1 0 -1 0 -1 0 -1 0 -1 0 -1 0 -1 0 -1 0 -1 0 -1 0 -1 0 -1 0 -1 0 -1 0 -1 0 -1 0 -1 0 -1 0 -1 0 -1 0 -1 0 -1 0 -1 0 -1 0 -1 0 -1 0 -1 0 -1 0 -1 0 
  15 15 15 15 20
 80 5 80 5 50 5 30
2586 131072 0 48 208896 0 
  34359738369 1315051091194281984 1835136 0 50465891015 7916447985573822463 2031036 0 

trp_austrian_grenadier Grenadier_Battalion_Purcell Foot_Guard 0 133169152 0 0 10 0 0
  798 0 799 0 1317 0 1695 0 156 0 67 0 118 0 1819 0 -1 0 -1 0 -1 0 -1 0 -1 0 -1 0 -1 0 -1 0 -1 0 -1 0 -1 0 -1 0 -1 0 -1 0 -1 0 -1 0 -1 0 -1 0 -1 0 -1 0 -1 0 -1 0 -1 0 -1 0 -1 0 -1 0 -1 0 -1 0 -1 0 -1 0 -1 0 -1 0 -1 0 -1 0 -1 0 -1 0 -1 0 -1 0 -1 0 -1 0 -1 0 -1 0 -1 0 -1 0 -1 0 -1 0 -1 0 -1 0 -1 0 -1 0 -1 0 -1 0 -1 0 -1 0 -1 0 -1 0 
  15 15 15 15 20
 50 5 145 5 150 5 30
2586 131072 0 48 208896 0 
  34359738369 1315051091194281984 1835136 0 50465891015 7916447985573822463 2031036 0 

trp_austrian_grenadier_flag_bearer Hungarian_Grenadier Colour_Bearer 0 133169152 0 0 24 0 0
  800 0 1317 0 1695 0 313 0 118 0 1819 0 -1 0 -1 0 -1 0 -1 0 -1 0 -1 0 -1 0 -1 0 -1 0 -1 0 -1 0 -1 0 -1 0 -1 0 -1 0 -1 0 -1 0 -1 0 -1 0 -1 0 -1 0 -1 0 -1 0 -1 0 -1 0 -1 0 -1 0 -1 0 -1 0 -1 0 -1 0 -1 0 -1 0 -1 0 -1 0 -1 0 -1 0 -1 0 -1 0 -1 0 -1 0 -1 0 -1 0 -1 0 -1 0 -1 0 -1 0 -1 0 -1 0 -1 0 -1 0 -1 0 -1 0 -1 0 -1 0 -1 0 -1 0 -1 0 
  15 15 15 15 20
 80 5 80 5 50 5 30
2586 131072 0 48 208896 0 
  34359738369 1315051091194281984 1835136 0 50465891015 7916447985573822463 2031036 0 

trp_austrian_grenadier_nco Hungarian_Grenadier Sergeant 0 133169152 0 0 24 0 0
  800 0 1317 0 1695 0 156 0 67 0 1819 0 -1 0 -1 0 -1 0 -1 0 -1 0 -1 0 -1 0 -1 0 -1 0 -1 0 -1 0 -1 0 -1 0 -1 0 -1 0 -1 0 -1 0 -1 0 -1 0 -1 0 -1 0 -1 0 -1 0 -1 0 -1 0 -1 0 -1 0 -1 0 -1 0 -1 0 -1 0 -1 0 -1 0 -1 0 -1 0 -1 0 -1 0 -1 0 -1 0 -1 0 -1 0 -1 0 -1 0 -1 0 -1 0 -1 0 -1 0 -1 0 -1 0 -1 0 -1 0 -1 0 -1 0 -1 0 -1 0 -1 0 -1 0 -1 0 
  15 15 15 15 20
 50 5 145 5 150 5 30
2586 131072 0 48 208896 0 
  34359738369 1315051091194281984 1835136 0 50465891015 7916447985573822463 2031036 0 

trp_austrian_grenadier_officer Hungarian_Grenadier Officer 0 133169152 0 0 24 0 0
  801 0 1323 0 1696 0 99 0 157 0 9 0 1819 0 398 0 -1 0 -1 0 -1 0 -1 0 -1 0 -1 0 -1 0 -1 0 -1 0 -1 0 -1 0 -1 0 -1 0 -1 0 -1 0 -1 0 -1 0 -1 0 -1 0 -1 0 -1 0 -1 0 -1 0 -1 0 -1 0 -1 0 -1 0 -1 0 -1 0 -1 0 -1 0 -1 0 -1 0 -1 0 -1 0 -1 0 -1 0 -1 0 -1 0 -1 0 -1 0 -1 0 -1 0 -1 0 -1 0 -1 0 -1 0 -1 0 -1 0 -1 0 -1 0 -1 0 -1 0 -1 0 -1 0 -1 0 
  15 15 15 15 20
 80 5 80 5 50 5 30
2586 131072 0 48 208896 0 
  34359738369 1315051091194281984 1835136 0 50465891015 7916447985573822463 2031036 0 

trp_austrian_grenadier_drum Hungarian_Grenadier Drummer 0 133169152 0 0 24 0 0
  802 0 1317 0 1695 0 1820 0 150 0 118 0 -1 0 -1 0 -1 0 -1 0 -1 0 -1 0 -1 0 -1 0 -1 0 -1 0 -1 0 -1 0 -1 0 -1 0 -1 0 -1 0 -1 0 -1 0 -1 0 -1 0 -1 0 -1 0 -1 0 -1 0 -1 0 -1 0 -1 0 -1 0 -1 0 -1 0 -1 0 -1 0 -1 0 -1 0 -1 0 -1 0 -1 0 -1 0 -1 0 -1 0 -1 0 -1 0 -1 0 -1 0 -1 0 -1 0 -1 0 -1 0 -1 0 -1 0 -1 0 -1 0 -1 0 -1 0 -1 0 -1 0 -1 0 -1 0 
  15 15 15 15 20
 80 5 80 5 50 5 30
2586 131072 0 48 208896 0 
  34359738369 1315051091194281984 1835136 0 50465891015 7916447985573822463 2031036 0 

trp_austrian_grenadier_flute Hungarian_Grenadier Fifer 0 133169152 0 0 24 0 0
  803 0 1317 0 1695 0 151 0 118 0 1819 0 -1 0 -1 0 -1 0 -1 0 -1 0 -1 0 -1 0 -1 0 -1 0 -1 0 -1 0 -1 0 -1 0 -1 0 -1 0 -1 0 -1 0 -1 0 -1 0 -1 0 -1 0 -1 0 -1 0 -1 0 -1 0 -1 0 -1 0 -1 0 -1 0 -1 0 -1 0 -1 0 -1 0 -1 0 -1 0 -1 0 -1 0 -1 0 -1 0 -1 0 -1 0 -1 0 -1 0 -1 0 -1 0 -1 0 -1 0 -1 0 -1 0 -1 0 -1 0 -1 0 -1 0 -1 0 -1 0 -1 0 -1 0 -1 0 
  15 15 15 15 20
 80 5 80 5 50 5 30
2586 131072 0 48 208896 0 
  34359738369 1315051091194281984 1835136 0 50465891015 7916447985573822463 2031036 0 

trp_austrian_16 Infanterie_Regiment_Nr.16_Lusignan Foot_Guard 0 133169152 0 0 10 0 0
  884 0 1317 0 1694 0 156 0 67 0 118 0 1819 0 -1 0 -1 0 -1 0 -1 0 -1 0 -1 0 -1 0 -1 0 -1 0 -1 0 -1 0 -1 0 -1 0 -1 0 -1 0 -1 0 -1 0 -1 0 -1 0 -1 0 -1 0 -1 0 -1 0 -1 0 -1 0 -1 0 -1 0 -1 0 -1 0 -1 0 -1 0 -1 0 -1 0 -1 0 -1 0 -1 0 -1 0 -1 0 -1 0 -1 0 -1 0 -1 0 -1 0 -1 0 -1 0 -1 0 -1 0 -1 0 -1 0 -1 0 -1 0 -1 0 -1 0 -1 0 -1 0 -1 0 -1 0 
  15 15 15 15 20
 50 5 145 5 150 5 30
2586 131072 0 48 208896 0 
  34359738369 1315051091194281984 1835136 0 50465891015 7916447985573822463 2031036 0 

trp_austrian_16_flag_bearer Hungarian_Grenadier Colour_Bearer 0 133169152 0 0 24 0 0
  885 0 1317 0 1694 0 318 0 118 0 1819 0 -1 0 -1 0 -1 0 -1 0 -1 0 -1 0 -1 0 -1 0 -1 0 -1 0 -1 0 -1 0 -1 0 -1 0 -1 0 -1 0 -1 0 -1 0 -1 0 -1 0 -1 0 -1 0 -1 0 -1 0 -1 0 -1 0 -1 0 -1 0 -1 0 -1 0 -1 0 -1 0 -1 0 -1 0 -1 0 -1 0 -1 0 -1 0 -1 0 -1 0 -1 0 -1 0 -1 0 -1 0 -1 0 -1 0 -1 0 -1 0 -1 0 -1 0 -1 0 -1 0 -1 0 -1 0 -1 0 -1 0 -1 0 -1 0 
  15 15 15 15 20
 80 5 80 5 50 5 30
2586 131072 0 48 208896 0 
  34359738369 1315051091194281984 1835136 0 50465891015 7916447985573822463 2031036 0 

trp_austrian_16_nco Hungarian_Grenadier Sergeant 0 133169152 0 0 24 0 0
  885 0 1317 0 1694 0 156 0 67 0 118 0 1819 0 -1 0 -1 0 -1 0 -1 0 -1 0 -1 0 -1 0 -1 0 -1 0 -1 0 -1 0 -1 0 -1 0 -1 0 -1 0 -1 0 -1 0 -1 0 -1 0 -1 0 -1 0 -1 0 -1 0 -1 0 -1 0 -1 0 -1 0 -1 0 -1 0 -1 0 -1 0 -1 0 -1 0 -1 0 -1 0 -1 0 -1 0 -1 0 -1 0 -1 0 -1 0 -1 0 -1 0 -1 0 -1 0 -1 0 -1 0 -1 0 -1 0 -1 0 -1 0 -1 0 -1 0 -1 0 -1 0 -1 0 -1 0 
  15 15 15 15 20
 50 5 145 5 150 5 30
2586 131072 0 48 208896 0 
  34359738369 1315051091194281984 1835136 0 50465891015 7916447985573822463 2031036 0 

trp_austrian_16_officer Hungarian_Grenadier Officer 0 133169152 0 0 24 0 0
  886 0 1323 0 1702 0 99 0 157 0 9 0 1819 0 398 0 -1 0 -1 0 -1 0 -1 0 -1 0 -1 0 -1 0 -1 0 -1 0 -1 0 -1 0 -1 0 -1 0 -1 0 -1 0 -1 0 -1 0 -1 0 -1 0 -1 0 -1 0 -1 0 -1 0 -1 0 -1 0 -1 0 -1 0 -1 0 -1 0 -1 0 -1 0 -1 0 -1 0 -1 0 -1 0 -1 0 -1 0 -1 0 -1 0 -1 0 -1 0 -1 0 -1 0 -1 0 -1 0 -1 0 -1 0 -1 0 -1 0 -1 0 -1 0 -1 0 -1 0 -1 0 -1 0 -1 0 
  15 15 15 15 20
 80 5 80 5 50 5 30
2586 131072 0 48 208896 0 
  34359738369 1315051091194281984 1835136 0 50465891015 7916447985573822463 2031036 0 

trp_austrian_16_drum Hungarian_Grenadier Drummer 0 133169152 0 0 24 0 0
  887 0 1317 0 1694 0 1820 0 150 0 118 0 -1 0 -1 0 -1 0 -1 0 -1 0 -1 0 -1 0 -1 0 -1 0 -1 0 -1 0 -1 0 -1 0 -1 0 -1 0 -1 0 -1 0 -1 0 -1 0 -1 0 -1 0 -1 0 -1 0 -1 0 -1 0 -1 0 -1 0 -1 0 -1 0 -1 0 -1 0 -1 0 -1 0 -1 0 -1 0 -1 0 -1 0 -1 0 -1 0 -1 0 -1 0 -1 0 -1 0 -1 0 -1 0 -1 0 -1 0 -1 0 -1 0 -1 0 -1 0 -1 0 -1 0 -1 0 -1 0 -1 0 -1 0 -1 0 
  15 15 15 15 20
 80 5 80 5 50 5 30
2586 131072 0 48 208896 0 
  34359738369 1315051091194281984 1835136 0 50465891015 7916447985573822463 2031036 0 

trp_austrian_16_flute Hungarian_Grenadier Fifer 0 133169152 0 0 24 0 0
  888 0 1317 0 1694 0 151 0 118 0 1819 0 -1 0 -1 0 -1 0 -1 0 -1 0 -1 0 -1 0 -1 0 -1 0 -1 0 -1 0 -1 0 -1 0 -1 0 -1 0 -1 0 -1 0 -1 0 -1 0 -1 0 -1 0 -1 0 -1 0 -1 0 -1 0 -1 0 -1 0 -1 0 -1 0 -1 0 -1 0 -1 0 -1 0 -1 0 -1 0 -1 0 -1 0 -1 0 -1 0 -1 0 -1 0 -1 0 -1 0 -1 0 -1 0 -1 0 -1 0 -1 0 -1 0 -1 0 -1 0 -1 0 -1 0 -1 0 -1 0 -1 0 -1 0 -1 0 
  15 15 15 15 20
 80 5 80 5 50 5 30
2586 131072 0 48 208896 0 
  34359738369 1315051091194281984 1835136 0 50465891015 7916447985573822463 2031036 0 

trp_austrian_56 Infanterie_Regiment_Nr.56_Graf_Wenzel_Colloredo Foot_Guard 0 133169152 0 0 10 0 0
  889 0 1317 0 1694 0 156 0 67 0 118 0 1819 0 -1 0 -1 0 -1 0 -1 0 -1 0 -1 0 -1 0 -1 0 -1 0 -1 0 -1 0 -1 0 -1 0 -1 0 -1 0 -1 0 -1 0 -1 0 -1 0 -1 0 -1 0 -1 0 -1 0 -1 0 -1 0 -1 0 -1 0 -1 0 -1 0 -1 0 -1 0 -1 0 -1 0 -1 0 -1 0 -1 0 -1 0 -1 0 -1 0 -1 0 -1 0 -1 0 -1 0 -1 0 -1 0 -1 0 -1 0 -1 0 -1 0 -1 0 -1 0 -1 0 -1 0 -1 0 -1 0 -1 0 -1 0 
  15 15 15 15 20
 50 5 145 5 150 5 30
2586 131072 0 48 208896 0 
  34359738369 1315051091194281984 1835136 0 50465891015 7916447985573822463 2031036 0 

trp_austrian_56_flag_bearer Hungarian_Grenadier Colour_Bearer 0 133169152 0 0 24 0 0
  890 0 1317 0 1694 0 325 0 118 0 1819 0 -1 0 -1 0 -1 0 -1 0 -1 0 -1 0 -1 0 -1 0 -1 0 -1 0 -1 0 -1 0 -1 0 -1 0 -1 0 -1 0 -1 0 -1 0 -1 0 -1 0 -1 0 -1 0 -1 0 -1 0 -1 0 -1 0 -1 0 -1 0 -1 0 -1 0 -1 0 -1 0 -1 0 -1 0 -1 0 -1 0 -1 0 -1 0 -1 0 -1 0 -1 0 -1 0 -1 0 -1 0 -1 0 -1 0 -1 0 -1 0 -1 0 -1 0 -1 0 -1 0 -1 0 -1 0 -1 0 -1 0 -1 0 -1 0 
  15 15 15 15 20
 80 5 80 5 50 5 30
2586 131072 0 48 208896 0 
  34359738369 1315051091194281984 1835136 0 50465891015 7916447985573822463 2031036 0 

trp_austrian_56_nco Hungarian_Grenadier Sergeant 0 133169152 0 0 24 0 0
  890 0 1317 0 1694 0 156 0 67 0 118 0 1819 0 -1 0 -1 0 -1 0 -1 0 -1 0 -1 0 -1 0 -1 0 -1 0 -1 0 -1 0 -1 0 -1 0 -1 0 -1 0 -1 0 -1 0 -1 0 -1 0 -1 0 -1 0 -1 0 -1 0 -1 0 -1 0 -1 0 -1 0 -1 0 -1 0 -1 0 -1 0 -1 0 -1 0 -1 0 -1 0 -1 0 -1 0 -1 0 -1 0 -1 0 -1 0 -1 0 -1 0 -1 0 -1 0 -1 0 -1 0 -1 0 -1 0 -1 0 -1 0 -1 0 -1 0 -1 0 -1 0 -1 0 -1 0 
  15 15 15 15 20
 50 5 145 5 150 5 30
2586 131072 0 48 208896 0 
  34359738369 1315051091194281984 1835136 0 50465891015 7916447985573822463 2031036 0 

trp_austrian_56_officer Hungarian_Grenadier Officer 0 133169152 0 0 24 0 0
  891 0 1323 0 1702 0 99 0 157 0 9 0 1819 0 398 0 -1 0 -1 0 -1 0 -1 0 -1 0 -1 0 -1 0 -1 0 -1 0 -1 0 -1 0 -1 0 -1 0 -1 0 -1 0 -1 0 -1 0 -1 0 -1 0 -1 0 -1 0 -1 0 -1 0 -1 0 -1 0 -1 0 -1 0 -1 0 -1 0 -1 0 -1 0 -1 0 -1 0 -1 0 -1 0 -1 0 -1 0 -1 0 -1 0 -1 0 -1 0 -1 0 -1 0 -1 0 -1 0 -1 0 -1 0 -1 0 -1 0 -1 0 -1 0 -1 0 -1 0 -1 0 -1 0 -1 0 
  15 15 15 15 20
 80 5 80 5 50 5 30
2586 131072 0 48 208896 0 
  34359738369 1315051091194281984 1835136 0 50465891015 7916447985573822463 2031036 0 

trp_austrian_56_drum Hungarian_Grenadier Drummer 0 133169152 0 0 24 0 0
  892 0 1317 0 1694 0 1820 0 150 0 118 0 -1 0 -1 0 -1 0 -1 0 -1 0 -1 0 -1 0 -1 0 -1 0 -1 0 -1 0 -1 0 -1 0 -1 0 -1 0 -1 0 -1 0 -1 0 -1 0 -1 0 -1 0 -1 0 -1 0 -1 0 -1 0 -1 0 -1 0 -1 0 -1 0 -1 0 -1 0 -1 0 -1 0 -1 0 -1 0 -1 0 -1 0 -1 0 -1 0 -1 0 -1 0 -1 0 -1 0 -1 0 -1 0 -1 0 -1 0 -1 0 -1 0 -1 0 -1 0 -1 0 -1 0 -1 0 -1 0 -1 0 -1 0 -1 0 
  15 15 15 15 20
 80 5 80 5 50 5 30
2586 131072 0 48 208896 0 
  34359738369 1315051091194281984 1835136 0 50465891015 7916447985573822463 2031036 0 

trp_austrian_56_flute Hungarian_Grenadier Fifer 0 133169152 0 0 24 0 0
  893 0 1317 0 1694 0 151 0 118 0 1819 0 -1 0 -1 0 -1 0 -1 0 -1 0 -1 0 -1 0 -1 0 -1 0 -1 0 -1 0 -1 0 -1 0 -1 0 -1 0 -1 0 -1 0 -1 0 -1 0 -1 0 -1 0 -1 0 -1 0 -1 0 -1 0 -1 0 -1 0 -1 0 -1 0 -1 0 -1 0 -1 0 -1 0 -1 0 -1 0 -1 0 -1 0 -1 0 -1 0 -1 0 -1 0 -1 0 -1 0 -1 0 -1 0 -1 0 -1 0 -1 0 -1 0 -1 0 -1 0 -1 0 -1 0 -1 0 -1 0 -1 0 -1 0 -1 0 
  15 15 15 15 20
 80 5 80 5 50 5 30
2586 131072 0 48 208896 0 
  34359738369 1315051091194281984 1835136 0 50465891015 7916447985573822463 2031036 0 

trp_austrian_grenzer Grenz_Regiment_Oguliner_Nr.3 Line/Light_Infantry 0 133169152 0 0 10 0 0
  804 0 1326 0 1695 0 67 0 43 0 28 0 156 0 121 0 -1 0 -1 0 -1 0 -1 0 -1 0 -1 0 -1 0 -1 0 -1 0 -1 0 -1 0 -1 0 -1 0 -1 0 -1 0 -1 0 -1 0 -1 0 -1 0 -1 0 -1 0 -1 0 -1 0 -1 0 -1 0 -1 0 -1 0 -1 0 -1 0 -1 0 -1 0 -1 0 -1 0 -1 0 -1 0 -1 0 -1 0 -1 0 -1 0 -1 0 -1 0 -1 0 -1 0 -1 0 -1 0 -1 0 -1 0 -1 0 -1 0 -1 0 -1 0 -1 0 -1 0 -1 0 -1 0 -1 0 
  15 15 15 15 20
 50 5 105 5 170 5 30
2586 131072 0 48 135168 0 
  34359738369 1315051091194281984 1835136 0 50465891015 7916447985573822463 2031036 0 

trp_austrian_grenzer_flag_bearer Austrian_Grenzer Colour_Bearer 0 133169152 0 0 24 0 0
  805 0 1327 0 1695 0 328 0 121 0 -1 0 -1 0 -1 0 -1 0 -1 0 -1 0 -1 0 -1 0 -1 0 -1 0 -1 0 -1 0 -1 0 -1 0 -1 0 -1 0 -1 0 -1 0 -1 0 -1 0 -1 0 -1 0 -1 0 -1 0 -1 0 -1 0 -1 0 -1 0 -1 0 -1 0 -1 0 -1 0 -1 0 -1 0 -1 0 -1 0 -1 0 -1 0 -1 0 -1 0 -1 0 -1 0 -1 0 -1 0 -1 0 -1 0 -1 0 -1 0 -1 0 -1 0 -1 0 -1 0 -1 0 -1 0 -1 0 -1 0 -1 0 -1 0 -1 0 
  15 15 15 15 20
 80 5 80 5 50 5 30
2586 131072 0 48 135168 0 
  34359738369 1315051091194281984 1835136 0 50465891015 7916447985573822463 2031036 0 

trp_austrian_grenzer_nco Austrian_Grenzer Sergeant 0 133169152 0 0 24 0 0
  805 0 1327 0 1695 0 67 0 43 0 28 0 156 0 121 0 -1 0 -1 0 -1 0 -1 0 -1 0 -1 0 -1 0 -1 0 -1 0 -1 0 -1 0 -1 0 -1 0 -1 0 -1 0 -1 0 -1 0 -1 0 -1 0 -1 0 -1 0 -1 0 -1 0 -1 0 -1 0 -1 0 -1 0 -1 0 -1 0 -1 0 -1 0 -1 0 -1 0 -1 0 -1 0 -1 0 -1 0 -1 0 -1 0 -1 0 -1 0 -1 0 -1 0 -1 0 -1 0 -1 0 -1 0 -1 0 -1 0 -1 0 -1 0 -1 0 -1 0 -1 0 -1 0 -1 0 
  15 15 15 15 20
 50 5 105 5 170 5 30
2586 131072 0 48 135168 0 
  34359738369 1315051091194281984 1835136 0 50465891015 7916447985573822463 2031036 0 

trp_austrian_grenzer_officer Austrian_Grenzer Officer 0 133169152 0 0 24 0 0
  806 0 1325 0 1696 0 9 0 157 0 100 0 1819 0 398 0 -1 0 -1 0 -1 0 -1 0 -1 0 -1 0 -1 0 -1 0 -1 0 -1 0 -1 0 -1 0 -1 0 -1 0 -1 0 -1 0 -1 0 -1 0 -1 0 -1 0 -1 0 -1 0 -1 0 -1 0 -1 0 -1 0 -1 0 -1 0 -1 0 -1 0 -1 0 -1 0 -1 0 -1 0 -1 0 -1 0 -1 0 -1 0 -1 0 -1 0 -1 0 -1 0 -1 0 -1 0 -1 0 -1 0 -1 0 -1 0 -1 0 -1 0 -1 0 -1 0 -1 0 -1 0 -1 0 -1 0 
  15 15 15 15 20
 80 5 80 5 50 5 30
2586 131072 0 48 208896 0 
  34359738369 1315051091194281984 1835136 0 50465891015 7916447985573822463 2031036 0 

trp_austrian_grenzer_drum Austrian_Grenzer Drummer 0 133169152 0 0 24 0 0
  807 0 1326 0 1695 0 1820 0 150 0 121 0 -1 0 -1 0 -1 0 -1 0 -1 0 -1 0 -1 0 -1 0 -1 0 -1 0 -1 0 -1 0 -1 0 -1 0 -1 0 -1 0 -1 0 -1 0 -1 0 -1 0 -1 0 -1 0 -1 0 -1 0 -1 0 -1 0 -1 0 -1 0 -1 0 -1 0 -1 0 -1 0 -1 0 -1 0 -1 0 -1 0 -1 0 -1 0 -1 0 -1 0 -1 0 -1 0 -1 0 -1 0 -1 0 -1 0 -1 0 -1 0 -1 0 -1 0 -1 0 -1 0 -1 0 -1 0 -1 0 -1 0 -1 0 -1 0 
  15 15 15 15 20
 80 5 80 5 50 5 30
2586 131072 0 48 135168 0 
  34359738369 1315051091194281984 1835136 0 50465891015 7916447985573822463 2031036 0 

trp_austrian_grenzer_flute Austrian_Grenzer Fifer 0 133169152 0 0 24 0 0
  808 0 1326 0 1695 0 151 0 121 0 -1 0 -1 0 -1 0 -1 0 -1 0 -1 0 -1 0 -1 0 -1 0 -1 0 -1 0 -1 0 -1 0 -1 0 -1 0 -1 0 -1 0 -1 0 -1 0 -1 0 -1 0 -1 0 -1 0 -1 0 -1 0 -1 0 -1 0 -1 0 -1 0 -1 0 -1 0 -1 0 -1 0 -1 0 -1 0 -1 0 -1 0 -1 0 -1 0 -1 0 -1 0 -1 0 -1 0 -1 0 -1 0 -1 0 -1 0 -1 0 -1 0 -1 0 -1 0 -1 0 -1 0 -1 0 -1 0 -1 0 -1 0 -1 0 -1 0 
  15 15 15 15 20
 80 5 80 5 50 5 30
2586 131072 0 48 135168 0 
  34359738369 1315051091194281984 1835136 0 50465891015 7916447985573822463 2031036 0 

trp_austrian_grenzer5 Grenz_Regiment_Warasdiner-Kreuzer_Nr.5 Line/Light_Infantry 0 133169152 0 0 10 0 0
  894 0 1326 0 1695 0 67 0 43 0 28 0 156 0 121 0 -1 0 -1 0 -1 0 -1 0 -1 0 -1 0 -1 0 -1 0 -1 0 -1 0 -1 0 -1 0 -1 0 -1 0 -1 0 -1 0 -1 0 -1 0 -1 0 -1 0 -1 0 -1 0 -1 0 -1 0 -1 0 -1 0 -1 0 -1 0 -1 0 -1 0 -1 0 -1 0 -1 0 -1 0 -1 0 -1 0 -1 0 -1 0 -1 0 -1 0 -1 0 -1 0 -1 0 -1 0 -1 0 -1 0 -1 0 -1 0 -1 0 -1 0 -1 0 -1 0 -1 0 -1 0 -1 0 -1 0 
  15 15 15 15 20
 50 5 105 5 170 5 30
2586 131072 0 48 135168 0 
  34359738369 1315051091194281984 1835136 0 50465891015 7916447985573822463 2031036 0 

trp_austrian_grenzer5_flag_bearer Austrian_Grenzer Colour_Bearer 0 133169152 0 0 24 0 0
  895 0 1327 0 1695 0 327 0 121 0 -1 0 -1 0 -1 0 -1 0 -1 0 -1 0 -1 0 -1 0 -1 0 -1 0 -1 0 -1 0 -1 0 -1 0 -1 0 -1 0 -1 0 -1 0 -1 0 -1 0 -1 0 -1 0 -1 0 -1 0 -1 0 -1 0 -1 0 -1 0 -1 0 -1 0 -1 0 -1 0 -1 0 -1 0 -1 0 -1 0 -1 0 -1 0 -1 0 -1 0 -1 0 -1 0 -1 0 -1 0 -1 0 -1 0 -1 0 -1 0 -1 0 -1 0 -1 0 -1 0 -1 0 -1 0 -1 0 -1 0 -1 0 -1 0 -1 0 
  15 15 15 15 20
 80 5 80 5 50 5 30
2586 131072 0 48 135168 0 
  34359738369 1315051091194281984 1835136 0 50465891015 7916447985573822463 2031036 0 

trp_austrian_grenzer5_nco Austrian_Grenzer Sergeant 0 133169152 0 0 24 0 0
  895 0 1327 0 1695 0 67 0 43 0 28 0 156 0 121 0 -1 0 -1 0 -1 0 -1 0 -1 0 -1 0 -1 0 -1 0 -1 0 -1 0 -1 0 -1 0 -1 0 -1 0 -1 0 -1 0 -1 0 -1 0 -1 0 -1 0 -1 0 -1 0 -1 0 -1 0 -1 0 -1 0 -1 0 -1 0 -1 0 -1 0 -1 0 -1 0 -1 0 -1 0 -1 0 -1 0 -1 0 -1 0 -1 0 -1 0 -1 0 -1 0 -1 0 -1 0 -1 0 -1 0 -1 0 -1 0 -1 0 -1 0 -1 0 -1 0 -1 0 -1 0 -1 0 -1 0 
  15 15 15 15 20
 50 5 105 5 170 5 30
2586 131072 0 48 135168 0 
  34359738369 1315051091194281984 1835136 0 50465891015 7916447985573822463 2031036 0 

trp_austrian_grenzer5_officer Austrian_Grenzer Officer 0 133169152 0 0 24 0 0
  896 0 1325 0 1696 0 9 0 157 0 100 0 1819 0 398 0 -1 0 -1 0 -1 0 -1 0 -1 0 -1 0 -1 0 -1 0 -1 0 -1 0 -1 0 -1 0 -1 0 -1 0 -1 0 -1 0 -1 0 -1 0 -1 0 -1 0 -1 0 -1 0 -1 0 -1 0 -1 0 -1 0 -1 0 -1 0 -1 0 -1 0 -1 0 -1 0 -1 0 -1 0 -1 0 -1 0 -1 0 -1 0 -1 0 -1 0 -1 0 -1 0 -1 0 -1 0 -1 0 -1 0 -1 0 -1 0 -1 0 -1 0 -1 0 -1 0 -1 0 -1 0 -1 0 -1 0 
  15 15 15 15 20
 80 5 80 5 50 5 30
2586 131072 0 48 208896 0 
  34359738369 1315051091194281984 1835136 0 50465891015 7916447985573822463 2031036 0 

trp_austrian_grenzer5_drum Austrian_Grenzer Drummer 0 133169152 0 0 24 0 0
  897 0 1326 0 1695 0 1820 0 150 0 121 0 -1 0 -1 0 -1 0 -1 0 -1 0 -1 0 -1 0 -1 0 -1 0 -1 0 -1 0 -1 0 -1 0 -1 0 -1 0 -1 0 -1 0 -1 0 -1 0 -1 0 -1 0 -1 0 -1 0 -1 0 -1 0 -1 0 -1 0 -1 0 -1 0 -1 0 -1 0 -1 0 -1 0 -1 0 -1 0 -1 0 -1 0 -1 0 -1 0 -1 0 -1 0 -1 0 -1 0 -1 0 -1 0 -1 0 -1 0 -1 0 -1 0 -1 0 -1 0 -1 0 -1 0 -1 0 -1 0 -1 0 -1 0 -1 0 
  15 15 15 15 20
 80 5 80 5 50 5 30
2586 131072 0 48 135168 0 
  34359738369 1315051091194281984 1835136 0 50465891015 7916447985573822463 2031036 0 

trp_austrian_grenzer5_flute Austrian_Grenzer Fifer 0 133169152 0 0 24 0 0
  898 0 1326 0 1695 0 151 0 121 0 -1 0 -1 0 -1 0 -1 0 -1 0 -1 0 -1 0 -1 0 -1 0 -1 0 -1 0 -1 0 -1 0 -1 0 -1 0 -1 0 -1 0 -1 0 -1 0 -1 0 -1 0 -1 0 -1 0 -1 0 -1 0 -1 0 -1 0 -1 0 -1 0 -1 0 -1 0 -1 0 -1 0 -1 0 -1 0 -1 0 -1 0 -1 0 -1 0 -1 0 -1 0 -1 0 -1 0 -1 0 -1 0 -1 0 -1 0 -1 0 -1 0 -1 0 -1 0 -1 0 -1 0 -1 0 -1 0 -1 0 -1 0 -1 0 -1 0 
  15 15 15 15 20
 80 5 80 5 50 5 30
2586 131072 0 48 135168 0 
  34359738369 1315051091194281984 1835136 0 50465891015 7916447985573822463 2031036 0 

trp_austrian_infantry_rifle Jaeger_Battalion_2 Rifleman 0 133169152 0 0 10 0 0
  809 0 1319 0 1697 0 43 0 156 0 120 0 -1 0 -1 0 -1 0 -1 0 -1 0 -1 0 -1 0 -1 0 -1 0 -1 0 -1 0 -1 0 -1 0 -1 0 -1 0 -1 0 -1 0 -1 0 -1 0 -1 0 -1 0 -1 0 -1 0 -1 0 -1 0 -1 0 -1 0 -1 0 -1 0 -1 0 -1 0 -1 0 -1 0 -1 0 -1 0 -1 0 -1 0 -1 0 -1 0 -1 0 -1 0 -1 0 -1 0 -1 0 -1 0 -1 0 -1 0 -1 0 -1 0 -1 0 -1 0 -1 0 -1 0 -1 0 -1 0 -1 0 -1 0 -1 0 
  15 15 15 15 20
 50 5 90 5 206 5 30
2586 131072 0 48 135168 0 
  34359738369 1315051091194281984 1835136 0 50465891015 7916447985573822463 2031036 0 

trp_austrian_infantry_rifle_flag_bearer Austrian_Jaeger Colour_Bearer 0 133169152 0 0 24 0 0
  810 0 1319 0 1697 0 329 0 120 0 -1 0 -1 0 -1 0 -1 0 -1 0 -1 0 -1 0 -1 0 -1 0 -1 0 -1 0 -1 0 -1 0 -1 0 -1 0 -1 0 -1 0 -1 0 -1 0 -1 0 -1 0 -1 0 -1 0 -1 0 -1 0 -1 0 -1 0 -1 0 -1 0 -1 0 -1 0 -1 0 -1 0 -1 0 -1 0 -1 0 -1 0 -1 0 -1 0 -1 0 -1 0 -1 0 -1 0 -1 0 -1 0 -1 0 -1 0 -1 0 -1 0 -1 0 -1 0 -1 0 -1 0 -1 0 -1 0 -1 0 -1 0 -1 0 -1 0 
  15 15 15 15 20
 80 5 80 5 50 5 30
2586 131072 0 48 135168 0 
  34359738369 1315051091194281984 1835136 0 50465891015 7916447985573822463 2031036 0 

trp_austrian_infantry_rifle_nco Austrian_Jaeger Sergeant 0 133169152 0 0 24 0 0
  810 0 1319 0 1697 0 43 0 156 0 120 0 -1 0 -1 0 -1 0 -1 0 -1 0 -1 0 -1 0 -1 0 -1 0 -1 0 -1 0 -1 0 -1 0 -1 0 -1 0 -1 0 -1 0 -1 0 -1 0 -1 0 -1 0 -1 0 -1 0 -1 0 -1 0 -1 0 -1 0 -1 0 -1 0 -1 0 -1 0 -1 0 -1 0 -1 0 -1 0 -1 0 -1 0 -1 0 -1 0 -1 0 -1 0 -1 0 -1 0 -1 0 -1 0 -1 0 -1 0 -1 0 -1 0 -1 0 -1 0 -1 0 -1 0 -1 0 -1 0 -1 0 -1 0 -1 0 
  15 15 15 15 20
 50 5 90 5 206 5 30
2586 131072 0 48 135168 0 
  34359738369 1315051091194281984 1835136 0 50465891015 7916447985573822463 2031036 0 

trp_austrian_infantry_rifle_officer Austrian_Jaeger Officer 0 133169152 0 0 24 0 0
  811 0 1320 0 1698 0 9 0 157 0 100 0 1819 0 398 0 -1 0 -1 0 -1 0 -1 0 -1 0 -1 0 -1 0 -1 0 -1 0 -1 0 -1 0 -1 0 -1 0 -1 0 -1 0 -1 0 -1 0 -1 0 -1 0 -1 0 -1 0 -1 0 -1 0 -1 0 -1 0 -1 0 -1 0 -1 0 -1 0 -1 0 -1 0 -1 0 -1 0 -1 0 -1 0 -1 0 -1 0 -1 0 -1 0 -1 0 -1 0 -1 0 -1 0 -1 0 -1 0 -1 0 -1 0 -1 0 -1 0 -1 0 -1 0 -1 0 -1 0 -1 0 -1 0 -1 0 
  15 15 15 15 20
 80 5 80 5 50 5 30
2586 131072 0 48 208896 0 
  34359738369 1315051091194281984 1835136 0 50465891015 7916447985573822463 2031036 0 

trp_austrian_infantry_rifle_horn Austrian_Jaeger Hornist 0 133169152 0 0 24 0 0
  812 0 1319 0 1697 0 152 0 120 0 -1 0 -1 0 -1 0 -1 0 -1 0 -1 0 -1 0 -1 0 -1 0 -1 0 -1 0 -1 0 -1 0 -1 0 -1 0 -1 0 -1 0 -1 0 -1 0 -1 0 -1 0 -1 0 -1 0 -1 0 -1 0 -1 0 -1 0 -1 0 -1 0 -1 0 -1 0 -1 0 -1 0 -1 0 -1 0 -1 0 -1 0 -1 0 -1 0 -1 0 -1 0 -1 0 -1 0 -1 0 -1 0 -1 0 -1 0 -1 0 -1 0 -1 0 -1 0 -1 0 -1 0 -1 0 -1 0 -1 0 -1 0 -1 0 -1 0 
  15 15 15 15 20
 80 5 80 5 50 5 30
2586 131072 0 48 135168 0 
  34359738369 1315051091194281984 1835136 0 50465891015 7916447985573822463 2031036 0 

trp_austrian_hussar Husar_Regiment_Graf_von_Hessen-Homburg_Nr._4 Hussar 0 133170176 0 0 10 0 0
  829 0 1334 0 1699 0 1826 0 112 0 1892 0 -1 0 -1 0 -1 0 -1 0 -1 0 -1 0 -1 0 -1 0 -1 0 -1 0 -1 0 -1 0 -1 0 -1 0 -1 0 -1 0 -1 0 -1 0 -1 0 -1 0 -1 0 -1 0 -1 0 -1 0 -1 0 -1 0 -1 0 -1 0 -1 0 -1 0 -1 0 -1 0 -1 0 -1 0 -1 0 -1 0 -1 0 -1 0 -1 0 -1 0 -1 0 -1 0 -1 0 -1 0 -1 0 -1 0 -1 0 -1 0 -1 0 -1 0 -1 0 -1 0 -1 0 -1 0 -1 0 -1 0 -1 0 -1 0 
  12 10 15 15 20
 160 5 30 5 30 5 30
2586 131072 0 22 208896 0 
  34359738369 1315051091194281984 1835136 0 50465891015 7916447985573822463 2031036 0 

trp_austrian_hussar_flag_bearer Austrian_Hussar Colour_Bearer 0 133170176 0 0 24 0 0
  830 0 1330 0 1699 0 1826 0 330 0 112 0 1892 0 -1 0 -1 0 -1 0 -1 0 -1 0 -1 0 -1 0 -1 0 -1 0 -1 0 -1 0 -1 0 -1 0 -1 0 -1 0 -1 0 -1 0 -1 0 -1 0 -1 0 -1 0 -1 0 -1 0 -1 0 -1 0 -1 0 -1 0 -1 0 -1 0 -1 0 -1 0 -1 0 -1 0 -1 0 -1 0 -1 0 -1 0 -1 0 -1 0 -1 0 -1 0 -1 0 -1 0 -1 0 -1 0 -1 0 -1 0 -1 0 -1 0 -1 0 -1 0 -1 0 -1 0 -1 0 -1 0 -1 0 -1 0 
  12 10 15 15 20
 160 5 30 5 30 5 30
2586 131072 0 22 208896 0 
  34359738369 1315051091194281984 1835136 0 50465891015 7916447985573822463 2031036 0 

trp_austrian_hussar_nco Austrian_Hussar Sergeant 0 133170176 0 0 24 0 0
  830 0 1330 0 1699 0 1826 0 112 0 1892 0 -1 0 -1 0 -1 0 -1 0 -1 0 -1 0 -1 0 -1 0 -1 0 -1 0 -1 0 -1 0 -1 0 -1 0 -1 0 -1 0 -1 0 -1 0 -1 0 -1 0 -1 0 -1 0 -1 0 -1 0 -1 0 -1 0 -1 0 -1 0 -1 0 -1 0 -1 0 -1 0 -1 0 -1 0 -1 0 -1 0 -1 0 -1 0 -1 0 -1 0 -1 0 -1 0 -1 0 -1 0 -1 0 -1 0 -1 0 -1 0 -1 0 -1 0 -1 0 -1 0 -1 0 -1 0 -1 0 -1 0 -1 0 -1 0 
  12 10 15 15 20
 160 5 30 5 30 5 30
2586 131072 0 22 208896 0 
  34359738369 1315051091194281984 1835136 0 50465891015 7916447985573822463 2031036 0 

trp_austrian_hussar_officer Austrian_Hussar Officer 0 133170176 0 0 24 0 0
  832 0 1332 0 1699 0 1826 0 157 0 9 0 112 0 1892 0 398 0 -1 0 -1 0 -1 0 -1 0 -1 0 -1 0 -1 0 -1 0 -1 0 -1 0 -1 0 -1 0 -1 0 -1 0 -1 0 -1 0 -1 0 -1 0 -1 0 -1 0 -1 0 -1 0 -1 0 -1 0 -1 0 -1 0 -1 0 -1 0 -1 0 -1 0 -1 0 -1 0 -1 0 -1 0 -1 0 -1 0 -1 0 -1 0 -1 0 -1 0 -1 0 -1 0 -1 0 -1 0 -1 0 -1 0 -1 0 -1 0 -1 0 -1 0 -1 0 -1 0 -1 0 -1 0 -1 0 
  12 10 15 15 20
 160 5 30 5 30 5 30
2586 131072 0 22 208896 0 
  34359738369 1315051091194281984 1835136 0 50465891015 7916447985573822463 2031036 0 

trp_austrian_hussar_trumpet Austrian_Hussar Trumpeter 0 133170176 0 0 24 0 0
  831 0 1336 0 1699 0 1826 0 153 0 112 0 1892 0 -1 0 -1 0 -1 0 -1 0 -1 0 -1 0 -1 0 -1 0 -1 0 -1 0 -1 0 -1 0 -1 0 -1 0 -1 0 -1 0 -1 0 -1 0 -1 0 -1 0 -1 0 -1 0 -1 0 -1 0 -1 0 -1 0 -1 0 -1 0 -1 0 -1 0 -1 0 -1 0 -1 0 -1 0 -1 0 -1 0 -1 0 -1 0 -1 0 -1 0 -1 0 -1 0 -1 0 -1 0 -1 0 -1 0 -1 0 -1 0 -1 0 -1 0 -1 0 -1 0 -1 0 -1 0 -1 0 -1 0 -1 0 
  12 10 15 15 20
 160 5 30 5 30 5 30
2586 131072 0 22 208896 0 
  34359738369 1315051091194281984 1835136 0 50465891015 7916447985573822463 2031036 0 

trp_austrian_hussar12 Husaren_Regiment_Palatin_Nr._12 Hussar 0 133170176 0 0 10 0 0
  899 0 1343 0 1704 0 1826 0 112 0 1896 0 -1 0 -1 0 -1 0 -1 0 -1 0 -1 0 -1 0 -1 0 -1 0 -1 0 -1 0 -1 0 -1 0 -1 0 -1 0 -1 0 -1 0 -1 0 -1 0 -1 0 -1 0 -1 0 -1 0 -1 0 -1 0 -1 0 -1 0 -1 0 -1 0 -1 0 -1 0 -1 0 -1 0 -1 0 -1 0 -1 0 -1 0 -1 0 -1 0 -1 0 -1 0 -1 0 -1 0 -1 0 -1 0 -1 0 -1 0 -1 0 -1 0 -1 0 -1 0 -1 0 -1 0 -1 0 -1 0 -1 0 -1 0 -1 0 
  12 10 15 15 20
 160 5 30 5 30 5 30
2586 131072 0 22 208896 0 
  34359738369 1315051091194281984 1835136 0 50465891015 7916447985573822463 2031036 0 

trp_austrian_hussar12_flag_bearer Austrian_Hussar Colour_Bearer 0 133170176 0 0 24 0 0
  900 0 1339 0 1704 0 1826 0 331 0 112 0 1896 0 -1 0 -1 0 -1 0 -1 0 -1 0 -1 0 -1 0 -1 0 -1 0 -1 0 -1 0 -1 0 -1 0 -1 0 -1 0 -1 0 -1 0 -1 0 -1 0 -1 0 -1 0 -1 0 -1 0 -1 0 -1 0 -1 0 -1 0 -1 0 -1 0 -1 0 -1 0 -1 0 -1 0 -1 0 -1 0 -1 0 -1 0 -1 0 -1 0 -1 0 -1 0 -1 0 -1 0 -1 0 -1 0 -1 0 -1 0 -1 0 -1 0 -1 0 -1 0 -1 0 -1 0 -1 0 -1 0 -1 0 -1 0 
  12 10 15 15 20
 160 5 30 5 30 5 30
2586 131072 0 22 208896 0 
  34359738369 1315051091194281984 1835136 0 50465891015 7916447985573822463 2031036 0 

trp_austrian_hussar12_nco Austrian_Hussar Sergeant 0 133170176 0 0 24 0 0
  900 0 1339 0 1704 0 1826 0 112 0 1896 0 -1 0 -1 0 -1 0 -1 0 -1 0 -1 0 -1 0 -1 0 -1 0 -1 0 -1 0 -1 0 -1 0 -1 0 -1 0 -1 0 -1 0 -1 0 -1 0 -1 0 -1 0 -1 0 -1 0 -1 0 -1 0 -1 0 -1 0 -1 0 -1 0 -1 0 -1 0 -1 0 -1 0 -1 0 -1 0 -1 0 -1 0 -1 0 -1 0 -1 0 -1 0 -1 0 -1 0 -1 0 -1 0 -1 0 -1 0 -1 0 -1 0 -1 0 -1 0 -1 0 -1 0 -1 0 -1 0 -1 0 -1 0 -1 0 
  12 10 15 15 20
 160 5 30 5 30 5 30
2586 131072 0 22 208896 0 
  34359738369 1315051091194281984 1835136 0 50465891015 7916447985573822463 2031036 0 

trp_austrian_hussar12_officer Austrian_Hussar Officer 0 133170176 0 0 24 0 0
  902 0 1341 0 1704 0 1826 0 157 0 9 0 112 0 1897 0 398 0 -1 0 -1 0 -1 0 -1 0 -1 0 -1 0 -1 0 -1 0 -1 0 -1 0 -1 0 -1 0 -1 0 -1 0 -1 0 -1 0 -1 0 -1 0 -1 0 -1 0 -1 0 -1 0 -1 0 -1 0 -1 0 -1 0 -1 0 -1 0 -1 0 -1 0 -1 0 -1 0 -1 0 -1 0 -1 0 -1 0 -1 0 -1 0 -1 0 -1 0 -1 0 -1 0 -1 0 -1 0 -1 0 -1 0 -1 0 -1 0 -1 0 -1 0 -1 0 -1 0 -1 0 -1 0 -1 0 
  12 10 15 15 20
 160 5 30 5 30 5 30
2586 131072 0 22 208896 0 
  34359738369 1315051091194281984 1835136 0 50465891015 7916447985573822463 2031036 0 

trp_austrian_hussar12_trumpet Austrian_Hussar Trumpeter 0 133170176 0 0 24 0 0
  901 0 1345 0 1704 0 1826 0 153 0 112 0 1896 0 -1 0 -1 0 -1 0 -1 0 -1 0 -1 0 -1 0 -1 0 -1 0 -1 0 -1 0 -1 0 -1 0 -1 0 -1 0 -1 0 -1 0 -1 0 -1 0 -1 0 -1 0 -1 0 -1 0 -1 0 -1 0 -1 0 -1 0 -1 0 -1 0 -1 0 -1 0 -1 0 -1 0 -1 0 -1 0 -1 0 -1 0 -1 0 -1 0 -1 0 -1 0 -1 0 -1 0 -1 0 -1 0 -1 0 -1 0 -1 0 -1 0 -1 0 -1 0 -1 0 -1 0 -1 0 -1 0 -1 0 -1 0 
  12 10 15 15 20
 160 5 30 5 30 5 30
2586 131072 0 22 208896 0 
  34359738369 1315051091194281984 1835136 0 50465891015 7916447985573822463 2031036 0 

trp_austrian_uhlan Ulan_Regiment_Schwarzenberg_Nr._2 Lancer 0 133170176 0 0 10 0 0
  821 0 1310 0 1700 0 1826 0 171 0 112 0 1891 0 -1 0 -1 0 -1 0 -1 0 -1 0 -1 0 -1 0 -1 0 -1 0 -1 0 -1 0 -1 0 -1 0 -1 0 -1 0 -1 0 -1 0 -1 0 -1 0 -1 0 -1 0 -1 0 -1 0 -1 0 -1 0 -1 0 -1 0 -1 0 -1 0 -1 0 -1 0 -1 0 -1 0 -1 0 -1 0 -1 0 -1 0 -1 0 -1 0 -1 0 -1 0 -1 0 -1 0 -1 0 -1 0 -1 0 -1 0 -1 0 -1 0 -1 0 -1 0 -1 0 -1 0 -1 0 -1 0 -1 0 -1 0 
  12 10 15 15 20
 50 5 130 5 40 5 30
2586 131072 0 22 208896 0 
  34359738369 1315051091194281984 1835136 0 50465891015 7916447985573822463 2031036 0 

trp_austrian_uhlan_flag_bearer Austrian_Uhlan Colour_Bearer 0 133170176 0 0 24 0 0
  821 0 1310 0 1700 0 1826 0 332 0 112 0 1891 0 -1 0 -1 0 -1 0 -1 0 -1 0 -1 0 -1 0 -1 0 -1 0 -1 0 -1 0 -1 0 -1 0 -1 0 -1 0 -1 0 -1 0 -1 0 -1 0 -1 0 -1 0 -1 0 -1 0 -1 0 -1 0 -1 0 -1 0 -1 0 -1 0 -1 0 -1 0 -1 0 -1 0 -1 0 -1 0 -1 0 -1 0 -1 0 -1 0 -1 0 -1 0 -1 0 -1 0 -1 0 -1 0 -1 0 -1 0 -1 0 -1 0 -1 0 -1 0 -1 0 -1 0 -1 0 -1 0 -1 0 -1 0 
  12 10 15 15 20
 150 5 30 5 30 5 30
2586 131072 0 22 208896 0 
  34359738369 1315051091194281984 1835136 0 50465891015 7916447985573822463 2031036 0 

trp_austrian_uhlan_nco Austrian_Uhlan Sergeant 0 133170176 0 0 24 0 0
  821 0 1310 0 1700 0 1826 0 171 0 112 0 1891 0 -1 0 -1 0 -1 0 -1 0 -1 0 -1 0 -1 0 -1 0 -1 0 -1 0 -1 0 -1 0 -1 0 -1 0 -1 0 -1 0 -1 0 -1 0 -1 0 -1 0 -1 0 -1 0 -1 0 -1 0 -1 0 -1 0 -1 0 -1 0 -1 0 -1 0 -1 0 -1 0 -1 0 -1 0 -1 0 -1 0 -1 0 -1 0 -1 0 -1 0 -1 0 -1 0 -1 0 -1 0 -1 0 -1 0 -1 0 -1 0 -1 0 -1 0 -1 0 -1 0 -1 0 -1 0 -1 0 -1 0 -1 0 
  12 10 15 15 20
 50 5 130 5 40 5 30
2586 131072 0 22 208896 0 
  34359738369 1315051091194281984 1835136 0 50465891015 7916447985573822463 2031036 0 

trp_austrian_uhlan_officer Austrian_Uhlan Officer 0 133170176 0 0 24 0 0
  824 0 1312 0 1700 0 1826 0 157 0 9 0 112 0 1891 0 398 0 -1 0 -1 0 -1 0 -1 0 -1 0 -1 0 -1 0 -1 0 -1 0 -1 0 -1 0 -1 0 -1 0 -1 0 -1 0 -1 0 -1 0 -1 0 -1 0 -1 0 -1 0 -1 0 -1 0 -1 0 -1 0 -1 0 -1 0 -1 0 -1 0 -1 0 -1 0 -1 0 -1 0 -1 0 -1 0 -1 0 -1 0 -1 0 -1 0 -1 0 -1 0 -1 0 -1 0 -1 0 -1 0 -1 0 -1 0 -1 0 -1 0 -1 0 -1 0 -1 0 -1 0 -1 0 -1 0 
  12 10 15 15 20
 150 5 30 5 30 5 30
2586 131072 0 22 208896 0 
  34359738369 1315051091194281984 1835136 0 50465891015 7916447985573822463 2031036 0 

trp_austrian_uhlan_trumpet Austrian_Uhlan Trumpeter 0 133170176 0 0 24 0 0
  821 0 1314 0 1700 0 1826 0 153 0 112 0 1891 0 -1 0 -1 0 -1 0 -1 0 -1 0 -1 0 -1 0 -1 0 -1 0 -1 0 -1 0 -1 0 -1 0 -1 0 -1 0 -1 0 -1 0 -1 0 -1 0 -1 0 -1 0 -1 0 -1 0 -1 0 -1 0 -1 0 -1 0 -1 0 -1 0 -1 0 -1 0 -1 0 -1 0 -1 0 -1 0 -1 0 -1 0 -1 0 -1 0 -1 0 -1 0 -1 0 -1 0 -1 0 -1 0 -1 0 -1 0 -1 0 -1 0 -1 0 -1 0 -1 0 -1 0 -1 0 -1 0 -1 0 -1 0 
  12 10 15 15 20
 150 5 30 5 30 5 30
2586 131072 0 22 208896 0 
  34359738369 1315051091194281984 1835136 0 50465891015 7916447985573822463 2031036 0 

trp_austrian_light_horse Chevauleger_Regiment_Furst_von_Hohenzollern_Nr._2 Light_Horse 0 133170176 0 0 10 0 0
  813 0 1308 0 1703 0 1826 0 24 0 156 0 94 0 1893 0 -1 0 -1 0 -1 0 -1 0 -1 0 -1 0 -1 0 -1 0 -1 0 -1 0 -1 0 -1 0 -1 0 -1 0 -1 0 -1 0 -1 0 -1 0 -1 0 -1 0 -1 0 -1 0 -1 0 -1 0 -1 0 -1 0 -1 0 -1 0 -1 0 -1 0 -1 0 -1 0 -1 0 -1 0 -1 0 -1 0 -1 0 -1 0 -1 0 -1 0 -1 0 -1 0 -1 0 -1 0 -1 0 -1 0 -1 0 -1 0 -1 0 -1 0 -1 0 -1 0 -1 0 -1 0 -1 0 -1 0 
  12 10 15 15 20
 110 5 30 5 140 5 30
2586 131072 0 38 135168 0 
  34359738369 1315051091194281984 1835136 0 50465891015 7916447985573822463 2031036 0 

trp_austrian_light_horse_flag_bearer Austrian_Chevauleger Colour_Bearer 0 133170176 0 0 24 0 0
  814 0 1308 0 1703 0 1826 0 333 0 94 0 1893 0 -1 0 -1 0 -1 0 -1 0 -1 0 -1 0 -1 0 -1 0 -1 0 -1 0 -1 0 -1 0 -1 0 -1 0 -1 0 -1 0 -1 0 -1 0 -1 0 -1 0 -1 0 -1 0 -1 0 -1 0 -1 0 -1 0 -1 0 -1 0 -1 0 -1 0 -1 0 -1 0 -1 0 -1 0 -1 0 -1 0 -1 0 -1 0 -1 0 -1 0 -1 0 -1 0 -1 0 -1 0 -1 0 -1 0 -1 0 -1 0 -1 0 -1 0 -1 0 -1 0 -1 0 -1 0 -1 0 -1 0 -1 0 
  12 10 15 15 20
 110 5 30 5 140 5 30
2586 131072 0 38 135168 0 
  34359738369 1315051091194281984 1835136 0 50465891015 7916447985573822463 2031036 0 

trp_austrian_light_horse_nco Austrian_Chevauleger Sergeant 0 133170176 0 0 24 0 0
  814 0 1308 0 1703 0 1826 0 24 0 94 0 1893 0 -1 0 -1 0 -1 0 -1 0 -1 0 -1 0 -1 0 -1 0 -1 0 -1 0 -1 0 -1 0 -1 0 -1 0 -1 0 -1 0 -1 0 -1 0 -1 0 -1 0 -1 0 -1 0 -1 0 -1 0 -1 0 -1 0 -1 0 -1 0 -1 0 -1 0 -1 0 -1 0 -1 0 -1 0 -1 0 -1 0 -1 0 -1 0 -1 0 -1 0 -1 0 -1 0 -1 0 -1 0 -1 0 -1 0 -1 0 -1 0 -1 0 -1 0 -1 0 -1 0 -1 0 -1 0 -1 0 -1 0 -1 0 
  12 10 15 15 20
 110 5 30 5 140 5 30
2586 131072 0 38 135168 0 
  34359738369 1315051091194281984 1835136 0 50465891015 7916447985573822463 2031036 0 

trp_austrian_light_horse_officer Austrian_Chevauleger Officer 0 133170176 0 0 24 0 0
  816 0 1307 0 1703 0 1826 0 157 0 9 0 94 0 1893 0 398 0 -1 0 -1 0 -1 0 -1 0 -1 0 -1 0 -1 0 -1 0 -1 0 -1 0 -1 0 -1 0 -1 0 -1 0 -1 0 -1 0 -1 0 -1 0 -1 0 -1 0 -1 0 -1 0 -1 0 -1 0 -1 0 -1 0 -1 0 -1 0 -1 0 -1 0 -1 0 -1 0 -1 0 -1 0 -1 0 -1 0 -1 0 -1 0 -1 0 -1 0 -1 0 -1 0 -1 0 -1 0 -1 0 -1 0 -1 0 -1 0 -1 0 -1 0 -1 0 -1 0 -1 0 -1 0 -1 0 
  12 10 15 15 20
 130 5 30 5 80 5 30
2586 131072 0 38 135168 0 
  34359738369 1315051091194281984 1835136 0 50465891015 7916447985573822463 2031036 0 

trp_austrian_light_horse_trumpet Austrian_Chevauleger Trumpeter 0 133170176 0 0 24 0 0
  815 0 1309 0 1703 0 1826 0 153 0 94 0 1893 0 -1 0 -1 0 -1 0 -1 0 -1 0 -1 0 -1 0 -1 0 -1 0 -1 0 -1 0 -1 0 -1 0 -1 0 -1 0 -1 0 -1 0 -1 0 -1 0 -1 0 -1 0 -1 0 -1 0 -1 0 -1 0 -1 0 -1 0 -1 0 -1 0 -1 0 -1 0 -1 0 -1 0 -1 0 -1 0 -1 0 -1 0 -1 0 -1 0 -1 0 -1 0 -1 0 -1 0 -1 0 -1 0 -1 0 -1 0 -1 0 -1 0 -1 0 -1 0 -1 0 -1 0 -1 0 -1 0 -1 0 -1 0 
  12 10 15 15 20
 130 5 30 5 80 5 30
2586 131072 0 38 135168 0 
  34359738369 1315051091194281984 1835136 0 50465891015 7916447985573822463 2031036 0 

trp_austrian_dragoon Dragoner_Regiment_Erzherzog_Ferdinand_Nr._5 Dragoon 0 133170176 0 0 10 0 0
  817 0 1308 0 1703 0 1826 0 24 0 156 0 94 0 1894 0 -1 0 -1 0 -1 0 -1 0 -1 0 -1 0 -1 0 -1 0 -1 0 -1 0 -1 0 -1 0 -1 0 -1 0 -1 0 -1 0 -1 0 -1 0 -1 0 -1 0 -1 0 -1 0 -1 0 -1 0 -1 0 -1 0 -1 0 -1 0 -1 0 -1 0 -1 0 -1 0 -1 0 -1 0 -1 0 -1 0 -1 0 -1 0 -1 0 -1 0 -1 0 -1 0 -1 0 -1 0 -1 0 -1 0 -1 0 -1 0 -1 0 -1 0 -1 0 -1 0 -1 0 -1 0 -1 0 -1 0 
  12 10 15 15 20
 125 5 30 5 125 5 30
2586 131072 0 37 208896 0 
  34359738369 1315051091194281984 1835136 0 50465891015 7916447985573822463 2031036 0 

trp_austrian_dragoon_flag_bearer Austrian_Dragoon Colour_Bearer 0 133170176 0 0 24 0 0
  818 0 1308 0 1703 0 1826 0 334 0 94 0 1894 0 -1 0 -1 0 -1 0 -1 0 -1 0 -1 0 -1 0 -1 0 -1 0 -1 0 -1 0 -1 0 -1 0 -1 0 -1 0 -1 0 -1 0 -1 0 -1 0 -1 0 -1 0 -1 0 -1 0 -1 0 -1 0 -1 0 -1 0 -1 0 -1 0 -1 0 -1 0 -1 0 -1 0 -1 0 -1 0 -1 0 -1 0 -1 0 -1 0 -1 0 -1 0 -1 0 -1 0 -1 0 -1 0 -1 0 -1 0 -1 0 -1 0 -1 0 -1 0 -1 0 -1 0 -1 0 -1 0 -1 0 -1 0 
  12 10 15 15 20
 125 5 30 5 125 5 30
2586 131072 0 37 208896 0 
  34359738369 1315051091194281984 1835136 0 50465891015 7916447985573822463 2031036 0 

trp_austrian_dragoon_nco Austrian_Dragoon Sergeant 0 133170176 0 0 24 0 0
  818 0 1308 0 1703 0 1826 0 24 0 156 0 94 0 1894 0 -1 0 -1 0 -1 0 -1 0 -1 0 -1 0 -1 0 -1 0 -1 0 -1 0 -1 0 -1 0 -1 0 -1 0 -1 0 -1 0 -1 0 -1 0 -1 0 -1 0 -1 0 -1 0 -1 0 -1 0 -1 0 -1 0 -1 0 -1 0 -1 0 -1 0 -1 0 -1 0 -1 0 -1 0 -1 0 -1 0 -1 0 -1 0 -1 0 -1 0 -1 0 -1 0 -1 0 -1 0 -1 0 -1 0 -1 0 -1 0 -1 0 -1 0 -1 0 -1 0 -1 0 -1 0 -1 0 -1 0 
  12 10 15 15 20
 125 5 30 5 125 5 30
2586 131072 0 37 208896 0 
  34359738369 1315051091194281984 1835136 0 50465891015 7916447985573822463 2031036 0 

trp_austrian_dragoon_officer Austrian_Dragoon Officer 0 133170176 0 0 24 0 0
  820 0 1307 0 1703 0 1826 0 157 0 9 0 94 0 1894 0 398 0 -1 0 -1 0 -1 0 -1 0 -1 0 -1 0 -1 0 -1 0 -1 0 -1 0 -1 0 -1 0 -1 0 -1 0 -1 0 -1 0 -1 0 -1 0 -1 0 -1 0 -1 0 -1 0 -1 0 -1 0 -1 0 -1 0 -1 0 -1 0 -1 0 -1 0 -1 0 -1 0 -1 0 -1 0 -1 0 -1 0 -1 0 -1 0 -1 0 -1 0 -1 0 -1 0 -1 0 -1 0 -1 0 -1 0 -1 0 -1 0 -1 0 -1 0 -1 0 -1 0 -1 0 -1 0 -1 0 
  12 10 15 15 20
 130 5 30 5 80 5 30
2586 131072 0 37 208896 0 
  34359738369 1315051091194281984 1835136 0 50465891015 7916447985573822463 2031036 0 

trp_austrian_dragoon_trumpet Austrian_Dragoon Trumpeter 0 133170176 0 0 24 0 0
  819 0 1309 0 1703 0 1826 0 153 0 94 0 1894 0 -1 0 -1 0 -1 0 -1 0 -1 0 -1 0 -1 0 -1 0 -1 0 -1 0 -1 0 -1 0 -1 0 -1 0 -1 0 -1 0 -1 0 -1 0 -1 0 -1 0 -1 0 -1 0 -1 0 -1 0 -1 0 -1 0 -1 0 -1 0 -1 0 -1 0 -1 0 -1 0 -1 0 -1 0 -1 0 -1 0 -1 0 -1 0 -1 0 -1 0 -1 0 -1 0 -1 0 -1 0 -1 0 -1 0 -1 0 -1 0 -1 0 -1 0 -1 0 -1 0 -1 0 -1 0 -1 0 -1 0 -1 0 
  12 10 15 15 20
 130 5 30 5 80 5 30
2586 131072 0 37 208896 0 
  34359738369 1315051091194281984 1835136 0 50465891015 7916447985573822463 2031036 0 

trp_austrian_cuirassier Kurassier_Regiment_Kaiser_Franz_Nr._1 Cuirassier 0 133170176 0 0 10 0 0
  833 0 1308 0 1703 0 1821 0 111 0 1895 0 1821 0 -1 0 -1 0 -1 0 -1 0 -1 0 -1 0 -1 0 -1 0 -1 0 -1 0 -1 0 -1 0 -1 0 -1 0 -1 0 -1 0 -1 0 -1 0 -1 0 -1 0 -1 0 -1 0 -1 0 -1 0 -1 0 -1 0 -1 0 -1 0 -1 0 -1 0 -1 0 -1 0 -1 0 -1 0 -1 0 -1 0 -1 0 -1 0 -1 0 -1 0 -1 0 -1 0 -1 0 -1 0 -1 0 -1 0 -1 0 -1 0 -1 0 -1 0 -1 0 -1 0 -1 0 -1 0 -1 0 -1 0 -1 0 
  12 10 15 15 20
 140 5 30 5 30 5 30
2586 131072 0 22 339968 0 
  34359738369 1315051091194281984 1835136 0 50465891015 7916447985573822463 2031036 0 

trp_austrian_cuirassier_flag_bearer Austrian_Cuirassier Colour_Bearer 0 133170176 0 0 24 0 0
  834 0 1308 0 1703 0 1821 0 335 0 111 0 1895 0 1821 0 -1 0 -1 0 -1 0 -1 0 -1 0 -1 0 -1 0 -1 0 -1 0 -1 0 -1 0 -1 0 -1 0 -1 0 -1 0 -1 0 -1 0 -1 0 -1 0 -1 0 -1 0 -1 0 -1 0 -1 0 -1 0 -1 0 -1 0 -1 0 -1 0 -1 0 -1 0 -1 0 -1 0 -1 0 -1 0 -1 0 -1 0 -1 0 -1 0 -1 0 -1 0 -1 0 -1 0 -1 0 -1 0 -1 0 -1 0 -1 0 -1 0 -1 0 -1 0 -1 0 -1 0 -1 0 -1 0 -1 0 
  12 10 15 15 20
 140 5 30 5 30 5 30
2586 131072 0 22 339968 0 
  34359738369 1315051091194281984 1835136 0 50465891015 7916447985573822463 2031036 0 

trp_austrian_cuirassier_nco Austrian_Cuirassier Sergeant 0 133170176 0 0 24 0 0
  834 0 1308 0 1703 0 1821 0 111 0 1895 0 1821 0 -1 0 -1 0 -1 0 -1 0 -1 0 -1 0 -1 0 -1 0 -1 0 -1 0 -1 0 -1 0 -1 0 -1 0 -1 0 -1 0 -1 0 -1 0 -1 0 -1 0 -1 0 -1 0 -1 0 -1 0 -1 0 -1 0 -1 0 -1 0 -1 0 -1 0 -1 0 -1 0 -1 0 -1 0 -1 0 -1 0 -1 0 -1 0 -1 0 -1 0 -1 0 -1 0 -1 0 -1 0 -1 0 -1 0 -1 0 -1 0 -1 0 -1 0 -1 0 -1 0 -1 0 -1 0 -1 0 -1 0 -1 0 
  12 10 15 15 20
 140 5 30 5 30 5 30
2586 131072 0 22 339968 0 
  34359738369 1315051091194281984 1835136 0 50465891015 7916447985573822463 2031036 0 

trp_austrian_cuirassier_officer Austrian_Cuirassier Officer 0 133170176 0 0 24 0 0
  836 0 1307 0 1703 0 1821 0 157 0 9 0 111 0 1895 0 1821 0 398 0 -1 0 -1 0 -1 0 -1 0 -1 0 -1 0 -1 0 -1 0 -1 0 -1 0 -1 0 -1 0 -1 0 -1 0 -1 0 -1 0 -1 0 -1 0 -1 0 -1 0 -1 0 -1 0 -1 0 -1 0 -1 0 -1 0 -1 0 -1 0 -1 0 -1 0 -1 0 -1 0 -1 0 -1 0 -1 0 -1 0 -1 0 -1 0 -1 0 -1 0 -1 0 -1 0 -1 0 -1 0 -1 0 -1 0 -1 0 -1 0 -1 0 -1 0 -1 0 -1 0 -1 0 -1 0 
  12 10 15 15 20
 140 5 30 5 30 5 30
2586 131072 0 22 339968 0 
  34359738369 1315051091194281984 1835136 0 50465891015 7916447985573822463 2031036 0 

trp_austrian_cuirassier_trumpet Austrian_Cuirassier Trumpeter 0 133170176 0 0 24 0 0
  835 0 1309 0 1703 0 1819 0 153 0 111 0 1895 0 -1 0 -1 0 -1 0 -1 0 -1 0 -1 0 -1 0 -1 0 -1 0 -1 0 -1 0 -1 0 -1 0 -1 0 -1 0 -1 0 -1 0 -1 0 -1 0 -1 0 -1 0 -1 0 -1 0 -1 0 -1 0 -1 0 -1 0 -1 0 -1 0 -1 0 -1 0 -1 0 -1 0 -1 0 -1 0 -1 0 -1 0 -1 0 -1 0 -1 0 -1 0 -1 0 -1 0 -1 0 -1 0 -1 0 -1 0 -1 0 -1 0 -1 0 -1 0 -1 0 -1 0 -1 0 -1 0 -1 0 -1 0 
  12 10 15 15 20
 140 5 30 5 30 5 30
2586 131072 0 22 339968 0 
  34359738369 1315051091194281984 1835136 0 50465891015 7916447985573822463 2031036 0 

trp_austrian_cuirassier5 Kurassier_Regiment_Marquis_Sommariva_Nr.5 Cuirassier 0 133170176 0 0 10 0 0
  903 0 1308 0 1703 0 1821 0 111 0 1898 0 1821 0 -1 0 -1 0 -1 0 -1 0 -1 0 -1 0 -1 0 -1 0 -1 0 -1 0 -1 0 -1 0 -1 0 -1 0 -1 0 -1 0 -1 0 -1 0 -1 0 -1 0 -1 0 -1 0 -1 0 -1 0 -1 0 -1 0 -1 0 -1 0 -1 0 -1 0 -1 0 -1 0 -1 0 -1 0 -1 0 -1 0 -1 0 -1 0 -1 0 -1 0 -1 0 -1 0 -1 0 -1 0 -1 0 -1 0 -1 0 -1 0 -1 0 -1 0 -1 0 -1 0 -1 0 -1 0 -1 0 -1 0 -1 0 
  12 10 15 15 20
 140 5 30 5 30 5 30
2586 131072 0 22 339968 0 
  34359738369 1315051091194281984 1835136 0 50465891015 7916447985573822463 2031036 0 

trp_austrian_cuirassier5_flag_bearer Austrian_Cuirassier Colour_Bearer 0 133170176 0 0 24 0 0
  904 0 1308 0 1703 0 1821 0 336 0 111 0 1898 0 1821 0 -1 0 -1 0 -1 0 -1 0 -1 0 -1 0 -1 0 -1 0 -1 0 -1 0 -1 0 -1 0 -1 0 -1 0 -1 0 -1 0 -1 0 -1 0 -1 0 -1 0 -1 0 -1 0 -1 0 -1 0 -1 0 -1 0 -1 0 -1 0 -1 0 -1 0 -1 0 -1 0 -1 0 -1 0 -1 0 -1 0 -1 0 -1 0 -1 0 -1 0 -1 0 -1 0 -1 0 -1 0 -1 0 -1 0 -1 0 -1 0 -1 0 -1 0 -1 0 -1 0 -1 0 -1 0 -1 0 -1 0 
  12 10 15 15 20
 140 5 30 5 30 5 30
2586 131072 0 22 339968 0 
  34359738369 1315051091194281984 1835136 0 50465891015 7916447985573822463 2031036 0 

trp_austrian_cuirassier5_nco Austrian_Cuirassier Sergeant 0 133170176 0 0 24 0 0
  904 0 1308 0 1703 0 1821 0 111 0 1898 0 1821 0 -1 0 -1 0 -1 0 -1 0 -1 0 -1 0 -1 0 -1 0 -1 0 -1 0 -1 0 -1 0 -1 0 -1 0 -1 0 -1 0 -1 0 -1 0 -1 0 -1 0 -1 0 -1 0 -1 0 -1 0 -1 0 -1 0 -1 0 -1 0 -1 0 -1 0 -1 0 -1 0 -1 0 -1 0 -1 0 -1 0 -1 0 -1 0 -1 0 -1 0 -1 0 -1 0 -1 0 -1 0 -1 0 -1 0 -1 0 -1 0 -1 0 -1 0 -1 0 -1 0 -1 0 -1 0 -1 0 -1 0 -1 0 
  12 10 15 15 20
 140 5 30 5 30 5 30
2586 131072 0 22 339968 0 
  34359738369 1315051091194281984 1835136 0 50465891015 7916447985573822463 2031036 0 

trp_austrian_cuirassier5_officer Austrian_Cuirassier Officer 0 133170176 0 0 24 0 0
  906 0 1307 0 1703 0 1821 0 157 0 9 0 111 0 1898 0 1821 0 398 0 -1 0 -1 0 -1 0 -1 0 -1 0 -1 0 -1 0 -1 0 -1 0 -1 0 -1 0 -1 0 -1 0 -1 0 -1 0 -1 0 -1 0 -1 0 -1 0 -1 0 -1 0 -1 0 -1 0 -1 0 -1 0 -1 0 -1 0 -1 0 -1 0 -1 0 -1 0 -1 0 -1 0 -1 0 -1 0 -1 0 -1 0 -1 0 -1 0 -1 0 -1 0 -1 0 -1 0 -1 0 -1 0 -1 0 -1 0 -1 0 -1 0 -1 0 -1 0 -1 0 -1 0 -1 0 
  12 10 15 15 20
 140 5 30 5 30 5 30
2586 131072 0 22 339968 0 
  34359738369 1315051091194281984 1835136 0 50465891015 7916447985573822463 2031036 0 

trp_austrian_cuirassier5_trumpet Austrian_Cuirassier Trumpeter 0 133170176 0 0 24 0 0
  905 0 1309 0 1703 0 1819 0 153 0 111 0 1898 0 -1 0 -1 0 -1 0 -1 0 -1 0 -1 0 -1 0 -1 0 -1 0 -1 0 -1 0 -1 0 -1 0 -1 0 -1 0 -1 0 -1 0 -1 0 -1 0 -1 0 -1 0 -1 0 -1 0 -1 0 -1 0 -1 0 -1 0 -1 0 -1 0 -1 0 -1 0 -1 0 -1 0 -1 0 -1 0 -1 0 -1 0 -1 0 -1 0 -1 0 -1 0 -1 0 -1 0 -1 0 -1 0 -1 0 -1 0 -1 0 -1 0 -1 0 -1 0 -1 0 -1 0 -1 0 -1 0 -1 0 -1 0 
  12 10 15 15 20
 140 5 30 5 30 5 30
2586 131072 0 22 339968 0 
  34359738369 1315051091194281984 1835136 0 50465891015 7916447985573822463 2031036 0 

trp_austrian_arty Artillerie_Regiment_Prinz_zu_Lothringen_Nr._7 Artillery 0 133169152 0 0 10 0 0
  825 0 1302 0 1702 0 396 0 395 0 118 0 -1 0 -1 0 -1 0 -1 0 -1 0 -1 0 -1 0 -1 0 -1 0 -1 0 -1 0 -1 0 -1 0 -1 0 -1 0 -1 0 -1 0 -1 0 -1 0 -1 0 -1 0 -1 0 -1 0 -1 0 -1 0 -1 0 -1 0 -1 0 -1 0 -1 0 -1 0 -1 0 -1 0 -1 0 -1 0 -1 0 -1 0 -1 0 -1 0 -1 0 -1 0 -1 0 -1 0 -1 0 -1 0 -1 0 -1 0 -1 0 -1 0 -1 0 -1 0 -1 0 -1 0 -1 0 -1 0 -1 0 -1 0 -1 0 
  15 15 15 15 20
 70 5 30 5 30 5 30
2586 131072 0 49 204800 0 
  34359738369 1315051091194281984 1835136 0 50465891015 7916447985573822463 2031036 0 

trp_austrian_arty_guard Artillery_Guard Artillery_Guard 0 133169152 0 0 24 0 0
  825 0 1302 0 1702 0 156 0 67 0 118 0 -1 0 -1 0 -1 0 -1 0 -1 0 -1 0 -1 0 -1 0 -1 0 -1 0 -1 0 -1 0 -1 0 -1 0 -1 0 -1 0 -1 0 -1 0 -1 0 -1 0 -1 0 -1 0 -1 0 -1 0 -1 0 -1 0 -1 0 -1 0 -1 0 -1 0 -1 0 -1 0 -1 0 -1 0 -1 0 -1 0 -1 0 -1 0 -1 0 -1 0 -1 0 -1 0 -1 0 -1 0 -1 0 -1 0 -1 0 -1 0 -1 0 -1 0 -1 0 -1 0 -1 0 -1 0 -1 0 -1 0 -1 0 -1 0 
  15 15 15 15 20
 70 5 30 5 30 5 30
2586 131072 0 49 204800 0 
  34359738369 1315051091194281984 1835136 0 50465891015 7916447985573822463 2031036 0 

trp_austrian_arty_flag_bearer Artillery_Flag_bearer Colour_Bearer 0 133169152 0 0 24 0 0
  825 0 1302 0 1702 0 337 0 118 0 -1 0 -1 0 -1 0 -1 0 -1 0 -1 0 -1 0 -1 0 -1 0 -1 0 -1 0 -1 0 -1 0 -1 0 -1 0 -1 0 -1 0 -1 0 -1 0 -1 0 -1 0 -1 0 -1 0 -1 0 -1 0 -1 0 -1 0 -1 0 -1 0 -1 0 -1 0 -1 0 -1 0 -1 0 -1 0 -1 0 -1 0 -1 0 -1 0 -1 0 -1 0 -1 0 -1 0 -1 0 -1 0 -1 0 -1 0 -1 0 -1 0 -1 0 -1 0 -1 0 -1 0 -1 0 -1 0 -1 0 -1 0 -1 0 -1 0 
  15 15 15 15 20
 70 5 30 5 30 5 30
2586 131072 0 49 204800 0 
  34359738369 1315051091194281984 1835136 0 50465891015 7916447985573822463 2031036 0 

trp_austrian_arty_nco Austrian_Artillerist Artillery_Train 0 133169152 0 0 24 0 0
  826 0 1305 0 1702 0 395 0 118 0 1966 0 1982 0 1998 0 -1 0 -1 0 -1 0 -1 0 -1 0 -1 0 -1 0 -1 0 -1 0 -1 0 -1 0 -1 0 -1 0 -1 0 -1 0 -1 0 -1 0 -1 0 -1 0 -1 0 -1 0 -1 0 -1 0 -1 0 -1 0 -1 0 -1 0 -1 0 -1 0 -1 0 -1 0 -1 0 -1 0 -1 0 -1 0 -1 0 -1 0 -1 0 -1 0 -1 0 -1 0 -1 0 -1 0 -1 0 -1 0 -1 0 -1 0 -1 0 -1 0 -1 0 -1 0 -1 0 -1 0 -1 0 -1 0 -1 0 
  15 15 15 15 20
 80 5 30 5 30 5 30
2586 131072 0 49 204800 0 
  34359738369 1315051091194281984 1835136 0 50465891015 7916447985573822463 2031036 0 

trp_austrian_arty_officer Austrian_Artillerist Officer 0 133169152 0 0 24 0 0
  827 0 1304 0 1702 0 99 0 395 0 1819 0 398 0 -1 0 -1 0 -1 0 -1 0 -1 0 -1 0 -1 0 -1 0 -1 0 -1 0 -1 0 -1 0 -1 0 -1 0 -1 0 -1 0 -1 0 -1 0 -1 0 -1 0 -1 0 -1 0 -1 0 -1 0 -1 0 -1 0 -1 0 -1 0 -1 0 -1 0 -1 0 -1 0 -1 0 -1 0 -1 0 -1 0 -1 0 -1 0 -1 0 -1 0 -1 0 -1 0 -1 0 -1 0 -1 0 -1 0 -1 0 -1 0 -1 0 -1 0 -1 0 -1 0 -1 0 -1 0 -1 0 -1 0 -1 0 
  15 15 15 15 20
 80 5 30 5 30 5 30
2586 131072 0 49 204800 0 
  34359738369 1315051091194281984 1835136 0 50465891015 7916447985573822463 2031036 0 

trp_austrian_horseart Kavallerie-Batterie Artillery 0 133169152 0 0 10 0 0
  825 0 1302 0 1702 0 396 0 395 0 118 0 1899 0 -1 0 -1 0 -1 0 -1 0 -1 0 -1 0 -1 0 -1 0 -1 0 -1 0 -1 0 -1 0 -1 0 -1 0 -1 0 -1 0 -1 0 -1 0 -1 0 -1 0 -1 0 -1 0 -1 0 -1 0 -1 0 -1 0 -1 0 -1 0 -1 0 -1 0 -1 0 -1 0 -1 0 -1 0 -1 0 -1 0 -1 0 -1 0 -1 0 -1 0 -1 0 -1 0 -1 0 -1 0 -1 0 -1 0 -1 0 -1 0 -1 0 -1 0 -1 0 -1 0 -1 0 -1 0 -1 0 -1 0 -1 0 
  15 15 15 15 20
 70 5 30 5 30 5 30
2586 131072 0 49 204800 0 
  34359738369 1315051091194281984 1835136 0 50465891015 7916447985573822463 2031036 0 

trp_austrian_horseart_guard Artillery_Guard Artillery_Guard 0 133169152 0 0 24 0 0
  825 0 1302 0 1702 0 156 0 67 0 118 0 1899 0 -1 0 -1 0 -1 0 -1 0 -1 0 -1 0 -1 0 -1 0 -1 0 -1 0 -1 0 -1 0 -1 0 -1 0 -1 0 -1 0 -1 0 -1 0 -1 0 -1 0 -1 0 -1 0 -1 0 -1 0 -1 0 -1 0 -1 0 -1 0 -1 0 -1 0 -1 0 -1 0 -1 0 -1 0 -1 0 -1 0 -1 0 -1 0 -1 0 -1 0 -1 0 -1 0 -1 0 -1 0 -1 0 -1 0 -1 0 -1 0 -1 0 -1 0 -1 0 -1 0 -1 0 -1 0 -1 0 -1 0 -1 0 
  15 15 15 15 20
 70 5 30 5 30 5 30
2586 131072 0 49 204800 0 
  34359738369 1315051091194281984 1835136 0 50465891015 7916447985573822463 2031036 0 

trp_austrian_horseart_flag_bearer Artillery_Flag_bearer Colour_Bearer 0 133169152 0 0 24 0 0
  825 0 1302 0 1702 0 338 0 118 0 1899 0 -1 0 -1 0 -1 0 -1 0 -1 0 -1 0 -1 0 -1 0 -1 0 -1 0 -1 0 -1 0 -1 0 -1 0 -1 0 -1 0 -1 0 -1 0 -1 0 -1 0 -1 0 -1 0 -1 0 -1 0 -1 0 -1 0 -1 0 -1 0 -1 0 -1 0 -1 0 -1 0 -1 0 -1 0 -1 0 -1 0 -1 0 -1 0 -1 0 -1 0 -1 0 -1 0 -1 0 -1 0 -1 0 -1 0 -1 0 -1 0 -1 0 -1 0 -1 0 -1 0 -1 0 -1 0 -1 0 -1 0 -1 0 -1 0 
  15 15 15 15 20
 70 5 30 5 30 5 30
2586 131072 0 49 204800 0 
  34359738369 1315051091194281984 1835136 0 50465891015 7916447985573822463 2031036 0 

trp_austrian_horseart_nco Austrian_Artillerist Artillery_Train 0 133169152 0 0 24 0 0
  826 0 1305 0 1702 0 395 0 118 0 1975 0 1991 0 2005 0 -1 0 -1 0 -1 0 -1 0 -1 0 -1 0 -1 0 -1 0 -1 0 -1 0 -1 0 -1 0 -1 0 -1 0 -1 0 -1 0 -1 0 -1 0 -1 0 -1 0 -1 0 -1 0 -1 0 -1 0 -1 0 -1 0 -1 0 -1 0 -1 0 -1 0 -1 0 -1 0 -1 0 -1 0 -1 0 -1 0 -1 0 -1 0 -1 0 -1 0 -1 0 -1 0 -1 0 -1 0 -1 0 -1 0 -1 0 -1 0 -1 0 -1 0 -1 0 -1 0 -1 0 -1 0 -1 0 -1 0 
  15 15 15 15 20
 80 5 30 5 30 5 30
2586 131072 0 49 204800 0 
  34359738369 1315051091194281984 1835136 0 50465891015 7916447985573822463 2031036 0 

trp_austrian_horseart_officer Austrian_Artillerist Officer 0 133169152 0 0 24 0 0
  827 0 1304 0 1702 0 99 0 395 0 1819 0 398 0 1900 0 -1 0 -1 0 -1 0 -1 0 -1 0 -1 0 -1 0 -1 0 -1 0 -1 0 -1 0 -1 0 -1 0 -1 0 -1 0 -1 0 -1 0 -1 0 -1 0 -1 0 -1 0 -1 0 -1 0 -1 0 -1 0 -1 0 -1 0 -1 0 -1 0 -1 0 -1 0 -1 0 -1 0 -1 0 -1 0 -1 0 -1 0 -1 0 -1 0 -1 0 -1 0 -1 0 -1 0 -1 0 -1 0 -1 0 -1 0 -1 0 -1 0 -1 0 -1 0 -1 0 -1 0 -1 0 -1 0 -1 0 
  15 15 15 15 20
 80 5 30 5 30 5 30
2586 131072 0 49 204800 0 
  34359738369 1315051091194281984 1835136 0 50465891015 7916447985573822463 2031036 0 

trp_austrian_medic Sanitaeter Surgeon 0 133169152 0 0 10 0 0
  838 0 1338 0 1698 0 106 0 408 0 156 0 67 0 -1 0 -1 0 -1 0 -1 0 -1 0 -1 0 -1 0 -1 0 -1 0 -1 0 -1 0 -1 0 -1 0 -1 0 -1 0 -1 0 -1 0 -1 0 -1 0 -1 0 -1 0 -1 0 -1 0 -1 0 -1 0 -1 0 -1 0 -1 0 -1 0 -1 0 -1 0 -1 0 -1 0 -1 0 -1 0 -1 0 -1 0 -1 0 -1 0 -1 0 -1 0 -1 0 -1 0 -1 0 -1 0 -1 0 -1 0 -1 0 -1 0 -1 0 -1 0 -1 0 -1 0 -1 0 -1 0 -1 0 -1 0 
  15 15 15 15 20
 70 5 30 5 30 5 30
2586 131072 0 48 204800 0 
  34359738369 1315051091194281984 1835136 0 50465891015 7916447985573822463 2031036 0 

trp_austrian_sapper Pionier-Battalion_Nr._1 Engineer 0 133169152 0 0 10 0 0
  828 0 1321 0 1702 0 118 0 410 0 412 0 413 0 -1 0 -1 0 -1 0 -1 0 -1 0 -1 0 -1 0 -1 0 -1 0 -1 0 -1 0 -1 0 -1 0 -1 0 -1 0 -1 0 -1 0 -1 0 -1 0 -1 0 -1 0 -1 0 -1 0 -1 0 -1 0 -1 0 -1 0 -1 0 -1 0 -1 0 -1 0 -1 0 -1 0 -1 0 -1 0 -1 0 -1 0 -1 0 -1 0 -1 0 -1 0 -1 0 -1 0 -1 0 -1 0 -1 0 -1 0 -1 0 -1 0 -1 0 -1 0 -1 0 -1 0 -1 0 -1 0 -1 0 -1 0 
  15 15 15 15 20
 70 5 30 5 30 5 30
2586 131072 0 48 204800 0 
  34359738369 1315051091194281984 1835136 0 50465891015 7916447985573822463 2031036 0 

trp_austrian_horse_sapper Pionier-Battalion_Nr._1 Engineer_with_horse 0 133169152 0 0 24 0 0
  828 0 1321 0 1702 0 118 0 410 0 412 0 413 0 1899 0 -1 0 -1 0 -1 0 -1 0 -1 0 -1 0 -1 0 -1 0 -1 0 -1 0 -1 0 -1 0 -1 0 -1 0 -1 0 -1 0 -1 0 -1 0 -1 0 -1 0 -1 0 -1 0 -1 0 -1 0 -1 0 -1 0 -1 0 -1 0 -1 0 -1 0 -1 0 -1 0 -1 0 -1 0 -1 0 -1 0 -1 0 -1 0 -1 0 -1 0 -1 0 -1 0 -1 0 -1 0 -1 0 -1 0 -1 0 -1 0 -1 0 -1 0 -1 0 -1 0 -1 0 -1 0 -1 0 -1 0 
  15 15 15 15 20
 70 5 30 5 30 5 30
2586 131072 0 49 204800 0 
  34359738369 1315051091194281984 1835136 0 50465891015 7916447985573822463 2031036 0 

trp_schwarzenberg Karl_Philipp,_Furst_zu_Schwarzenberg Commander 0 133170176 0 0 10 0 0
  837 0 1701 0 1316 0 111 0 1895 0 1819 0 398 0 -1 0 -1 0 -1 0 -1 0 -1 0 -1 0 -1 0 -1 0 -1 0 -1 0 -1 0 -1 0 -1 0 -1 0 -1 0 -1 0 -1 0 -1 0 -1 0 -1 0 -1 0 -1 0 -1 0 -1 0 -1 0 -1 0 -1 0 -1 0 -1 0 -1 0 -1 0 -1 0 -1 0 -1 0 -1 0 -1 0 -1 0 -1 0 -1 0 -1 0 -1 0 -1 0 -1 0 -1 0 -1 0 -1 0 -1 0 -1 0 -1 0 -1 0 -1 0 -1 0 -1 0 -1 0 -1 0 -1 0 -1 0 
  12 10 15 15 20
 130 5 30 5 30 5 30
2586 131072 0 22 339968 0 
  34359738369 1315051091194281984 1835136 0 50465891015 7916447985573822463 2031036 0 

trp_rhine_infantry_bavaria 2._Infanterie-Regiment_Kronprinz,_Bayern Line_Infantry 0 133169152 0 0 11 0 0
  907 0 1749 0 1449 0 156 0 71 0 88 0 -1 0 -1 0 -1 0 -1 0 -1 0 -1 0 -1 0 -1 0 -1 0 -1 0 -1 0 -1 0 -1 0 -1 0 -1 0 -1 0 -1 0 -1 0 -1 0 -1 0 -1 0 -1 0 -1 0 -1 0 -1 0 -1 0 -1 0 -1 0 -1 0 -1 0 -1 0 -1 0 -1 0 -1 0 -1 0 -1 0 -1 0 -1 0 -1 0 -1 0 -1 0 -1 0 -1 0 -1 0 -1 0 -1 0 -1 0 -1 0 -1 0 -1 0 -1 0 -1 0 -1 0 -1 0 -1 0 -1 0 -1 0 -1 0 
  15 15 15 15 20
 50 5 130 5 150 5 30
2586 131072 0 48 208896 0 
  34359738369 1315051091194281984 1835136 0 50465891015 7916447985573822463 2031036 0 

trp_rhine_infantry_bavaria_flag_bearer Bavarian_Line_Infantry Colour_Bearer 0 133169152 0 0 25 0 0
  908 0 1749 0 1451 0 339 0 340 0 88 0 -1 0 -1 0 -1 0 -1 0 -1 0 -1 0 -1 0 -1 0 -1 0 -1 0 -1 0 -1 0 -1 0 -1 0 -1 0 -1 0 -1 0 -1 0 -1 0 -1 0 -1 0 -1 0 -1 0 -1 0 -1 0 -1 0 -1 0 -1 0 -1 0 -1 0 -1 0 -1 0 -1 0 -1 0 -1 0 -1 0 -1 0 -1 0 -1 0 -1 0 -1 0 -1 0 -1 0 -1 0 -1 0 -1 0 -1 0 -1 0 -1 0 -1 0 -1 0 -1 0 -1 0 -1 0 -1 0 -1 0 -1 0 -1 0 
  15 15 15 15 20
 80 5 80 5 50 5 30
2586 131072 0 48 208896 0 
  34359738369 1315051091194281984 1835136 0 50465891015 7916447985573822463 2031036 0 

trp_rhine_infantry_bavaria_nco Bavarian_Line_Infantry Sergeant 0 133169152 0 0 25 0 0
  908 0 1749 0 1451 0 156 0 71 0 88 0 -1 0 -1 0 -1 0 -1 0 -1 0 -1 0 -1 0 -1 0 -1 0 -1 0 -1 0 -1 0 -1 0 -1 0 -1 0 -1 0 -1 0 -1 0 -1 0 -1 0 -1 0 -1 0 -1 0 -1 0 -1 0 -1 0 -1 0 -1 0 -1 0 -1 0 -1 0 -1 0 -1 0 -1 0 -1 0 -1 0 -1 0 -1 0 -1 0 -1 0 -1 0 -1 0 -1 0 -1 0 -1 0 -1 0 -1 0 -1 0 -1 0 -1 0 -1 0 -1 0 -1 0 -1 0 -1 0 -1 0 -1 0 -1 0 
  15 15 15 15 20
 50 5 130 5 150 5 30
2586 131072 0 48 208896 0 
  34359738369 1315051091194281984 1835136 0 50465891015 7916447985573822463 2031036 0 

trp_rhine_infantry_bavaria_officer Bavarian_Line_Infantry Officer 0 133169152 0 0 25 0 0
  909 0 1750 0 1452 0 84 0 157 0 3 0 5 0 1819 0 398 0 -1 0 -1 0 -1 0 -1 0 -1 0 -1 0 -1 0 -1 0 -1 0 -1 0 -1 0 -1 0 -1 0 -1 0 -1 0 -1 0 -1 0 -1 0 -1 0 -1 0 -1 0 -1 0 -1 0 -1 0 -1 0 -1 0 -1 0 -1 0 -1 0 -1 0 -1 0 -1 0 -1 0 -1 0 -1 0 -1 0 -1 0 -1 0 -1 0 -1 0 -1 0 -1 0 -1 0 -1 0 -1 0 -1 0 -1 0 -1 0 -1 0 -1 0 -1 0 -1 0 -1 0 -1 0 -1 0 
  15 15 15 15 20
 80 5 80 5 50 5 30
2586 131072 0 48 208896 0 
  34359738369 1315051091194281984 1835136 0 50465891015 7916447985573822463 2031036 0 

trp_rhine_infantry_bavaria_drum Bavarian_Line_Infantry Drummer 0 133169152 0 0 25 0 0
  910 0 1749 0 1449 0 1820 0 150 0 88 0 -1 0 -1 0 -1 0 -1 0 -1 0 -1 0 -1 0 -1 0 -1 0 -1 0 -1 0 -1 0 -1 0 -1 0 -1 0 -1 0 -1 0 -1 0 -1 0 -1 0 -1 0 -1 0 -1 0 -1 0 -1 0 -1 0 -1 0 -1 0 -1 0 -1 0 -1 0 -1 0 -1 0 -1 0 -1 0 -1 0 -1 0 -1 0 -1 0 -1 0 -1 0 -1 0 -1 0 -1 0 -1 0 -1 0 -1 0 -1 0 -1 0 -1 0 -1 0 -1 0 -1 0 -1 0 -1 0 -1 0 -1 0 -1 0 
  15 15 15 15 20
 80 5 80 5 50 5 30
2586 131072 0 48 208896 0 
  34359738369 1315051091194281984 1835136 0 50465891015 7916447985573822463 2031036 0 

trp_rhine_infantry_bavaria_flute Bavarian_Line_Infantry Fifer 0 133169152 0 0 25 0 0
  911 0 1749 0 1449 0 151 0 88 0 -1 0 -1 0 -1 0 -1 0 -1 0 -1 0 -1 0 -1 0 -1 0 -1 0 -1 0 -1 0 -1 0 -1 0 -1 0 -1 0 -1 0 -1 0 -1 0 -1 0 -1 0 -1 0 -1 0 -1 0 -1 0 -1 0 -1 0 -1 0 -1 0 -1 0 -1 0 -1 0 -1 0 -1 0 -1 0 -1 0 -1 0 -1 0 -1 0 -1 0 -1 0 -1 0 -1 0 -1 0 -1 0 -1 0 -1 0 -1 0 -1 0 -1 0 -1 0 -1 0 -1 0 -1 0 -1 0 -1 0 -1 0 -1 0 -1 0 
  15 15 15 15 20
 80 5 80 5 50 5 30
2586 131072 0 48 208896 0 
  34359738369 1315051091194281984 1835136 0 50465891015 7916447985573822463 2031036 0 

trp_rhine_infantry_wurttemberg Infanterie-Reg._No.2_Herzog_Wilhelm,_Wurttemberg Line_Infantry 0 133169152 0 0 11 0 0
  943 0 1760 0 1486 0 156 0 59 0 122 0 -1 0 -1 0 -1 0 -1 0 -1 0 -1 0 -1 0 -1 0 -1 0 -1 0 -1 0 -1 0 -1 0 -1 0 -1 0 -1 0 -1 0 -1 0 -1 0 -1 0 -1 0 -1 0 -1 0 -1 0 -1 0 -1 0 -1 0 -1 0 -1 0 -1 0 -1 0 -1 0 -1 0 -1 0 -1 0 -1 0 -1 0 -1 0 -1 0 -1 0 -1 0 -1 0 -1 0 -1 0 -1 0 -1 0 -1 0 -1 0 -1 0 -1 0 -1 0 -1 0 -1 0 -1 0 -1 0 -1 0 -1 0 -1 0 
  15 15 15 15 20
 50 5 130 5 150 5 30
2586 131072 0 48 208896 0 
  34359738369 1315051091194281984 1835136 0 50465891015 7916447985573822463 2031036 0 

trp_rhine_infantry_wurttemberg_flag_bearer Wurttemberger_Line_Infantry Colour_Bearer 0 133169152 0 0 25 0 0
  944 0 1760 0 1487 0 348 0 122 0 -1 0 -1 0 -1 0 -1 0 -1 0 -1 0 -1 0 -1 0 -1 0 -1 0 -1 0 -1 0 -1 0 -1 0 -1 0 -1 0 -1 0 -1 0 -1 0 -1 0 -1 0 -1 0 -1 0 -1 0 -1 0 -1 0 -1 0 -1 0 -1 0 -1 0 -1 0 -1 0 -1 0 -1 0 -1 0 -1 0 -1 0 -1 0 -1 0 -1 0 -1 0 -1 0 -1 0 -1 0 -1 0 -1 0 -1 0 -1 0 -1 0 -1 0 -1 0 -1 0 -1 0 -1 0 -1 0 -1 0 -1 0 -1 0 -1 0 
  15 15 15 15 20
 80 5 80 5 50 5 30
2586 131072 0 48 208896 0 
  34359738369 1315051091194281984 1835136 0 50465891015 7916447985573822463 2031036 0 

trp_rhine_infantry_wurttemberg_nco Wurttemberger_Line_Infantry Sergeant 0 133169152 0 0 25 0 0
  944 0 1760 0 1487 0 156 0 59 0 122 0 -1 0 -1 0 -1 0 -1 0 -1 0 -1 0 -1 0 -1 0 -1 0 -1 0 -1 0 -1 0 -1 0 -1 0 -1 0 -1 0 -1 0 -1 0 -1 0 -1 0 -1 0 -1 0 -1 0 -1 0 -1 0 -1 0 -1 0 -1 0 -1 0 -1 0 -1 0 -1 0 -1 0 -1 0 -1 0 -1 0 -1 0 -1 0 -1 0 -1 0 -1 0 -1 0 -1 0 -1 0 -1 0 -1 0 -1 0 -1 0 -1 0 -1 0 -1 0 -1 0 -1 0 -1 0 -1 0 -1 0 -1 0 -1 0 
  15 15 15 15 20
 50 5 130 5 150 5 30
2586 131072 0 48 208896 0 
  34359738369 1315051091194281984 1835136 0 50465891015 7916447985573822463 2031036 0 

trp_rhine_infantry_wurttemberg_officer Wurttemberger_Line_Infantry Officer 0 133169152 0 0 25 0 0
  945 0 1761 0 1488 0 84 0 157 0 3 0 5 0 1819 0 398 0 -1 0 -1 0 -1 0 -1 0 -1 0 -1 0 -1 0 -1 0 -1 0 -1 0 -1 0 -1 0 -1 0 -1 0 -1 0 -1 0 -1 0 -1 0 -1 0 -1 0 -1 0 -1 0 -1 0 -1 0 -1 0 -1 0 -1 0 -1 0 -1 0 -1 0 -1 0 -1 0 -1 0 -1 0 -1 0 -1 0 -1 0 -1 0 -1 0 -1 0 -1 0 -1 0 -1 0 -1 0 -1 0 -1 0 -1 0 -1 0 -1 0 -1 0 -1 0 -1 0 -1 0 -1 0 -1 0 
  15 15 15 15 20
 80 5 80 5 50 5 30
2586 131072 0 48 208896 0 
  34359738369 1315051091194281984 1835136 0 50465891015 7916447985573822463 2031036 0 

trp_rhine_infantry_wurttemberg_drum Wurttemberger_Line_Infantry Drummer 0 133169152 0 0 25 0 0
  946 0 1760 0 1486 0 1820 0 150 0 122 0 -1 0 -1 0 -1 0 -1 0 -1 0 -1 0 -1 0 -1 0 -1 0 -1 0 -1 0 -1 0 -1 0 -1 0 -1 0 -1 0 -1 0 -1 0 -1 0 -1 0 -1 0 -1 0 -1 0 -1 0 -1 0 -1 0 -1 0 -1 0 -1 0 -1 0 -1 0 -1 0 -1 0 -1 0 -1 0 -1 0 -1 0 -1 0 -1 0 -1 0 -1 0 -1 0 -1 0 -1 0 -1 0 -1 0 -1 0 -1 0 -1 0 -1 0 -1 0 -1 0 -1 0 -1 0 -1 0 -1 0 -1 0 -1 0 
  15 15 15 15 20
 80 5 80 5 50 5 30
2586 131072 0 48 208896 0 
  34359738369 1315051091194281984 1835136 0 50465891015 7916447985573822463 2031036 0 

trp_rhine_infantry_wurttemberg_flute Wurttemberger_Line_Infantry Fifer 0 133169152 0 0 25 0 0
  947 0 1760 0 1486 0 151 0 122 0 -1 0 -1 0 -1 0 -1 0 -1 0 -1 0 -1 0 -1 0 -1 0 -1 0 -1 0 -1 0 -1 0 -1 0 -1 0 -1 0 -1 0 -1 0 -1 0 -1 0 -1 0 -1 0 -1 0 -1 0 -1 0 -1 0 -1 0 -1 0 -1 0 -1 0 -1 0 -1 0 -1 0 -1 0 -1 0 -1 0 -1 0 -1 0 -1 0 -1 0 -1 0 -1 0 -1 0 -1 0 -1 0 -1 0 -1 0 -1 0 -1 0 -1 0 -1 0 -1 0 -1 0 -1 0 -1 0 -1 0 -1 0 -1 0 -1 0 
  15 15 15 15 20
 80 5 80 5 50 5 30
2586 131072 0 48 208896 0 
  34359738369 1315051091194281984 1835136 0 50465891015 7916447985573822463 2031036 0 

trp_rhine_infantry_wurttemberg2 Infanterie-Reg._No.4_von_Franquemont,_Wurttemberg Line_Infantry 0 133169152 0 0 11 0 0
  948 0 1762 0 1490 0 156 0 59 0 88 0 -1 0 -1 0 -1 0 -1 0 -1 0 -1 0 -1 0 -1 0 -1 0 -1 0 -1 0 -1 0 -1 0 -1 0 -1 0 -1 0 -1 0 -1 0 -1 0 -1 0 -1 0 -1 0 -1 0 -1 0 -1 0 -1 0 -1 0 -1 0 -1 0 -1 0 -1 0 -1 0 -1 0 -1 0 -1 0 -1 0 -1 0 -1 0 -1 0 -1 0 -1 0 -1 0 -1 0 -1 0 -1 0 -1 0 -1 0 -1 0 -1 0 -1 0 -1 0 -1 0 -1 0 -1 0 -1 0 -1 0 -1 0 -1 0 
  15 15 15 15 20
 50 5 130 5 150 5 30
2586 131072 0 48 208896 0 
  34359738369 1315051091194281984 1835136 0 50465891015 7916447985573822463 2031036 0 

trp_rhine_infantry_wurttemberg2_flag_bearer Wurttemberger_Grenadier Colour_Bearer 0 133169152 0 0 25 0 0
  949 0 1760 0 1492 0 349 0 88 0 -1 0 -1 0 -1 0 -1 0 -1 0 -1 0 -1 0 -1 0 -1 0 -1 0 -1 0 -1 0 -1 0 -1 0 -1 0 -1 0 -1 0 -1 0 -1 0 -1 0 -1 0 -1 0 -1 0 -1 0 -1 0 -1 0 -1 0 -1 0 -1 0 -1 0 -1 0 -1 0 -1 0 -1 0 -1 0 -1 0 -1 0 -1 0 -1 0 -1 0 -1 0 -1 0 -1 0 -1 0 -1 0 -1 0 -1 0 -1 0 -1 0 -1 0 -1 0 -1 0 -1 0 -1 0 -1 0 -1 0 -1 0 -1 0 -1 0 
  15 15 15 15 20
 80 5 80 5 50 5 30
2586 131072 0 48 208896 0 
  34359738369 1315051091194281984 1835136 0 50465891015 7916447985573822463 2031036 0 

trp_rhine_infantry_wurttemberg2_nco Wurttemberger_Grenadier Sergeant 0 133169152 0 0 25 0 0
  949 0 1760 0 1492 0 156 0 59 0 88 0 -1 0 -1 0 -1 0 -1 0 -1 0 -1 0 -1 0 -1 0 -1 0 -1 0 -1 0 -1 0 -1 0 -1 0 -1 0 -1 0 -1 0 -1 0 -1 0 -1 0 -1 0 -1 0 -1 0 -1 0 -1 0 -1 0 -1 0 -1 0 -1 0 -1 0 -1 0 -1 0 -1 0 -1 0 -1 0 -1 0 -1 0 -1 0 -1 0 -1 0 -1 0 -1 0 -1 0 -1 0 -1 0 -1 0 -1 0 -1 0 -1 0 -1 0 -1 0 -1 0 -1 0 -1 0 -1 0 -1 0 -1 0 -1 0 
  15 15 15 15 20
 50 5 130 5 150 5 30
2586 131072 0 48 208896 0 
  34359738369 1315051091194281984 1835136 0 50465891015 7916447985573822463 2031036 0 

trp_rhine_infantry_wurttemberg2_officer Wurttemberger_Grenadier Officer 0 133169152 0 0 25 0 0
  950 0 1761 0 1494 0 84 0 157 0 3 0 5 0 1819 0 398 0 -1 0 -1 0 -1 0 -1 0 -1 0 -1 0 -1 0 -1 0 -1 0 -1 0 -1 0 -1 0 -1 0 -1 0 -1 0 -1 0 -1 0 -1 0 -1 0 -1 0 -1 0 -1 0 -1 0 -1 0 -1 0 -1 0 -1 0 -1 0 -1 0 -1 0 -1 0 -1 0 -1 0 -1 0 -1 0 -1 0 -1 0 -1 0 -1 0 -1 0 -1 0 -1 0 -1 0 -1 0 -1 0 -1 0 -1 0 -1 0 -1 0 -1 0 -1 0 -1 0 -1 0 -1 0 -1 0 
  15 15 15 15 20
 80 5 80 5 50 5 30
2586 131072 0 48 208896 0 
  34359738369 1315051091194281984 1835136 0 50465891015 7916447985573822463 2031036 0 

trp_rhine_infantry_wurttemberg2_drum Wurttemberger_Grenadier Drummer 0 133169152 0 0 25 0 0
  951 0 1762 0 1490 0 1820 0 150 0 88 0 -1 0 -1 0 -1 0 -1 0 -1 0 -1 0 -1 0 -1 0 -1 0 -1 0 -1 0 -1 0 -1 0 -1 0 -1 0 -1 0 -1 0 -1 0 -1 0 -1 0 -1 0 -1 0 -1 0 -1 0 -1 0 -1 0 -1 0 -1 0 -1 0 -1 0 -1 0 -1 0 -1 0 -1 0 -1 0 -1 0 -1 0 -1 0 -1 0 -1 0 -1 0 -1 0 -1 0 -1 0 -1 0 -1 0 -1 0 -1 0 -1 0 -1 0 -1 0 -1 0 -1 0 -1 0 -1 0 -1 0 -1 0 -1 0 
  15 15 15 15 20
 80 5 80 5 50 5 30
2586 131072 0 48 208896 0 
  34359738369 1315051091194281984 1835136 0 50465891015 7916447985573822463 2031036 0 

trp_rhine_infantry_wurttemberg2_flute Wurttemberger_Grenadier Fifer 0 133169152 0 0 25 0 0
  952 0 1762 0 1490 0 151 0 88 0 -1 0 -1 0 -1 0 -1 0 -1 0 -1 0 -1 0 -1 0 -1 0 -1 0 -1 0 -1 0 -1 0 -1 0 -1 0 -1 0 -1 0 -1 0 -1 0 -1 0 -1 0 -1 0 -1 0 -1 0 -1 0 -1 0 -1 0 -1 0 -1 0 -1 0 -1 0 -1 0 -1 0 -1 0 -1 0 -1 0 -1 0 -1 0 -1 0 -1 0 -1 0 -1 0 -1 0 -1 0 -1 0 -1 0 -1 0 -1 0 -1 0 -1 0 -1 0 -1 0 -1 0 -1 0 -1 0 -1 0 -1 0 -1 0 -1 0 
  15 15 15 15 20
 80 5 80 5 50 5 30
2586 131072 0 48 208896 0 
  34359738369 1315051091194281984 1835136 0 50465891015 7916447985573822463 2031036 0 

trp_rhine_infantry_saxony Infanterie-Regiment_Prinz_Friedrich_August,_Sachsen Line_Infantry 0 133169152 0 0 11 0 0
  919 0 1749 0 1460 0 156 0 71 0 88 0 -1 0 -1 0 -1 0 -1 0 -1 0 -1 0 -1 0 -1 0 -1 0 -1 0 -1 0 -1 0 -1 0 -1 0 -1 0 -1 0 -1 0 -1 0 -1 0 -1 0 -1 0 -1 0 -1 0 -1 0 -1 0 -1 0 -1 0 -1 0 -1 0 -1 0 -1 0 -1 0 -1 0 -1 0 -1 0 -1 0 -1 0 -1 0 -1 0 -1 0 -1 0 -1 0 -1 0 -1 0 -1 0 -1 0 -1 0 -1 0 -1 0 -1 0 -1 0 -1 0 -1 0 -1 0 -1 0 -1 0 -1 0 -1 0 
  15 15 15 15 20
 50 5 130 5 150 5 30
2586 131072 0 48 208896 0 
  34359738369 1315051091194281984 1835136 0 50465891015 7916447985573822463 2031036 0 

trp_rhine_infantry_saxony_flag_bearer Saxon_Line_Infantry Colour_Bearer 0 133169152 0 0 25 0 0
  920 0 1749 0 1461 0 341 0 88 0 -1 0 -1 0 -1 0 -1 0 -1 0 -1 0 -1 0 -1 0 -1 0 -1 0 -1 0 -1 0 -1 0 -1 0 -1 0 -1 0 -1 0 -1 0 -1 0 -1 0 -1 0 -1 0 -1 0 -1 0 -1 0 -1 0 -1 0 -1 0 -1 0 -1 0 -1 0 -1 0 -1 0 -1 0 -1 0 -1 0 -1 0 -1 0 -1 0 -1 0 -1 0 -1 0 -1 0 -1 0 -1 0 -1 0 -1 0 -1 0 -1 0 -1 0 -1 0 -1 0 -1 0 -1 0 -1 0 -1 0 -1 0 -1 0 -1 0 
  15 15 15 15 20
 80 5 80 5 50 5 30
2586 131072 0 48 208896 0 
  34359738369 1315051091194281984 1835136 0 50465891015 7916447985573822463 2031036 0 

trp_rhine_infantry_saxony_nco Saxon_Line_Infantry Sergeant 0 133169152 0 0 25 0 0
  920 0 1749 0 1461 0 156 0 71 0 88 0 -1 0 -1 0 -1 0 -1 0 -1 0 -1 0 -1 0 -1 0 -1 0 -1 0 -1 0 -1 0 -1 0 -1 0 -1 0 -1 0 -1 0 -1 0 -1 0 -1 0 -1 0 -1 0 -1 0 -1 0 -1 0 -1 0 -1 0 -1 0 -1 0 -1 0 -1 0 -1 0 -1 0 -1 0 -1 0 -1 0 -1 0 -1 0 -1 0 -1 0 -1 0 -1 0 -1 0 -1 0 -1 0 -1 0 -1 0 -1 0 -1 0 -1 0 -1 0 -1 0 -1 0 -1 0 -1 0 -1 0 -1 0 -1 0 
  15 15 15 15 20
 50 5 130 5 150 5 30
2586 131072 0 48 208896 0 
  34359738369 1315051091194281984 1835136 0 50465891015 7916447985573822463 2031036 0 

trp_rhine_infantry_saxony_officer Saxon_Line_Infantry Officer 0 133169152 0 0 25 0 0
  921 0 1750 0 1462 0 84 0 157 0 3 0 5 0 1819 0 398 0 -1 0 -1 0 -1 0 -1 0 -1 0 -1 0 -1 0 -1 0 -1 0 -1 0 -1 0 -1 0 -1 0 -1 0 -1 0 -1 0 -1 0 -1 0 -1 0 -1 0 -1 0 -1 0 -1 0 -1 0 -1 0 -1 0 -1 0 -1 0 -1 0 -1 0 -1 0 -1 0 -1 0 -1 0 -1 0 -1 0 -1 0 -1 0 -1 0 -1 0 -1 0 -1 0 -1 0 -1 0 -1 0 -1 0 -1 0 -1 0 -1 0 -1 0 -1 0 -1 0 -1 0 -1 0 -1 0 
  15 15 15 15 20
 80 5 80 5 50 5 30
2586 131072 0 48 208896 0 
  34359738369 1315051091194281984 1835136 0 50465891015 7916447985573822463 2031036 0 

trp_rhine_infantry_saxony_drum Saxon_Line_Infantry Drummer 0 133169152 0 0 25 0 0
  922 0 1749 0 1460 0 1820 0 150 0 88 0 -1 0 -1 0 -1 0 -1 0 -1 0 -1 0 -1 0 -1 0 -1 0 -1 0 -1 0 -1 0 -1 0 -1 0 -1 0 -1 0 -1 0 -1 0 -1 0 -1 0 -1 0 -1 0 -1 0 -1 0 -1 0 -1 0 -1 0 -1 0 -1 0 -1 0 -1 0 -1 0 -1 0 -1 0 -1 0 -1 0 -1 0 -1 0 -1 0 -1 0 -1 0 -1 0 -1 0 -1 0 -1 0 -1 0 -1 0 -1 0 -1 0 -1 0 -1 0 -1 0 -1 0 -1 0 -1 0 -1 0 -1 0 -1 0 
  15 15 15 15 20
 80 5 80 5 50 5 30
2586 131072 0 48 208896 0 
  34359738369 1315051091194281984 1835136 0 50465891015 7916447985573822463 2031036 0 

trp_rhine_infantry_saxony_flute Saxon_Line_Infantry Fifer 0 133169152 0 0 25 0 0
  923 0 1749 0 1460 0 151 0 88 0 -1 0 -1 0 -1 0 -1 0 -1 0 -1 0 -1 0 -1 0 -1 0 -1 0 -1 0 -1 0 -1 0 -1 0 -1 0 -1 0 -1 0 -1 0 -1 0 -1 0 -1 0 -1 0 -1 0 -1 0 -1 0 -1 0 -1 0 -1 0 -1 0 -1 0 -1 0 -1 0 -1 0 -1 0 -1 0 -1 0 -1 0 -1 0 -1 0 -1 0 -1 0 -1 0 -1 0 -1 0 -1 0 -1 0 -1 0 -1 0 -1 0 -1 0 -1 0 -1 0 -1 0 -1 0 -1 0 -1 0 -1 0 -1 0 -1 0 
  15 15 15 15 20
 80 5 80 5 50 5 30
2586 131072 0 48 208896 0 
  34359738369 1315051091194281984 1835136 0 50465891015 7916447985573822463 2031036 0 

trp_rhine_infantry_saxony2 Infanterie-Regiment_No.8_von_Rechten,_Sachsen Line_Infantry 0 133169152 0 0 11 0 0
  966 0 1749 0 1522 0 156 0 71 0 88 0 -1 0 -1 0 -1 0 -1 0 -1 0 -1 0 -1 0 -1 0 -1 0 -1 0 -1 0 -1 0 -1 0 -1 0 -1 0 -1 0 -1 0 -1 0 -1 0 -1 0 -1 0 -1 0 -1 0 -1 0 -1 0 -1 0 -1 0 -1 0 -1 0 -1 0 -1 0 -1 0 -1 0 -1 0 -1 0 -1 0 -1 0 -1 0 -1 0 -1 0 -1 0 -1 0 -1 0 -1 0 -1 0 -1 0 -1 0 -1 0 -1 0 -1 0 -1 0 -1 0 -1 0 -1 0 -1 0 -1 0 -1 0 -1 0 
  15 15 15 15 20
 50 5 130 5 150 5 30
2586 131072 0 48 208896 0 
  34359738369 1315051091194281984 1835136 0 50465891015 7916447985573822463 2031036 0 

trp_rhine_infantry_saxony2_flag_bearer Saxon_Line_Infantry Colour_Bearer 0 133169152 0 0 25 0 0
  967 0 1749 0 1461 0 350 0 88 0 -1 0 -1 0 -1 0 -1 0 -1 0 -1 0 -1 0 -1 0 -1 0 -1 0 -1 0 -1 0 -1 0 -1 0 -1 0 -1 0 -1 0 -1 0 -1 0 -1 0 -1 0 -1 0 -1 0 -1 0 -1 0 -1 0 -1 0 -1 0 -1 0 -1 0 -1 0 -1 0 -1 0 -1 0 -1 0 -1 0 -1 0 -1 0 -1 0 -1 0 -1 0 -1 0 -1 0 -1 0 -1 0 -1 0 -1 0 -1 0 -1 0 -1 0 -1 0 -1 0 -1 0 -1 0 -1 0 -1 0 -1 0 -1 0 -1 0 
  15 15 15 15 20
 80 5 80 5 50 5 30
2586 131072 0 48 208896 0 
  34359738369 1315051091194281984 1835136 0 50465891015 7916447985573822463 2031036 0 

trp_rhine_infantry_saxony2_nco Saxon_Line_Infantry Sergeant 0 133169152 0 0 25 0 0
  967 0 1749 0 1461 0 156 0 71 0 88 0 -1 0 -1 0 -1 0 -1 0 -1 0 -1 0 -1 0 -1 0 -1 0 -1 0 -1 0 -1 0 -1 0 -1 0 -1 0 -1 0 -1 0 -1 0 -1 0 -1 0 -1 0 -1 0 -1 0 -1 0 -1 0 -1 0 -1 0 -1 0 -1 0 -1 0 -1 0 -1 0 -1 0 -1 0 -1 0 -1 0 -1 0 -1 0 -1 0 -1 0 -1 0 -1 0 -1 0 -1 0 -1 0 -1 0 -1 0 -1 0 -1 0 -1 0 -1 0 -1 0 -1 0 -1 0 -1 0 -1 0 -1 0 -1 0 
  15 15 15 15 20
 50 5 130 5 150 5 30
2586 131072 0 48 208896 0 
  34359738369 1315051091194281984 1835136 0 50465891015 7916447985573822463 2031036 0 

trp_rhine_infantry_saxony2_officer Saxon_Line_Infantry Officer 0 133169152 0 0 25 0 0
  968 0 1750 0 1462 0 84 0 157 0 3 0 5 0 1819 0 398 0 -1 0 -1 0 -1 0 -1 0 -1 0 -1 0 -1 0 -1 0 -1 0 -1 0 -1 0 -1 0 -1 0 -1 0 -1 0 -1 0 -1 0 -1 0 -1 0 -1 0 -1 0 -1 0 -1 0 -1 0 -1 0 -1 0 -1 0 -1 0 -1 0 -1 0 -1 0 -1 0 -1 0 -1 0 -1 0 -1 0 -1 0 -1 0 -1 0 -1 0 -1 0 -1 0 -1 0 -1 0 -1 0 -1 0 -1 0 -1 0 -1 0 -1 0 -1 0 -1 0 -1 0 -1 0 -1 0 
  15 15 15 15 20
 80 5 80 5 50 5 30
2586 131072 0 48 208896 0 
  34359738369 1315051091194281984 1835136 0 50465891015 7916447985573822463 2031036 0 

trp_rhine_infantry_saxony2_drum Saxon_Line_Infantry Drummer 0 133169152 0 0 25 0 0
  969 0 1749 0 1522 0 1820 0 150 0 88 0 -1 0 -1 0 -1 0 -1 0 -1 0 -1 0 -1 0 -1 0 -1 0 -1 0 -1 0 -1 0 -1 0 -1 0 -1 0 -1 0 -1 0 -1 0 -1 0 -1 0 -1 0 -1 0 -1 0 -1 0 -1 0 -1 0 -1 0 -1 0 -1 0 -1 0 -1 0 -1 0 -1 0 -1 0 -1 0 -1 0 -1 0 -1 0 -1 0 -1 0 -1 0 -1 0 -1 0 -1 0 -1 0 -1 0 -1 0 -1 0 -1 0 -1 0 -1 0 -1 0 -1 0 -1 0 -1 0 -1 0 -1 0 -1 0 
  15 15 15 15 20
 80 5 80 5 50 5 30
2586 131072 0 48 208896 0 
  34359738369 1315051091194281984 1835136 0 50465891015 7916447985573822463 2031036 0 

trp_rhine_infantry_saxony2_flute Saxon_Line_Infantry Fifer 0 133169152 0 0 25 0 0
  970 0 1749 0 1522 0 151 0 88 0 -1 0 -1 0 -1 0 -1 0 -1 0 -1 0 -1 0 -1 0 -1 0 -1 0 -1 0 -1 0 -1 0 -1 0 -1 0 -1 0 -1 0 -1 0 -1 0 -1 0 -1 0 -1 0 -1 0 -1 0 -1 0 -1 0 -1 0 -1 0 -1 0 -1 0 -1 0 -1 0 -1 0 -1 0 -1 0 -1 0 -1 0 -1 0 -1 0 -1 0 -1 0 -1 0 -1 0 -1 0 -1 0 -1 0 -1 0 -1 0 -1 0 -1 0 -1 0 -1 0 -1 0 -1 0 -1 0 -1 0 -1 0 -1 0 -1 0 
  15 15 15 15 20
 80 5 80 5 50 5 30
2586 131072 0 48 208896 0 
  34359738369 1315051091194281984 1835136 0 50465891015 7916447985573822463 2031036 0 

trp_rhine_infantry_waldeck Waldeck_Fürstentümer_Infanterie-Bataillon Line_Infantry 0 133169152 0 0 11 0 0
  971 0 1767 0 1523 0 156 0 71 0 88 0 -1 0 -1 0 -1 0 -1 0 -1 0 -1 0 -1 0 -1 0 -1 0 -1 0 -1 0 -1 0 -1 0 -1 0 -1 0 -1 0 -1 0 -1 0 -1 0 -1 0 -1 0 -1 0 -1 0 -1 0 -1 0 -1 0 -1 0 -1 0 -1 0 -1 0 -1 0 -1 0 -1 0 -1 0 -1 0 -1 0 -1 0 -1 0 -1 0 -1 0 -1 0 -1 0 -1 0 -1 0 -1 0 -1 0 -1 0 -1 0 -1 0 -1 0 -1 0 -1 0 -1 0 -1 0 -1 0 -1 0 -1 0 -1 0 
  15 15 15 15 20
 50 5 130 5 150 5 30
2586 131072 0 48 208896 0 
  34359738369 1315051091194281984 1835136 0 50465891015 7916447985573822463 2031036 0 

trp_rhine_infantry_waldeck_flag_bearer Saxon_Line_Infantry Colour_Bearer 0 133169152 0 0 25 0 0
  972 0 1767 0 1524 0 351 0 88 0 -1 0 -1 0 -1 0 -1 0 -1 0 -1 0 -1 0 -1 0 -1 0 -1 0 -1 0 -1 0 -1 0 -1 0 -1 0 -1 0 -1 0 -1 0 -1 0 -1 0 -1 0 -1 0 -1 0 -1 0 -1 0 -1 0 -1 0 -1 0 -1 0 -1 0 -1 0 -1 0 -1 0 -1 0 -1 0 -1 0 -1 0 -1 0 -1 0 -1 0 -1 0 -1 0 -1 0 -1 0 -1 0 -1 0 -1 0 -1 0 -1 0 -1 0 -1 0 -1 0 -1 0 -1 0 -1 0 -1 0 -1 0 -1 0 -1 0 
  15 15 15 15 20
 80 5 80 5 50 5 30
2586 131072 0 48 208896 0 
  34359738369 1315051091194281984 1835136 0 50465891015 7916447985573822463 2031036 0 

trp_rhine_infantry_waldeck_nco Saxon_Line_Infantry Sergeant 0 133169152 0 0 25 0 0
  972 0 1767 0 1524 0 156 0 71 0 88 0 -1 0 -1 0 -1 0 -1 0 -1 0 -1 0 -1 0 -1 0 -1 0 -1 0 -1 0 -1 0 -1 0 -1 0 -1 0 -1 0 -1 0 -1 0 -1 0 -1 0 -1 0 -1 0 -1 0 -1 0 -1 0 -1 0 -1 0 -1 0 -1 0 -1 0 -1 0 -1 0 -1 0 -1 0 -1 0 -1 0 -1 0 -1 0 -1 0 -1 0 -1 0 -1 0 -1 0 -1 0 -1 0 -1 0 -1 0 -1 0 -1 0 -1 0 -1 0 -1 0 -1 0 -1 0 -1 0 -1 0 -1 0 -1 0 
  15 15 15 15 20
 50 5 130 5 150 5 30
2586 131072 0 48 208896 0 
  34359738369 1315051091194281984 1835136 0 50465891015 7916447985573822463 2031036 0 

trp_rhine_infantry_waldeck_officer Saxon_Line_Infantry Officer 0 133169152 0 0 25 0 0
  973 0 1768 0 1525 0 84 0 157 0 3 0 5 0 1819 0 398 0 -1 0 -1 0 -1 0 -1 0 -1 0 -1 0 -1 0 -1 0 -1 0 -1 0 -1 0 -1 0 -1 0 -1 0 -1 0 -1 0 -1 0 -1 0 -1 0 -1 0 -1 0 -1 0 -1 0 -1 0 -1 0 -1 0 -1 0 -1 0 -1 0 -1 0 -1 0 -1 0 -1 0 -1 0 -1 0 -1 0 -1 0 -1 0 -1 0 -1 0 -1 0 -1 0 -1 0 -1 0 -1 0 -1 0 -1 0 -1 0 -1 0 -1 0 -1 0 -1 0 -1 0 -1 0 -1 0 
  15 15 15 15 20
 80 5 80 5 50 5 30
2586 131072 0 48 208896 0 
  34359738369 1315051091194281984 1835136 0 50465891015 7916447985573822463 2031036 0 

trp_rhine_infantry_waldeck_drum Saxon_Line_Infantry Drummer 0 133169152 0 0 25 0 0
  974 0 1767 0 1523 0 1820 0 150 0 88 0 -1 0 -1 0 -1 0 -1 0 -1 0 -1 0 -1 0 -1 0 -1 0 -1 0 -1 0 -1 0 -1 0 -1 0 -1 0 -1 0 -1 0 -1 0 -1 0 -1 0 -1 0 -1 0 -1 0 -1 0 -1 0 -1 0 -1 0 -1 0 -1 0 -1 0 -1 0 -1 0 -1 0 -1 0 -1 0 -1 0 -1 0 -1 0 -1 0 -1 0 -1 0 -1 0 -1 0 -1 0 -1 0 -1 0 -1 0 -1 0 -1 0 -1 0 -1 0 -1 0 -1 0 -1 0 -1 0 -1 0 -1 0 -1 0 
  15 15 15 15 20
 80 5 80 5 50 5 30
2586 131072 0 48 208896 0 
  34359738369 1315051091194281984 1835136 0 50465891015 7916447985573822463 2031036 0 

trp_rhine_infantry_waldeck_flute Saxon_Line_Infantry Fifer 0 133169152 0 0 25 0 0
  975 0 1767 0 1523 0 151 0 88 0 -1 0 -1 0 -1 0 -1 0 -1 0 -1 0 -1 0 -1 0 -1 0 -1 0 -1 0 -1 0 -1 0 -1 0 -1 0 -1 0 -1 0 -1 0 -1 0 -1 0 -1 0 -1 0 -1 0 -1 0 -1 0 -1 0 -1 0 -1 0 -1 0 -1 0 -1 0 -1 0 -1 0 -1 0 -1 0 -1 0 -1 0 -1 0 -1 0 -1 0 -1 0 -1 0 -1 0 -1 0 -1 0 -1 0 -1 0 -1 0 -1 0 -1 0 -1 0 -1 0 -1 0 -1 0 -1 0 -1 0 -1 0 -1 0 -1 0 
  15 15 15 15 20
 80 5 80 5 50 5 30
2586 131072 0 48 208896 0 
  34359738369 1315051091194281984 1835136 0 50465891015 7916447985573822463 2031036 0 

trp_rhine_grenadier_guard Grenadiers_de_la_Garde,_Westphalen Foot_Guard 0 133169152 0 0 11 0 0
  933 0 1651 0 1479 0 156 0 61 0 79 0 -1 0 -1 0 -1 0 -1 0 -1 0 -1 0 -1 0 -1 0 -1 0 -1 0 -1 0 -1 0 -1 0 -1 0 -1 0 -1 0 -1 0 -1 0 -1 0 -1 0 -1 0 -1 0 -1 0 -1 0 -1 0 -1 0 -1 0 -1 0 -1 0 -1 0 -1 0 -1 0 -1 0 -1 0 -1 0 -1 0 -1 0 -1 0 -1 0 -1 0 -1 0 -1 0 -1 0 -1 0 -1 0 -1 0 -1 0 -1 0 -1 0 -1 0 -1 0 -1 0 -1 0 -1 0 -1 0 -1 0 -1 0 -1 0 
  15 15 15 15 20
 50 5 145 5 150 5 30
2586 131072 0 48 208896 0 
  34359738369 1315051091194281984 1835136 0 50465891015 7916447985573822463 2031036 0 

trp_rhine_grenadier_guard_flag_bearer Westphalian_Grenadier_Guard Colour_Bearer 0 133169152 0 0 25 0 0
  934 0 1750 0 1481 0 344 0 79 0 1819 0 -1 0 -1 0 -1 0 -1 0 -1 0 -1 0 -1 0 -1 0 -1 0 -1 0 -1 0 -1 0 -1 0 -1 0 -1 0 -1 0 -1 0 -1 0 -1 0 -1 0 -1 0 -1 0 -1 0 -1 0 -1 0 -1 0 -1 0 -1 0 -1 0 -1 0 -1 0 -1 0 -1 0 -1 0 -1 0 -1 0 -1 0 -1 0 -1 0 -1 0 -1 0 -1 0 -1 0 -1 0 -1 0 -1 0 -1 0 -1 0 -1 0 -1 0 -1 0 -1 0 -1 0 -1 0 -1 0 -1 0 -1 0 -1 0 
  15 15 15 15 20
 80 5 80 5 50 5 30
2586 131072 0 48 208896 0 
  34359738369 1315051091194281984 1835136 0 50465891015 7916447985573822463 2031036 0 

trp_rhine_grenadier_guard_nco Westphalian_Grenadier_Guard Sergeant 0 133169152 0 0 25 0 0
  934 0 1750 0 1481 0 156 0 61 0 79 0 1819 0 -1 0 -1 0 -1 0 -1 0 -1 0 -1 0 -1 0 -1 0 -1 0 -1 0 -1 0 -1 0 -1 0 -1 0 -1 0 -1 0 -1 0 -1 0 -1 0 -1 0 -1 0 -1 0 -1 0 -1 0 -1 0 -1 0 -1 0 -1 0 -1 0 -1 0 -1 0 -1 0 -1 0 -1 0 -1 0 -1 0 -1 0 -1 0 -1 0 -1 0 -1 0 -1 0 -1 0 -1 0 -1 0 -1 0 -1 0 -1 0 -1 0 -1 0 -1 0 -1 0 -1 0 -1 0 -1 0 -1 0 -1 0 
  15 15 15 15 20
 50 5 145 5 150 5 30
2586 131072 0 48 208896 0 
  34359738369 1315051091194281984 1835136 0 50465891015 7916447985573822463 2031036 0 

trp_rhine_grenadier_guard_officer Westphalian_Grenadier_Guard Officer 0 133169152 0 0 25 0 0
  935 0 1750 0 1481 0 84 0 157 0 3 0 5 0 1819 0 398 0 -1 0 -1 0 -1 0 -1 0 -1 0 -1 0 -1 0 -1 0 -1 0 -1 0 -1 0 -1 0 -1 0 -1 0 -1 0 -1 0 -1 0 -1 0 -1 0 -1 0 -1 0 -1 0 -1 0 -1 0 -1 0 -1 0 -1 0 -1 0 -1 0 -1 0 -1 0 -1 0 -1 0 -1 0 -1 0 -1 0 -1 0 -1 0 -1 0 -1 0 -1 0 -1 0 -1 0 -1 0 -1 0 -1 0 -1 0 -1 0 -1 0 -1 0 -1 0 -1 0 -1 0 -1 0 -1 0 
  15 15 15 15 20
 80 5 80 5 50 5 30
2586 131072 0 48 208896 0 
  34359738369 1315051091194281984 1835136 0 50465891015 7916447985573822463 2031036 0 

trp_rhine_grenadier_guard_drum Westphalian_Grenadier_Guard Drummer 0 133169152 0 0 25 0 0
  936 0 1651 0 1479 0 1820 0 150 0 79 0 -1 0 -1 0 -1 0 -1 0 -1 0 -1 0 -1 0 -1 0 -1 0 -1 0 -1 0 -1 0 -1 0 -1 0 -1 0 -1 0 -1 0 -1 0 -1 0 -1 0 -1 0 -1 0 -1 0 -1 0 -1 0 -1 0 -1 0 -1 0 -1 0 -1 0 -1 0 -1 0 -1 0 -1 0 -1 0 -1 0 -1 0 -1 0 -1 0 -1 0 -1 0 -1 0 -1 0 -1 0 -1 0 -1 0 -1 0 -1 0 -1 0 -1 0 -1 0 -1 0 -1 0 -1 0 -1 0 -1 0 -1 0 -1 0 
  15 15 15 15 20
 80 5 80 5 50 5 30
2586 131072 0 48 208896 0 
  34359738369 1315051091194281984 1835136 0 50465891015 7916447985573822463 2031036 0 

trp_rhine_grenadier_guard_flute Westphalian_Grenadier_Guard Fifer 0 133169152 0 0 25 0 0
  937 0 1651 0 1479 0 151 0 79 0 -1 0 -1 0 -1 0 -1 0 -1 0 -1 0 -1 0 -1 0 -1 0 -1 0 -1 0 -1 0 -1 0 -1 0 -1 0 -1 0 -1 0 -1 0 -1 0 -1 0 -1 0 -1 0 -1 0 -1 0 -1 0 -1 0 -1 0 -1 0 -1 0 -1 0 -1 0 -1 0 -1 0 -1 0 -1 0 -1 0 -1 0 -1 0 -1 0 -1 0 -1 0 -1 0 -1 0 -1 0 -1 0 -1 0 -1 0 -1 0 -1 0 -1 0 -1 0 -1 0 -1 0 -1 0 -1 0 -1 0 -1 0 -1 0 -1 0 
  15 15 15 15 20
 80 5 80 5 50 5 30
2586 131072 0 48 208896 0 
  34359738369 1315051091194281984 1835136 0 50465891015 7916447985573822463 2031036 0 

trp_rhine_grenadier_guard2 Grenadiers_de_la_Garde,_Berg Foot_Guard 0 133169152 0 0 11 0 0
  976 0 1651 0 1479 0 156 0 61 0 79 0 -1 0 -1 0 -1 0 -1 0 -1 0 -1 0 -1 0 -1 0 -1 0 -1 0 -1 0 -1 0 -1 0 -1 0 -1 0 -1 0 -1 0 -1 0 -1 0 -1 0 -1 0 -1 0 -1 0 -1 0 -1 0 -1 0 -1 0 -1 0 -1 0 -1 0 -1 0 -1 0 -1 0 -1 0 -1 0 -1 0 -1 0 -1 0 -1 0 -1 0 -1 0 -1 0 -1 0 -1 0 -1 0 -1 0 -1 0 -1 0 -1 0 -1 0 -1 0 -1 0 -1 0 -1 0 -1 0 -1 0 -1 0 -1 0 
  15 15 15 15 20
 50 5 145 5 150 5 30
2586 131072 0 48 208896 0 
  34359738369 1315051091194281984 1835136 0 50465891015 7916447985573822463 2031036 0 

trp_rhine_grenadier_guard2_flag_bearer Westphalian_Grenadier_Guard Colour_Bearer 0 133169152 0 0 25 0 0
  976 0 1750 0 1481 0 352 0 79 0 1819 0 -1 0 -1 0 -1 0 -1 0 -1 0 -1 0 -1 0 -1 0 -1 0 -1 0 -1 0 -1 0 -1 0 -1 0 -1 0 -1 0 -1 0 -1 0 -1 0 -1 0 -1 0 -1 0 -1 0 -1 0 -1 0 -1 0 -1 0 -1 0 -1 0 -1 0 -1 0 -1 0 -1 0 -1 0 -1 0 -1 0 -1 0 -1 0 -1 0 -1 0 -1 0 -1 0 -1 0 -1 0 -1 0 -1 0 -1 0 -1 0 -1 0 -1 0 -1 0 -1 0 -1 0 -1 0 -1 0 -1 0 -1 0 -1 0 
  15 15 15 15 20
 80 5 80 5 50 5 30
2586 131072 0 48 208896 0 
  34359738369 1315051091194281984 1835136 0 50465891015 7916447985573822463 2031036 0 

trp_rhine_grenadier_guard2_nco Westphalian_Grenadier_Guard Sergeant 0 133169152 0 0 25 0 0
  977 0 1750 0 1481 0 156 0 61 0 79 0 1819 0 -1 0 -1 0 -1 0 -1 0 -1 0 -1 0 -1 0 -1 0 -1 0 -1 0 -1 0 -1 0 -1 0 -1 0 -1 0 -1 0 -1 0 -1 0 -1 0 -1 0 -1 0 -1 0 -1 0 -1 0 -1 0 -1 0 -1 0 -1 0 -1 0 -1 0 -1 0 -1 0 -1 0 -1 0 -1 0 -1 0 -1 0 -1 0 -1 0 -1 0 -1 0 -1 0 -1 0 -1 0 -1 0 -1 0 -1 0 -1 0 -1 0 -1 0 -1 0 -1 0 -1 0 -1 0 -1 0 -1 0 -1 0 
  15 15 15 15 20
 50 5 145 5 150 5 30
2586 131072 0 48 208896 0 
  34359738369 1315051091194281984 1835136 0 50465891015 7916447985573822463 2031036 0 

trp_rhine_grenadier_guard2_officer Westphalian_Grenadier_Guard Officer 0 133169152 0 0 25 0 0
  978 0 1750 0 1481 0 84 0 157 0 3 0 5 0 1819 0 398 0 -1 0 -1 0 -1 0 -1 0 -1 0 -1 0 -1 0 -1 0 -1 0 -1 0 -1 0 -1 0 -1 0 -1 0 -1 0 -1 0 -1 0 -1 0 -1 0 -1 0 -1 0 -1 0 -1 0 -1 0 -1 0 -1 0 -1 0 -1 0 -1 0 -1 0 -1 0 -1 0 -1 0 -1 0 -1 0 -1 0 -1 0 -1 0 -1 0 -1 0 -1 0 -1 0 -1 0 -1 0 -1 0 -1 0 -1 0 -1 0 -1 0 -1 0 -1 0 -1 0 -1 0 -1 0 -1 0 
  15 15 15 15 20
 80 5 80 5 50 5 30
2586 131072 0 48 208896 0 
  34359738369 1315051091194281984 1835136 0 50465891015 7916447985573822463 2031036 0 

trp_rhine_grenadier_guard2_drum Westphalian_Grenadier_Guard Drummer 0 133169152 0 0 25 0 0
  980 0 1651 0 1479 0 1820 0 150 0 79 0 -1 0 -1 0 -1 0 -1 0 -1 0 -1 0 -1 0 -1 0 -1 0 -1 0 -1 0 -1 0 -1 0 -1 0 -1 0 -1 0 -1 0 -1 0 -1 0 -1 0 -1 0 -1 0 -1 0 -1 0 -1 0 -1 0 -1 0 -1 0 -1 0 -1 0 -1 0 -1 0 -1 0 -1 0 -1 0 -1 0 -1 0 -1 0 -1 0 -1 0 -1 0 -1 0 -1 0 -1 0 -1 0 -1 0 -1 0 -1 0 -1 0 -1 0 -1 0 -1 0 -1 0 -1 0 -1 0 -1 0 -1 0 -1 0 
  15 15 15 15 20
 80 5 80 5 50 5 30
2586 131072 0 48 208896 0 
  34359738369 1315051091194281984 1835136 0 50465891015 7916447985573822463 2031036 0 

trp_rhine_grenadier_guard2_flute Westphalian_Grenadier_Guard Fifer 0 133169152 0 0 25 0 0
  979 0 1651 0 1479 0 151 0 79 0 -1 0 -1 0 -1 0 -1 0 -1 0 -1 0 -1 0 -1 0 -1 0 -1 0 -1 0 -1 0 -1 0 -1 0 -1 0 -1 0 -1 0 -1 0 -1 0 -1 0 -1 0 -1 0 -1 0 -1 0 -1 0 -1 0 -1 0 -1 0 -1 0 -1 0 -1 0 -1 0 -1 0 -1 0 -1 0 -1 0 -1 0 -1 0 -1 0 -1 0 -1 0 -1 0 -1 0 -1 0 -1 0 -1 0 -1 0 -1 0 -1 0 -1 0 -1 0 -1 0 -1 0 -1 0 -1 0 -1 0 -1 0 -1 0 -1 0 
  15 15 15 15 20
 80 5 80 5 50 5 30
2586 131072 0 48 208896 0 
  34359738369 1315051091194281984 1835136 0 50465891015 7916447985573822463 2031036 0 

trp_rhine_wurt_guard Garde_zu_Fuss,_Wurttemberg Foot_Guard 0 133169152 0 0 11 0 0
  981 0 1749 0 1527 0 156 0 61 0 79 0 -1 0 -1 0 -1 0 -1 0 -1 0 -1 0 -1 0 -1 0 -1 0 -1 0 -1 0 -1 0 -1 0 -1 0 -1 0 -1 0 -1 0 -1 0 -1 0 -1 0 -1 0 -1 0 -1 0 -1 0 -1 0 -1 0 -1 0 -1 0 -1 0 -1 0 -1 0 -1 0 -1 0 -1 0 -1 0 -1 0 -1 0 -1 0 -1 0 -1 0 -1 0 -1 0 -1 0 -1 0 -1 0 -1 0 -1 0 -1 0 -1 0 -1 0 -1 0 -1 0 -1 0 -1 0 -1 0 -1 0 -1 0 -1 0 
  15 15 15 15 20
 50 5 145 5 150 5 30
2586 131072 0 48 208896 0 
  34359738369 1315051091194281984 1835136 0 50465891015 7916447985573822463 2031036 0 

trp_rhine_wurt_guard_flag_bearer Wurttemberg_Foot_Guard Colour_Bearer 0 133169152 0 0 25 0 0
  983 0 1749 0 1527 0 353 0 79 0 1819 0 -1 0 -1 0 -1 0 -1 0 -1 0 -1 0 -1 0 -1 0 -1 0 -1 0 -1 0 -1 0 -1 0 -1 0 -1 0 -1 0 -1 0 -1 0 -1 0 -1 0 -1 0 -1 0 -1 0 -1 0 -1 0 -1 0 -1 0 -1 0 -1 0 -1 0 -1 0 -1 0 -1 0 -1 0 -1 0 -1 0 -1 0 -1 0 -1 0 -1 0 -1 0 -1 0 -1 0 -1 0 -1 0 -1 0 -1 0 -1 0 -1 0 -1 0 -1 0 -1 0 -1 0 -1 0 -1 0 -1 0 -1 0 -1 0 
  15 15 15 15 20
 80 5 80 5 50 5 30
2586 131072 0 48 208896 0 
  34359738369 1315051091194281984 1835136 0 50465891015 7916447985573822463 2031036 0 

trp_rhine_wurt_guard_nco Wurttemberg_Foot_Guard Sergeant 0 133169152 0 0 25 0 0
  983 0 1749 0 1527 0 156 0 61 0 79 0 1819 0 -1 0 -1 0 -1 0 -1 0 -1 0 -1 0 -1 0 -1 0 -1 0 -1 0 -1 0 -1 0 -1 0 -1 0 -1 0 -1 0 -1 0 -1 0 -1 0 -1 0 -1 0 -1 0 -1 0 -1 0 -1 0 -1 0 -1 0 -1 0 -1 0 -1 0 -1 0 -1 0 -1 0 -1 0 -1 0 -1 0 -1 0 -1 0 -1 0 -1 0 -1 0 -1 0 -1 0 -1 0 -1 0 -1 0 -1 0 -1 0 -1 0 -1 0 -1 0 -1 0 -1 0 -1 0 -1 0 -1 0 -1 0 
  15 15 15 15 20
 50 5 145 5 150 5 30
2586 131072 0 48 208896 0 
  34359738369 1315051091194281984 1835136 0 50465891015 7916447985573822463 2031036 0 

trp_rhine_wurt_guard_officer Wurttemberg_Foot_Guard Officer 0 133169152 0 0 25 0 0
  982 0 1750 0 1529 0 84 0 157 0 3 0 5 0 1819 0 398 0 -1 0 -1 0 -1 0 -1 0 -1 0 -1 0 -1 0 -1 0 -1 0 -1 0 -1 0 -1 0 -1 0 -1 0 -1 0 -1 0 -1 0 -1 0 -1 0 -1 0 -1 0 -1 0 -1 0 -1 0 -1 0 -1 0 -1 0 -1 0 -1 0 -1 0 -1 0 -1 0 -1 0 -1 0 -1 0 -1 0 -1 0 -1 0 -1 0 -1 0 -1 0 -1 0 -1 0 -1 0 -1 0 -1 0 -1 0 -1 0 -1 0 -1 0 -1 0 -1 0 -1 0 -1 0 -1 0 
  15 15 15 15 20
 80 5 80 5 50 5 30
2586 131072 0 48 208896 0 
  34359738369 1315051091194281984 1835136 0 50465891015 7916447985573822463 2031036 0 

trp_rhine_wurt_guard_drum Wurttemberg_Foot_Guard Drummer 0 133169152 0 0 25 0 0
  985 0 1749 0 1527 0 1820 0 150 0 79 0 -1 0 -1 0 -1 0 -1 0 -1 0 -1 0 -1 0 -1 0 -1 0 -1 0 -1 0 -1 0 -1 0 -1 0 -1 0 -1 0 -1 0 -1 0 -1 0 -1 0 -1 0 -1 0 -1 0 -1 0 -1 0 -1 0 -1 0 -1 0 -1 0 -1 0 -1 0 -1 0 -1 0 -1 0 -1 0 -1 0 -1 0 -1 0 -1 0 -1 0 -1 0 -1 0 -1 0 -1 0 -1 0 -1 0 -1 0 -1 0 -1 0 -1 0 -1 0 -1 0 -1 0 -1 0 -1 0 -1 0 -1 0 -1 0 
  15 15 15 15 20
 80 5 80 5 50 5 30
2586 131072 0 48 208896 0 
  34359738369 1315051091194281984 1835136 0 50465891015 7916447985573822463 2031036 0 

trp_rhine_wurt_guard_flute Wurttemberg_Foot_Guard Fifer 0 133169152 0 0 25 0 0
  984 0 1749 0 1527 0 151 0 79 0 -1 0 -1 0 -1 0 -1 0 -1 0 -1 0 -1 0 -1 0 -1 0 -1 0 -1 0 -1 0 -1 0 -1 0 -1 0 -1 0 -1 0 -1 0 -1 0 -1 0 -1 0 -1 0 -1 0 -1 0 -1 0 -1 0 -1 0 -1 0 -1 0 -1 0 -1 0 -1 0 -1 0 -1 0 -1 0 -1 0 -1 0 -1 0 -1 0 -1 0 -1 0 -1 0 -1 0 -1 0 -1 0 -1 0 -1 0 -1 0 -1 0 -1 0 -1 0 -1 0 -1 0 -1 0 -1 0 -1 0 -1 0 -1 0 -1 0 
  15 15 15 15 20
 80 5 80 5 50 5 30
2586 131072 0 48 208896 0 
  34359738369 1315051091194281984 1835136 0 50465891015 7916447985573822463 2031036 0 

trp_rhine_light_infantry_hessen Infanterie-Reg._Gross-_und_Erbprinz,_Hessen-Darmstadt Light_Infantry 0 133169152 0 0 11 0 0
  929 0 1756 0 1472 0 156 0 71 0 88 0 -1 0 -1 0 -1 0 -1 0 -1 0 -1 0 -1 0 -1 0 -1 0 -1 0 -1 0 -1 0 -1 0 -1 0 -1 0 -1 0 -1 0 -1 0 -1 0 -1 0 -1 0 -1 0 -1 0 -1 0 -1 0 -1 0 -1 0 -1 0 -1 0 -1 0 -1 0 -1 0 -1 0 -1 0 -1 0 -1 0 -1 0 -1 0 -1 0 -1 0 -1 0 -1 0 -1 0 -1 0 -1 0 -1 0 -1 0 -1 0 -1 0 -1 0 -1 0 -1 0 -1 0 -1 0 -1 0 -1 0 -1 0 -1 0 
  15 15 15 15 20
 50 5 90 5 206 5 30
2586 131072 0 48 135168 0 
  34359738369 1315051091194281984 1835136 0 50465891015 7916447985573822463 2031036 0 

trp_rhine_light_infantry_hessen_flag_bearer Hessian_Light_Infantry Colour_Bearer 0 133169152 0 0 25 0 0
  930 0 1756 0 1474 0 343 0 88 0 -1 0 -1 0 -1 0 -1 0 -1 0 -1 0 -1 0 -1 0 -1 0 -1 0 -1 0 -1 0 -1 0 -1 0 -1 0 -1 0 -1 0 -1 0 -1 0 -1 0 -1 0 -1 0 -1 0 -1 0 -1 0 -1 0 -1 0 -1 0 -1 0 -1 0 -1 0 -1 0 -1 0 -1 0 -1 0 -1 0 -1 0 -1 0 -1 0 -1 0 -1 0 -1 0 -1 0 -1 0 -1 0 -1 0 -1 0 -1 0 -1 0 -1 0 -1 0 -1 0 -1 0 -1 0 -1 0 -1 0 -1 0 -1 0 -1 0 
  15 15 15 15 20
 80 5 80 5 50 5 30
2586 131072 0 48 135168 0 
  34359738369 1315051091194281984 1835136 0 50465891015 7916447985573822463 2031036 0 

trp_rhine_light_infantry_hessen_nco Hessian_Light_Infantry Sergeant 0 133169152 0 0 25 0 0
  930 0 1756 0 1474 0 156 0 71 0 88 0 -1 0 -1 0 -1 0 -1 0 -1 0 -1 0 -1 0 -1 0 -1 0 -1 0 -1 0 -1 0 -1 0 -1 0 -1 0 -1 0 -1 0 -1 0 -1 0 -1 0 -1 0 -1 0 -1 0 -1 0 -1 0 -1 0 -1 0 -1 0 -1 0 -1 0 -1 0 -1 0 -1 0 -1 0 -1 0 -1 0 -1 0 -1 0 -1 0 -1 0 -1 0 -1 0 -1 0 -1 0 -1 0 -1 0 -1 0 -1 0 -1 0 -1 0 -1 0 -1 0 -1 0 -1 0 -1 0 -1 0 -1 0 -1 0 
  15 15 15 15 20
 50 5 90 5 206 5 30
2586 131072 0 48 135168 0 
  34359738369 1315051091194281984 1835136 0 50465891015 7916447985573822463 2031036 0 

trp_rhine_light_infantry_hessen_officer Hessian_Light_Infantry Officer 0 133169152 0 0 25 0 0
  931 0 1757 0 1476 0 84 0 157 0 3 0 5 0 1819 0 398 0 -1 0 -1 0 -1 0 -1 0 -1 0 -1 0 -1 0 -1 0 -1 0 -1 0 -1 0 -1 0 -1 0 -1 0 -1 0 -1 0 -1 0 -1 0 -1 0 -1 0 -1 0 -1 0 -1 0 -1 0 -1 0 -1 0 -1 0 -1 0 -1 0 -1 0 -1 0 -1 0 -1 0 -1 0 -1 0 -1 0 -1 0 -1 0 -1 0 -1 0 -1 0 -1 0 -1 0 -1 0 -1 0 -1 0 -1 0 -1 0 -1 0 -1 0 -1 0 -1 0 -1 0 -1 0 -1 0 
  15 15 15 15 20
 80 5 80 5 50 5 30
2586 131072 0 48 208896 0 
  34359738369 1315051091194281984 1835136 0 50465891015 7916447985573822463 2031036 0 

trp_rhine_light_infantry_hessen_horn Hessian_Light_Infantry Hornist 0 133169152 0 0 25 0 0
  929 0 1756 0 1472 0 152 0 88 0 -1 0 -1 0 -1 0 -1 0 -1 0 -1 0 -1 0 -1 0 -1 0 -1 0 -1 0 -1 0 -1 0 -1 0 -1 0 -1 0 -1 0 -1 0 -1 0 -1 0 -1 0 -1 0 -1 0 -1 0 -1 0 -1 0 -1 0 -1 0 -1 0 -1 0 -1 0 -1 0 -1 0 -1 0 -1 0 -1 0 -1 0 -1 0 -1 0 -1 0 -1 0 -1 0 -1 0 -1 0 -1 0 -1 0 -1 0 -1 0 -1 0 -1 0 -1 0 -1 0 -1 0 -1 0 -1 0 -1 0 -1 0 -1 0 -1 0 
  15 15 15 15 20
 80 5 80 5 50 5 30
2586 131072 0 48 135168 0 
  34359738369 1315051091194281984 1835136 0 50465891015 7916447985573822463 2031036 0 

trp_rhine_light_infantry_bavaria 7._Leichtes_Infanterie-Battalion,_Bayern Light_Infantry/Rifleman 0 133169152 0 0 11 0 0
  912 0 1697 0 1454 0 156 0 21 0 43 0 88 0 -1 0 -1 0 -1 0 -1 0 -1 0 -1 0 -1 0 -1 0 -1 0 -1 0 -1 0 -1 0 -1 0 -1 0 -1 0 -1 0 -1 0 -1 0 -1 0 -1 0 -1 0 -1 0 -1 0 -1 0 -1 0 -1 0 -1 0 -1 0 -1 0 -1 0 -1 0 -1 0 -1 0 -1 0 -1 0 -1 0 -1 0 -1 0 -1 0 -1 0 -1 0 -1 0 -1 0 -1 0 -1 0 -1 0 -1 0 -1 0 -1 0 -1 0 -1 0 -1 0 -1 0 -1 0 -1 0 -1 0 -1 0 
  15 15 15 15 20
 50 5 90 5 206 5 30
2586 131072 0 48 135168 0 
  34359738369 1315051091194281984 1835136 0 50465891015 7916447985573822463 2031036 0 

trp_rhine_light_infantry_bavaria_flag_bearer Bavarian_Rifleman Colour_Bearer 0 133169152 0 0 25 0 0
  913 0 1697 0 1454 0 354 0 88 0 -1 0 -1 0 -1 0 -1 0 -1 0 -1 0 -1 0 -1 0 -1 0 -1 0 -1 0 -1 0 -1 0 -1 0 -1 0 -1 0 -1 0 -1 0 -1 0 -1 0 -1 0 -1 0 -1 0 -1 0 -1 0 -1 0 -1 0 -1 0 -1 0 -1 0 -1 0 -1 0 -1 0 -1 0 -1 0 -1 0 -1 0 -1 0 -1 0 -1 0 -1 0 -1 0 -1 0 -1 0 -1 0 -1 0 -1 0 -1 0 -1 0 -1 0 -1 0 -1 0 -1 0 -1 0 -1 0 -1 0 -1 0 -1 0 -1 0 
  15 15 15 15 20
 80 5 80 5 50 5 30
2586 131072 0 48 135168 0 
  34359738369 1315051091194281984 1835136 0 50465891015 7916447985573822463 2031036 0 

trp_rhine_light_infantry_bavaria_nco Bavarian_Rifleman Sergeant 0 133169152 0 0 25 0 0
  913 0 1697 0 1454 0 156 0 21 0 43 0 88 0 -1 0 -1 0 -1 0 -1 0 -1 0 -1 0 -1 0 -1 0 -1 0 -1 0 -1 0 -1 0 -1 0 -1 0 -1 0 -1 0 -1 0 -1 0 -1 0 -1 0 -1 0 -1 0 -1 0 -1 0 -1 0 -1 0 -1 0 -1 0 -1 0 -1 0 -1 0 -1 0 -1 0 -1 0 -1 0 -1 0 -1 0 -1 0 -1 0 -1 0 -1 0 -1 0 -1 0 -1 0 -1 0 -1 0 -1 0 -1 0 -1 0 -1 0 -1 0 -1 0 -1 0 -1 0 -1 0 -1 0 -1 0 
  15 15 15 15 20
 50 5 90 5 206 5 30
2586 131072 0 48 135168 0 
  34359738369 1315051091194281984 1835136 0 50465891015 7916447985573822463 2031036 0 

trp_rhine_light_infantry_bavaria_officer Bavarian_Rifleman Officer 0 133169152 0 0 25 0 0
  914 0 1750 0 1455 0 84 0 157 0 3 0 5 0 1819 0 398 0 -1 0 -1 0 -1 0 -1 0 -1 0 -1 0 -1 0 -1 0 -1 0 -1 0 -1 0 -1 0 -1 0 -1 0 -1 0 -1 0 -1 0 -1 0 -1 0 -1 0 -1 0 -1 0 -1 0 -1 0 -1 0 -1 0 -1 0 -1 0 -1 0 -1 0 -1 0 -1 0 -1 0 -1 0 -1 0 -1 0 -1 0 -1 0 -1 0 -1 0 -1 0 -1 0 -1 0 -1 0 -1 0 -1 0 -1 0 -1 0 -1 0 -1 0 -1 0 -1 0 -1 0 -1 0 -1 0 
  15 15 15 15 20
 80 5 80 5 50 5 30
2586 131072 0 48 208896 0 
  34359738369 1315051091194281984 1835136 0 50465891015 7916447985573822463 2031036 0 

trp_rhine_light_infantry_bavaria_horn Bavarian_Rifleman Hornist 0 133169152 0 0 25 0 0
  915 0 1697 0 1454 0 152 0 88 0 -1 0 -1 0 -1 0 -1 0 -1 0 -1 0 -1 0 -1 0 -1 0 -1 0 -1 0 -1 0 -1 0 -1 0 -1 0 -1 0 -1 0 -1 0 -1 0 -1 0 -1 0 -1 0 -1 0 -1 0 -1 0 -1 0 -1 0 -1 0 -1 0 -1 0 -1 0 -1 0 -1 0 -1 0 -1 0 -1 0 -1 0 -1 0 -1 0 -1 0 -1 0 -1 0 -1 0 -1 0 -1 0 -1 0 -1 0 -1 0 -1 0 -1 0 -1 0 -1 0 -1 0 -1 0 -1 0 -1 0 -1 0 -1 0 -1 0 
  15 15 15 15 20
 80 5 80 5 50 5 30
2586 131072 0 48 135168 0 
  34359738369 1315051091194281984 1835136 0 50465891015 7916447985573822463 2031036 0 

trp_rhine_mounted_jaeger Reitende_Jaeger,_Nassau Hussar 0 133170176 0 0 11 0 0
  939 0 1758 0 1484 0 89 0 1903 0 -1 0 -1 0 -1 0 -1 0 -1 0 -1 0 -1 0 -1 0 -1 0 -1 0 -1 0 -1 0 -1 0 -1 0 -1 0 -1 0 -1 0 -1 0 -1 0 -1 0 -1 0 -1 0 -1 0 -1 0 -1 0 -1 0 -1 0 -1 0 -1 0 -1 0 -1 0 -1 0 -1 0 -1 0 -1 0 -1 0 -1 0 -1 0 -1 0 -1 0 -1 0 -1 0 -1 0 -1 0 -1 0 -1 0 -1 0 -1 0 -1 0 -1 0 -1 0 -1 0 -1 0 -1 0 -1 0 -1 0 -1 0 -1 0 -1 0 
  12 10 15 15 20
 160 5 30 5 30 5 30
2586 131072 0 22 208896 0 
  34359738369 1315051091194281984 1835136 0 50465891015 7916447985573822463 2031036 0 

trp_rhine_mounted_jaeger_flag_bearer Nassauer_Mounted_Jaeger Colour_Bearer 0 133170176 0 0 25 0 0
  940 0 1758 0 1484 0 355 0 89 0 1903 0 -1 0 -1 0 -1 0 -1 0 -1 0 -1 0 -1 0 -1 0 -1 0 -1 0 -1 0 -1 0 -1 0 -1 0 -1 0 -1 0 -1 0 -1 0 -1 0 -1 0 -1 0 -1 0 -1 0 -1 0 -1 0 -1 0 -1 0 -1 0 -1 0 -1 0 -1 0 -1 0 -1 0 -1 0 -1 0 -1 0 -1 0 -1 0 -1 0 -1 0 -1 0 -1 0 -1 0 -1 0 -1 0 -1 0 -1 0 -1 0 -1 0 -1 0 -1 0 -1 0 -1 0 -1 0 -1 0 -1 0 -1 0 -1 0 
  12 10 15 15 20
 160 5 30 5 30 5 30
2586 131072 0 22 208896 0 
  34359738369 1315051091194281984 1835136 0 50465891015 7916447985573822463 2031036 0 

trp_rhine_mounted_jaeger_nco Nassauer_Mounted_Jaeger Sergeant 0 133170176 0 0 25 0 0
  940 0 1758 0 1484 0 89 0 1903 0 -1 0 -1 0 -1 0 -1 0 -1 0 -1 0 -1 0 -1 0 -1 0 -1 0 -1 0 -1 0 -1 0 -1 0 -1 0 -1 0 -1 0 -1 0 -1 0 -1 0 -1 0 -1 0 -1 0 -1 0 -1 0 -1 0 -1 0 -1 0 -1 0 -1 0 -1 0 -1 0 -1 0 -1 0 -1 0 -1 0 -1 0 -1 0 -1 0 -1 0 -1 0 -1 0 -1 0 -1 0 -1 0 -1 0 -1 0 -1 0 -1 0 -1 0 -1 0 -1 0 -1 0 -1 0 -1 0 -1 0 -1 0 -1 0 -1 0 
  12 10 15 15 20
 160 5 30 5 30 5 30
2586 131072 0 22 208896 0 
  34359738369 1315051091194281984 1835136 0 50465891015 7916447985573822463 2031036 0 

trp_rhine_mounted_jaeger_officer Nassauer_Mounted_Jaeger Officer 0 133170176 0 0 25 0 0
  941 0 1759 0 1485 0 157 0 7 0 85 0 1903 0 1904 0 1819 0 398 0 -1 0 -1 0 -1 0 -1 0 -1 0 -1 0 -1 0 -1 0 -1 0 -1 0 -1 0 -1 0 -1 0 -1 0 -1 0 -1 0 -1 0 -1 0 -1 0 -1 0 -1 0 -1 0 -1 0 -1 0 -1 0 -1 0 -1 0 -1 0 -1 0 -1 0 -1 0 -1 0 -1 0 -1 0 -1 0 -1 0 -1 0 -1 0 -1 0 -1 0 -1 0 -1 0 -1 0 -1 0 -1 0 -1 0 -1 0 -1 0 -1 0 -1 0 -1 0 -1 0 -1 0 -1 0 
  12 10 15 15 20
 160 5 30 5 30 5 30
2586 131072 0 22 208896 0 
  34359738369 1315051091194281984 1835136 0 50465891015 7916447985573822463 2031036 0 

trp_rhine_mounted_jaeger_trumpet Nassauer_Mounted_Jaeger Trumpeter 0 133170176 0 0 25 0 0
  942 0 1758 0 1484 0 153 0 89 0 1903 0 1904 0 -1 0 -1 0 -1 0 -1 0 -1 0 -1 0 -1 0 -1 0 -1 0 -1 0 -1 0 -1 0 -1 0 -1 0 -1 0 -1 0 -1 0 -1 0 -1 0 -1 0 -1 0 -1 0 -1 0 -1 0 -1 0 -1 0 -1 0 -1 0 -1 0 -1 0 -1 0 -1 0 -1 0 -1 0 -1 0 -1 0 -1 0 -1 0 -1 0 -1 0 -1 0 -1 0 -1 0 -1 0 -1 0 -1 0 -1 0 -1 0 -1 0 -1 0 -1 0 -1 0 -1 0 -1 0 -1 0 -1 0 -1 0 
  12 10 15 15 20
 160 5 30 5 30 5 30
2586 131072 0 22 208896 0 
  34359738369 1315051091194281984 1835136 0 50465891015 7916447985573822463 2031036 0 

trp_rhine_westphalian_hussar 2._Husaren_Regiment,_Westphalen Hussar 0 133170176 0 0 11 0 0
  986 0 1769 0 1531 0 89 0 1910 0 -1 0 -1 0 -1 0 -1 0 -1 0 -1 0 -1 0 -1 0 -1 0 -1 0 -1 0 -1 0 -1 0 -1 0 -1 0 -1 0 -1 0 -1 0 -1 0 -1 0 -1 0 -1 0 -1 0 -1 0 -1 0 -1 0 -1 0 -1 0 -1 0 -1 0 -1 0 -1 0 -1 0 -1 0 -1 0 -1 0 -1 0 -1 0 -1 0 -1 0 -1 0 -1 0 -1 0 -1 0 -1 0 -1 0 -1 0 -1 0 -1 0 -1 0 -1 0 -1 0 -1 0 -1 0 -1 0 -1 0 -1 0 -1 0 -1 0 
  12 10 15 15 20
 160 5 30 5 30 5 30
2586 131072 0 22 208896 0 
  34359738369 1315051091194281984 1835136 0 50465891015 7916447985573822463 2031036 0 

trp_rhine_westphalian_hussar_flag_bearer Westphalian_Hussar Colour_Bearer 0 133170176 0 0 25 0 0
  987 0 1770 0 1533 0 356 0 89 0 1910 0 -1 0 -1 0 -1 0 -1 0 -1 0 -1 0 -1 0 -1 0 -1 0 -1 0 -1 0 -1 0 -1 0 -1 0 -1 0 -1 0 -1 0 -1 0 -1 0 -1 0 -1 0 -1 0 -1 0 -1 0 -1 0 -1 0 -1 0 -1 0 -1 0 -1 0 -1 0 -1 0 -1 0 -1 0 -1 0 -1 0 -1 0 -1 0 -1 0 -1 0 -1 0 -1 0 -1 0 -1 0 -1 0 -1 0 -1 0 -1 0 -1 0 -1 0 -1 0 -1 0 -1 0 -1 0 -1 0 -1 0 -1 0 -1 0 
  12 10 15 15 20
 160 5 30 5 30 5 30
2586 131072 0 22 208896 0 
  34359738369 1315051091194281984 1835136 0 50465891015 7916447985573822463 2031036 0 

trp_rhine_westphalian_hussar_nco Westphalian_Hussar Sergeant 0 133170176 0 0 25 0 0
  987 0 1770 0 1533 0 89 0 1910 0 -1 0 -1 0 -1 0 -1 0 -1 0 -1 0 -1 0 -1 0 -1 0 -1 0 -1 0 -1 0 -1 0 -1 0 -1 0 -1 0 -1 0 -1 0 -1 0 -1 0 -1 0 -1 0 -1 0 -1 0 -1 0 -1 0 -1 0 -1 0 -1 0 -1 0 -1 0 -1 0 -1 0 -1 0 -1 0 -1 0 -1 0 -1 0 -1 0 -1 0 -1 0 -1 0 -1 0 -1 0 -1 0 -1 0 -1 0 -1 0 -1 0 -1 0 -1 0 -1 0 -1 0 -1 0 -1 0 -1 0 -1 0 -1 0 -1 0 
  12 10 15 15 20
 160 5 30 5 30 5 30
2586 131072 0 22 208896 0 
  34359738369 1315051091194281984 1835136 0 50465891015 7916447985573822463 2031036 0 

trp_rhine_westphalian_hussar_officer Westphalian_Hussar Officer 0 133170176 0 0 25 0 0
  988 0 1771 0 1535 0 157 0 7 0 85 0 1911 0 1819 0 398 0 -1 0 -1 0 -1 0 -1 0 -1 0 -1 0 -1 0 -1 0 -1 0 -1 0 -1 0 -1 0 -1 0 -1 0 -1 0 -1 0 -1 0 -1 0 -1 0 -1 0 -1 0 -1 0 -1 0 -1 0 -1 0 -1 0 -1 0 -1 0 -1 0 -1 0 -1 0 -1 0 -1 0 -1 0 -1 0 -1 0 -1 0 -1 0 -1 0 -1 0 -1 0 -1 0 -1 0 -1 0 -1 0 -1 0 -1 0 -1 0 -1 0 -1 0 -1 0 -1 0 -1 0 -1 0 -1 0 
  12 10 15 15 20
 160 5 30 5 30 5 30
2586 131072 0 22 208896 0 
  34359738369 1315051091194281984 1835136 0 50465891015 7916447985573822463 2031036 0 

trp_rhine_westphalian_hussar_trumpet Westphalian_Hussar Trumpeter 0 133170176 0 0 25 0 0
  989 0 1769 0 1537 0 153 0 89 0 1912 0 -1 0 -1 0 -1 0 -1 0 -1 0 -1 0 -1 0 -1 0 -1 0 -1 0 -1 0 -1 0 -1 0 -1 0 -1 0 -1 0 -1 0 -1 0 -1 0 -1 0 -1 0 -1 0 -1 0 -1 0 -1 0 -1 0 -1 0 -1 0 -1 0 -1 0 -1 0 -1 0 -1 0 -1 0 -1 0 -1 0 -1 0 -1 0 -1 0 -1 0 -1 0 -1 0 -1 0 -1 0 -1 0 -1 0 -1 0 -1 0 -1 0 -1 0 -1 0 -1 0 -1 0 -1 0 -1 0 -1 0 -1 0 -1 0 
  12 10 15 15 20
 160 5 30 5 30 5 30
2586 131072 0 22 208896 0 
  34359738369 1315051091194281984 1835136 0 50465891015 7916447985573822463 2031036 0 

trp_rhine_uhlan Ulanen_Regiment_Prinz_Clemens,_Sachsen Lancer 0 133170176 0 0 11 0 0
  924 0 925 0 1753 0 1754 0 1463 0 1465 0 1822 0 172 0 89 0 1901 0 -1 0 -1 0 -1 0 -1 0 -1 0 -1 0 -1 0 -1 0 -1 0 -1 0 -1 0 -1 0 -1 0 -1 0 -1 0 -1 0 -1 0 -1 0 -1 0 -1 0 -1 0 -1 0 -1 0 -1 0 -1 0 -1 0 -1 0 -1 0 -1 0 -1 0 -1 0 -1 0 -1 0 -1 0 -1 0 -1 0 -1 0 -1 0 -1 0 -1 0 -1 0 -1 0 -1 0 -1 0 -1 0 -1 0 -1 0 -1 0 -1 0 -1 0 -1 0 -1 0 -1 0 -1 0 
  12 10 15 15 20
 50 5 130 5 40 5 30
2586 131072 0 22 208896 0 
  34359738369 1315051091194281984 1835136 0 50465891015 7916447985573822463 2031036 0 

trp_rhine_uhlan_flag_bearer Saxon_Uhlan Colour_Bearer 0 133170176 0 0 25 0 0
  926 0 1753 0 1466 0 1822 0 342 0 89 0 1901 0 -1 0 -1 0 -1 0 -1 0 -1 0 -1 0 -1 0 -1 0 -1 0 -1 0 -1 0 -1 0 -1 0 -1 0 -1 0 -1 0 -1 0 -1 0 -1 0 -1 0 -1 0 -1 0 -1 0 -1 0 -1 0 -1 0 -1 0 -1 0 -1 0 -1 0 -1 0 -1 0 -1 0 -1 0 -1 0 -1 0 -1 0 -1 0 -1 0 -1 0 -1 0 -1 0 -1 0 -1 0 -1 0 -1 0 -1 0 -1 0 -1 0 -1 0 -1 0 -1 0 -1 0 -1 0 -1 0 -1 0 -1 0 
  12 10 15 15 20
 150 5 30 5 30 5 30
2586 131072 0 22 208896 0 
  34359738369 1315051091194281984 1835136 0 50465891015 7916447985573822463 2031036 0 

trp_rhine_uhlan_nco Saxon_Uhlan Sergeant 0 133170176 0 0 25 0 0
  926 0 1753 0 1466 0 1822 0 172 0 89 0 1901 0 -1 0 -1 0 -1 0 -1 0 -1 0 -1 0 -1 0 -1 0 -1 0 -1 0 -1 0 -1 0 -1 0 -1 0 -1 0 -1 0 -1 0 -1 0 -1 0 -1 0 -1 0 -1 0 -1 0 -1 0 -1 0 -1 0 -1 0 -1 0 -1 0 -1 0 -1 0 -1 0 -1 0 -1 0 -1 0 -1 0 -1 0 -1 0 -1 0 -1 0 -1 0 -1 0 -1 0 -1 0 -1 0 -1 0 -1 0 -1 0 -1 0 -1 0 -1 0 -1 0 -1 0 -1 0 -1 0 -1 0 -1 0 
  12 10 15 15 20
 50 5 130 5 40 5 30
2586 131072 0 22 208896 0 
  34359738369 1315051091194281984 1835136 0 50465891015 7916447985573822463 2031036 0 

trp_rhine_uhlan_officer Saxon_Uhlan Officer 0 133170176 0 0 25 0 0
  927 0 1755 0 1468 0 1822 0 157 0 1 0 85 0 1902 0 398 0 -1 0 -1 0 -1 0 -1 0 -1 0 -1 0 -1 0 -1 0 -1 0 -1 0 -1 0 -1 0 -1 0 -1 0 -1 0 -1 0 -1 0 -1 0 -1 0 -1 0 -1 0 -1 0 -1 0 -1 0 -1 0 -1 0 -1 0 -1 0 -1 0 -1 0 -1 0 -1 0 -1 0 -1 0 -1 0 -1 0 -1 0 -1 0 -1 0 -1 0 -1 0 -1 0 -1 0 -1 0 -1 0 -1 0 -1 0 -1 0 -1 0 -1 0 -1 0 -1 0 -1 0 -1 0 -1 0 
  12 10 15 15 20
 150 5 30 5 30 5 30
2586 131072 0 22 208896 0 
  34359738369 1315051091194281984 1835136 0 50465891015 7916447985573822463 2031036 0 

trp_rhine_uhlan_trumpet Saxon_Uhlan Trumpeter 0 133170176 0 0 25 0 0
  928 0 1753 0 1470 0 1822 0 153 0 89 0 1902 0 -1 0 -1 0 -1 0 -1 0 -1 0 -1 0 -1 0 -1 0 -1 0 -1 0 -1 0 -1 0 -1 0 -1 0 -1 0 -1 0 -1 0 -1 0 -1 0 -1 0 -1 0 -1 0 -1 0 -1 0 -1 0 -1 0 -1 0 -1 0 -1 0 -1 0 -1 0 -1 0 -1 0 -1 0 -1 0 -1 0 -1 0 -1 0 -1 0 -1 0 -1 0 -1 0 -1 0 -1 0 -1 0 -1 0 -1 0 -1 0 -1 0 -1 0 -1 0 -1 0 -1 0 -1 0 -1 0 -1 0 -1 0 
  12 10 15 15 20
 150 5 30 5 30 5 30
2586 131072 0 22 208896 0 
  34359738369 1315051091194281984 1835136 0 50465891015 7916447985573822463 2031036 0 

trp_rhine_light_dragoon Leichtes_Dragoner_Regiment,_Baden Dragoon 0 133170176 0 0 11 0 0
  962 0 1518 0 1766 0 1822 0 18 0 24 0 156 0 89 0 1905 0 -1 0 -1 0 -1 0 -1 0 -1 0 -1 0 -1 0 -1 0 -1 0 -1 0 -1 0 -1 0 -1 0 -1 0 -1 0 -1 0 -1 0 -1 0 -1 0 -1 0 -1 0 -1 0 -1 0 -1 0 -1 0 -1 0 -1 0 -1 0 -1 0 -1 0 -1 0 -1 0 -1 0 -1 0 -1 0 -1 0 -1 0 -1 0 -1 0 -1 0 -1 0 -1 0 -1 0 -1 0 -1 0 -1 0 -1 0 -1 0 -1 0 -1 0 -1 0 -1 0 -1 0 -1 0 -1 0 
  12 10 15 15 20
 110 5 30 5 140 5 30
2586 131072 0 38 135168 0 
  34359738369 1315051091194281984 1835136 0 50465891015 7916447985573822463 2031036 0 

trp_rhine_light_dragoon_flag_bearer Badner_Light_Dragoon Colour_Bearer 0 133170176 0 0 25 0 0
  963 0 1514 0 1676 0 1822 0 345 0 89 0 1905 0 -1 0 -1 0 -1 0 -1 0 -1 0 -1 0 -1 0 -1 0 -1 0 -1 0 -1 0 -1 0 -1 0 -1 0 -1 0 -1 0 -1 0 -1 0 -1 0 -1 0 -1 0 -1 0 -1 0 -1 0 -1 0 -1 0 -1 0 -1 0 -1 0 -1 0 -1 0 -1 0 -1 0 -1 0 -1 0 -1 0 -1 0 -1 0 -1 0 -1 0 -1 0 -1 0 -1 0 -1 0 -1 0 -1 0 -1 0 -1 0 -1 0 -1 0 -1 0 -1 0 -1 0 -1 0 -1 0 -1 0 -1 0 
  12 10 15 15 20
 110 5 30 5 140 5 30
2586 131072 0 38 135168 0 
  34359738369 1315051091194281984 1835136 0 50465891015 7916447985573822463 2031036 0 

trp_rhine_light_dragoon_nco Badner_Light_Dragoon Sergeant 0 133170176 0 0 25 0 0
  963 0 1514 0 1676 0 1822 0 18 0 24 0 156 0 89 0 1905 0 -1 0 -1 0 -1 0 -1 0 -1 0 -1 0 -1 0 -1 0 -1 0 -1 0 -1 0 -1 0 -1 0 -1 0 -1 0 -1 0 -1 0 -1 0 -1 0 -1 0 -1 0 -1 0 -1 0 -1 0 -1 0 -1 0 -1 0 -1 0 -1 0 -1 0 -1 0 -1 0 -1 0 -1 0 -1 0 -1 0 -1 0 -1 0 -1 0 -1 0 -1 0 -1 0 -1 0 -1 0 -1 0 -1 0 -1 0 -1 0 -1 0 -1 0 -1 0 -1 0 -1 0 -1 0 -1 0 
  12 10 15 15 20
 110 5 30 5 140 5 30
2586 131072 0 38 135168 0 
  34359738369 1315051091194281984 1835136 0 50465891015 7916447985573822463 2031036 0 

trp_rhine_light_dragoon_officer Badner_Light_Dragoon Officer 0 133170176 0 0 25 0 0
  965 0 1516 0 1676 0 1822 0 157 0 9 0 85 0 1905 0 398 0 -1 0 -1 0 -1 0 -1 0 -1 0 -1 0 -1 0 -1 0 -1 0 -1 0 -1 0 -1 0 -1 0 -1 0 -1 0 -1 0 -1 0 -1 0 -1 0 -1 0 -1 0 -1 0 -1 0 -1 0 -1 0 -1 0 -1 0 -1 0 -1 0 -1 0 -1 0 -1 0 -1 0 -1 0 -1 0 -1 0 -1 0 -1 0 -1 0 -1 0 -1 0 -1 0 -1 0 -1 0 -1 0 -1 0 -1 0 -1 0 -1 0 -1 0 -1 0 -1 0 -1 0 -1 0 -1 0 
  12 10 15 15 20
 130 5 30 5 80 5 30
2586 131072 0 38 135168 0 
  34359738369 1315051091194281984 1835136 0 50465891015 7916447985573822463 2031036 0 

trp_rhine_light_dragoon_trumpet Badner_Light_Dragoon Trumpeter 0 133170176 0 0 25 0 0
  964 0 1520 0 1766 0 1822 0 153 0 89 0 1905 0 -1 0 -1 0 -1 0 -1 0 -1 0 -1 0 -1 0 -1 0 -1 0 -1 0 -1 0 -1 0 -1 0 -1 0 -1 0 -1 0 -1 0 -1 0 -1 0 -1 0 -1 0 -1 0 -1 0 -1 0 -1 0 -1 0 -1 0 -1 0 -1 0 -1 0 -1 0 -1 0 -1 0 -1 0 -1 0 -1 0 -1 0 -1 0 -1 0 -1 0 -1 0 -1 0 -1 0 -1 0 -1 0 -1 0 -1 0 -1 0 -1 0 -1 0 -1 0 -1 0 -1 0 -1 0 -1 0 -1 0 -1 0 
  12 10 15 15 20
 130 5 30 5 80 5 30
2586 131072 0 38 135168 0 
  34359738369 1315051091194281984 1835136 0 50465891015 7916447985573822463 2031036 0 

trp_rhine_cuirassier 1er_Regiment_de_Cuirassiers,_Westphalen Cuirassier 0 133170176 0 0 11 0 0
  958 0 1676 0 1506 0 1822 0 87 0 1906 0 -1 0 -1 0 -1 0 -1 0 -1 0 -1 0 -1 0 -1 0 -1 0 -1 0 -1 0 -1 0 -1 0 -1 0 -1 0 -1 0 -1 0 -1 0 -1 0 -1 0 -1 0 -1 0 -1 0 -1 0 -1 0 -1 0 -1 0 -1 0 -1 0 -1 0 -1 0 -1 0 -1 0 -1 0 -1 0 -1 0 -1 0 -1 0 -1 0 -1 0 -1 0 -1 0 -1 0 -1 0 -1 0 -1 0 -1 0 -1 0 -1 0 -1 0 -1 0 -1 0 -1 0 -1 0 -1 0 -1 0 -1 0 -1 0 
  12 10 15 15 20
 140 5 30 5 30 5 30
2586 131072 0 22 339968 0 
  34359738369 1315051091194281984 1835136 0 50465891015 7916447985573822463 2031036 0 

trp_rhine_cuirassier_flag_bearer Westphalian_Cuirassier Colour_Bearer 0 133170176 0 0 25 0 0
  959 0 1676 0 1508 0 1822 0 346 0 87 0 1906 0 -1 0 -1 0 -1 0 -1 0 -1 0 -1 0 -1 0 -1 0 -1 0 -1 0 -1 0 -1 0 -1 0 -1 0 -1 0 -1 0 -1 0 -1 0 -1 0 -1 0 -1 0 -1 0 -1 0 -1 0 -1 0 -1 0 -1 0 -1 0 -1 0 -1 0 -1 0 -1 0 -1 0 -1 0 -1 0 -1 0 -1 0 -1 0 -1 0 -1 0 -1 0 -1 0 -1 0 -1 0 -1 0 -1 0 -1 0 -1 0 -1 0 -1 0 -1 0 -1 0 -1 0 -1 0 -1 0 -1 0 -1 0 
  12 10 15 15 20
 140 5 30 5 30 5 30
2586 131072 0 22 339968 0 
  34359738369 1315051091194281984 1835136 0 50465891015 7916447985573822463 2031036 0 

trp_rhine_cuirassier_nco Westphalian_Cuirassier Sergeant 0 133170176 0 0 25 0 0
  959 0 1676 0 1508 0 1822 0 87 0 1906 0 -1 0 -1 0 -1 0 -1 0 -1 0 -1 0 -1 0 -1 0 -1 0 -1 0 -1 0 -1 0 -1 0 -1 0 -1 0 -1 0 -1 0 -1 0 -1 0 -1 0 -1 0 -1 0 -1 0 -1 0 -1 0 -1 0 -1 0 -1 0 -1 0 -1 0 -1 0 -1 0 -1 0 -1 0 -1 0 -1 0 -1 0 -1 0 -1 0 -1 0 -1 0 -1 0 -1 0 -1 0 -1 0 -1 0 -1 0 -1 0 -1 0 -1 0 -1 0 -1 0 -1 0 -1 0 -1 0 -1 0 -1 0 -1 0 
  12 10 15 15 20
 140 5 30 5 30 5 30
2586 131072 0 22 339968 0 
  34359738369 1315051091194281984 1835136 0 50465891015 7916447985573822463 2031036 0 

trp_rhine_cuirassier_officer Westphalian_Cuirassier Officer 0 133170176 0 0 25 0 0
  960 0 1676 0 1510 0 1822 0 1 0 157 0 83 0 1907 0 398 0 -1 0 -1 0 -1 0 -1 0 -1 0 -1 0 -1 0 -1 0 -1 0 -1 0 -1 0 -1 0 -1 0 -1 0 -1 0 -1 0 -1 0 -1 0 -1 0 -1 0 -1 0 -1 0 -1 0 -1 0 -1 0 -1 0 -1 0 -1 0 -1 0 -1 0 -1 0 -1 0 -1 0 -1 0 -1 0 -1 0 -1 0 -1 0 -1 0 -1 0 -1 0 -1 0 -1 0 -1 0 -1 0 -1 0 -1 0 -1 0 -1 0 -1 0 -1 0 -1 0 -1 0 -1 0 -1 0 
  12 10 15 15 20
 140 5 30 5 30 5 30
2586 131072 0 22 339968 0 
  34359738369 1315051091194281984 1835136 0 50465891015 7916447985573822463 2031036 0 

trp_rhine_cuirassier_trumpet Westphalian_Cuirassier Trumpeter 0 133170176 0 0 25 0 0
  961 0 1676 0 1512 0 1822 0 153 0 87 0 1907 0 -1 0 -1 0 -1 0 -1 0 -1 0 -1 0 -1 0 -1 0 -1 0 -1 0 -1 0 -1 0 -1 0 -1 0 -1 0 -1 0 -1 0 -1 0 -1 0 -1 0 -1 0 -1 0 -1 0 -1 0 -1 0 -1 0 -1 0 -1 0 -1 0 -1 0 -1 0 -1 0 -1 0 -1 0 -1 0 -1 0 -1 0 -1 0 -1 0 -1 0 -1 0 -1 0 -1 0 -1 0 -1 0 -1 0 -1 0 -1 0 -1 0 -1 0 -1 0 -1 0 -1 0 -1 0 -1 0 -1 0 -1 0 
  12 10 15 15 20
 140 5 30 5 30 5 30
2586 131072 0 22 339968 0 
  34359738369 1315051091194281984 1835136 0 50465891015 7916447985573822463 2031036 0 

trp_rhine_garde_du_corps Garde_du_Corp,_Sachsen Heavy_Cavalry 0 133170176 0 0 11 0 0
  954 0 1764 0 1498 0 1822 0 87 0 1908 0 -1 0 -1 0 -1 0 -1 0 -1 0 -1 0 -1 0 -1 0 -1 0 -1 0 -1 0 -1 0 -1 0 -1 0 -1 0 -1 0 -1 0 -1 0 -1 0 -1 0 -1 0 -1 0 -1 0 -1 0 -1 0 -1 0 -1 0 -1 0 -1 0 -1 0 -1 0 -1 0 -1 0 -1 0 -1 0 -1 0 -1 0 -1 0 -1 0 -1 0 -1 0 -1 0 -1 0 -1 0 -1 0 -1 0 -1 0 -1 0 -1 0 -1 0 -1 0 -1 0 -1 0 -1 0 -1 0 -1 0 -1 0 -1 0 
  12 10 15 15 20
 150 5 30 5 30 5 30
2586 131072 0 22 339968 0 
  34359738369 1315051091194281984 1835136 0 50465891015 7916447985573822463 2031036 0 

trp_rhine_garde_du_corps_flag_bearer Saxon_Horse_Guard Colour_Bearer 0 133170176 0 0 25 0 0
  955 0 1765 0 1500 0 1822 0 347 0 87 0 1908 0 -1 0 -1 0 -1 0 -1 0 -1 0 -1 0 -1 0 -1 0 -1 0 -1 0 -1 0 -1 0 -1 0 -1 0 -1 0 -1 0 -1 0 -1 0 -1 0 -1 0 -1 0 -1 0 -1 0 -1 0 -1 0 -1 0 -1 0 -1 0 -1 0 -1 0 -1 0 -1 0 -1 0 -1 0 -1 0 -1 0 -1 0 -1 0 -1 0 -1 0 -1 0 -1 0 -1 0 -1 0 -1 0 -1 0 -1 0 -1 0 -1 0 -1 0 -1 0 -1 0 -1 0 -1 0 -1 0 -1 0 -1 0 
  12 10 15 15 20
 150 5 30 5 30 5 30
2586 131072 0 22 339968 0 
  34359738369 1315051091194281984 1835136 0 50465891015 7916447985573822463 2031036 0 

trp_rhine_garde_du_corps_nco Saxon_Horse_Guard Sergeant 0 133170176 0 0 25 0 0
  955 0 1765 0 1500 0 1822 0 87 0 1908 0 -1 0 -1 0 -1 0 -1 0 -1 0 -1 0 -1 0 -1 0 -1 0 -1 0 -1 0 -1 0 -1 0 -1 0 -1 0 -1 0 -1 0 -1 0 -1 0 -1 0 -1 0 -1 0 -1 0 -1 0 -1 0 -1 0 -1 0 -1 0 -1 0 -1 0 -1 0 -1 0 -1 0 -1 0 -1 0 -1 0 -1 0 -1 0 -1 0 -1 0 -1 0 -1 0 -1 0 -1 0 -1 0 -1 0 -1 0 -1 0 -1 0 -1 0 -1 0 -1 0 -1 0 -1 0 -1 0 -1 0 -1 0 -1 0 
  12 10 15 15 20
 150 5 30 5 30 5 30
2586 131072 0 22 339968 0 
  34359738369 1315051091194281984 1835136 0 50465891015 7916447985573822463 2031036 0 

trp_rhine_garde_du_corps_officer Saxon_Horse_Guard Officer 0 133170176 0 0 25 0 0
  956 0 1765 0 1502 0 1822 0 1 0 157 0 83 0 1909 0 398 0 -1 0 -1 0 -1 0 -1 0 -1 0 -1 0 -1 0 -1 0 -1 0 -1 0 -1 0 -1 0 -1 0 -1 0 -1 0 -1 0 -1 0 -1 0 -1 0 -1 0 -1 0 -1 0 -1 0 -1 0 -1 0 -1 0 -1 0 -1 0 -1 0 -1 0 -1 0 -1 0 -1 0 -1 0 -1 0 -1 0 -1 0 -1 0 -1 0 -1 0 -1 0 -1 0 -1 0 -1 0 -1 0 -1 0 -1 0 -1 0 -1 0 -1 0 -1 0 -1 0 -1 0 -1 0 -1 0 
  12 10 15 15 20
 150 5 30 5 30 5 30
2586 131072 0 22 339968 0 
  34359738369 1315051091194281984 1835136 0 50465891015 7916447985573822463 2031036 0 

trp_rhine_garde_du_corps_trumpet Saxon_Horse_Guard Trumpeter 0 133170176 0 0 25 0 0
  957 0 1765 0 1504 0 1822 0 153 0 87 0 1909 0 -1 0 -1 0 -1 0 -1 0 -1 0 -1 0 -1 0 -1 0 -1 0 -1 0 -1 0 -1 0 -1 0 -1 0 -1 0 -1 0 -1 0 -1 0 -1 0 -1 0 -1 0 -1 0 -1 0 -1 0 -1 0 -1 0 -1 0 -1 0 -1 0 -1 0 -1 0 -1 0 -1 0 -1 0 -1 0 -1 0 -1 0 -1 0 -1 0 -1 0 -1 0 -1 0 -1 0 -1 0 -1 0 -1 0 -1 0 -1 0 -1 0 -1 0 -1 0 -1 0 -1 0 -1 0 -1 0 -1 0 -1 0 
  12 10 15 15 20
 150 5 30 5 30 5 30
2586 131072 0 22 339968 0 
  34359738369 1315051091194281984 1835136 0 50465891015 7916447985573822463 2031036 0 

trp_rhine_arty Artillerie_Regiment,_Bayern Artillery 0 133169152 0 0 11 0 0
  916 0 1751 0 1456 0 396 0 395 0 90 0 -1 0 -1 0 -1 0 -1 0 -1 0 -1 0 -1 0 -1 0 -1 0 -1 0 -1 0 -1 0 -1 0 -1 0 -1 0 -1 0 -1 0 -1 0 -1 0 -1 0 -1 0 -1 0 -1 0 -1 0 -1 0 -1 0 -1 0 -1 0 -1 0 -1 0 -1 0 -1 0 -1 0 -1 0 -1 0 -1 0 -1 0 -1 0 -1 0 -1 0 -1 0 -1 0 -1 0 -1 0 -1 0 -1 0 -1 0 -1 0 -1 0 -1 0 -1 0 -1 0 -1 0 -1 0 -1 0 -1 0 -1 0 -1 0 
  15 15 15 15 20
 70 5 30 5 30 5 30
2586 131072 0 49 204800 0 
  34359738369 1315051091194281984 1835136 0 50465891015 7916447985573822463 2031036 0 

trp_rhine_arty_guard Artillery_Guard,_Bayern Artillery_Guard 0 133169152 0 0 25 0 0
  916 0 1751 0 1456 0 156 0 71 0 90 0 -1 0 -1 0 -1 0 -1 0 -1 0 -1 0 -1 0 -1 0 -1 0 -1 0 -1 0 -1 0 -1 0 -1 0 -1 0 -1 0 -1 0 -1 0 -1 0 -1 0 -1 0 -1 0 -1 0 -1 0 -1 0 -1 0 -1 0 -1 0 -1 0 -1 0 -1 0 -1 0 -1 0 -1 0 -1 0 -1 0 -1 0 -1 0 -1 0 -1 0 -1 0 -1 0 -1 0 -1 0 -1 0 -1 0 -1 0 -1 0 -1 0 -1 0 -1 0 -1 0 -1 0 -1 0 -1 0 -1 0 -1 0 -1 0 
  15 15 15 15 20
 70 5 30 5 30 5 30
2586 131072 0 49 204800 0 
  34359738369 1315051091194281984 1835136 0 50465891015 7916447985573822463 2031036 0 

trp_rhine_arty_flag_bearer Artillery_Flag_berer Colour_Bearer 0 133169152 0 0 25 0 0
  916 0 1751 0 1456 0 357 0 90 0 -1 0 -1 0 -1 0 -1 0 -1 0 -1 0 -1 0 -1 0 -1 0 -1 0 -1 0 -1 0 -1 0 -1 0 -1 0 -1 0 -1 0 -1 0 -1 0 -1 0 -1 0 -1 0 -1 0 -1 0 -1 0 -1 0 -1 0 -1 0 -1 0 -1 0 -1 0 -1 0 -1 0 -1 0 -1 0 -1 0 -1 0 -1 0 -1 0 -1 0 -1 0 -1 0 -1 0 -1 0 -1 0 -1 0 -1 0 -1 0 -1 0 -1 0 -1 0 -1 0 -1 0 -1 0 -1 0 -1 0 -1 0 -1 0 -1 0 
  15 15 15 15 20
 70 5 30 5 30 5 30
2586 131072 0 49 204800 0 
  34359738369 1315051091194281984 1835136 0 50465891015 7916447985573822463 2031036 0 

trp_rhine_arty_nco Bavarian_Artillerist Artillery_Train 0 133169152 0 0 25 0 0
  917 0 1698 0 1457 0 395 0 90 0 1963 0 1979 0 1995 0 -1 0 -1 0 -1 0 -1 0 -1 0 -1 0 -1 0 -1 0 -1 0 -1 0 -1 0 -1 0 -1 0 -1 0 -1 0 -1 0 -1 0 -1 0 -1 0 -1 0 -1 0 -1 0 -1 0 -1 0 -1 0 -1 0 -1 0 -1 0 -1 0 -1 0 -1 0 -1 0 -1 0 -1 0 -1 0 -1 0 -1 0 -1 0 -1 0 -1 0 -1 0 -1 0 -1 0 -1 0 -1 0 -1 0 -1 0 -1 0 -1 0 -1 0 -1 0 -1 0 -1 0 -1 0 -1 0 -1 0 
  15 15 15 15 20
 80 5 30 5 30 5 30
2586 131072 0 49 204800 0 
  34359738369 1315051091194281984 1835136 0 50465891015 7916447985573822463 2031036 0 

trp_rhine_arty_officer Bavarian_Artillerist Officer 0 133169152 0 0 25 0 0
  918 0 1752 0 1458 0 1819 0 77 0 395 0 398 0 -1 0 -1 0 -1 0 -1 0 -1 0 -1 0 -1 0 -1 0 -1 0 -1 0 -1 0 -1 0 -1 0 -1 0 -1 0 -1 0 -1 0 -1 0 -1 0 -1 0 -1 0 -1 0 -1 0 -1 0 -1 0 -1 0 -1 0 -1 0 -1 0 -1 0 -1 0 -1 0 -1 0 -1 0 -1 0 -1 0 -1 0 -1 0 -1 0 -1 0 -1 0 -1 0 -1 0 -1 0 -1 0 -1 0 -1 0 -1 0 -1 0 -1 0 -1 0 -1 0 -1 0 -1 0 -1 0 -1 0 -1 0 
  15 15 15 15 20
 80 5 30 5 30 5 30
2586 131072 0 49 204800 0 
  34359738369 1315051091194281984 1835136 0 50465891015 7916447985573822463 2031036 0 

trp_rhine_horseart Reitende_Batterie,_Sachsen Artillery 0 133169152 0 0 11 0 0
  990 0 1753 0 1539 0 396 0 395 0 90 0 1822 0 1914 0 -1 0 -1 0 -1 0 -1 0 -1 0 -1 0 -1 0 -1 0 -1 0 -1 0 -1 0 -1 0 -1 0 -1 0 -1 0 -1 0 -1 0 -1 0 -1 0 -1 0 -1 0 -1 0 -1 0 -1 0 -1 0 -1 0 -1 0 -1 0 -1 0 -1 0 -1 0 -1 0 -1 0 -1 0 -1 0 -1 0 -1 0 -1 0 -1 0 -1 0 -1 0 -1 0 -1 0 -1 0 -1 0 -1 0 -1 0 -1 0 -1 0 -1 0 -1 0 -1 0 -1 0 -1 0 -1 0 -1 0 
  15 15 15 15 20
 70 5 30 5 30 5 30
2586 131072 0 49 204800 0 
  34359738369 1315051091194281984 1835136 0 50465891015 7916447985573822463 2031036 0 

trp_rhine_horseart_guard Artillery_Guard,_Sachsen Artillery_Guard 0 133169152 0 0 25 0 0
  990 0 1753 0 1539 0 156 0 71 0 90 0 1822 0 1914 0 -1 0 -1 0 -1 0 -1 0 -1 0 -1 0 -1 0 -1 0 -1 0 -1 0 -1 0 -1 0 -1 0 -1 0 -1 0 -1 0 -1 0 -1 0 -1 0 -1 0 -1 0 -1 0 -1 0 -1 0 -1 0 -1 0 -1 0 -1 0 -1 0 -1 0 -1 0 -1 0 -1 0 -1 0 -1 0 -1 0 -1 0 -1 0 -1 0 -1 0 -1 0 -1 0 -1 0 -1 0 -1 0 -1 0 -1 0 -1 0 -1 0 -1 0 -1 0 -1 0 -1 0 -1 0 -1 0 -1 0 
  15 15 15 15 20
 70 5 30 5 30 5 30
2586 131072 0 49 204800 0 
  34359738369 1315051091194281984 1835136 0 50465891015 7916447985573822463 2031036 0 

trp_rhine_horseart_flag_bearer Artillery_Flag_bearer Colour_Bearer 0 133169152 0 0 25 0 0
  990 0 1753 0 1539 0 358 0 90 0 1822 0 1914 0 -1 0 -1 0 -1 0 -1 0 -1 0 -1 0 -1 0 -1 0 -1 0 -1 0 -1 0 -1 0 -1 0 -1 0 -1 0 -1 0 -1 0 -1 0 -1 0 -1 0 -1 0 -1 0 -1 0 -1 0 -1 0 -1 0 -1 0 -1 0 -1 0 -1 0 -1 0 -1 0 -1 0 -1 0 -1 0 -1 0 -1 0 -1 0 -1 0 -1 0 -1 0 -1 0 -1 0 -1 0 -1 0 -1 0 -1 0 -1 0 -1 0 -1 0 -1 0 -1 0 -1 0 -1 0 -1 0 -1 0 -1 0 
  15 15 15 15 20
 70 5 30 5 30 5 30
2586 131072 0 49 204800 0 
  34359738369 1315051091194281984 1835136 0 50465891015 7916447985573822463 2031036 0 

trp_rhine_horseart_nco Bavarian_Artillerist Artillery_Train 0 133169152 0 0 25 0 0
  991 0 1753 0 1541 0 395 0 90 0 1971 0 1987 0 2003 0 1822 0 -1 0 -1 0 -1 0 -1 0 -1 0 -1 0 -1 0 -1 0 -1 0 -1 0 -1 0 -1 0 -1 0 -1 0 -1 0 -1 0 -1 0 -1 0 -1 0 -1 0 -1 0 -1 0 -1 0 -1 0 -1 0 -1 0 -1 0 -1 0 -1 0 -1 0 -1 0 -1 0 -1 0 -1 0 -1 0 -1 0 -1 0 -1 0 -1 0 -1 0 -1 0 -1 0 -1 0 -1 0 -1 0 -1 0 -1 0 -1 0 -1 0 -1 0 -1 0 -1 0 -1 0 -1 0 -1 0 
  15 15 15 15 20
 80 5 30 5 30 5 30
2586 131072 0 49 204800 0 
  34359738369 1315051091194281984 1835136 0 50465891015 7916447985573822463 2031036 0 

trp_rhine_horseart_officer Bavarian_Artillerist Officer 0 133169152 0 0 25 0 0
  992 0 1753 0 1543 0 77 0 395 0 398 0 1822 0 1913 0 -1 0 -1 0 -1 0 -1 0 -1 0 -1 0 -1 0 -1 0 -1 0 -1 0 -1 0 -1 0 -1 0 -1 0 -1 0 -1 0 -1 0 -1 0 -1 0 -1 0 -1 0 -1 0 -1 0 -1 0 -1 0 -1 0 -1 0 -1 0 -1 0 -1 0 -1 0 -1 0 -1 0 -1 0 -1 0 -1 0 -1 0 -1 0 -1 0 -1 0 -1 0 -1 0 -1 0 -1 0 -1 0 -1 0 -1 0 -1 0 -1 0 -1 0 -1 0 -1 0 -1 0 -1 0 -1 0 -1 0 
  15 15 15 15 20
 80 5 30 5 30 5 30
2586 131072 0 49 204800 0 
  34359738369 1315051091194281984 1835136 0 50465891015 7916447985573822463 2031036 0 

trp_rhine_medic Medecin_de_2e_classe,_Frankreich Surgeon 0 133169152 0 0 11 0 0
  932 0 1750 0 1478 0 106 0 408 0 156 0 71 0 -1 0 -1 0 -1 0 -1 0 -1 0 -1 0 -1 0 -1 0 -1 0 -1 0 -1 0 -1 0 -1 0 -1 0 -1 0 -1 0 -1 0 -1 0 -1 0 -1 0 -1 0 -1 0 -1 0 -1 0 -1 0 -1 0 -1 0 -1 0 -1 0 -1 0 -1 0 -1 0 -1 0 -1 0 -1 0 -1 0 -1 0 -1 0 -1 0 -1 0 -1 0 -1 0 -1 0 -1 0 -1 0 -1 0 -1 0 -1 0 -1 0 -1 0 -1 0 -1 0 -1 0 -1 0 -1 0 -1 0 -1 0 
  15 15 15 15 20
 70 5 30 5 30 5 30
2586 131072 0 48 204800 0 
  34359738369 1315051091194281984 1835136 0 50465891015 7916447985573822463 2031036 0 

trp_rhine_sapper Pioniere,_Berg Engineer 0 133169152 0 0 11 0 0
  953 0 1763 0 1496 0 1822 0 90 0 410 0 412 0 413 0 -1 0 -1 0 -1 0 -1 0 -1 0 -1 0 -1 0 -1 0 -1 0 -1 0 -1 0 -1 0 -1 0 -1 0 -1 0 -1 0 -1 0 -1 0 -1 0 -1 0 -1 0 -1 0 -1 0 -1 0 -1 0 -1 0 -1 0 -1 0 -1 0 -1 0 -1 0 -1 0 -1 0 -1 0 -1 0 -1 0 -1 0 -1 0 -1 0 -1 0 -1 0 -1 0 -1 0 -1 0 -1 0 -1 0 -1 0 -1 0 -1 0 -1 0 -1 0 -1 0 -1 0 -1 0 -1 0 -1 0 
  15 15 15 15 20
 70 5 30 5 30 5 30
2586 131072 0 48 204800 0 
  34359738369 1315051091194281984 1835136 0 50465891015 7916447985573822463 2031036 0 

trp_rhine_horse_sapper Pioniere,_Berg Engineer_with_horse 0 133169152 0 0 25 0 0
  953 0 1763 0 1496 0 1822 0 90 0 410 0 412 0 413 0 1914 0 -1 0 -1 0 -1 0 -1 0 -1 0 -1 0 -1 0 -1 0 -1 0 -1 0 -1 0 -1 0 -1 0 -1 0 -1 0 -1 0 -1 0 -1 0 -1 0 -1 0 -1 0 -1 0 -1 0 -1 0 -1 0 -1 0 -1 0 -1 0 -1 0 -1 0 -1 0 -1 0 -1 0 -1 0 -1 0 -1 0 -1 0 -1 0 -1 0 -1 0 -1 0 -1 0 -1 0 -1 0 -1 0 -1 0 -1 0 -1 0 -1 0 -1 0 -1 0 -1 0 -1 0 -1 0 -1 0 
  15 15 15 15 20
 70 5 30 5 30 5 30
2586 131072 0 49 204800 0 
  34359738369 1315051091194281984 1835136 0 50465891015 7916447985573822463 2031036 0 

trp_friedrich_august Friedrich_August_I,_Konig_von_Sachsen Commander 0 133170176 0 0 11 0 0
  938 0 1750 0 1483 0 87 0 1909 0 1819 0 398 0 -1 0 -1 0 -1 0 -1 0 -1 0 -1 0 -1 0 -1 0 -1 0 -1 0 -1 0 -1 0 -1 0 -1 0 -1 0 -1 0 -1 0 -1 0 -1 0 -1 0 -1 0 -1 0 -1 0 -1 0 -1 0 -1 0 -1 0 -1 0 -1 0 -1 0 -1 0 -1 0 -1 0 -1 0 -1 0 -1 0 -1 0 -1 0 -1 0 -1 0 -1 0 -1 0 -1 0 -1 0 -1 0 -1 0 -1 0 -1 0 -1 0 -1 0 -1 0 -1 0 -1 0 -1 0 -1 0 -1 0 -1 0 
  12 10 15 15 20
 130 5 30 5 30 5 30
2586 131072 0 22 339968 0 
  34359738369 1315051091194281984 1835136 0 50465891015 7916447985573822463 2031036 0 

trp_ottoman_levend Levend_Ciftligi_Alayi Line_Infantry 0 133169152 0 0 12 0 0
  993 0 1772 0 1545 0 156 0 73 0 126 0 -1 0 -1 0 -1 0 -1 0 -1 0 -1 0 -1 0 -1 0 -1 0 -1 0 -1 0 -1 0 -1 0 -1 0 -1 0 -1 0 -1 0 -1 0 -1 0 -1 0 -1 0 -1 0 -1 0 -1 0 -1 0 -1 0 -1 0 -1 0 -1 0 -1 0 -1 0 -1 0 -1 0 -1 0 -1 0 -1 0 -1 0 -1 0 -1 0 -1 0 -1 0 -1 0 -1 0 -1 0 -1 0 -1 0 -1 0 -1 0 -1 0 -1 0 -1 0 -1 0 -1 0 -1 0 -1 0 -1 0 -1 0 -1 0 
  15 15 15 15 20
 50 5 130 5 150 5 30
2586 131072 0 48 208896 0 
  34359738369 1315051091194281984 1835136 0 50465891015 7916447985573822463 2031036 0 

trp_ottoman_levend_flag_bearer Levend_Infantry Colour_Bearer 0 133169152 0 0 26 0 0
  994 0 1772 0 1545 0 359 0 126 0 -1 0 -1 0 -1 0 -1 0 -1 0 -1 0 -1 0 -1 0 -1 0 -1 0 -1 0 -1 0 -1 0 -1 0 -1 0 -1 0 -1 0 -1 0 -1 0 -1 0 -1 0 -1 0 -1 0 -1 0 -1 0 -1 0 -1 0 -1 0 -1 0 -1 0 -1 0 -1 0 -1 0 -1 0 -1 0 -1 0 -1 0 -1 0 -1 0 -1 0 -1 0 -1 0 -1 0 -1 0 -1 0 -1 0 -1 0 -1 0 -1 0 -1 0 -1 0 -1 0 -1 0 -1 0 -1 0 -1 0 -1 0 -1 0 -1 0 
  15 15 15 15 20
 80 5 80 5 50 5 30
2586 131072 0 48 208896 0 
  34359738369 1315051091194281984 1835136 0 50465891015 7916447985573822463 2031036 0 

trp_ottoman_levend_nco Levend_Infantry Sergeant 0 133169152 0 0 26 0 0
  994 0 1772 0 1545 0 156 0 73 0 126 0 -1 0 -1 0 -1 0 -1 0 -1 0 -1 0 -1 0 -1 0 -1 0 -1 0 -1 0 -1 0 -1 0 -1 0 -1 0 -1 0 -1 0 -1 0 -1 0 -1 0 -1 0 -1 0 -1 0 -1 0 -1 0 -1 0 -1 0 -1 0 -1 0 -1 0 -1 0 -1 0 -1 0 -1 0 -1 0 -1 0 -1 0 -1 0 -1 0 -1 0 -1 0 -1 0 -1 0 -1 0 -1 0 -1 0 -1 0 -1 0 -1 0 -1 0 -1 0 -1 0 -1 0 -1 0 -1 0 -1 0 -1 0 -1 0 
  15 15 15 15 20
 50 5 130 5 150 5 30
2586 131072 0 48 208896 0 
  34359738369 1315051091194281984 1835136 0 50465891015 7916447985573822463 2031036 0 

trp_ottoman_levend_officer Levend_Infantry Officer 0 133169152 0 0 26 0 0
  996 0 1772 0 1546 0 131 0 157 0 9 0 1819 0 398 0 -1 0 -1 0 -1 0 -1 0 -1 0 -1 0 -1 0 -1 0 -1 0 -1 0 -1 0 -1 0 -1 0 -1 0 -1 0 -1 0 -1 0 -1 0 -1 0 -1 0 -1 0 -1 0 -1 0 -1 0 -1 0 -1 0 -1 0 -1 0 -1 0 -1 0 -1 0 -1 0 -1 0 -1 0 -1 0 -1 0 -1 0 -1 0 -1 0 -1 0 -1 0 -1 0 -1 0 -1 0 -1 0 -1 0 -1 0 -1 0 -1 0 -1 0 -1 0 -1 0 -1 0 -1 0 -1 0 -1 0 
  15 15 15 15 20
 80 5 80 5 50 5 30
2586 131072 0 48 208896 0 
  34359738369 1315051091194281984 1835136 0 50465891015 7916447985573822463 2031036 0 

trp_ottoman_levend_drum Levend_Infantry Drummer 0 133169152 0 0 26 0 0
  995 0 1772 0 1545 0 1820 0 150 0 126 0 -1 0 -1 0 -1 0 -1 0 -1 0 -1 0 -1 0 -1 0 -1 0 -1 0 -1 0 -1 0 -1 0 -1 0 -1 0 -1 0 -1 0 -1 0 -1 0 -1 0 -1 0 -1 0 -1 0 -1 0 -1 0 -1 0 -1 0 -1 0 -1 0 -1 0 -1 0 -1 0 -1 0 -1 0 -1 0 -1 0 -1 0 -1 0 -1 0 -1 0 -1 0 -1 0 -1 0 -1 0 -1 0 -1 0 -1 0 -1 0 -1 0 -1 0 -1 0 -1 0 -1 0 -1 0 -1 0 -1 0 -1 0 -1 0 
  15 15 15 15 20
 80 5 80 5 50 5 30
2586 131072 0 48 208896 0 
  34359738369 1315051091194281984 1835136 0 50465891015 7916447985573822463 2031036 0 

trp_ottoman_levend_flute Levend_Infantry Fifer 0 133169152 0 0 26 0 0
  993 0 1772 0 1545 0 151 0 126 0 -1 0 -1 0 -1 0 -1 0 -1 0 -1 0 -1 0 -1 0 -1 0 -1 0 -1 0 -1 0 -1 0 -1 0 -1 0 -1 0 -1 0 -1 0 -1 0 -1 0 -1 0 -1 0 -1 0 -1 0 -1 0 -1 0 -1 0 -1 0 -1 0 -1 0 -1 0 -1 0 -1 0 -1 0 -1 0 -1 0 -1 0 -1 0 -1 0 -1 0 -1 0 -1 0 -1 0 -1 0 -1 0 -1 0 -1 0 -1 0 -1 0 -1 0 -1 0 -1 0 -1 0 -1 0 -1 0 -1 0 -1 0 -1 0 -1 0 
  15 15 15 15 20
 80 5 80 5 50 5 30
2586 131072 0 48 208896 0 
  34359738369 1315051091194281984 1835136 0 50465891015 7916447985573822463 2031036 0 

trp_ottoman_uskudar Uskudar_Alayi Line_Infantry 0 133169152 0 0 12 0 0
  993 0 1773 0 1545 0 156 0 73 0 126 0 -1 0 -1 0 -1 0 -1 0 -1 0 -1 0 -1 0 -1 0 -1 0 -1 0 -1 0 -1 0 -1 0 -1 0 -1 0 -1 0 -1 0 -1 0 -1 0 -1 0 -1 0 -1 0 -1 0 -1 0 -1 0 -1 0 -1 0 -1 0 -1 0 -1 0 -1 0 -1 0 -1 0 -1 0 -1 0 -1 0 -1 0 -1 0 -1 0 -1 0 -1 0 -1 0 -1 0 -1 0 -1 0 -1 0 -1 0 -1 0 -1 0 -1 0 -1 0 -1 0 -1 0 -1 0 -1 0 -1 0 -1 0 -1 0 
  15 15 15 15 20
 50 5 130 5 150 5 30
2586 131072 0 48 208896 0 
  34359738369 1315051091194281984 1835136 0 50465891015 7916447985573822463 2031036 0 

trp_ottoman_uskudar_flag_bearer Uskudar_Infantry Colour_Bearer 0 133169152 0 0 26 0 0
  994 0 1773 0 1545 0 360 0 126 0 -1 0 -1 0 -1 0 -1 0 -1 0 -1 0 -1 0 -1 0 -1 0 -1 0 -1 0 -1 0 -1 0 -1 0 -1 0 -1 0 -1 0 -1 0 -1 0 -1 0 -1 0 -1 0 -1 0 -1 0 -1 0 -1 0 -1 0 -1 0 -1 0 -1 0 -1 0 -1 0 -1 0 -1 0 -1 0 -1 0 -1 0 -1 0 -1 0 -1 0 -1 0 -1 0 -1 0 -1 0 -1 0 -1 0 -1 0 -1 0 -1 0 -1 0 -1 0 -1 0 -1 0 -1 0 -1 0 -1 0 -1 0 -1 0 -1 0 
  15 15 15 15 20
 80 5 80 5 50 5 30
2586 131072 0 48 208896 0 
  34359738369 1315051091194281984 1835136 0 50465891015 7916447985573822463 2031036 0 

trp_ottoman_uskudar_nco Uskudar_Infantry Sergeant 0 133169152 0 0 26 0 0
  994 0 1773 0 1545 0 156 0 73 0 126 0 -1 0 -1 0 -1 0 -1 0 -1 0 -1 0 -1 0 -1 0 -1 0 -1 0 -1 0 -1 0 -1 0 -1 0 -1 0 -1 0 -1 0 -1 0 -1 0 -1 0 -1 0 -1 0 -1 0 -1 0 -1 0 -1 0 -1 0 -1 0 -1 0 -1 0 -1 0 -1 0 -1 0 -1 0 -1 0 -1 0 -1 0 -1 0 -1 0 -1 0 -1 0 -1 0 -1 0 -1 0 -1 0 -1 0 -1 0 -1 0 -1 0 -1 0 -1 0 -1 0 -1 0 -1 0 -1 0 -1 0 -1 0 -1 0 
  15 15 15 15 20
 50 5 130 5 150 5 30
2586 131072 0 48 208896 0 
  34359738369 1315051091194281984 1835136 0 50465891015 7916447985573822463 2031036 0 

trp_ottoman_uskudar_officer Uskudar_Infantry Officer 0 133169152 0 0 26 0 0
  996 0 1773 0 1546 0 131 0 157 0 9 0 1819 0 398 0 -1 0 -1 0 -1 0 -1 0 -1 0 -1 0 -1 0 -1 0 -1 0 -1 0 -1 0 -1 0 -1 0 -1 0 -1 0 -1 0 -1 0 -1 0 -1 0 -1 0 -1 0 -1 0 -1 0 -1 0 -1 0 -1 0 -1 0 -1 0 -1 0 -1 0 -1 0 -1 0 -1 0 -1 0 -1 0 -1 0 -1 0 -1 0 -1 0 -1 0 -1 0 -1 0 -1 0 -1 0 -1 0 -1 0 -1 0 -1 0 -1 0 -1 0 -1 0 -1 0 -1 0 -1 0 -1 0 -1 0 
  15 15 15 15 20
 80 5 80 5 50 5 30
2586 131072 0 48 208896 0 
  34359738369 1315051091194281984 1835136 0 50465891015 7916447985573822463 2031036 0 

trp_ottoman_uskudar_drum Uskudar_Infantry Drummer 0 133169152 0 0 26 0 0
  995 0 1773 0 1545 0 1820 0 150 0 126 0 -1 0 -1 0 -1 0 -1 0 -1 0 -1 0 -1 0 -1 0 -1 0 -1 0 -1 0 -1 0 -1 0 -1 0 -1 0 -1 0 -1 0 -1 0 -1 0 -1 0 -1 0 -1 0 -1 0 -1 0 -1 0 -1 0 -1 0 -1 0 -1 0 -1 0 -1 0 -1 0 -1 0 -1 0 -1 0 -1 0 -1 0 -1 0 -1 0 -1 0 -1 0 -1 0 -1 0 -1 0 -1 0 -1 0 -1 0 -1 0 -1 0 -1 0 -1 0 -1 0 -1 0 -1 0 -1 0 -1 0 -1 0 -1 0 
  15 15 15 15 20
 80 5 80 5 50 5 30
2586 131072 0 48 208896 0 
  34359738369 1315051091194281984 1835136 0 50465891015 7916447985573822463 2031036 0 

trp_ottoman_uskudar_flute Uskudar_Infantry Fifer 0 133169152 0 0 26 0 0
  993 0 1773 0 1545 0 151 0 126 0 -1 0 -1 0 -1 0 -1 0 -1 0 -1 0 -1 0 -1 0 -1 0 -1 0 -1 0 -1 0 -1 0 -1 0 -1 0 -1 0 -1 0 -1 0 -1 0 -1 0 -1 0 -1 0 -1 0 -1 0 -1 0 -1 0 -1 0 -1 0 -1 0 -1 0 -1 0 -1 0 -1 0 -1 0 -1 0 -1 0 -1 0 -1 0 -1 0 -1 0 -1 0 -1 0 -1 0 -1 0 -1 0 -1 0 -1 0 -1 0 -1 0 -1 0 -1 0 -1 0 -1 0 -1 0 -1 0 -1 0 -1 0 -1 0 -1 0 
  15 15 15 15 20
 80 5 80 5 50 5 30
2586 131072 0 48 208896 0 
  34359738369 1315051091194281984 1835136 0 50465891015 7916447985573822463 2031036 0 

trp_ottoman_libyan Libyan_Bedouin Line_Infantry 0 133169152 0 0 12 0 0
  997 0 1774 0 1547 0 156 0 73 0 126 0 -1 0 -1 0 -1 0 -1 0 -1 0 -1 0 -1 0 -1 0 -1 0 -1 0 -1 0 -1 0 -1 0 -1 0 -1 0 -1 0 -1 0 -1 0 -1 0 -1 0 -1 0 -1 0 -1 0 -1 0 -1 0 -1 0 -1 0 -1 0 -1 0 -1 0 -1 0 -1 0 -1 0 -1 0 -1 0 -1 0 -1 0 -1 0 -1 0 -1 0 -1 0 -1 0 -1 0 -1 0 -1 0 -1 0 -1 0 -1 0 -1 0 -1 0 -1 0 -1 0 -1 0 -1 0 -1 0 -1 0 -1 0 -1 0 
  15 15 15 15 20
 50 5 130 5 150 5 30
2586 131072 0 48 208896 0 
  34359738369 1315051091194281984 1835136 0 50465891015 7916447985573822463 2031036 0 

trp_ottoman_libyan_flag_bearer Libyan_Bedouin Colour_Bearer 0 133169152 0 0 26 0 0
  997 0 1775 0 1547 0 361 0 126 0 -1 0 -1 0 -1 0 -1 0 -1 0 -1 0 -1 0 -1 0 -1 0 -1 0 -1 0 -1 0 -1 0 -1 0 -1 0 -1 0 -1 0 -1 0 -1 0 -1 0 -1 0 -1 0 -1 0 -1 0 -1 0 -1 0 -1 0 -1 0 -1 0 -1 0 -1 0 -1 0 -1 0 -1 0 -1 0 -1 0 -1 0 -1 0 -1 0 -1 0 -1 0 -1 0 -1 0 -1 0 -1 0 -1 0 -1 0 -1 0 -1 0 -1 0 -1 0 -1 0 -1 0 -1 0 -1 0 -1 0 -1 0 -1 0 -1 0 
  15 15 15 15 20
 80 5 80 5 50 5 30
2586 131072 0 48 208896 0 
  34359738369 1315051091194281984 1835136 0 50465891015 7916447985573822463 2031036 0 

trp_ottoman_libyan_nco Libyan_Bedouin Sergeant 0 133169152 0 0 26 0 0
  997 0 1775 0 1547 0 156 0 73 0 126 0 -1 0 -1 0 -1 0 -1 0 -1 0 -1 0 -1 0 -1 0 -1 0 -1 0 -1 0 -1 0 -1 0 -1 0 -1 0 -1 0 -1 0 -1 0 -1 0 -1 0 -1 0 -1 0 -1 0 -1 0 -1 0 -1 0 -1 0 -1 0 -1 0 -1 0 -1 0 -1 0 -1 0 -1 0 -1 0 -1 0 -1 0 -1 0 -1 0 -1 0 -1 0 -1 0 -1 0 -1 0 -1 0 -1 0 -1 0 -1 0 -1 0 -1 0 -1 0 -1 0 -1 0 -1 0 -1 0 -1 0 -1 0 -1 0 
  15 15 15 15 20
 50 5 130 5 150 5 30
2586 131072 0 48 208896 0 
  34359738369 1315051091194281984 1835136 0 50465891015 7916447985573822463 2031036 0 

trp_ottoman_libyan_officer Libyan_Bedouin Officer 0 133169152 0 0 26 0 0
  998 0 1775 0 1548 0 131 0 157 0 9 0 1819 0 398 0 -1 0 -1 0 -1 0 -1 0 -1 0 -1 0 -1 0 -1 0 -1 0 -1 0 -1 0 -1 0 -1 0 -1 0 -1 0 -1 0 -1 0 -1 0 -1 0 -1 0 -1 0 -1 0 -1 0 -1 0 -1 0 -1 0 -1 0 -1 0 -1 0 -1 0 -1 0 -1 0 -1 0 -1 0 -1 0 -1 0 -1 0 -1 0 -1 0 -1 0 -1 0 -1 0 -1 0 -1 0 -1 0 -1 0 -1 0 -1 0 -1 0 -1 0 -1 0 -1 0 -1 0 -1 0 -1 0 -1 0 
  15 15 15 15 20
 80 5 80 5 50 5 30
2586 131072 0 48 208896 0 
  34359738369 1315051091194281984 1835136 0 50465891015 7916447985573822463 2031036 0 

trp_ottoman_libyan_drum Libyan_Bedouin Drummer 0 133169152 0 0 26 0 0
  999 0 1774 0 1547 0 1820 0 150 0 126 0 -1 0 -1 0 -1 0 -1 0 -1 0 -1 0 -1 0 -1 0 -1 0 -1 0 -1 0 -1 0 -1 0 -1 0 -1 0 -1 0 -1 0 -1 0 -1 0 -1 0 -1 0 -1 0 -1 0 -1 0 -1 0 -1 0 -1 0 -1 0 -1 0 -1 0 -1 0 -1 0 -1 0 -1 0 -1 0 -1 0 -1 0 -1 0 -1 0 -1 0 -1 0 -1 0 -1 0 -1 0 -1 0 -1 0 -1 0 -1 0 -1 0 -1 0 -1 0 -1 0 -1 0 -1 0 -1 0 -1 0 -1 0 -1 0 
  15 15 15 15 20
 80 5 80 5 50 5 30
2586 131072 0 48 208896 0 
  34359738369 1315051091194281984 1835136 0 50465891015 7916447985573822463 2031036 0 

trp_ottoman_libyan_flute Libyan_Bedouin Fifer 0 133169152 0 0 26 0 0
  997 0 1774 0 1547 0 151 0 126 0 -1 0 -1 0 -1 0 -1 0 -1 0 -1 0 -1 0 -1 0 -1 0 -1 0 -1 0 -1 0 -1 0 -1 0 -1 0 -1 0 -1 0 -1 0 -1 0 -1 0 -1 0 -1 0 -1 0 -1 0 -1 0 -1 0 -1 0 -1 0 -1 0 -1 0 -1 0 -1 0 -1 0 -1 0 -1 0 -1 0 -1 0 -1 0 -1 0 -1 0 -1 0 -1 0 -1 0 -1 0 -1 0 -1 0 -1 0 -1 0 -1 0 -1 0 -1 0 -1 0 -1 0 -1 0 -1 0 -1 0 -1 0 -1 0 -1 0 
  15 15 15 15 20
 80 5 80 5 50 5 30
2586 131072 0 48 208896 0 
  34359738369 1315051091194281984 1835136 0 50465891015 7916447985573822463 2031036 0 

trp_ottoman_subara Subara_Neferi Line_Infantry 0 133169152 0 0 12 0 0
  1011 0 1783 0 1553 0 156 0 73 0 126 0 -1 0 -1 0 -1 0 -1 0 -1 0 -1 0 -1 0 -1 0 -1 0 -1 0 -1 0 -1 0 -1 0 -1 0 -1 0 -1 0 -1 0 -1 0 -1 0 -1 0 -1 0 -1 0 -1 0 -1 0 -1 0 -1 0 -1 0 -1 0 -1 0 -1 0 -1 0 -1 0 -1 0 -1 0 -1 0 -1 0 -1 0 -1 0 -1 0 -1 0 -1 0 -1 0 -1 0 -1 0 -1 0 -1 0 -1 0 -1 0 -1 0 -1 0 -1 0 -1 0 -1 0 -1 0 -1 0 -1 0 -1 0 -1 0 
  15 15 15 15 20
 50 5 130 5 150 5 30
2586 131072 0 48 208896 0 
  34359738369 1315051091194281984 1835136 0 50465891015 7916447985573822463 2031036 0 

trp_ottoman_subara_flag_bearer Subara_Infantry Colour_Bearer 0 133169152 0 0 26 0 0
  1012 0 1783 0 1553 0 362 0 126 0 -1 0 -1 0 -1 0 -1 0 -1 0 -1 0 -1 0 -1 0 -1 0 -1 0 -1 0 -1 0 -1 0 -1 0 -1 0 -1 0 -1 0 -1 0 -1 0 -1 0 -1 0 -1 0 -1 0 -1 0 -1 0 -1 0 -1 0 -1 0 -1 0 -1 0 -1 0 -1 0 -1 0 -1 0 -1 0 -1 0 -1 0 -1 0 -1 0 -1 0 -1 0 -1 0 -1 0 -1 0 -1 0 -1 0 -1 0 -1 0 -1 0 -1 0 -1 0 -1 0 -1 0 -1 0 -1 0 -1 0 -1 0 -1 0 -1 0 
  15 15 15 15 20
 80 5 80 5 50 5 30
2586 131072 0 48 208896 0 
  34359738369 1315051091194281984 1835136 0 50465891015 7916447985573822463 2031036 0 

trp_ottoman_subara_nco Subara_Infantry Sergeant 0 133169152 0 0 26 0 0
  1012 0 1783 0 1553 0 156 0 73 0 126 0 -1 0 -1 0 -1 0 -1 0 -1 0 -1 0 -1 0 -1 0 -1 0 -1 0 -1 0 -1 0 -1 0 -1 0 -1 0 -1 0 -1 0 -1 0 -1 0 -1 0 -1 0 -1 0 -1 0 -1 0 -1 0 -1 0 -1 0 -1 0 -1 0 -1 0 -1 0 -1 0 -1 0 -1 0 -1 0 -1 0 -1 0 -1 0 -1 0 -1 0 -1 0 -1 0 -1 0 -1 0 -1 0 -1 0 -1 0 -1 0 -1 0 -1 0 -1 0 -1 0 -1 0 -1 0 -1 0 -1 0 -1 0 -1 0 
  15 15 15 15 20
 50 5 130 5 150 5 30
2586 131072 0 48 208896 0 
  34359738369 1315051091194281984 1835136 0 50465891015 7916447985573822463 2031036 0 

trp_ottoman_subara_officer Subara_Infantry Officer 0 133169152 0 0 26 0 0
  1013 0 1783 0 1554 0 131 0 157 0 9 0 1819 0 398 0 -1 0 -1 0 -1 0 -1 0 -1 0 -1 0 -1 0 -1 0 -1 0 -1 0 -1 0 -1 0 -1 0 -1 0 -1 0 -1 0 -1 0 -1 0 -1 0 -1 0 -1 0 -1 0 -1 0 -1 0 -1 0 -1 0 -1 0 -1 0 -1 0 -1 0 -1 0 -1 0 -1 0 -1 0 -1 0 -1 0 -1 0 -1 0 -1 0 -1 0 -1 0 -1 0 -1 0 -1 0 -1 0 -1 0 -1 0 -1 0 -1 0 -1 0 -1 0 -1 0 -1 0 -1 0 -1 0 -1 0 
  15 15 15 15 20
 80 5 80 5 50 5 30
2586 131072 0 48 208896 0 
  34359738369 1315051091194281984 1835136 0 50465891015 7916447985573822463 2031036 0 

trp_ottoman_subara_drum Subara_Infantry Drummer 0 133169152 0 0 26 0 0
  1014 0 1783 0 1553 0 1820 0 150 0 126 0 -1 0 -1 0 -1 0 -1 0 -1 0 -1 0 -1 0 -1 0 -1 0 -1 0 -1 0 -1 0 -1 0 -1 0 -1 0 -1 0 -1 0 -1 0 -1 0 -1 0 -1 0 -1 0 -1 0 -1 0 -1 0 -1 0 -1 0 -1 0 -1 0 -1 0 -1 0 -1 0 -1 0 -1 0 -1 0 -1 0 -1 0 -1 0 -1 0 -1 0 -1 0 -1 0 -1 0 -1 0 -1 0 -1 0 -1 0 -1 0 -1 0 -1 0 -1 0 -1 0 -1 0 -1 0 -1 0 -1 0 -1 0 -1 0 
  15 15 15 15 20
 80 5 80 5 50 5 30
2586 131072 0 48 208896 0 
  34359738369 1315051091194281984 1835136 0 50465891015 7916447985573822463 2031036 0 

trp_ottoman_subara_flute Subara_Infantry Fifer 0 133169152 0 0 26 0 0
  1011 0 1783 0 1553 0 151 0 126 0 -1 0 -1 0 -1 0 -1 0 -1 0 -1 0 -1 0 -1 0 -1 0 -1 0 -1 0 -1 0 -1 0 -1 0 -1 0 -1 0 -1 0 -1 0 -1 0 -1 0 -1 0 -1 0 -1 0 -1 0 -1 0 -1 0 -1 0 -1 0 -1 0 -1 0 -1 0 -1 0 -1 0 -1 0 -1 0 -1 0 -1 0 -1 0 -1 0 -1 0 -1 0 -1 0 -1 0 -1 0 -1 0 -1 0 -1 0 -1 0 -1 0 -1 0 -1 0 -1 0 -1 0 -1 0 -1 0 -1 0 -1 0 -1 0 -1 0 
  15 15 15 15 20
 80 5 80 5 50 5 30
2586 131072 0 48 208896 0 
  34359738369 1315051091194281984 1835136 0 50465891015 7916447985573822463 2031036 0 

trp_ottoman_bashi Bashi-bazouk Mercenaries 0 133169152 0 0 12 0 0
  1009 0 1006 0 1019 0 1020 0 997 0 1024 0 1772 0 1781 0 1555 0 1556 0 1557 0 156 0 31 0 177 0 178 0 179 0 176 0 181 0 180 0 102 0 182 0 183 0 101 0 108 0 109 0 184 0 185 0 186 0 187 0 35 0 190 0 -1 0 -1 0 -1 0 -1 0 -1 0 -1 0 -1 0 -1 0 -1 0 -1 0 -1 0 -1 0 -1 0 -1 0 -1 0 -1 0 -1 0 -1 0 -1 0 -1 0 -1 0 -1 0 -1 0 -1 0 -1 0 -1 0 -1 0 -1 0 -1 0 -1 0 -1 0 -1 0 -1 0 
  15 15 15 15 20
 80 5 80 5 130 80 30
2586 131072 0 48 208896 0 
  34359738369 1315051091194281984 1835136 0 50465891015 7916447985573822463 2031036 0 

trp_ottoman_jani Yeniceri_Ocagi_-_1._Orta Foot_Guard 0 133169152 0 0 12 0 0
  1000 0 1776 0 1549 0 156 0 73 0 134 0 -1 0 -1 0 -1 0 -1 0 -1 0 -1 0 -1 0 -1 0 -1 0 -1 0 -1 0 -1 0 -1 0 -1 0 -1 0 -1 0 -1 0 -1 0 -1 0 -1 0 -1 0 -1 0 -1 0 -1 0 -1 0 -1 0 -1 0 -1 0 -1 0 -1 0 -1 0 -1 0 -1 0 -1 0 -1 0 -1 0 -1 0 -1 0 -1 0 -1 0 -1 0 -1 0 -1 0 -1 0 -1 0 -1 0 -1 0 -1 0 -1 0 -1 0 -1 0 -1 0 -1 0 -1 0 -1 0 -1 0 -1 0 -1 0 
  15 15 15 15 20
 50 5 145 5 150 5 30
2586 131072 0 48 208896 0 
  34359738369 1315051091194281984 1835136 0 50465891015 7916447985573822463 2031036 0 

trp_ottoman_jani_flag_bearer Janissary_Guard Colour_Bearer 0 133169152 0 0 26 0 0
  1002 0 1776 0 1549 0 363 0 134 0 -1 0 -1 0 -1 0 -1 0 -1 0 -1 0 -1 0 -1 0 -1 0 -1 0 -1 0 -1 0 -1 0 -1 0 -1 0 -1 0 -1 0 -1 0 -1 0 -1 0 -1 0 -1 0 -1 0 -1 0 -1 0 -1 0 -1 0 -1 0 -1 0 -1 0 -1 0 -1 0 -1 0 -1 0 -1 0 -1 0 -1 0 -1 0 -1 0 -1 0 -1 0 -1 0 -1 0 -1 0 -1 0 -1 0 -1 0 -1 0 -1 0 -1 0 -1 0 -1 0 -1 0 -1 0 -1 0 -1 0 -1 0 -1 0 -1 0 
  15 15 15 15 20
 80 5 80 5 50 5 30
2586 131072 0 48 208896 0 
  34359738369 1315051091194281984 1835136 0 50465891015 7916447985573822463 2031036 0 

trp_ottoman_jani_nco Janissary_Guard Sergeant 0 133169152 0 0 26 0 0
  1002 0 1776 0 1549 0 156 0 73 0 134 0 -1 0 -1 0 -1 0 -1 0 -1 0 -1 0 -1 0 -1 0 -1 0 -1 0 -1 0 -1 0 -1 0 -1 0 -1 0 -1 0 -1 0 -1 0 -1 0 -1 0 -1 0 -1 0 -1 0 -1 0 -1 0 -1 0 -1 0 -1 0 -1 0 -1 0 -1 0 -1 0 -1 0 -1 0 -1 0 -1 0 -1 0 -1 0 -1 0 -1 0 -1 0 -1 0 -1 0 -1 0 -1 0 -1 0 -1 0 -1 0 -1 0 -1 0 -1 0 -1 0 -1 0 -1 0 -1 0 -1 0 -1 0 -1 0 
  15 15 15 15 20
 50 5 145 5 150 5 30
2586 131072 0 48 208896 0 
  34359738369 1315051091194281984 1835136 0 50465891015 7916447985573822463 2031036 0 

trp_ottoman_jani_officer Janissary_Guard Officer 0 133169152 0 0 26 0 0
  1001 0 1777 0 1550 0 131 0 157 0 9 0 1819 0 398 0 -1 0 -1 0 -1 0 -1 0 -1 0 -1 0 -1 0 -1 0 -1 0 -1 0 -1 0 -1 0 -1 0 -1 0 -1 0 -1 0 -1 0 -1 0 -1 0 -1 0 -1 0 -1 0 -1 0 -1 0 -1 0 -1 0 -1 0 -1 0 -1 0 -1 0 -1 0 -1 0 -1 0 -1 0 -1 0 -1 0 -1 0 -1 0 -1 0 -1 0 -1 0 -1 0 -1 0 -1 0 -1 0 -1 0 -1 0 -1 0 -1 0 -1 0 -1 0 -1 0 -1 0 -1 0 -1 0 -1 0 
  15 15 15 15 20
 80 5 80 5 50 5 30
2586 131072 0 48 208896 0 
  34359738369 1315051091194281984 1835136 0 50465891015 7916447985573822463 2031036 0 

trp_ottoman_jani_drum Janissary_Guard Drummer 0 133169152 0 0 26 0 0
  1003 0 1776 0 1551 0 1820 0 150 0 134 0 -1 0 -1 0 -1 0 -1 0 -1 0 -1 0 -1 0 -1 0 -1 0 -1 0 -1 0 -1 0 -1 0 -1 0 -1 0 -1 0 -1 0 -1 0 -1 0 -1 0 -1 0 -1 0 -1 0 -1 0 -1 0 -1 0 -1 0 -1 0 -1 0 -1 0 -1 0 -1 0 -1 0 -1 0 -1 0 -1 0 -1 0 -1 0 -1 0 -1 0 -1 0 -1 0 -1 0 -1 0 -1 0 -1 0 -1 0 -1 0 -1 0 -1 0 -1 0 -1 0 -1 0 -1 0 -1 0 -1 0 -1 0 -1 0 
  15 15 15 15 20
 80 5 80 5 50 5 30
2586 131072 0 48 208896 0 
  34359738369 1315051091194281984 1835136 0 50465891015 7916447985573822463 2031036 0 

trp_ottoman_jani_flute Janissary_Guard Fifer 0 133169152 0 0 26 0 0
  1000 0 1776 0 1551 0 151 0 134 0 1819 0 -1 0 -1 0 -1 0 -1 0 -1 0 -1 0 -1 0 -1 0 -1 0 -1 0 -1 0 -1 0 -1 0 -1 0 -1 0 -1 0 -1 0 -1 0 -1 0 -1 0 -1 0 -1 0 -1 0 -1 0 -1 0 -1 0 -1 0 -1 0 -1 0 -1 0 -1 0 -1 0 -1 0 -1 0 -1 0 -1 0 -1 0 -1 0 -1 0 -1 0 -1 0 -1 0 -1 0 -1 0 -1 0 -1 0 -1 0 -1 0 -1 0 -1 0 -1 0 -1 0 -1 0 -1 0 -1 0 -1 0 -1 0 -1 0 
  15 15 15 15 20
 80 5 80 5 50 5 30
2586 131072 0 48 208896 0 
  34359738369 1315051091194281984 1835136 0 50465891015 7916447985573822463 2031036 0 

trp_ottoman_jani_istanbul Yeniceri_Ocagi_-_Istanbul_Ortasi Foot_Guard 0 133169152 0 0 12 0 0
  1004 0 1778 0 1552 0 156 0 73 0 135 0 -1 0 -1 0 -1 0 -1 0 -1 0 -1 0 -1 0 -1 0 -1 0 -1 0 -1 0 -1 0 -1 0 -1 0 -1 0 -1 0 -1 0 -1 0 -1 0 -1 0 -1 0 -1 0 -1 0 -1 0 -1 0 -1 0 -1 0 -1 0 -1 0 -1 0 -1 0 -1 0 -1 0 -1 0 -1 0 -1 0 -1 0 -1 0 -1 0 -1 0 -1 0 -1 0 -1 0 -1 0 -1 0 -1 0 -1 0 -1 0 -1 0 -1 0 -1 0 -1 0 -1 0 -1 0 -1 0 -1 0 -1 0 -1 0 
  15 15 15 15 20
 50 5 145 5 150 5 30
2586 131072 0 48 208896 0 
  34359738369 1315051091194281984 1835136 0 50465891015 7916447985573822463 2031036 0 

trp_ottoman_jani_istanbul_flag_bearer Istanbul_Janissary_Guard Colour_Bearer 0 133169152 0 0 26 0 0
  1006 0 1780 0 1552 0 364 0 135 0 -1 0 -1 0 -1 0 -1 0 -1 0 -1 0 -1 0 -1 0 -1 0 -1 0 -1 0 -1 0 -1 0 -1 0 -1 0 -1 0 -1 0 -1 0 -1 0 -1 0 -1 0 -1 0 -1 0 -1 0 -1 0 -1 0 -1 0 -1 0 -1 0 -1 0 -1 0 -1 0 -1 0 -1 0 -1 0 -1 0 -1 0 -1 0 -1 0 -1 0 -1 0 -1 0 -1 0 -1 0 -1 0 -1 0 -1 0 -1 0 -1 0 -1 0 -1 0 -1 0 -1 0 -1 0 -1 0 -1 0 -1 0 -1 0 -1 0 
  15 15 15 15 20
 80 5 80 5 50 5 30
2586 131072 0 48 208896 0 
  34359738369 1315051091194281984 1835136 0 50465891015 7916447985573822463 2031036 0 

trp_ottoman_jani_istanbul_nco Istanbul_Janissary_Guard Sergeant 0 133169152 0 0 26 0 0
  1006 0 1780 0 1552 0 156 0 73 0 135 0 -1 0 -1 0 -1 0 -1 0 -1 0 -1 0 -1 0 -1 0 -1 0 -1 0 -1 0 -1 0 -1 0 -1 0 -1 0 -1 0 -1 0 -1 0 -1 0 -1 0 -1 0 -1 0 -1 0 -1 0 -1 0 -1 0 -1 0 -1 0 -1 0 -1 0 -1 0 -1 0 -1 0 -1 0 -1 0 -1 0 -1 0 -1 0 -1 0 -1 0 -1 0 -1 0 -1 0 -1 0 -1 0 -1 0 -1 0 -1 0 -1 0 -1 0 -1 0 -1 0 -1 0 -1 0 -1 0 -1 0 -1 0 -1 0 
  15 15 15 15 20
 50 5 145 5 150 5 30
2586 131072 0 48 208896 0 
  34359738369 1315051091194281984 1835136 0 50465891015 7916447985573822463 2031036 0 

trp_ottoman_jani_istanbul_officer Istanbul_Janissary_Guard Officer 0 133169152 0 0 26 0 0
  1005 0 1779 0 1552 0 130 0 157 0 9 0 1819 0 398 0 -1 0 -1 0 -1 0 -1 0 -1 0 -1 0 -1 0 -1 0 -1 0 -1 0 -1 0 -1 0 -1 0 -1 0 -1 0 -1 0 -1 0 -1 0 -1 0 -1 0 -1 0 -1 0 -1 0 -1 0 -1 0 -1 0 -1 0 -1 0 -1 0 -1 0 -1 0 -1 0 -1 0 -1 0 -1 0 -1 0 -1 0 -1 0 -1 0 -1 0 -1 0 -1 0 -1 0 -1 0 -1 0 -1 0 -1 0 -1 0 -1 0 -1 0 -1 0 -1 0 -1 0 -1 0 -1 0 -1 0 
  15 15 15 15 20
 80 5 80 5 50 5 30
2586 131072 0 48 208896 0 
  34359738369 1315051091194281984 1835136 0 50465891015 7916447985573822463 2031036 0 

trp_ottoman_jani_istanbul_drum Istanbul_Janissary_Guard Drummer 0 133169152 0 0 26 0 0
  1007 0 1778 0 1551 0 1820 0 150 0 135 0 -1 0 -1 0 -1 0 -1 0 -1 0 -1 0 -1 0 -1 0 -1 0 -1 0 -1 0 -1 0 -1 0 -1 0 -1 0 -1 0 -1 0 -1 0 -1 0 -1 0 -1 0 -1 0 -1 0 -1 0 -1 0 -1 0 -1 0 -1 0 -1 0 -1 0 -1 0 -1 0 -1 0 -1 0 -1 0 -1 0 -1 0 -1 0 -1 0 -1 0 -1 0 -1 0 -1 0 -1 0 -1 0 -1 0 -1 0 -1 0 -1 0 -1 0 -1 0 -1 0 -1 0 -1 0 -1 0 -1 0 -1 0 -1 0 
  15 15 15 15 20
 80 5 80 5 50 5 30
2586 131072 0 48 208896 0 
  34359738369 1315051091194281984 1835136 0 50465891015 7916447985573822463 2031036 0 

trp_ottoman_jani_istanbul_flute Istanbul_Janissary_Guard Fifer 0 133169152 0 0 26 0 0
  1004 0 1778 0 1551 0 151 0 135 0 1819 0 -1 0 -1 0 -1 0 -1 0 -1 0 -1 0 -1 0 -1 0 -1 0 -1 0 -1 0 -1 0 -1 0 -1 0 -1 0 -1 0 -1 0 -1 0 -1 0 -1 0 -1 0 -1 0 -1 0 -1 0 -1 0 -1 0 -1 0 -1 0 -1 0 -1 0 -1 0 -1 0 -1 0 -1 0 -1 0 -1 0 -1 0 -1 0 -1 0 -1 0 -1 0 -1 0 -1 0 -1 0 -1 0 -1 0 -1 0 -1 0 -1 0 -1 0 -1 0 -1 0 -1 0 -1 0 -1 0 -1 0 -1 0 -1 0 
  15 15 15 15 20
 80 5 80 5 50 5 30
2586 131072 0 48 208896 0 
  34359738369 1315051091194281984 1835136 0 50465891015 7916447985573822463 2031036 0 

trp_ottoman_light Arnavut_Askerleri Light_Infantry 0 133169152 0 0 12 0 0
  1008 0 1781 0 1545 0 156 0 73 0 31 0 128 0 -1 0 -1 0 -1 0 -1 0 -1 0 -1 0 -1 0 -1 0 -1 0 -1 0 -1 0 -1 0 -1 0 -1 0 -1 0 -1 0 -1 0 -1 0 -1 0 -1 0 -1 0 -1 0 -1 0 -1 0 -1 0 -1 0 -1 0 -1 0 -1 0 -1 0 -1 0 -1 0 -1 0 -1 0 -1 0 -1 0 -1 0 -1 0 -1 0 -1 0 -1 0 -1 0 -1 0 -1 0 -1 0 -1 0 -1 0 -1 0 -1 0 -1 0 -1 0 -1 0 -1 0 -1 0 -1 0 -1 0 -1 0 
  15 15 15 15 20
 50 5 90 5 206 5 30
2586 131072 0 48 135168 0 
  34359738369 1315051091194281984 1835136 0 50465891015 7916447985573822463 2031036 0 

trp_ottoman_light_flag_bearer Albanian_Fusilier Colour_Bearer 0 133169152 0 0 26 0 0
  1009 0 1781 0 1545 0 365 0 128 0 -1 0 -1 0 -1 0 -1 0 -1 0 -1 0 -1 0 -1 0 -1 0 -1 0 -1 0 -1 0 -1 0 -1 0 -1 0 -1 0 -1 0 -1 0 -1 0 -1 0 -1 0 -1 0 -1 0 -1 0 -1 0 -1 0 -1 0 -1 0 -1 0 -1 0 -1 0 -1 0 -1 0 -1 0 -1 0 -1 0 -1 0 -1 0 -1 0 -1 0 -1 0 -1 0 -1 0 -1 0 -1 0 -1 0 -1 0 -1 0 -1 0 -1 0 -1 0 -1 0 -1 0 -1 0 -1 0 -1 0 -1 0 -1 0 -1 0 
  15 15 15 15 20
 80 5 80 5 50 5 30
2586 131072 0 48 135168 0 
  34359738369 1315051091194281984 1835136 0 50465891015 7916447985573822463 2031036 0 

trp_ottoman_light_nco Albanian_Fusilier Sergeant 0 133169152 0 0 26 0 0
  1009 0 1781 0 1545 0 156 0 73 0 31 0 128 0 -1 0 -1 0 -1 0 -1 0 -1 0 -1 0 -1 0 -1 0 -1 0 -1 0 -1 0 -1 0 -1 0 -1 0 -1 0 -1 0 -1 0 -1 0 -1 0 -1 0 -1 0 -1 0 -1 0 -1 0 -1 0 -1 0 -1 0 -1 0 -1 0 -1 0 -1 0 -1 0 -1 0 -1 0 -1 0 -1 0 -1 0 -1 0 -1 0 -1 0 -1 0 -1 0 -1 0 -1 0 -1 0 -1 0 -1 0 -1 0 -1 0 -1 0 -1 0 -1 0 -1 0 -1 0 -1 0 -1 0 -1 0 
  15 15 15 15 20
 50 5 90 5 206 5 30
2586 131072 0 48 135168 0 
  34359738369 1315051091194281984 1835136 0 50465891015 7916447985573822463 2031036 0 

trp_ottoman_light_officer Albanian_Fusilier Officer 0 133169152 0 0 26 0 0
  1010 0 1782 0 1546 0 130 0 157 0 9 0 1819 0 398 0 -1 0 -1 0 -1 0 -1 0 -1 0 -1 0 -1 0 -1 0 -1 0 -1 0 -1 0 -1 0 -1 0 -1 0 -1 0 -1 0 -1 0 -1 0 -1 0 -1 0 -1 0 -1 0 -1 0 -1 0 -1 0 -1 0 -1 0 -1 0 -1 0 -1 0 -1 0 -1 0 -1 0 -1 0 -1 0 -1 0 -1 0 -1 0 -1 0 -1 0 -1 0 -1 0 -1 0 -1 0 -1 0 -1 0 -1 0 -1 0 -1 0 -1 0 -1 0 -1 0 -1 0 -1 0 -1 0 -1 0 
  15 15 15 15 20
 80 5 80 5 50 5 30
2586 131072 0 48 208896 0 
  34359738369 1315051091194281984 1835136 0 50465891015 7916447985573822463 2031036 0 

trp_ottoman_light_horn Albanian_Fusilier Hornist 0 133169152 0 0 26 0 0
  1008 0 1781 0 1545 0 152 0 128 0 -1 0 -1 0 -1 0 -1 0 -1 0 -1 0 -1 0 -1 0 -1 0 -1 0 -1 0 -1 0 -1 0 -1 0 -1 0 -1 0 -1 0 -1 0 -1 0 -1 0 -1 0 -1 0 -1 0 -1 0 -1 0 -1 0 -1 0 -1 0 -1 0 -1 0 -1 0 -1 0 -1 0 -1 0 -1 0 -1 0 -1 0 -1 0 -1 0 -1 0 -1 0 -1 0 -1 0 -1 0 -1 0 -1 0 -1 0 -1 0 -1 0 -1 0 -1 0 -1 0 -1 0 -1 0 -1 0 -1 0 -1 0 -1 0 -1 0 
  15 15 15 15 20
 80 5 80 5 50 5 30
2586 131072 0 48 135168 0 
  34359738369 1315051091194281984 1835136 0 50465891015 7916447985573822463 2031036 0 

trp_ottoman_rifle Laz_Neferleri Rifleman 0 133169152 0 0 12 0 0
  1015 0 1784 0 1558 0 156 0 45 0 31 0 129 0 -1 0 -1 0 -1 0 -1 0 -1 0 -1 0 -1 0 -1 0 -1 0 -1 0 -1 0 -1 0 -1 0 -1 0 -1 0 -1 0 -1 0 -1 0 -1 0 -1 0 -1 0 -1 0 -1 0 -1 0 -1 0 -1 0 -1 0 -1 0 -1 0 -1 0 -1 0 -1 0 -1 0 -1 0 -1 0 -1 0 -1 0 -1 0 -1 0 -1 0 -1 0 -1 0 -1 0 -1 0 -1 0 -1 0 -1 0 -1 0 -1 0 -1 0 -1 0 -1 0 -1 0 -1 0 -1 0 -1 0 -1 0 
  15 15 15 15 20
 50 5 90 5 206 5 30
2586 131072 0 48 135168 0 
  34359738369 1315051091194281984 1835136 0 50465891015 7916447985573822463 2031036 0 

trp_ottoman_rifle_flag_bearer Laz_Rifleman Colour_Bearer 0 133169152 0 0 26 0 0
  1015 0 1784 0 1545 0 366 0 129 0 -1 0 -1 0 -1 0 -1 0 -1 0 -1 0 -1 0 -1 0 -1 0 -1 0 -1 0 -1 0 -1 0 -1 0 -1 0 -1 0 -1 0 -1 0 -1 0 -1 0 -1 0 -1 0 -1 0 -1 0 -1 0 -1 0 -1 0 -1 0 -1 0 -1 0 -1 0 -1 0 -1 0 -1 0 -1 0 -1 0 -1 0 -1 0 -1 0 -1 0 -1 0 -1 0 -1 0 -1 0 -1 0 -1 0 -1 0 -1 0 -1 0 -1 0 -1 0 -1 0 -1 0 -1 0 -1 0 -1 0 -1 0 -1 0 -1 0 
  15 15 15 15 20
 80 5 80 5 50 5 30
2586 131072 0 48 135168 0 
  34359738369 1315051091194281984 1835136 0 50465891015 7916447985573822463 2031036 0 

trp_ottoman_rifle_nco Laz_Rifleman Sergeant 0 133169152 0 0 26 0 0
  1015 0 1784 0 1545 0 156 0 45 0 31 0 129 0 -1 0 -1 0 -1 0 -1 0 -1 0 -1 0 -1 0 -1 0 -1 0 -1 0 -1 0 -1 0 -1 0 -1 0 -1 0 -1 0 -1 0 -1 0 -1 0 -1 0 -1 0 -1 0 -1 0 -1 0 -1 0 -1 0 -1 0 -1 0 -1 0 -1 0 -1 0 -1 0 -1 0 -1 0 -1 0 -1 0 -1 0 -1 0 -1 0 -1 0 -1 0 -1 0 -1 0 -1 0 -1 0 -1 0 -1 0 -1 0 -1 0 -1 0 -1 0 -1 0 -1 0 -1 0 -1 0 -1 0 -1 0 
  15 15 15 15 20
 50 5 90 5 206 5 30
2586 131072 0 48 135168 0 
  34359738369 1315051091194281984 1835136 0 50465891015 7916447985573822463 2031036 0 

trp_ottoman_rifle_officer Laz_Rifleman Officer 0 133169152 0 0 26 0 0
  1016 0 1782 0 1546 0 131 0 157 0 9 0 1819 0 398 0 -1 0 -1 0 -1 0 -1 0 -1 0 -1 0 -1 0 -1 0 -1 0 -1 0 -1 0 -1 0 -1 0 -1 0 -1 0 -1 0 -1 0 -1 0 -1 0 -1 0 -1 0 -1 0 -1 0 -1 0 -1 0 -1 0 -1 0 -1 0 -1 0 -1 0 -1 0 -1 0 -1 0 -1 0 -1 0 -1 0 -1 0 -1 0 -1 0 -1 0 -1 0 -1 0 -1 0 -1 0 -1 0 -1 0 -1 0 -1 0 -1 0 -1 0 -1 0 -1 0 -1 0 -1 0 -1 0 -1 0 
  15 15 15 15 20
 80 5 80 5 50 5 30
2586 131072 0 48 208896 0 
  34359738369 1315051091194281984 1835136 0 50465891015 7916447985573822463 2031036 0 

trp_ottoman_rifle_horn Laz_Rifleman Hornist 0 133169152 0 0 26 0 0
  1015 0 1784 0 1558 0 152 0 129 0 -1 0 -1 0 -1 0 -1 0 -1 0 -1 0 -1 0 -1 0 -1 0 -1 0 -1 0 -1 0 -1 0 -1 0 -1 0 -1 0 -1 0 -1 0 -1 0 -1 0 -1 0 -1 0 -1 0 -1 0 -1 0 -1 0 -1 0 -1 0 -1 0 -1 0 -1 0 -1 0 -1 0 -1 0 -1 0 -1 0 -1 0 -1 0 -1 0 -1 0 -1 0 -1 0 -1 0 -1 0 -1 0 -1 0 -1 0 -1 0 -1 0 -1 0 -1 0 -1 0 -1 0 -1 0 -1 0 -1 0 -1 0 -1 0 -1 0 
  15 15 15 15 20
 80 5 80 5 50 5 30
2586 131072 0 48 135168 0 
  34359738369 1315051091194281984 1835136 0 50465891015 7916447985573822463 2031036 0 

trp_ottoman_hussar Deliler Hussar 0 133170176 0 0 12 0 0
  1024 0 1025 0 1795 0 1796 0 1560 0 131 0 1915 0 -1 0 -1 0 -1 0 -1 0 -1 0 -1 0 -1 0 -1 0 -1 0 -1 0 -1 0 -1 0 -1 0 -1 0 -1 0 -1 0 -1 0 -1 0 -1 0 -1 0 -1 0 -1 0 -1 0 -1 0 -1 0 -1 0 -1 0 -1 0 -1 0 -1 0 -1 0 -1 0 -1 0 -1 0 -1 0 -1 0 -1 0 -1 0 -1 0 -1 0 -1 0 -1 0 -1 0 -1 0 -1 0 -1 0 -1 0 -1 0 -1 0 -1 0 -1 0 -1 0 -1 0 -1 0 -1 0 -1 0 -1 0 
  12 10 15 15 20
 160 5 30 5 30 5 30
2586 131072 0 22 208896 0 
  34359738369 1315051091194281984 1835136 0 50465891015 7916447985573822463 2031036 0 

trp_ottoman_hussar_flag_bearer Deliler Colour_Bearer 0 133170176 0 0 26 0 0
  1027 0 1795 0 1796 0 1561 0 368 0 131 0 1916 0 -1 0 -1 0 -1 0 -1 0 -1 0 -1 0 -1 0 -1 0 -1 0 -1 0 -1 0 -1 0 -1 0 -1 0 -1 0 -1 0 -1 0 -1 0 -1 0 -1 0 -1 0 -1 0 -1 0 -1 0 -1 0 -1 0 -1 0 -1 0 -1 0 -1 0 -1 0 -1 0 -1 0 -1 0 -1 0 -1 0 -1 0 -1 0 -1 0 -1 0 -1 0 -1 0 -1 0 -1 0 -1 0 -1 0 -1 0 -1 0 -1 0 -1 0 -1 0 -1 0 -1 0 -1 0 -1 0 -1 0 -1 0 
  12 10 15 15 20
 160 5 30 5 30 5 30
2586 131072 0 22 208896 0 
  34359738369 1315051091194281984 1835136 0 50465891015 7916447985573822463 2031036 0 

trp_ottoman_hussar_nco Deliler Sergeant 0 133170176 0 0 26 0 0
  1027 0 1795 0 1796 0 1561 0 131 0 1917 0 -1 0 -1 0 -1 0 -1 0 -1 0 -1 0 -1 0 -1 0 -1 0 -1 0 -1 0 -1 0 -1 0 -1 0 -1 0 -1 0 -1 0 -1 0 -1 0 -1 0 -1 0 -1 0 -1 0 -1 0 -1 0 -1 0 -1 0 -1 0 -1 0 -1 0 -1 0 -1 0 -1 0 -1 0 -1 0 -1 0 -1 0 -1 0 -1 0 -1 0 -1 0 -1 0 -1 0 -1 0 -1 0 -1 0 -1 0 -1 0 -1 0 -1 0 -1 0 -1 0 -1 0 -1 0 -1 0 -1 0 -1 0 -1 0 
  12 10 15 15 20
 160 5 30 5 30 5 30
2586 131072 0 22 208896 0 
  34359738369 1315051091194281984 1835136 0 50465891015 7916447985573822463 2031036 0 

trp_ottoman_hussar_officer Deliler Officer 0 133170176 0 0 26 0 0
  1026 0 1795 0 1562 0 157 0 9 0 131 0 1917 0 398 0 -1 0 -1 0 -1 0 -1 0 -1 0 -1 0 -1 0 -1 0 -1 0 -1 0 -1 0 -1 0 -1 0 -1 0 -1 0 -1 0 -1 0 -1 0 -1 0 -1 0 -1 0 -1 0 -1 0 -1 0 -1 0 -1 0 -1 0 -1 0 -1 0 -1 0 -1 0 -1 0 -1 0 -1 0 -1 0 -1 0 -1 0 -1 0 -1 0 -1 0 -1 0 -1 0 -1 0 -1 0 -1 0 -1 0 -1 0 -1 0 -1 0 -1 0 -1 0 -1 0 -1 0 -1 0 -1 0 -1 0 
  12 10 15 15 20
 160 5 30 5 30 5 30
2586 131072 0 22 208896 0 
  34359738369 1315051091194281984 1835136 0 50465891015 7916447985573822463 2031036 0 

trp_ottoman_hussar_trumpet Deliler Trumpeter 0 133170176 0 0 26 0 0
  1028 0 1795 0 1796 0 1560 0 153 0 131 0 1916 0 -1 0 -1 0 -1 0 -1 0 -1 0 -1 0 -1 0 -1 0 -1 0 -1 0 -1 0 -1 0 -1 0 -1 0 -1 0 -1 0 -1 0 -1 0 -1 0 -1 0 -1 0 -1 0 -1 0 -1 0 -1 0 -1 0 -1 0 -1 0 -1 0 -1 0 -1 0 -1 0 -1 0 -1 0 -1 0 -1 0 -1 0 -1 0 -1 0 -1 0 -1 0 -1 0 -1 0 -1 0 -1 0 -1 0 -1 0 -1 0 -1 0 -1 0 -1 0 -1 0 -1 0 -1 0 -1 0 -1 0 -1 0 
  12 10 15 15 20
 160 5 30 5 30 5 30
2586 131072 0 22 208896 0 
  34359738369 1315051091194281984 1835136 0 50465891015 7916447985573822463 2031036 0 

trp_ottoman_camel_cav Develi_Suvarisi Light_Camel_Cavalry 0 133170176 0 0 12 0 0
  1029 0 1791 0 1563 0 131 0 1934 0 -1 0 -1 0 -1 0 -1 0 -1 0 -1 0 -1 0 -1 0 -1 0 -1 0 -1 0 -1 0 -1 0 -1 0 -1 0 -1 0 -1 0 -1 0 -1 0 -1 0 -1 0 -1 0 -1 0 -1 0 -1 0 -1 0 -1 0 -1 0 -1 0 -1 0 -1 0 -1 0 -1 0 -1 0 -1 0 -1 0 -1 0 -1 0 -1 0 -1 0 -1 0 -1 0 -1 0 -1 0 -1 0 -1 0 -1 0 -1 0 -1 0 -1 0 -1 0 -1 0 -1 0 -1 0 -1 0 -1 0 -1 0 -1 0 -1 0 
  12 10 15 15 20
 160 5 30 5 30 5 30
2586 131072 0 22 208896 0 
  34359738369 1315051091194281984 1835136 0 50465891015 7916447985573822463 2031036 0 

trp_ottoman_camel_cav_flag_bearer Develi_Suvarisi Colour_Bearer 0 133170176 0 0 26 0 0
  1030 0 1791 0 1563 0 369 0 131 0 1934 0 -1 0 -1 0 -1 0 -1 0 -1 0 -1 0 -1 0 -1 0 -1 0 -1 0 -1 0 -1 0 -1 0 -1 0 -1 0 -1 0 -1 0 -1 0 -1 0 -1 0 -1 0 -1 0 -1 0 -1 0 -1 0 -1 0 -1 0 -1 0 -1 0 -1 0 -1 0 -1 0 -1 0 -1 0 -1 0 -1 0 -1 0 -1 0 -1 0 -1 0 -1 0 -1 0 -1 0 -1 0 -1 0 -1 0 -1 0 -1 0 -1 0 -1 0 -1 0 -1 0 -1 0 -1 0 -1 0 -1 0 -1 0 -1 0 
  12 10 15 15 20
 160 5 30 5 30 5 30
2586 131072 0 22 208896 0 
  34359738369 1315051091194281984 1835136 0 50465891015 7916447985573822463 2031036 0 

trp_ottoman_camel_cav_nco Develi_Suvarisi Sergeant 0 133170176 0 0 26 0 0
  1030 0 1791 0 1563 0 131 0 1934 0 -1 0 -1 0 -1 0 -1 0 -1 0 -1 0 -1 0 -1 0 -1 0 -1 0 -1 0 -1 0 -1 0 -1 0 -1 0 -1 0 -1 0 -1 0 -1 0 -1 0 -1 0 -1 0 -1 0 -1 0 -1 0 -1 0 -1 0 -1 0 -1 0 -1 0 -1 0 -1 0 -1 0 -1 0 -1 0 -1 0 -1 0 -1 0 -1 0 -1 0 -1 0 -1 0 -1 0 -1 0 -1 0 -1 0 -1 0 -1 0 -1 0 -1 0 -1 0 -1 0 -1 0 -1 0 -1 0 -1 0 -1 0 -1 0 -1 0 
  12 10 15 15 20
 160 5 30 5 30 5 30
2586 131072 0 22 208896 0 
  34359738369 1315051091194281984 1835136 0 50465891015 7916447985573822463 2031036 0 

trp_ottoman_camel_cav_officer Develi_Suvarisi Officer 0 133170176 0 0 26 0 0
  1031 0 1792 0 1563 0 9 0 157 0 131 0 1937 0 398 0 -1 0 -1 0 -1 0 -1 0 -1 0 -1 0 -1 0 -1 0 -1 0 -1 0 -1 0 -1 0 -1 0 -1 0 -1 0 -1 0 -1 0 -1 0 -1 0 -1 0 -1 0 -1 0 -1 0 -1 0 -1 0 -1 0 -1 0 -1 0 -1 0 -1 0 -1 0 -1 0 -1 0 -1 0 -1 0 -1 0 -1 0 -1 0 -1 0 -1 0 -1 0 -1 0 -1 0 -1 0 -1 0 -1 0 -1 0 -1 0 -1 0 -1 0 -1 0 -1 0 -1 0 -1 0 -1 0 -1 0 
  12 10 15 15 20
 160 5 30 5 30 5 30
2586 131072 0 22 208896 0 
  34359738369 1315051091194281984 1835136 0 50465891015 7916447985573822463 2031036 0 

trp_ottoman_camel_cav_trumpet Develi_Suvarisi Trumpeter 0 133170176 0 0 26 0 0
  1030 0 1791 0 1563 0 153 0 131 0 1934 0 -1 0 -1 0 -1 0 -1 0 -1 0 -1 0 -1 0 -1 0 -1 0 -1 0 -1 0 -1 0 -1 0 -1 0 -1 0 -1 0 -1 0 -1 0 -1 0 -1 0 -1 0 -1 0 -1 0 -1 0 -1 0 -1 0 -1 0 -1 0 -1 0 -1 0 -1 0 -1 0 -1 0 -1 0 -1 0 -1 0 -1 0 -1 0 -1 0 -1 0 -1 0 -1 0 -1 0 -1 0 -1 0 -1 0 -1 0 -1 0 -1 0 -1 0 -1 0 -1 0 -1 0 -1 0 -1 0 -1 0 -1 0 -1 0 
  12 10 15 15 20
 160 5 30 5 30 5 30
2586 131072 0 22 208896 0 
  34359738369 1315051091194281984 1835136 0 50465891015 7916447985573822463 2031036 0 

trp_ottoman_lancer Sipahiler Lancer 0 133170176 0 0 12 0 0
  1036 0 1793 0 1567 0 190 0 130 0 1918 0 -1 0 -1 0 -1 0 -1 0 -1 0 -1 0 -1 0 -1 0 -1 0 -1 0 -1 0 -1 0 -1 0 -1 0 -1 0 -1 0 -1 0 -1 0 -1 0 -1 0 -1 0 -1 0 -1 0 -1 0 -1 0 -1 0 -1 0 -1 0 -1 0 -1 0 -1 0 -1 0 -1 0 -1 0 -1 0 -1 0 -1 0 -1 0 -1 0 -1 0 -1 0 -1 0 -1 0 -1 0 -1 0 -1 0 -1 0 -1 0 -1 0 -1 0 -1 0 -1 0 -1 0 -1 0 -1 0 -1 0 -1 0 -1 0 
  12 10 15 15 20
 50 5 130 5 40 5 30
2586 131072 0 22 208896 0 
  34359738369 1315051091194281984 1835136 0 50465891015 7916447985573822463 2031036 0 

trp_ottoman_lancer_flag_bearer Sipahiler Colour_Bearer 0 133170176 0 0 26 0 0
  1038 0 1795 0 1567 0 374 0 130 0 1919 0 -1 0 -1 0 -1 0 -1 0 -1 0 -1 0 -1 0 -1 0 -1 0 -1 0 -1 0 -1 0 -1 0 -1 0 -1 0 -1 0 -1 0 -1 0 -1 0 -1 0 -1 0 -1 0 -1 0 -1 0 -1 0 -1 0 -1 0 -1 0 -1 0 -1 0 -1 0 -1 0 -1 0 -1 0 -1 0 -1 0 -1 0 -1 0 -1 0 -1 0 -1 0 -1 0 -1 0 -1 0 -1 0 -1 0 -1 0 -1 0 -1 0 -1 0 -1 0 -1 0 -1 0 -1 0 -1 0 -1 0 -1 0 -1 0 
  12 10 15 15 20
 150 5 30 5 30 5 30
2586 131072 0 22 208896 0 
  34359738369 1315051091194281984 1835136 0 50465891015 7916447985573822463 2031036 0 

trp_ottoman_lancer_nco Sipahiler Sergeant 0 133170176 0 0 26 0 0
  1038 0 1795 0 1567 0 190 0 130 0 1920 0 -1 0 -1 0 -1 0 -1 0 -1 0 -1 0 -1 0 -1 0 -1 0 -1 0 -1 0 -1 0 -1 0 -1 0 -1 0 -1 0 -1 0 -1 0 -1 0 -1 0 -1 0 -1 0 -1 0 -1 0 -1 0 -1 0 -1 0 -1 0 -1 0 -1 0 -1 0 -1 0 -1 0 -1 0 -1 0 -1 0 -1 0 -1 0 -1 0 -1 0 -1 0 -1 0 -1 0 -1 0 -1 0 -1 0 -1 0 -1 0 -1 0 -1 0 -1 0 -1 0 -1 0 -1 0 -1 0 -1 0 -1 0 -1 0 
  12 10 15 15 20
 50 5 130 5 40 5 30
2586 131072 0 22 208896 0 
  34359738369 1315051091194281984 1835136 0 50465891015 7916447985573822463 2031036 0 

trp_ottoman_lancer_officer Sipahiler Officer 0 133170176 0 0 26 0 0
  1037 0 1794 0 1568 0 157 0 9 0 130 0 1920 0 398 0 -1 0 -1 0 -1 0 -1 0 -1 0 -1 0 -1 0 -1 0 -1 0 -1 0 -1 0 -1 0 -1 0 -1 0 -1 0 -1 0 -1 0 -1 0 -1 0 -1 0 -1 0 -1 0 -1 0 -1 0 -1 0 -1 0 -1 0 -1 0 -1 0 -1 0 -1 0 -1 0 -1 0 -1 0 -1 0 -1 0 -1 0 -1 0 -1 0 -1 0 -1 0 -1 0 -1 0 -1 0 -1 0 -1 0 -1 0 -1 0 -1 0 -1 0 -1 0 -1 0 -1 0 -1 0 -1 0 -1 0 
  12 10 15 15 20
 150 5 30 5 30 5 30
2586 131072 0 22 208896 0 
  34359738369 1315051091194281984 1835136 0 50465891015 7916447985573822463 2031036 0 

trp_ottoman_lancer_trumpet Sipahiler Trumpeter 0 133170176 0 0 26 0 0
  1039 0 1796 0 1567 0 153 0 130 0 1919 0 -1 0 -1 0 -1 0 -1 0 -1 0 -1 0 -1 0 -1 0 -1 0 -1 0 -1 0 -1 0 -1 0 -1 0 -1 0 -1 0 -1 0 -1 0 -1 0 -1 0 -1 0 -1 0 -1 0 -1 0 -1 0 -1 0 -1 0 -1 0 -1 0 -1 0 -1 0 -1 0 -1 0 -1 0 -1 0 -1 0 -1 0 -1 0 -1 0 -1 0 -1 0 -1 0 -1 0 -1 0 -1 0 -1 0 -1 0 -1 0 -1 0 -1 0 -1 0 -1 0 -1 0 -1 0 -1 0 -1 0 -1 0 -1 0 
  12 10 15 15 20
 150 5 30 5 30 5 30
2586 131072 0 22 208896 0 
  34359738369 1315051091194281984 1835136 0 50465891015 7916447985573822463 2031036 0 

trp_ottoman_dragoon Sekban_Suvarileri Dragoon 0 133170176 0 0 12 0 0
  1044 0 1798 0 1569 0 34 0 31 0 156 0 133 0 1921 0 -1 0 -1 0 -1 0 -1 0 -1 0 -1 0 -1 0 -1 0 -1 0 -1 0 -1 0 -1 0 -1 0 -1 0 -1 0 -1 0 -1 0 -1 0 -1 0 -1 0 -1 0 -1 0 -1 0 -1 0 -1 0 -1 0 -1 0 -1 0 -1 0 -1 0 -1 0 -1 0 -1 0 -1 0 -1 0 -1 0 -1 0 -1 0 -1 0 -1 0 -1 0 -1 0 -1 0 -1 0 -1 0 -1 0 -1 0 -1 0 -1 0 -1 0 -1 0 -1 0 -1 0 -1 0 -1 0 -1 0 
  12 10 15 15 20
 125 5 30 5 125 5 30
2586 131072 0 37 208896 0 
  34359738369 1315051091194281984 1835136 0 50465891015 7916447985573822463 2031036 0 

trp_ottoman_dragoon_flag_bearer Sekban_Dragoon Colour_Bearer 0 133170176 0 0 26 0 0
  1044 0 1798 0 1569 0 373 0 133 0 1922 0 -1 0 -1 0 -1 0 -1 0 -1 0 -1 0 -1 0 -1 0 -1 0 -1 0 -1 0 -1 0 -1 0 -1 0 -1 0 -1 0 -1 0 -1 0 -1 0 -1 0 -1 0 -1 0 -1 0 -1 0 -1 0 -1 0 -1 0 -1 0 -1 0 -1 0 -1 0 -1 0 -1 0 -1 0 -1 0 -1 0 -1 0 -1 0 -1 0 -1 0 -1 0 -1 0 -1 0 -1 0 -1 0 -1 0 -1 0 -1 0 -1 0 -1 0 -1 0 -1 0 -1 0 -1 0 -1 0 -1 0 -1 0 -1 0 
  12 10 15 15 20
 125 5 30 5 125 5 30
2586 131072 0 37 208896 0 
  34359738369 1315051091194281984 1835136 0 50465891015 7916447985573822463 2031036 0 

trp_ottoman_dragoon_nco Sekban_Dragoon Sergeant 0 133170176 0 0 26 0 0
  1044 0 1798 0 1569 0 34 0 31 0 156 0 133 0 1923 0 -1 0 -1 0 -1 0 -1 0 -1 0 -1 0 -1 0 -1 0 -1 0 -1 0 -1 0 -1 0 -1 0 -1 0 -1 0 -1 0 -1 0 -1 0 -1 0 -1 0 -1 0 -1 0 -1 0 -1 0 -1 0 -1 0 -1 0 -1 0 -1 0 -1 0 -1 0 -1 0 -1 0 -1 0 -1 0 -1 0 -1 0 -1 0 -1 0 -1 0 -1 0 -1 0 -1 0 -1 0 -1 0 -1 0 -1 0 -1 0 -1 0 -1 0 -1 0 -1 0 -1 0 -1 0 -1 0 -1 0 
  12 10 15 15 20
 125 5 30 5 125 5 30
2586 131072 0 37 208896 0 
  34359738369 1315051091194281984 1835136 0 50465891015 7916447985573822463 2031036 0 

trp_ottoman_dragoon_officer Sekban_Dragoon Officer 0 133170176 0 0 26 0 0
  1045 0 1799 0 1569 0 157 0 9 0 133 0 1923 0 398 0 -1 0 -1 0 -1 0 -1 0 -1 0 -1 0 -1 0 -1 0 -1 0 -1 0 -1 0 -1 0 -1 0 -1 0 -1 0 -1 0 -1 0 -1 0 -1 0 -1 0 -1 0 -1 0 -1 0 -1 0 -1 0 -1 0 -1 0 -1 0 -1 0 -1 0 -1 0 -1 0 -1 0 -1 0 -1 0 -1 0 -1 0 -1 0 -1 0 -1 0 -1 0 -1 0 -1 0 -1 0 -1 0 -1 0 -1 0 -1 0 -1 0 -1 0 -1 0 -1 0 -1 0 -1 0 -1 0 -1 0 
  12 10 15 15 20
 130 5 30 5 80 5 30
2586 131072 0 37 208896 0 
  34359738369 1315051091194281984 1835136 0 50465891015 7916447985573822463 2031036 0 

trp_ottoman_dragoon_trumpet Sekban_Dragoon Trumpeter 0 133170176 0 0 26 0 0
  1044 0 1798 0 1569 0 153 0 133 0 1922 0 -1 0 -1 0 -1 0 -1 0 -1 0 -1 0 -1 0 -1 0 -1 0 -1 0 -1 0 -1 0 -1 0 -1 0 -1 0 -1 0 -1 0 -1 0 -1 0 -1 0 -1 0 -1 0 -1 0 -1 0 -1 0 -1 0 -1 0 -1 0 -1 0 -1 0 -1 0 -1 0 -1 0 -1 0 -1 0 -1 0 -1 0 -1 0 -1 0 -1 0 -1 0 -1 0 -1 0 -1 0 -1 0 -1 0 -1 0 -1 0 -1 0 -1 0 -1 0 -1 0 -1 0 -1 0 -1 0 -1 0 -1 0 -1 0 
  12 10 15 15 20
 130 5 30 5 80 5 30
2586 131072 0 37 208896 0 
  34359738369 1315051091194281984 1835136 0 50465891015 7916447985573822463 2031036 0 

trp_ottoman_cuirassier Kapikulu_Sipahileri Cuirassier 0 133170176 0 0 12 0 0
  1032 0 1789 0 1565 0 132 0 1924 0 -1 0 -1 0 -1 0 -1 0 -1 0 -1 0 -1 0 -1 0 -1 0 -1 0 -1 0 -1 0 -1 0 -1 0 -1 0 -1 0 -1 0 -1 0 -1 0 -1 0 -1 0 -1 0 -1 0 -1 0 -1 0 -1 0 -1 0 -1 0 -1 0 -1 0 -1 0 -1 0 -1 0 -1 0 -1 0 -1 0 -1 0 -1 0 -1 0 -1 0 -1 0 -1 0 -1 0 -1 0 -1 0 -1 0 -1 0 -1 0 -1 0 -1 0 -1 0 -1 0 -1 0 -1 0 -1 0 -1 0 -1 0 -1 0 -1 0 
  12 10 15 15 20
 140 5 30 5 30 5 30
2586 131072 0 22 339968 0 
  34359738369 1315051091194281984 1835136 0 50465891015 7916447985573822463 2031036 0 

trp_ottoman_cuirassier_flag_bearer Kapikulu_Cuirassier Colour_Bearer 0 133170176 0 0 26 0 0
  1034 0 1789 0 1565 0 372 0 132 0 1925 0 -1 0 -1 0 -1 0 -1 0 -1 0 -1 0 -1 0 -1 0 -1 0 -1 0 -1 0 -1 0 -1 0 -1 0 -1 0 -1 0 -1 0 -1 0 -1 0 -1 0 -1 0 -1 0 -1 0 -1 0 -1 0 -1 0 -1 0 -1 0 -1 0 -1 0 -1 0 -1 0 -1 0 -1 0 -1 0 -1 0 -1 0 -1 0 -1 0 -1 0 -1 0 -1 0 -1 0 -1 0 -1 0 -1 0 -1 0 -1 0 -1 0 -1 0 -1 0 -1 0 -1 0 -1 0 -1 0 -1 0 -1 0 -1 0 
  12 10 15 15 20
 140 5 30 5 30 5 30
2586 131072 0 22 339968 0 
  34359738369 1315051091194281984 1835136 0 50465891015 7916447985573822463 2031036 0 

trp_ottoman_cuirassier_nco Kapikulu_Cuirassier Sergeant 0 133170176 0 0 26 0 0
  1034 0 1789 0 1565 0 132 0 1926 0 -1 0 -1 0 -1 0 -1 0 -1 0 -1 0 -1 0 -1 0 -1 0 -1 0 -1 0 -1 0 -1 0 -1 0 -1 0 -1 0 -1 0 -1 0 -1 0 -1 0 -1 0 -1 0 -1 0 -1 0 -1 0 -1 0 -1 0 -1 0 -1 0 -1 0 -1 0 -1 0 -1 0 -1 0 -1 0 -1 0 -1 0 -1 0 -1 0 -1 0 -1 0 -1 0 -1 0 -1 0 -1 0 -1 0 -1 0 -1 0 -1 0 -1 0 -1 0 -1 0 -1 0 -1 0 -1 0 -1 0 -1 0 -1 0 -1 0 
  12 10 15 15 20
 140 5 30 5 30 5 30
2586 131072 0 22 339968 0 
  34359738369 1315051091194281984 1835136 0 50465891015 7916447985573822463 2031036 0 

trp_ottoman_cuirassier_officer Kapikulu_Cuirassier Officer 0 133170176 0 0 26 0 0
  1033 0 1790 0 1566 0 9 0 157 0 132 0 1926 0 398 0 -1 0 -1 0 -1 0 -1 0 -1 0 -1 0 -1 0 -1 0 -1 0 -1 0 -1 0 -1 0 -1 0 -1 0 -1 0 -1 0 -1 0 -1 0 -1 0 -1 0 -1 0 -1 0 -1 0 -1 0 -1 0 -1 0 -1 0 -1 0 -1 0 -1 0 -1 0 -1 0 -1 0 -1 0 -1 0 -1 0 -1 0 -1 0 -1 0 -1 0 -1 0 -1 0 -1 0 -1 0 -1 0 -1 0 -1 0 -1 0 -1 0 -1 0 -1 0 -1 0 -1 0 -1 0 -1 0 -1 0 
  12 10 15 15 20
 140 5 30 5 30 5 30
2586 131072 0 22 339968 0 
  34359738369 1315051091194281984 1835136 0 50465891015 7916447985573822463 2031036 0 

trp_ottoman_cuirassier_trumpet Kapikulu_Cuirassier Trumpeter 0 133170176 0 0 26 0 0
  1035 0 1790 0 1565 0 153 0 132 0 1925 0 -1 0 -1 0 -1 0 -1 0 -1 0 -1 0 -1 0 -1 0 -1 0 -1 0 -1 0 -1 0 -1 0 -1 0 -1 0 -1 0 -1 0 -1 0 -1 0 -1 0 -1 0 -1 0 -1 0 -1 0 -1 0 -1 0 -1 0 -1 0 -1 0 -1 0 -1 0 -1 0 -1 0 -1 0 -1 0 -1 0 -1 0 -1 0 -1 0 -1 0 -1 0 -1 0 -1 0 -1 0 -1 0 -1 0 -1 0 -1 0 -1 0 -1 0 -1 0 -1 0 -1 0 -1 0 -1 0 -1 0 -1 0 -1 0 
  12 10 15 15 20
 140 5 30 5 30 5 30
2586 131072 0 22 339968 0 
  34359738369 1315051091194281984 1835136 0 50465891015 7916447985573822463 2031036 0 

trp_ottoman_heavy_cavalry Memlukler Heavy_Cavalry 0 133170176 0 0 12 0 0
  1040 0 1797 0 1555 0 132 0 1927 0 -1 0 -1 0 -1 0 -1 0 -1 0 -1 0 -1 0 -1 0 -1 0 -1 0 -1 0 -1 0 -1 0 -1 0 -1 0 -1 0 -1 0 -1 0 -1 0 -1 0 -1 0 -1 0 -1 0 -1 0 -1 0 -1 0 -1 0 -1 0 -1 0 -1 0 -1 0 -1 0 -1 0 -1 0 -1 0 -1 0 -1 0 -1 0 -1 0 -1 0 -1 0 -1 0 -1 0 -1 0 -1 0 -1 0 -1 0 -1 0 -1 0 -1 0 -1 0 -1 0 -1 0 -1 0 -1 0 -1 0 -1 0 -1 0 -1 0 
  12 10 15 15 20
 140 5 30 5 30 5 30
2586 131072 0 22 339968 0 
  34359738369 1315051091194281984 1835136 0 50465891015 7916447985573822463 2031036 0 

trp_ottoman_heavy_cavalry_flag_bearer Mamluk Colour_Bearer 0 133170176 0 0 26 0 0
  1042 0 1797 0 1555 0 371 0 132 0 1928 0 -1 0 -1 0 -1 0 -1 0 -1 0 -1 0 -1 0 -1 0 -1 0 -1 0 -1 0 -1 0 -1 0 -1 0 -1 0 -1 0 -1 0 -1 0 -1 0 -1 0 -1 0 -1 0 -1 0 -1 0 -1 0 -1 0 -1 0 -1 0 -1 0 -1 0 -1 0 -1 0 -1 0 -1 0 -1 0 -1 0 -1 0 -1 0 -1 0 -1 0 -1 0 -1 0 -1 0 -1 0 -1 0 -1 0 -1 0 -1 0 -1 0 -1 0 -1 0 -1 0 -1 0 -1 0 -1 0 -1 0 -1 0 -1 0 
  12 10 15 15 20
 140 5 30 5 30 5 30
2586 131072 0 22 339968 0 
  34359738369 1315051091194281984 1835136 0 50465891015 7916447985573822463 2031036 0 

trp_ottoman_heavy_cavalry_nco Mamluk Sergeant 0 133170176 0 0 26 0 0
  1042 0 1797 0 1555 0 132 0 1929 0 -1 0 -1 0 -1 0 -1 0 -1 0 -1 0 -1 0 -1 0 -1 0 -1 0 -1 0 -1 0 -1 0 -1 0 -1 0 -1 0 -1 0 -1 0 -1 0 -1 0 -1 0 -1 0 -1 0 -1 0 -1 0 -1 0 -1 0 -1 0 -1 0 -1 0 -1 0 -1 0 -1 0 -1 0 -1 0 -1 0 -1 0 -1 0 -1 0 -1 0 -1 0 -1 0 -1 0 -1 0 -1 0 -1 0 -1 0 -1 0 -1 0 -1 0 -1 0 -1 0 -1 0 -1 0 -1 0 -1 0 -1 0 -1 0 -1 0 
  12 10 15 15 20
 140 5 30 5 30 5 30
2586 131072 0 22 339968 0 
  34359738369 1315051091194281984 1835136 0 50465891015 7916447985573822463 2031036 0 

trp_ottoman_heavy_cavalry_officer Mamluk Officer 0 133170176 0 0 26 0 0
  1041 0 1797 0 1555 0 9 0 157 0 132 0 1929 0 398 0 -1 0 -1 0 -1 0 -1 0 -1 0 -1 0 -1 0 -1 0 -1 0 -1 0 -1 0 -1 0 -1 0 -1 0 -1 0 -1 0 -1 0 -1 0 -1 0 -1 0 -1 0 -1 0 -1 0 -1 0 -1 0 -1 0 -1 0 -1 0 -1 0 -1 0 -1 0 -1 0 -1 0 -1 0 -1 0 -1 0 -1 0 -1 0 -1 0 -1 0 -1 0 -1 0 -1 0 -1 0 -1 0 -1 0 -1 0 -1 0 -1 0 -1 0 -1 0 -1 0 -1 0 -1 0 -1 0 -1 0 
  12 10 15 15 20
 140 5 30 5 30 5 30
2586 131072 0 22 339968 0 
  34359738369 1315051091194281984 1835136 0 50465891015 7916447985573822463 2031036 0 

trp_ottoman_heavy_cavalry_trumpet Mamluk Trumpeter 0 133170176 0 0 26 0 0
  1043 0 1797 0 1555 0 153 0 132 0 1928 0 -1 0 -1 0 -1 0 -1 0 -1 0 -1 0 -1 0 -1 0 -1 0 -1 0 -1 0 -1 0 -1 0 -1 0 -1 0 -1 0 -1 0 -1 0 -1 0 -1 0 -1 0 -1 0 -1 0 -1 0 -1 0 -1 0 -1 0 -1 0 -1 0 -1 0 -1 0 -1 0 -1 0 -1 0 -1 0 -1 0 -1 0 -1 0 -1 0 -1 0 -1 0 -1 0 -1 0 -1 0 -1 0 -1 0 -1 0 -1 0 -1 0 -1 0 -1 0 -1 0 -1 0 -1 0 -1 0 -1 0 -1 0 -1 0 
  12 10 15 15 20
 140 5 30 5 30 5 30
2586 131072 0 22 339968 0 
  34359738369 1315051091194281984 1835136 0 50465891015 7916447985573822463 2031036 0 

trp_ottoman_camel_heavy_cav Develi_Muhafizlari Heavy_Camel_Cavalry 0 133170176 0 0 12 0 0
  1046 0 1798 0 1564 0 132 0 1936 0 -1 0 -1 0 -1 0 -1 0 -1 0 -1 0 -1 0 -1 0 -1 0 -1 0 -1 0 -1 0 -1 0 -1 0 -1 0 -1 0 -1 0 -1 0 -1 0 -1 0 -1 0 -1 0 -1 0 -1 0 -1 0 -1 0 -1 0 -1 0 -1 0 -1 0 -1 0 -1 0 -1 0 -1 0 -1 0 -1 0 -1 0 -1 0 -1 0 -1 0 -1 0 -1 0 -1 0 -1 0 -1 0 -1 0 -1 0 -1 0 -1 0 -1 0 -1 0 -1 0 -1 0 -1 0 -1 0 -1 0 -1 0 -1 0 -1 0 
  12 10 15 15 20
 160 5 30 5 30 5 30
2586 131072 0 22 208896 0 
  34359738369 1315051091194281984 1835136 0 50465891015 7916447985573822463 2031036 0 

trp_ottoman_camel_heavy_cav_flag_bearer Develi_Muhafizlari Colour_Bearer 0 133170176 0 0 26 0 0
  1046 0 1798 0 1564 0 370 0 132 0 1936 0 -1 0 -1 0 -1 0 -1 0 -1 0 -1 0 -1 0 -1 0 -1 0 -1 0 -1 0 -1 0 -1 0 -1 0 -1 0 -1 0 -1 0 -1 0 -1 0 -1 0 -1 0 -1 0 -1 0 -1 0 -1 0 -1 0 -1 0 -1 0 -1 0 -1 0 -1 0 -1 0 -1 0 -1 0 -1 0 -1 0 -1 0 -1 0 -1 0 -1 0 -1 0 -1 0 -1 0 -1 0 -1 0 -1 0 -1 0 -1 0 -1 0 -1 0 -1 0 -1 0 -1 0 -1 0 -1 0 -1 0 -1 0 -1 0 
  12 10 15 15 20
 160 5 30 5 30 5 30
2586 131072 0 22 208896 0 
  34359738369 1315051091194281984 1835136 0 50465891015 7916447985573822463 2031036 0 

trp_ottoman_camel_heavy_cav_nco Develi_Muhafizlari Sergeant 0 133170176 0 0 26 0 0
  1046 0 1798 0 1564 0 132 0 1936 0 -1 0 -1 0 -1 0 -1 0 -1 0 -1 0 -1 0 -1 0 -1 0 -1 0 -1 0 -1 0 -1 0 -1 0 -1 0 -1 0 -1 0 -1 0 -1 0 -1 0 -1 0 -1 0 -1 0 -1 0 -1 0 -1 0 -1 0 -1 0 -1 0 -1 0 -1 0 -1 0 -1 0 -1 0 -1 0 -1 0 -1 0 -1 0 -1 0 -1 0 -1 0 -1 0 -1 0 -1 0 -1 0 -1 0 -1 0 -1 0 -1 0 -1 0 -1 0 -1 0 -1 0 -1 0 -1 0 -1 0 -1 0 -1 0 -1 0 
  12 10 15 15 20
 160 5 30 5 30 5 30
2586 131072 0 22 208896 0 
  34359738369 1315051091194281984 1835136 0 50465891015 7916447985573822463 2031036 0 

trp_ottoman_camel_heavy_cav_officer Develi_Muhafizlari Officer 0 133170176 0 0 26 0 0
  1047 0 1799 0 1564 0 9 0 157 0 132 0 1936 0 398 0 -1 0 -1 0 -1 0 -1 0 -1 0 -1 0 -1 0 -1 0 -1 0 -1 0 -1 0 -1 0 -1 0 -1 0 -1 0 -1 0 -1 0 -1 0 -1 0 -1 0 -1 0 -1 0 -1 0 -1 0 -1 0 -1 0 -1 0 -1 0 -1 0 -1 0 -1 0 -1 0 -1 0 -1 0 -1 0 -1 0 -1 0 -1 0 -1 0 -1 0 -1 0 -1 0 -1 0 -1 0 -1 0 -1 0 -1 0 -1 0 -1 0 -1 0 -1 0 -1 0 -1 0 -1 0 -1 0 -1 0 
  12 10 15 15 20
 160 5 30 5 30 5 30
2586 131072 0 22 208896 0 
  34359738369 1315051091194281984 1835136 0 50465891015 7916447985573822463 2031036 0 

trp_ottoman_camel_heavy_cav_trumpet Develi_Muhafizlari Trumpeter 0 133170176 0 0 26 0 0
  1046 0 1798 0 1564 0 153 0 132 0 1936 0 -1 0 -1 0 -1 0 -1 0 -1 0 -1 0 -1 0 -1 0 -1 0 -1 0 -1 0 -1 0 -1 0 -1 0 -1 0 -1 0 -1 0 -1 0 -1 0 -1 0 -1 0 -1 0 -1 0 -1 0 -1 0 -1 0 -1 0 -1 0 -1 0 -1 0 -1 0 -1 0 -1 0 -1 0 -1 0 -1 0 -1 0 -1 0 -1 0 -1 0 -1 0 -1 0 -1 0 -1 0 -1 0 -1 0 -1 0 -1 0 -1 0 -1 0 -1 0 -1 0 -1 0 -1 0 -1 0 -1 0 -1 0 -1 0 
  12 10 15 15 20
 160 5 30 5 30 5 30
2586 131072 0 22 208896 0 
  34359738369 1315051091194281984 1835136 0 50465891015 7916447985573822463 2031036 0 

trp_ottoman_arty Topcu_Ocagi Artillery 0 133169152 0 0 12 0 0
  1017 0 1772 0 1550 0 396 0 395 0 127 0 -1 0 -1 0 -1 0 -1 0 -1 0 -1 0 -1 0 -1 0 -1 0 -1 0 -1 0 -1 0 -1 0 -1 0 -1 0 -1 0 -1 0 -1 0 -1 0 -1 0 -1 0 -1 0 -1 0 -1 0 -1 0 -1 0 -1 0 -1 0 -1 0 -1 0 -1 0 -1 0 -1 0 -1 0 -1 0 -1 0 -1 0 -1 0 -1 0 -1 0 -1 0 -1 0 -1 0 -1 0 -1 0 -1 0 -1 0 -1 0 -1 0 -1 0 -1 0 -1 0 -1 0 -1 0 -1 0 -1 0 -1 0 -1 0 
  15 15 15 15 20
 70 5 30 5 30 5 30
2586 131072 0 49 204800 0 
  34359738369 1315051091194281984 1835136 0 50465891015 7916447985573822463 2031036 0 

trp_ottoman_arty_guard Artillery_Guard Artillery_Guard 0 133169152 0 0 26 0 0
  1017 0 1772 0 1550 0 156 0 73 0 127 0 -1 0 -1 0 -1 0 -1 0 -1 0 -1 0 -1 0 -1 0 -1 0 -1 0 -1 0 -1 0 -1 0 -1 0 -1 0 -1 0 -1 0 -1 0 -1 0 -1 0 -1 0 -1 0 -1 0 -1 0 -1 0 -1 0 -1 0 -1 0 -1 0 -1 0 -1 0 -1 0 -1 0 -1 0 -1 0 -1 0 -1 0 -1 0 -1 0 -1 0 -1 0 -1 0 -1 0 -1 0 -1 0 -1 0 -1 0 -1 0 -1 0 -1 0 -1 0 -1 0 -1 0 -1 0 -1 0 -1 0 -1 0 -1 0 
  15 15 15 15 20
 70 5 30 5 30 5 30
2586 131072 0 49 204800 0 
  34359738369 1315051091194281984 1835136 0 50465891015 7916447985573822463 2031036 0 

trp_ottoman_arty_flag_bearer Artillery_Flag_bearer Colour_Bearer 0 133169152 0 0 26 0 0
  1017 0 1772 0 1550 0 375 0 127 0 -1 0 -1 0 -1 0 -1 0 -1 0 -1 0 -1 0 -1 0 -1 0 -1 0 -1 0 -1 0 -1 0 -1 0 -1 0 -1 0 -1 0 -1 0 -1 0 -1 0 -1 0 -1 0 -1 0 -1 0 -1 0 -1 0 -1 0 -1 0 -1 0 -1 0 -1 0 -1 0 -1 0 -1 0 -1 0 -1 0 -1 0 -1 0 -1 0 -1 0 -1 0 -1 0 -1 0 -1 0 -1 0 -1 0 -1 0 -1 0 -1 0 -1 0 -1 0 -1 0 -1 0 -1 0 -1 0 -1 0 -1 0 -1 0 -1 0 
  15 15 15 15 20
 70 5 30 5 30 5 30
2586 131072 0 49 204800 0 
  34359738369 1315051091194281984 1835136 0 50465891015 7916447985573822463 2031036 0 

trp_ottoman_arty_nco Artillerist Artillery_Train 0 133169152 0 0 26 0 0
  1019 0 1772 0 1550 0 395 0 127 0 1968 0 1984 0 2000 0 -1 0 -1 0 -1 0 -1 0 -1 0 -1 0 -1 0 -1 0 -1 0 -1 0 -1 0 -1 0 -1 0 -1 0 -1 0 -1 0 -1 0 -1 0 -1 0 -1 0 -1 0 -1 0 -1 0 -1 0 -1 0 -1 0 -1 0 -1 0 -1 0 -1 0 -1 0 -1 0 -1 0 -1 0 -1 0 -1 0 -1 0 -1 0 -1 0 -1 0 -1 0 -1 0 -1 0 -1 0 -1 0 -1 0 -1 0 -1 0 -1 0 -1 0 -1 0 -1 0 -1 0 -1 0 -1 0 -1 0 
  15 15 15 15 20
 80 5 30 5 30 5 30
2586 131072 0 49 204800 0 
  34359738369 1315051091194281984 1835136 0 50465891015 7916447985573822463 2031036 0 

trp_ottoman_arty_officer Artillerist Officer 0 133169152 0 0 26 0 0
  1018 0 1779 0 1552 0 131 0 395 0 398 0 -1 0 -1 0 -1 0 -1 0 -1 0 -1 0 -1 0 -1 0 -1 0 -1 0 -1 0 -1 0 -1 0 -1 0 -1 0 -1 0 -1 0 -1 0 -1 0 -1 0 -1 0 -1 0 -1 0 -1 0 -1 0 -1 0 -1 0 -1 0 -1 0 -1 0 -1 0 -1 0 -1 0 -1 0 -1 0 -1 0 -1 0 -1 0 -1 0 -1 0 -1 0 -1 0 -1 0 -1 0 -1 0 -1 0 -1 0 -1 0 -1 0 -1 0 -1 0 -1 0 -1 0 -1 0 -1 0 -1 0 -1 0 -1 0 
  15 15 15 15 20
 80 5 30 5 30 5 30
2586 131072 0 49 204800 0 
  34359738369 1315051091194281984 1835136 0 50465891015 7916447985573822463 2031036 0 

trp_ottoman_horseart Suvari_Topculari Artillery 0 133169152 0 0 12 0 0
  1049 0 1800 0 1571 0 396 0 395 0 127 0 1931 0 -1 0 -1 0 -1 0 -1 0 -1 0 -1 0 -1 0 -1 0 -1 0 -1 0 -1 0 -1 0 -1 0 -1 0 -1 0 -1 0 -1 0 -1 0 -1 0 -1 0 -1 0 -1 0 -1 0 -1 0 -1 0 -1 0 -1 0 -1 0 -1 0 -1 0 -1 0 -1 0 -1 0 -1 0 -1 0 -1 0 -1 0 -1 0 -1 0 -1 0 -1 0 -1 0 -1 0 -1 0 -1 0 -1 0 -1 0 -1 0 -1 0 -1 0 -1 0 -1 0 -1 0 -1 0 -1 0 -1 0 -1 0 
  15 15 15 15 20
 70 5 30 5 30 5 30
2586 131072 0 49 204800 0 
  34359738369 1315051091194281984 1835136 0 50465891015 7916447985573822463 2031036 0 

trp_ottoman_horseart_guard Artillery_Guard Artillery_Guard 0 133169152 0 0 26 0 0
  1049 0 1800 0 1571 0 156 0 73 0 127 0 1931 0 -1 0 -1 0 -1 0 -1 0 -1 0 -1 0 -1 0 -1 0 -1 0 -1 0 -1 0 -1 0 -1 0 -1 0 -1 0 -1 0 -1 0 -1 0 -1 0 -1 0 -1 0 -1 0 -1 0 -1 0 -1 0 -1 0 -1 0 -1 0 -1 0 -1 0 -1 0 -1 0 -1 0 -1 0 -1 0 -1 0 -1 0 -1 0 -1 0 -1 0 -1 0 -1 0 -1 0 -1 0 -1 0 -1 0 -1 0 -1 0 -1 0 -1 0 -1 0 -1 0 -1 0 -1 0 -1 0 -1 0 -1 0 
  15 15 15 15 20
 70 5 30 5 30 5 30
2586 131072 0 49 204800 0 
  34359738369 1315051091194281984 1835136 0 50465891015 7916447985573822463 2031036 0 

trp_ottoman_horseart_flag_bearer Artillery_Flag_bearer Colour_Bearer 0 133169152 0 0 26 0 0
  1049 0 1800 0 1571 0 376 0 127 0 1931 0 -1 0 -1 0 -1 0 -1 0 -1 0 -1 0 -1 0 -1 0 -1 0 -1 0 -1 0 -1 0 -1 0 -1 0 -1 0 -1 0 -1 0 -1 0 -1 0 -1 0 -1 0 -1 0 -1 0 -1 0 -1 0 -1 0 -1 0 -1 0 -1 0 -1 0 -1 0 -1 0 -1 0 -1 0 -1 0 -1 0 -1 0 -1 0 -1 0 -1 0 -1 0 -1 0 -1 0 -1 0 -1 0 -1 0 -1 0 -1 0 -1 0 -1 0 -1 0 -1 0 -1 0 -1 0 -1 0 -1 0 -1 0 -1 0 
  15 15 15 15 20
 70 5 30 5 30 5 30
2586 131072 0 49 204800 0 
  34359738369 1315051091194281984 1835136 0 50465891015 7916447985573822463 2031036 0 

trp_ottoman_horseart_nco French_Artillerist Artillery_Train 0 133169152 0 0 26 0 0
  1050 0 1800 0 1571 0 395 0 127 0 1976 0 1992 0 2008 0 -1 0 -1 0 -1 0 -1 0 -1 0 -1 0 -1 0 -1 0 -1 0 -1 0 -1 0 -1 0 -1 0 -1 0 -1 0 -1 0 -1 0 -1 0 -1 0 -1 0 -1 0 -1 0 -1 0 -1 0 -1 0 -1 0 -1 0 -1 0 -1 0 -1 0 -1 0 -1 0 -1 0 -1 0 -1 0 -1 0 -1 0 -1 0 -1 0 -1 0 -1 0 -1 0 -1 0 -1 0 -1 0 -1 0 -1 0 -1 0 -1 0 -1 0 -1 0 -1 0 -1 0 -1 0 -1 0 -1 0 
  15 15 15 15 20
 80 5 30 5 30 5 30
2586 131072 0 49 204800 0 
  34359738369 1315051091194281984 1835136 0 50465891015 7916447985573822463 2031036 0 

trp_ottoman_horseart_officer French_Artillerist Officer 0 133169152 0 0 26 0 0
  1051 0 1801 0 1571 0 131 0 395 0 398 0 1932 0 -1 0 -1 0 -1 0 -1 0 -1 0 -1 0 -1 0 -1 0 -1 0 -1 0 -1 0 -1 0 -1 0 -1 0 -1 0 -1 0 -1 0 -1 0 -1 0 -1 0 -1 0 -1 0 -1 0 -1 0 -1 0 -1 0 -1 0 -1 0 -1 0 -1 0 -1 0 -1 0 -1 0 -1 0 -1 0 -1 0 -1 0 -1 0 -1 0 -1 0 -1 0 -1 0 -1 0 -1 0 -1 0 -1 0 -1 0 -1 0 -1 0 -1 0 -1 0 -1 0 -1 0 -1 0 -1 0 -1 0 -1 0 
  15 15 15 15 20
 80 5 30 5 30 5 30
2586 131072 0 49 204800 0 
  34359738369 1315051091194281984 1835136 0 50465891015 7916447985573822463 2031036 0 

trp_ottoman_medic Hekim Surgeon 0 133169152 0 0 12 0 0
  1023 0 1788 0 1559 0 136 0 408 0 156 0 73 0 -1 0 -1 0 -1 0 -1 0 -1 0 -1 0 -1 0 -1 0 -1 0 -1 0 -1 0 -1 0 -1 0 -1 0 -1 0 -1 0 -1 0 -1 0 -1 0 -1 0 -1 0 -1 0 -1 0 -1 0 -1 0 -1 0 -1 0 -1 0 -1 0 -1 0 -1 0 -1 0 -1 0 -1 0 -1 0 -1 0 -1 0 -1 0 -1 0 -1 0 -1 0 -1 0 -1 0 -1 0 -1 0 -1 0 -1 0 -1 0 -1 0 -1 0 -1 0 -1 0 -1 0 -1 0 -1 0 -1 0 -1 0 
  15 15 15 15 20
 70 5 30 5 30 5 30
2586 131072 0 48 204800 0 
  34359738369 1315051091194281984 1835136 0 50465891015 7916447985573822463 2031036 0 

trp_ottoman_sapper Lagimci Engineer 0 133169152 0 0 12 0 0
  1022 0 1787 0 1559 0 136 0 410 0 412 0 413 0 -1 0 -1 0 -1 0 -1 0 -1 0 -1 0 -1 0 -1 0 -1 0 -1 0 -1 0 -1 0 -1 0 -1 0 -1 0 -1 0 -1 0 -1 0 -1 0 -1 0 -1 0 -1 0 -1 0 -1 0 -1 0 -1 0 -1 0 -1 0 -1 0 -1 0 -1 0 -1 0 -1 0 -1 0 -1 0 -1 0 -1 0 -1 0 -1 0 -1 0 -1 0 -1 0 -1 0 -1 0 -1 0 -1 0 -1 0 -1 0 -1 0 -1 0 -1 0 -1 0 -1 0 -1 0 -1 0 -1 0 -1 0 
  15 15 15 15 20
 70 5 30 5 30 5 30
2586 131072 0 48 204800 0 
  34359738369 1315051091194281984 1835136 0 50465891015 7916447985573822463 2031036 0 

trp_ottoman_horse_sapper Lagimci Engineer_with_horse 0 133169152 0 0 26 0 0
  1022 0 1787 0 1559 0 136 0 410 0 412 0 413 0 1931 0 -1 0 -1 0 -1 0 -1 0 -1 0 -1 0 -1 0 -1 0 -1 0 -1 0 -1 0 -1 0 -1 0 -1 0 -1 0 -1 0 -1 0 -1 0 -1 0 -1 0 -1 0 -1 0 -1 0 -1 0 -1 0 -1 0 -1 0 -1 0 -1 0 -1 0 -1 0 -1 0 -1 0 -1 0 -1 0 -1 0 -1 0 -1 0 -1 0 -1 0 -1 0 -1 0 -1 0 -1 0 -1 0 -1 0 -1 0 -1 0 -1 0 -1 0 -1 0 -1 0 -1 0 -1 0 -1 0 -1 0 
  15 15 15 15 20
 70 5 30 5 30 5 30
2586 131072 0 49 204800 0 
  34359738369 1315051091194281984 1835136 0 50465891015 7916447985573822463 2031036 0 

trp_ottoman_ship_marine Leventler Marine 0 133169152 0 0 12 0 0
  1020 0 1785 0 1555 0 73 0 156 0 126 0 -1 0 -1 0 -1 0 -1 0 -1 0 -1 0 -1 0 -1 0 -1 0 -1 0 -1 0 -1 0 -1 0 -1 0 -1 0 -1 0 -1 0 -1 0 -1 0 -1 0 -1 0 -1 0 -1 0 -1 0 -1 0 -1 0 -1 0 -1 0 -1 0 -1 0 -1 0 -1 0 -1 0 -1 0 -1 0 -1 0 -1 0 -1 0 -1 0 -1 0 -1 0 -1 0 -1 0 -1 0 -1 0 -1 0 -1 0 -1 0 -1 0 -1 0 -1 0 -1 0 -1 0 -1 0 -1 0 -1 0 -1 0 -1 0 
  15 15 15 15 20
 50 5 130 5 150 5 30
2586 131072 0 48 208896 0 
  34359738369 1315051091194281984 1835136 0 50465891015 7916447985573822463 2031036 0 

trp_ottoman_ship_flag_bearer Ship_Crew Ship_Flag_bearer 0 133169152 0 0 26 0 0
  1020 0 1785 0 1555 0 367 0 126 0 -1 0 -1 0 -1 0 -1 0 -1 0 -1 0 -1 0 -1 0 -1 0 -1 0 -1 0 -1 0 -1 0 -1 0 -1 0 -1 0 -1 0 -1 0 -1 0 -1 0 -1 0 -1 0 -1 0 -1 0 -1 0 -1 0 -1 0 -1 0 -1 0 -1 0 -1 0 -1 0 -1 0 -1 0 -1 0 -1 0 -1 0 -1 0 -1 0 -1 0 -1 0 -1 0 -1 0 -1 0 -1 0 -1 0 -1 0 -1 0 -1 0 -1 0 -1 0 -1 0 -1 0 -1 0 -1 0 -1 0 -1 0 -1 0 -1 0 
  15 15 15 15 20
 50 5 130 5 150 5 30
2586 131072 0 48 208896 0 
  34359738369 1315051091194281984 1835136 0 50465891015 7916447985573822463 2031036 0 

trp_ottoman_ship Ship_Crew Ship_Crew 0 133169152 0 0 26 0 0
  1786 0 1555 0 126 0 136 0 101 0 108 0 187 0 187 0 187 0 187 0 188 0 189 0 189 0 186 0 156 0 35 0 157 0 9 0 9 0 9 0 -1 0 -1 0 -1 0 -1 0 -1 0 -1 0 -1 0 -1 0 -1 0 -1 0 -1 0 -1 0 -1 0 -1 0 -1 0 -1 0 -1 0 -1 0 -1 0 -1 0 -1 0 -1 0 -1 0 -1 0 -1 0 -1 0 -1 0 -1 0 -1 0 -1 0 -1 0 -1 0 -1 0 -1 0 -1 0 -1 0 -1 0 -1 0 -1 0 -1 0 -1 0 -1 0 -1 0 -1 0 
  15 15 15 15 20
 80 5 80 5 130 80 30
2586 131072 0 48 208896 0 
  34359738369 1315051091194281984 1835136 0 50465891015 7916447985573822463 2031036 0 

trp_ottoman_ship_cannon Ship_Crew Naval_Artillery 0 133169152 0 0 26 0 0
  1786 0 1555 0 396 0 395 0 126 0 -1 0 -1 0 -1 0 -1 0 -1 0 -1 0 -1 0 -1 0 -1 0 -1 0 -1 0 -1 0 -1 0 -1 0 -1 0 -1 0 -1 0 -1 0 -1 0 -1 0 -1 0 -1 0 -1 0 -1 0 -1 0 -1 0 -1 0 -1 0 -1 0 -1 0 -1 0 -1 0 -1 0 -1 0 -1 0 -1 0 -1 0 -1 0 -1 0 -1 0 -1 0 -1 0 -1 0 -1 0 -1 0 -1 0 -1 0 -1 0 -1 0 -1 0 -1 0 -1 0 -1 0 -1 0 -1 0 -1 0 -1 0 -1 0 -1 0 
  15 15 15 15 20
 80 5 80 5 130 80 30
2586 131072 0 49 208896 0 
  34359738369 1315051091194281984 1835136 0 50465891015 7916447985573822463 2031036 0 

trp_ottoman_ship_captain Ship_Crew Captain 0 133169152 0 0 26 0 0
  1021 0 1785 0 1555 0 131 0 9 0 157 0 398 0 -1 0 -1 0 -1 0 -1 0 -1 0 -1 0 -1 0 -1 0 -1 0 -1 0 -1 0 -1 0 -1 0 -1 0 -1 0 -1 0 -1 0 -1 0 -1 0 -1 0 -1 0 -1 0 -1 0 -1 0 -1 0 -1 0 -1 0 -1 0 -1 0 -1 0 -1 0 -1 0 -1 0 -1 0 -1 0 -1 0 -1 0 -1 0 -1 0 -1 0 -1 0 -1 0 -1 0 -1 0 -1 0 -1 0 -1 0 -1 0 -1 0 -1 0 -1 0 -1 0 -1 0 -1 0 -1 0 -1 0 -1 0 
  15 15 15 15 20
 80 5 80 5 50 5 30
2586 131072 0 48 200704 0 
  34359738369 1315051091194281984 1835136 0 50465891015 7916447985573822463 2031036 0 

trp_ottoman_pasha Cezzar_Ahmet_Pasa Commander 0 133170176 0 0 12 0 0
  1048 0 1776 0 1570 0 132 0 137 0 1930 0 1819 0 398 0 -1 0 -1 0 -1 0 -1 0 -1 0 -1 0 -1 0 -1 0 -1 0 -1 0 -1 0 -1 0 -1 0 -1 0 -1 0 -1 0 -1 0 -1 0 -1 0 -1 0 -1 0 -1 0 -1 0 -1 0 -1 0 -1 0 -1 0 -1 0 -1 0 -1 0 -1 0 -1 0 -1 0 -1 0 -1 0 -1 0 -1 0 -1 0 -1 0 -1 0 -1 0 -1 0 -1 0 -1 0 -1 0 -1 0 -1 0 -1 0 -1 0 -1 0 -1 0 -1 0 -1 0 -1 0 -1 0 -1 0 
  12 10 15 15 20
 130 5 30 5 30 5 30
2586 131072 0 22 339968 0 
  34359738369 1315051091194281984 1835136 0 50465891015 7916447985573822463 2031036 0 

trp_italian_infantry1 1°_Reggimento_di_Fanteria_di_Linea_'Mantova' Line_Infantry 0 133169152 0 0 13 0 0
  1052 0 1803 0 1572 0 156 0 59 0 88 0 -1 0 -1 0 -1 0 -1 0 -1 0 -1 0 -1 0 -1 0 -1 0 -1 0 -1 0 -1 0 -1 0 -1 0 -1 0 -1 0 -1 0 -1 0 -1 0 -1 0 -1 0 -1 0 -1 0 -1 0 -1 0 -1 0 -1 0 -1 0 -1 0 -1 0 -1 0 -1 0 -1 0 -1 0 -1 0 -1 0 -1 0 -1 0 -1 0 -1 0 -1 0 -1 0 -1 0 -1 0 -1 0 -1 0 -1 0 -1 0 -1 0 -1 0 -1 0 -1 0 -1 0 -1 0 -1 0 -1 0 -1 0 -1 0 
  15 15 15 15 20
 50 5 130 5 150 5 30
2586 131072 0 48 208896 0 
  34359738369 1315051091194281984 1835136 0 50465891015 7916447985573822463 2031036 0 

trp_italian_infantry1_flag_bearer Italian_Line_Infantry Eagle_Bearer 0 133169152 0 0 27 0 0
  1053 0 1803 0 1573 0 377 0 88 0 -1 0 -1 0 -1 0 -1 0 -1 0 -1 0 -1 0 -1 0 -1 0 -1 0 -1 0 -1 0 -1 0 -1 0 -1 0 -1 0 -1 0 -1 0 -1 0 -1 0 -1 0 -1 0 -1 0 -1 0 -1 0 -1 0 -1 0 -1 0 -1 0 -1 0 -1 0 -1 0 -1 0 -1 0 -1 0 -1 0 -1 0 -1 0 -1 0 -1 0 -1 0 -1 0 -1 0 -1 0 -1 0 -1 0 -1 0 -1 0 -1 0 -1 0 -1 0 -1 0 -1 0 -1 0 -1 0 -1 0 -1 0 -1 0 -1 0 
  15 15 15 15 20
 80 5 80 5 50 5 30
2586 131072 0 48 208896 0 
  34359738369 1315051091194281984 1835136 0 50465891015 7916447985573822463 2031036 0 

trp_italian_infantry1_nco Italian_Line_Infantry Sergeant 0 133169152 0 0 27 0 0
  1053 0 1803 0 1573 0 156 0 59 0 88 0 -1 0 -1 0 -1 0 -1 0 -1 0 -1 0 -1 0 -1 0 -1 0 -1 0 -1 0 -1 0 -1 0 -1 0 -1 0 -1 0 -1 0 -1 0 -1 0 -1 0 -1 0 -1 0 -1 0 -1 0 -1 0 -1 0 -1 0 -1 0 -1 0 -1 0 -1 0 -1 0 -1 0 -1 0 -1 0 -1 0 -1 0 -1 0 -1 0 -1 0 -1 0 -1 0 -1 0 -1 0 -1 0 -1 0 -1 0 -1 0 -1 0 -1 0 -1 0 -1 0 -1 0 -1 0 -1 0 -1 0 -1 0 -1 0 
  15 15 15 15 20
 50 5 130 5 150 5 30
2586 131072 0 48 208896 0 
  34359738369 1315051091194281984 1835136 0 50465891015 7916447985573822463 2031036 0 

trp_italian_infantry1_officer Italian_Line_Infantry Officer 0 133169152 0 0 27 0 0
  1054 0 1807 0 1573 0 84 0 157 0 3 0 5 0 1819 0 398 0 -1 0 -1 0 -1 0 -1 0 -1 0 -1 0 -1 0 -1 0 -1 0 -1 0 -1 0 -1 0 -1 0 -1 0 -1 0 -1 0 -1 0 -1 0 -1 0 -1 0 -1 0 -1 0 -1 0 -1 0 -1 0 -1 0 -1 0 -1 0 -1 0 -1 0 -1 0 -1 0 -1 0 -1 0 -1 0 -1 0 -1 0 -1 0 -1 0 -1 0 -1 0 -1 0 -1 0 -1 0 -1 0 -1 0 -1 0 -1 0 -1 0 -1 0 -1 0 -1 0 -1 0 -1 0 -1 0 
  15 15 15 15 20
 80 5 80 5 50 5 30
2586 131072 0 48 208896 0 
  34359738369 1315051091194281984 1835136 0 50465891015 7916447985573822463 2031036 0 

trp_italian_infantry1_drum Italian_Line_Infantry Drummer 0 133169152 0 0 27 0 0
  1055 0 1803 0 1572 0 1820 0 150 0 88 0 -1 0 -1 0 -1 0 -1 0 -1 0 -1 0 -1 0 -1 0 -1 0 -1 0 -1 0 -1 0 -1 0 -1 0 -1 0 -1 0 -1 0 -1 0 -1 0 -1 0 -1 0 -1 0 -1 0 -1 0 -1 0 -1 0 -1 0 -1 0 -1 0 -1 0 -1 0 -1 0 -1 0 -1 0 -1 0 -1 0 -1 0 -1 0 -1 0 -1 0 -1 0 -1 0 -1 0 -1 0 -1 0 -1 0 -1 0 -1 0 -1 0 -1 0 -1 0 -1 0 -1 0 -1 0 -1 0 -1 0 -1 0 -1 0 
  15 15 15 15 20
 80 5 80 5 50 5 30
2586 131072 0 48 208896 0 
  34359738369 1315051091194281984 1835136 0 50465891015 7916447985573822463 2031036 0 

trp_italian_infantry1_flute Italian_Line_Infantry Fifer 0 133169152 0 0 27 0 0
  1056 0 1803 0 1572 0 151 0 88 0 -1 0 -1 0 -1 0 -1 0 -1 0 -1 0 -1 0 -1 0 -1 0 -1 0 -1 0 -1 0 -1 0 -1 0 -1 0 -1 0 -1 0 -1 0 -1 0 -1 0 -1 0 -1 0 -1 0 -1 0 -1 0 -1 0 -1 0 -1 0 -1 0 -1 0 -1 0 -1 0 -1 0 -1 0 -1 0 -1 0 -1 0 -1 0 -1 0 -1 0 -1 0 -1 0 -1 0 -1 0 -1 0 -1 0 -1 0 -1 0 -1 0 -1 0 -1 0 -1 0 -1 0 -1 0 -1 0 -1 0 -1 0 -1 0 -1 0 
  15 15 15 15 20
 80 5 80 5 50 5 30
2586 131072 0 48 208896 0 
  34359738369 1315051091194281984 1835136 0 50465891015 7916447985573822463 2031036 0 

trp_italian_infantry2 2°_Reggimento_di_Fanteria_di_Linea_'Ferrara' Line_Infantry 0 133169152 0 0 13 0 0
  1057 0 1803 0 1575 0 156 0 59 0 88 0 -1 0 -1 0 -1 0 -1 0 -1 0 -1 0 -1 0 -1 0 -1 0 -1 0 -1 0 -1 0 -1 0 -1 0 -1 0 -1 0 -1 0 -1 0 -1 0 -1 0 -1 0 -1 0 -1 0 -1 0 -1 0 -1 0 -1 0 -1 0 -1 0 -1 0 -1 0 -1 0 -1 0 -1 0 -1 0 -1 0 -1 0 -1 0 -1 0 -1 0 -1 0 -1 0 -1 0 -1 0 -1 0 -1 0 -1 0 -1 0 -1 0 -1 0 -1 0 -1 0 -1 0 -1 0 -1 0 -1 0 -1 0 -1 0 
  15 15 15 15 20
 50 5 130 5 150 5 30
2586 131072 0 48 208896 0 
  34359738369 1315051091194281984 1835136 0 50465891015 7916447985573822463 2031036 0 

trp_italian_infantry2_flag_bearer Italian_Line_Infantry Eagle_Bearer 0 133169152 0 0 27 0 0
  1058 0 1804 0 1576 0 378 0 88 0 -1 0 -1 0 -1 0 -1 0 -1 0 -1 0 -1 0 -1 0 -1 0 -1 0 -1 0 -1 0 -1 0 -1 0 -1 0 -1 0 -1 0 -1 0 -1 0 -1 0 -1 0 -1 0 -1 0 -1 0 -1 0 -1 0 -1 0 -1 0 -1 0 -1 0 -1 0 -1 0 -1 0 -1 0 -1 0 -1 0 -1 0 -1 0 -1 0 -1 0 -1 0 -1 0 -1 0 -1 0 -1 0 -1 0 -1 0 -1 0 -1 0 -1 0 -1 0 -1 0 -1 0 -1 0 -1 0 -1 0 -1 0 -1 0 -1 0 
  15 15 15 15 20
 80 5 80 5 50 5 30
2586 131072 0 48 208896 0 
  34359738369 1315051091194281984 1835136 0 50465891015 7916447985573822463 2031036 0 

trp_italian_infantry2_nco Italian_Line_Infantry Sergeant 0 133169152 0 0 27 0 0
  1058 0 1804 0 1576 0 156 0 59 0 88 0 -1 0 -1 0 -1 0 -1 0 -1 0 -1 0 -1 0 -1 0 -1 0 -1 0 -1 0 -1 0 -1 0 -1 0 -1 0 -1 0 -1 0 -1 0 -1 0 -1 0 -1 0 -1 0 -1 0 -1 0 -1 0 -1 0 -1 0 -1 0 -1 0 -1 0 -1 0 -1 0 -1 0 -1 0 -1 0 -1 0 -1 0 -1 0 -1 0 -1 0 -1 0 -1 0 -1 0 -1 0 -1 0 -1 0 -1 0 -1 0 -1 0 -1 0 -1 0 -1 0 -1 0 -1 0 -1 0 -1 0 -1 0 -1 0 
  15 15 15 15 20
 50 5 130 5 150 5 30
2586 131072 0 48 208896 0 
  34359738369 1315051091194281984 1835136 0 50465891015 7916447985573822463 2031036 0 

trp_italian_infantry2_officer Italian_Line_Infantry Officer 0 133169152 0 0 27 0 0
  1059 0 1807 0 1576 0 84 0 157 0 3 0 5 0 1819 0 398 0 -1 0 -1 0 -1 0 -1 0 -1 0 -1 0 -1 0 -1 0 -1 0 -1 0 -1 0 -1 0 -1 0 -1 0 -1 0 -1 0 -1 0 -1 0 -1 0 -1 0 -1 0 -1 0 -1 0 -1 0 -1 0 -1 0 -1 0 -1 0 -1 0 -1 0 -1 0 -1 0 -1 0 -1 0 -1 0 -1 0 -1 0 -1 0 -1 0 -1 0 -1 0 -1 0 -1 0 -1 0 -1 0 -1 0 -1 0 -1 0 -1 0 -1 0 -1 0 -1 0 -1 0 -1 0 -1 0 
  15 15 15 15 20
 80 5 80 5 50 5 30
2586 131072 0 48 208896 0 
  34359738369 1315051091194281984 1835136 0 50465891015 7916447985573822463 2031036 0 

trp_italian_infantry2_drum Italian_Line_Infantry Drummer 0 133169152 0 0 27 0 0
  1060 0 1803 0 1575 0 1820 0 150 0 88 0 -1 0 -1 0 -1 0 -1 0 -1 0 -1 0 -1 0 -1 0 -1 0 -1 0 -1 0 -1 0 -1 0 -1 0 -1 0 -1 0 -1 0 -1 0 -1 0 -1 0 -1 0 -1 0 -1 0 -1 0 -1 0 -1 0 -1 0 -1 0 -1 0 -1 0 -1 0 -1 0 -1 0 -1 0 -1 0 -1 0 -1 0 -1 0 -1 0 -1 0 -1 0 -1 0 -1 0 -1 0 -1 0 -1 0 -1 0 -1 0 -1 0 -1 0 -1 0 -1 0 -1 0 -1 0 -1 0 -1 0 -1 0 -1 0 
  15 15 15 15 20
 80 5 80 5 50 5 30
2586 131072 0 48 208896 0 
  34359738369 1315051091194281984 1835136 0 50465891015 7916447985573822463 2031036 0 

trp_italian_infantry2_flute Italian_Line_Infantry Fifer 0 133169152 0 0 27 0 0
  1061 0 1803 0 1575 0 151 0 88 0 -1 0 -1 0 -1 0 -1 0 -1 0 -1 0 -1 0 -1 0 -1 0 -1 0 -1 0 -1 0 -1 0 -1 0 -1 0 -1 0 -1 0 -1 0 -1 0 -1 0 -1 0 -1 0 -1 0 -1 0 -1 0 -1 0 -1 0 -1 0 -1 0 -1 0 -1 0 -1 0 -1 0 -1 0 -1 0 -1 0 -1 0 -1 0 -1 0 -1 0 -1 0 -1 0 -1 0 -1 0 -1 0 -1 0 -1 0 -1 0 -1 0 -1 0 -1 0 -1 0 -1 0 -1 0 -1 0 -1 0 -1 0 -1 0 -1 0 
  15 15 15 15 20
 80 5 80 5 50 5 30
2586 131072 0 48 208896 0 
  34359738369 1315051091194281984 1835136 0 50465891015 7916447985573822463 2031036 0 

trp_italian_infantry3 3°_Reggimento_di_Fanteria_di_Linea_'Milano' Line_Infantry 0 133169152 0 0 13 0 0
  1062 0 1803 0 1578 0 156 0 59 0 88 0 -1 0 -1 0 -1 0 -1 0 -1 0 -1 0 -1 0 -1 0 -1 0 -1 0 -1 0 -1 0 -1 0 -1 0 -1 0 -1 0 -1 0 -1 0 -1 0 -1 0 -1 0 -1 0 -1 0 -1 0 -1 0 -1 0 -1 0 -1 0 -1 0 -1 0 -1 0 -1 0 -1 0 -1 0 -1 0 -1 0 -1 0 -1 0 -1 0 -1 0 -1 0 -1 0 -1 0 -1 0 -1 0 -1 0 -1 0 -1 0 -1 0 -1 0 -1 0 -1 0 -1 0 -1 0 -1 0 -1 0 -1 0 -1 0 
  15 15 15 15 20
 50 5 130 5 150 5 30
2586 131072 0 48 208896 0 
  34359738369 1315051091194281984 1835136 0 50465891015 7916447985573822463 2031036 0 

trp_italian_infantry3_flag_bearer Italian_Line_Infantry Eagle_Bearer 0 133169152 0 0 27 0 0
  1063 0 1804 0 1579 0 379 0 88 0 -1 0 -1 0 -1 0 -1 0 -1 0 -1 0 -1 0 -1 0 -1 0 -1 0 -1 0 -1 0 -1 0 -1 0 -1 0 -1 0 -1 0 -1 0 -1 0 -1 0 -1 0 -1 0 -1 0 -1 0 -1 0 -1 0 -1 0 -1 0 -1 0 -1 0 -1 0 -1 0 -1 0 -1 0 -1 0 -1 0 -1 0 -1 0 -1 0 -1 0 -1 0 -1 0 -1 0 -1 0 -1 0 -1 0 -1 0 -1 0 -1 0 -1 0 -1 0 -1 0 -1 0 -1 0 -1 0 -1 0 -1 0 -1 0 -1 0 
  15 15 15 15 20
 80 5 80 5 50 5 30
2586 131072 0 48 208896 0 
  34359738369 1315051091194281984 1835136 0 50465891015 7916447985573822463 2031036 0 

trp_italian_infantry3_nco Italian_Line_Infantry Sergeant 0 133169152 0 0 27 0 0
  1063 0 1804 0 1579 0 156 0 59 0 88 0 -1 0 -1 0 -1 0 -1 0 -1 0 -1 0 -1 0 -1 0 -1 0 -1 0 -1 0 -1 0 -1 0 -1 0 -1 0 -1 0 -1 0 -1 0 -1 0 -1 0 -1 0 -1 0 -1 0 -1 0 -1 0 -1 0 -1 0 -1 0 -1 0 -1 0 -1 0 -1 0 -1 0 -1 0 -1 0 -1 0 -1 0 -1 0 -1 0 -1 0 -1 0 -1 0 -1 0 -1 0 -1 0 -1 0 -1 0 -1 0 -1 0 -1 0 -1 0 -1 0 -1 0 -1 0 -1 0 -1 0 -1 0 -1 0 
  15 15 15 15 20
 50 5 130 5 150 5 30
2586 131072 0 48 208896 0 
  34359738369 1315051091194281984 1835136 0 50465891015 7916447985573822463 2031036 0 

trp_italian_infantry3_officer Italian_Line_Infantry Officer 0 133169152 0 0 27 0 0
  1064 0 1807 0 1579 0 84 0 157 0 3 0 5 0 1819 0 398 0 -1 0 -1 0 -1 0 -1 0 -1 0 -1 0 -1 0 -1 0 -1 0 -1 0 -1 0 -1 0 -1 0 -1 0 -1 0 -1 0 -1 0 -1 0 -1 0 -1 0 -1 0 -1 0 -1 0 -1 0 -1 0 -1 0 -1 0 -1 0 -1 0 -1 0 -1 0 -1 0 -1 0 -1 0 -1 0 -1 0 -1 0 -1 0 -1 0 -1 0 -1 0 -1 0 -1 0 -1 0 -1 0 -1 0 -1 0 -1 0 -1 0 -1 0 -1 0 -1 0 -1 0 -1 0 -1 0 
  15 15 15 15 20
 80 5 80 5 50 5 30
2586 131072 0 48 208896 0 
  34359738369 1315051091194281984 1835136 0 50465891015 7916447985573822463 2031036 0 

trp_italian_infantry3_drum Italian_Line_Infantry Drummer 0 133169152 0 0 27 0 0
  1065 0 1803 0 1578 0 1820 0 150 0 88 0 -1 0 -1 0 -1 0 -1 0 -1 0 -1 0 -1 0 -1 0 -1 0 -1 0 -1 0 -1 0 -1 0 -1 0 -1 0 -1 0 -1 0 -1 0 -1 0 -1 0 -1 0 -1 0 -1 0 -1 0 -1 0 -1 0 -1 0 -1 0 -1 0 -1 0 -1 0 -1 0 -1 0 -1 0 -1 0 -1 0 -1 0 -1 0 -1 0 -1 0 -1 0 -1 0 -1 0 -1 0 -1 0 -1 0 -1 0 -1 0 -1 0 -1 0 -1 0 -1 0 -1 0 -1 0 -1 0 -1 0 -1 0 -1 0 
  15 15 15 15 20
 80 5 80 5 50 5 30
2586 131072 0 48 208896 0 
  34359738369 1315051091194281984 1835136 0 50465891015 7916447985573822463 2031036 0 

trp_italian_infantry3_flute Italian_Line_Infantry Fifer 0 133169152 0 0 27 0 0
  1066 0 1803 0 1578 0 151 0 88 0 -1 0 -1 0 -1 0 -1 0 -1 0 -1 0 -1 0 -1 0 -1 0 -1 0 -1 0 -1 0 -1 0 -1 0 -1 0 -1 0 -1 0 -1 0 -1 0 -1 0 -1 0 -1 0 -1 0 -1 0 -1 0 -1 0 -1 0 -1 0 -1 0 -1 0 -1 0 -1 0 -1 0 -1 0 -1 0 -1 0 -1 0 -1 0 -1 0 -1 0 -1 0 -1 0 -1 0 -1 0 -1 0 -1 0 -1 0 -1 0 -1 0 -1 0 -1 0 -1 0 -1 0 -1 0 -1 0 -1 0 -1 0 -1 0 -1 0 
  15 15 15 15 20
 80 5 80 5 50 5 30
2586 131072 0 48 208896 0 
  34359738369 1315051091194281984 1835136 0 50465891015 7916447985573822463 2031036 0 

trp_italian_infantry4 Coscritti_della_Guardia_Reale Line_Infantry 0 133169152 0 0 13 0 0
  1067 0 1803 0 1581 0 156 0 59 0 88 0 -1 0 -1 0 -1 0 -1 0 -1 0 -1 0 -1 0 -1 0 -1 0 -1 0 -1 0 -1 0 -1 0 -1 0 -1 0 -1 0 -1 0 -1 0 -1 0 -1 0 -1 0 -1 0 -1 0 -1 0 -1 0 -1 0 -1 0 -1 0 -1 0 -1 0 -1 0 -1 0 -1 0 -1 0 -1 0 -1 0 -1 0 -1 0 -1 0 -1 0 -1 0 -1 0 -1 0 -1 0 -1 0 -1 0 -1 0 -1 0 -1 0 -1 0 -1 0 -1 0 -1 0 -1 0 -1 0 -1 0 -1 0 -1 0 
  15 15 15 15 20
 50 5 130 5 150 5 30
2586 131072 0 48 208896 0 
  34359738369 1315051091194281984 1835136 0 50465891015 7916447985573822463 2031036 0 

trp_italian_infantry4_flag_bearer Italian_Line_Infantry Eagle_Bearer 0 133169152 0 0 27 0 0
  1068 0 1804 0 1583 0 380 0 88 0 -1 0 -1 0 -1 0 -1 0 -1 0 -1 0 -1 0 -1 0 -1 0 -1 0 -1 0 -1 0 -1 0 -1 0 -1 0 -1 0 -1 0 -1 0 -1 0 -1 0 -1 0 -1 0 -1 0 -1 0 -1 0 -1 0 -1 0 -1 0 -1 0 -1 0 -1 0 -1 0 -1 0 -1 0 -1 0 -1 0 -1 0 -1 0 -1 0 -1 0 -1 0 -1 0 -1 0 -1 0 -1 0 -1 0 -1 0 -1 0 -1 0 -1 0 -1 0 -1 0 -1 0 -1 0 -1 0 -1 0 -1 0 -1 0 -1 0 
  15 15 15 15 20
 80 5 80 5 50 5 30
2586 131072 0 48 208896 0 
  34359738369 1315051091194281984 1835136 0 50465891015 7916447985573822463 2031036 0 

trp_italian_infantry4_nco Italian_Line_Infantry Sergeant 0 133169152 0 0 27 0 0
  1068 0 1804 0 1583 0 156 0 59 0 88 0 -1 0 -1 0 -1 0 -1 0 -1 0 -1 0 -1 0 -1 0 -1 0 -1 0 -1 0 -1 0 -1 0 -1 0 -1 0 -1 0 -1 0 -1 0 -1 0 -1 0 -1 0 -1 0 -1 0 -1 0 -1 0 -1 0 -1 0 -1 0 -1 0 -1 0 -1 0 -1 0 -1 0 -1 0 -1 0 -1 0 -1 0 -1 0 -1 0 -1 0 -1 0 -1 0 -1 0 -1 0 -1 0 -1 0 -1 0 -1 0 -1 0 -1 0 -1 0 -1 0 -1 0 -1 0 -1 0 -1 0 -1 0 -1 0 
  15 15 15 15 20
 50 5 130 5 150 5 30
2586 131072 0 48 208896 0 
  34359738369 1315051091194281984 1835136 0 50465891015 7916447985573822463 2031036 0 

trp_italian_infantry4_officer Italian_Line_Infantry Officer 0 133169152 0 0 27 0 0
  1069 0 1807 0 1583 0 84 0 157 0 3 0 5 0 1819 0 398 0 -1 0 -1 0 -1 0 -1 0 -1 0 -1 0 -1 0 -1 0 -1 0 -1 0 -1 0 -1 0 -1 0 -1 0 -1 0 -1 0 -1 0 -1 0 -1 0 -1 0 -1 0 -1 0 -1 0 -1 0 -1 0 -1 0 -1 0 -1 0 -1 0 -1 0 -1 0 -1 0 -1 0 -1 0 -1 0 -1 0 -1 0 -1 0 -1 0 -1 0 -1 0 -1 0 -1 0 -1 0 -1 0 -1 0 -1 0 -1 0 -1 0 -1 0 -1 0 -1 0 -1 0 -1 0 -1 0 
  15 15 15 15 20
 80 5 80 5 50 5 30
2586 131072 0 48 208896 0 
  34359738369 1315051091194281984 1835136 0 50465891015 7916447985573822463 2031036 0 

trp_italian_infantry4_drum Italian_Line_Infantry Drummer 0 133169152 0 0 27 0 0
  1070 0 1803 0 1581 0 1820 0 150 0 88 0 -1 0 -1 0 -1 0 -1 0 -1 0 -1 0 -1 0 -1 0 -1 0 -1 0 -1 0 -1 0 -1 0 -1 0 -1 0 -1 0 -1 0 -1 0 -1 0 -1 0 -1 0 -1 0 -1 0 -1 0 -1 0 -1 0 -1 0 -1 0 -1 0 -1 0 -1 0 -1 0 -1 0 -1 0 -1 0 -1 0 -1 0 -1 0 -1 0 -1 0 -1 0 -1 0 -1 0 -1 0 -1 0 -1 0 -1 0 -1 0 -1 0 -1 0 -1 0 -1 0 -1 0 -1 0 -1 0 -1 0 -1 0 -1 0 
  15 15 15 15 20
 80 5 80 5 50 5 30
2586 131072 0 48 208896 0 
  34359738369 1315051091194281984 1835136 0 50465891015 7916447985573822463 2031036 0 

trp_italian_infantry4_flute Italian_Line_Infantry Fifer 0 133169152 0 0 27 0 0
  1071 0 1803 0 1581 0 151 0 88 0 -1 0 -1 0 -1 0 -1 0 -1 0 -1 0 -1 0 -1 0 -1 0 -1 0 -1 0 -1 0 -1 0 -1 0 -1 0 -1 0 -1 0 -1 0 -1 0 -1 0 -1 0 -1 0 -1 0 -1 0 -1 0 -1 0 -1 0 -1 0 -1 0 -1 0 -1 0 -1 0 -1 0 -1 0 -1 0 -1 0 -1 0 -1 0 -1 0 -1 0 -1 0 -1 0 -1 0 -1 0 -1 0 -1 0 -1 0 -1 0 -1 0 -1 0 -1 0 -1 0 -1 0 -1 0 -1 0 -1 0 -1 0 -1 0 -1 0 
  15 15 15 15 20
 80 5 80 5 50 5 30
2586 131072 0 48 208896 0 
  34359738369 1315051091194281984 1835136 0 50465891015 7916447985573822463 2031036 0 

trp_italian_infantry5 Reggimento_Coloniale Line_Infantry 0 133169152 0 0 13 0 0
  1072 0 1809 0 1585 0 156 0 59 0 88 0 -1 0 -1 0 -1 0 -1 0 -1 0 -1 0 -1 0 -1 0 -1 0 -1 0 -1 0 -1 0 -1 0 -1 0 -1 0 -1 0 -1 0 -1 0 -1 0 -1 0 -1 0 -1 0 -1 0 -1 0 -1 0 -1 0 -1 0 -1 0 -1 0 -1 0 -1 0 -1 0 -1 0 -1 0 -1 0 -1 0 -1 0 -1 0 -1 0 -1 0 -1 0 -1 0 -1 0 -1 0 -1 0 -1 0 -1 0 -1 0 -1 0 -1 0 -1 0 -1 0 -1 0 -1 0 -1 0 -1 0 -1 0 -1 0 
  15 15 15 15 20
 50 5 130 5 150 5 30
2586 131072 0 48 208896 0 
  34359738369 1315051091194281984 1835136 0 50465891015 7916447985573822463 2031036 0 

trp_italian_infantry5_flag_bearer Italian_Line_Infantry Eagle_Bearer 0 133169152 0 0 27 0 0
  1073 0 1809 0 1586 0 381 0 88 0 -1 0 -1 0 -1 0 -1 0 -1 0 -1 0 -1 0 -1 0 -1 0 -1 0 -1 0 -1 0 -1 0 -1 0 -1 0 -1 0 -1 0 -1 0 -1 0 -1 0 -1 0 -1 0 -1 0 -1 0 -1 0 -1 0 -1 0 -1 0 -1 0 -1 0 -1 0 -1 0 -1 0 -1 0 -1 0 -1 0 -1 0 -1 0 -1 0 -1 0 -1 0 -1 0 -1 0 -1 0 -1 0 -1 0 -1 0 -1 0 -1 0 -1 0 -1 0 -1 0 -1 0 -1 0 -1 0 -1 0 -1 0 -1 0 -1 0 
  15 15 15 15 20
 80 5 80 5 50 5 30
2586 131072 0 48 208896 0 
  34359738369 1315051091194281984 1835136 0 50465891015 7916447985573822463 2031036 0 

trp_italian_infantry5_nco Italian_Line_Infantry Sergeant 0 133169152 0 0 27 0 0
  1073 0 1809 0 1586 0 156 0 59 0 88 0 -1 0 -1 0 -1 0 -1 0 -1 0 -1 0 -1 0 -1 0 -1 0 -1 0 -1 0 -1 0 -1 0 -1 0 -1 0 -1 0 -1 0 -1 0 -1 0 -1 0 -1 0 -1 0 -1 0 -1 0 -1 0 -1 0 -1 0 -1 0 -1 0 -1 0 -1 0 -1 0 -1 0 -1 0 -1 0 -1 0 -1 0 -1 0 -1 0 -1 0 -1 0 -1 0 -1 0 -1 0 -1 0 -1 0 -1 0 -1 0 -1 0 -1 0 -1 0 -1 0 -1 0 -1 0 -1 0 -1 0 -1 0 -1 0 
  15 15 15 15 20
 50 5 130 5 150 5 30
2586 131072 0 48 208896 0 
  34359738369 1315051091194281984 1835136 0 50465891015 7916447985573822463 2031036 0 

trp_italian_infantry5_officer Italian_Line_Infantry Officer 0 133169152 0 0 27 0 0
  1074 0 1809 0 1586 0 84 0 157 0 3 0 5 0 1819 0 398 0 -1 0 -1 0 -1 0 -1 0 -1 0 -1 0 -1 0 -1 0 -1 0 -1 0 -1 0 -1 0 -1 0 -1 0 -1 0 -1 0 -1 0 -1 0 -1 0 -1 0 -1 0 -1 0 -1 0 -1 0 -1 0 -1 0 -1 0 -1 0 -1 0 -1 0 -1 0 -1 0 -1 0 -1 0 -1 0 -1 0 -1 0 -1 0 -1 0 -1 0 -1 0 -1 0 -1 0 -1 0 -1 0 -1 0 -1 0 -1 0 -1 0 -1 0 -1 0 -1 0 -1 0 -1 0 -1 0 
  15 15 15 15 20
 80 5 80 5 50 5 30
2586 131072 0 48 208896 0 
  34359738369 1315051091194281984 1835136 0 50465891015 7916447985573822463 2031036 0 

trp_italian_infantry5_drum Italian_Line_Infantry Drummer 0 133169152 0 0 27 0 0
  1075 0 1809 0 1585 0 1820 0 150 0 88 0 -1 0 -1 0 -1 0 -1 0 -1 0 -1 0 -1 0 -1 0 -1 0 -1 0 -1 0 -1 0 -1 0 -1 0 -1 0 -1 0 -1 0 -1 0 -1 0 -1 0 -1 0 -1 0 -1 0 -1 0 -1 0 -1 0 -1 0 -1 0 -1 0 -1 0 -1 0 -1 0 -1 0 -1 0 -1 0 -1 0 -1 0 -1 0 -1 0 -1 0 -1 0 -1 0 -1 0 -1 0 -1 0 -1 0 -1 0 -1 0 -1 0 -1 0 -1 0 -1 0 -1 0 -1 0 -1 0 -1 0 -1 0 -1 0 
  15 15 15 15 20
 80 5 80 5 50 5 30
2586 131072 0 48 208896 0 
  34359738369 1315051091194281984 1835136 0 50465891015 7916447985573822463 2031036 0 

trp_italian_infantry5_flute Italian_Line_Infantry Fifer 0 133169152 0 0 27 0 0
  1076 0 1809 0 1585 0 151 0 88 0 -1 0 -1 0 -1 0 -1 0 -1 0 -1 0 -1 0 -1 0 -1 0 -1 0 -1 0 -1 0 -1 0 -1 0 -1 0 -1 0 -1 0 -1 0 -1 0 -1 0 -1 0 -1 0 -1 0 -1 0 -1 0 -1 0 -1 0 -1 0 -1 0 -1 0 -1 0 -1 0 -1 0 -1 0 -1 0 -1 0 -1 0 -1 0 -1 0 -1 0 -1 0 -1 0 -1 0 -1 0 -1 0 -1 0 -1 0 -1 0 -1 0 -1 0 -1 0 -1 0 -1 0 -1 0 -1 0 -1 0 -1 0 -1 0 -1 0 
  15 15 15 15 20
 80 5 80 5 50 5 30
2586 131072 0 48 208896 0 
  34359738369 1315051091194281984 1835136 0 50465891015 7916447985573822463 2031036 0 

trp_italian_foot_guard1 Granatieri_a_Piedi_Della_Guardia_Reale Foot_Guard 0 133169152 0 0 13 0 0
  1077 0 1808 0 1588 0 156 0 61 0 79 0 -1 0 -1 0 -1 0 -1 0 -1 0 -1 0 -1 0 -1 0 -1 0 -1 0 -1 0 -1 0 -1 0 -1 0 -1 0 -1 0 -1 0 -1 0 -1 0 -1 0 -1 0 -1 0 -1 0 -1 0 -1 0 -1 0 -1 0 -1 0 -1 0 -1 0 -1 0 -1 0 -1 0 -1 0 -1 0 -1 0 -1 0 -1 0 -1 0 -1 0 -1 0 -1 0 -1 0 -1 0 -1 0 -1 0 -1 0 -1 0 -1 0 -1 0 -1 0 -1 0 -1 0 -1 0 -1 0 -1 0 -1 0 -1 0 
  15 15 15 15 20
 50 5 145 5 150 5 30
2586 131072 0 48 208896 0 
  34359738369 1315051091194281984 1835136 0 50465891015 7916447985573822463 2031036 0 

trp_italian_foot_guard1_flag_bearer Italian_Grenadier_Guard Eagle_Bearer 0 133169152 0 0 27 0 0
  1078 0 1806 0 1590 0 382 0 79 0 -1 0 -1 0 -1 0 -1 0 -1 0 -1 0 -1 0 -1 0 -1 0 -1 0 -1 0 -1 0 -1 0 -1 0 -1 0 -1 0 -1 0 -1 0 -1 0 -1 0 -1 0 -1 0 -1 0 -1 0 -1 0 -1 0 -1 0 -1 0 -1 0 -1 0 -1 0 -1 0 -1 0 -1 0 -1 0 -1 0 -1 0 -1 0 -1 0 -1 0 -1 0 -1 0 -1 0 -1 0 -1 0 -1 0 -1 0 -1 0 -1 0 -1 0 -1 0 -1 0 -1 0 -1 0 -1 0 -1 0 -1 0 -1 0 -1 0 
  15 15 15 15 20
 80 5 80 5 50 5 30
2586 131072 0 48 208896 0 
  34359738369 1315051091194281984 1835136 0 50465891015 7916447985573822463 2031036 0 

trp_italian_foot_guard1_nco Italian_Grenadier_Guard Sergeant 0 133169152 0 0 27 0 0
  1078 0 1806 0 1590 0 156 0 61 0 79 0 -1 0 -1 0 -1 0 -1 0 -1 0 -1 0 -1 0 -1 0 -1 0 -1 0 -1 0 -1 0 -1 0 -1 0 -1 0 -1 0 -1 0 -1 0 -1 0 -1 0 -1 0 -1 0 -1 0 -1 0 -1 0 -1 0 -1 0 -1 0 -1 0 -1 0 -1 0 -1 0 -1 0 -1 0 -1 0 -1 0 -1 0 -1 0 -1 0 -1 0 -1 0 -1 0 -1 0 -1 0 -1 0 -1 0 -1 0 -1 0 -1 0 -1 0 -1 0 -1 0 -1 0 -1 0 -1 0 -1 0 -1 0 -1 0 
  15 15 15 15 20
 50 5 145 5 150 5 30
2586 131072 0 48 208896 0 
  34359738369 1315051091194281984 1835136 0 50465891015 7916447985573822463 2031036 0 

trp_italian_foot_guard1_officer Italian_Grenadier_Guard Officer 0 133169152 0 0 27 0 0
  1079 0 1806 0 1592 0 82 0 157 0 3 0 5 0 1819 0 398 0 -1 0 -1 0 -1 0 -1 0 -1 0 -1 0 -1 0 -1 0 -1 0 -1 0 -1 0 -1 0 -1 0 -1 0 -1 0 -1 0 -1 0 -1 0 -1 0 -1 0 -1 0 -1 0 -1 0 -1 0 -1 0 -1 0 -1 0 -1 0 -1 0 -1 0 -1 0 -1 0 -1 0 -1 0 -1 0 -1 0 -1 0 -1 0 -1 0 -1 0 -1 0 -1 0 -1 0 -1 0 -1 0 -1 0 -1 0 -1 0 -1 0 -1 0 -1 0 -1 0 -1 0 -1 0 -1 0 
  15 15 15 15 20
 80 5 80 5 50 5 30
2586 131072 0 48 208896 0 
  34359738369 1315051091194281984 1835136 0 50465891015 7916447985573822463 2031036 0 

trp_italian_foot_guard1_drum Italian_Grenadier_Guard Drummer 0 133169152 0 0 27 0 0
  1080 0 1808 0 1588 0 1820 0 150 0 79 0 -1 0 -1 0 -1 0 -1 0 -1 0 -1 0 -1 0 -1 0 -1 0 -1 0 -1 0 -1 0 -1 0 -1 0 -1 0 -1 0 -1 0 -1 0 -1 0 -1 0 -1 0 -1 0 -1 0 -1 0 -1 0 -1 0 -1 0 -1 0 -1 0 -1 0 -1 0 -1 0 -1 0 -1 0 -1 0 -1 0 -1 0 -1 0 -1 0 -1 0 -1 0 -1 0 -1 0 -1 0 -1 0 -1 0 -1 0 -1 0 -1 0 -1 0 -1 0 -1 0 -1 0 -1 0 -1 0 -1 0 -1 0 -1 0 
  15 15 15 15 20
 80 5 80 5 50 5 30
2586 131072 0 48 208896 0 
  34359738369 1315051091194281984 1835136 0 50465891015 7916447985573822463 2031036 0 

trp_italian_foot_guard1_flute Italian_Grenadier_Guard Fifer 0 133169152 0 0 27 0 0
  1081 0 1808 0 1588 0 151 0 79 0 1819 0 -1 0 -1 0 -1 0 -1 0 -1 0 -1 0 -1 0 -1 0 -1 0 -1 0 -1 0 -1 0 -1 0 -1 0 -1 0 -1 0 -1 0 -1 0 -1 0 -1 0 -1 0 -1 0 -1 0 -1 0 -1 0 -1 0 -1 0 -1 0 -1 0 -1 0 -1 0 -1 0 -1 0 -1 0 -1 0 -1 0 -1 0 -1 0 -1 0 -1 0 -1 0 -1 0 -1 0 -1 0 -1 0 -1 0 -1 0 -1 0 -1 0 -1 0 -1 0 -1 0 -1 0 -1 0 -1 0 -1 0 -1 0 -1 0 
  15 15 15 15 20
 80 5 80 5 50 5 30
2586 131072 0 48 208896 0 
  34359738369 1315051091194281984 1835136 0 50465891015 7916447985573822463 2031036 0 

trp_italian_foot_guard2 Veliti_Della_Guardia_Reale Foot_Guard 0 133169152 0 0 13 0 0
  1082 0 1808 0 1588 0 156 0 61 0 79 0 -1 0 -1 0 -1 0 -1 0 -1 0 -1 0 -1 0 -1 0 -1 0 -1 0 -1 0 -1 0 -1 0 -1 0 -1 0 -1 0 -1 0 -1 0 -1 0 -1 0 -1 0 -1 0 -1 0 -1 0 -1 0 -1 0 -1 0 -1 0 -1 0 -1 0 -1 0 -1 0 -1 0 -1 0 -1 0 -1 0 -1 0 -1 0 -1 0 -1 0 -1 0 -1 0 -1 0 -1 0 -1 0 -1 0 -1 0 -1 0 -1 0 -1 0 -1 0 -1 0 -1 0 -1 0 -1 0 -1 0 -1 0 -1 0 
  15 15 15 15 20
 50 5 145 5 150 5 30
2586 131072 0 48 208896 0 
  34359738369 1315051091194281984 1835136 0 50465891015 7916447985573822463 2031036 0 

trp_italian_foot_guard2_flag_bearer Italian_Guard Eagle_Bearer 0 133169152 0 0 27 0 0
  1083 0 1806 0 1590 0 383 0 79 0 -1 0 -1 0 -1 0 -1 0 -1 0 -1 0 -1 0 -1 0 -1 0 -1 0 -1 0 -1 0 -1 0 -1 0 -1 0 -1 0 -1 0 -1 0 -1 0 -1 0 -1 0 -1 0 -1 0 -1 0 -1 0 -1 0 -1 0 -1 0 -1 0 -1 0 -1 0 -1 0 -1 0 -1 0 -1 0 -1 0 -1 0 -1 0 -1 0 -1 0 -1 0 -1 0 -1 0 -1 0 -1 0 -1 0 -1 0 -1 0 -1 0 -1 0 -1 0 -1 0 -1 0 -1 0 -1 0 -1 0 -1 0 -1 0 -1 0 
  15 15 15 15 20
 80 5 80 5 50 5 30
2586 131072 0 48 208896 0 
  34359738369 1315051091194281984 1835136 0 50465891015 7916447985573822463 2031036 0 

trp_italian_foot_guard2_nco Italian_Guard Sergeant 0 133169152 0 0 27 0 0
  1083 0 1806 0 1590 0 156 0 61 0 79 0 -1 0 -1 0 -1 0 -1 0 -1 0 -1 0 -1 0 -1 0 -1 0 -1 0 -1 0 -1 0 -1 0 -1 0 -1 0 -1 0 -1 0 -1 0 -1 0 -1 0 -1 0 -1 0 -1 0 -1 0 -1 0 -1 0 -1 0 -1 0 -1 0 -1 0 -1 0 -1 0 -1 0 -1 0 -1 0 -1 0 -1 0 -1 0 -1 0 -1 0 -1 0 -1 0 -1 0 -1 0 -1 0 -1 0 -1 0 -1 0 -1 0 -1 0 -1 0 -1 0 -1 0 -1 0 -1 0 -1 0 -1 0 -1 0 
  15 15 15 15 20
 50 5 145 5 150 5 30
2586 131072 0 48 208896 0 
  34359738369 1315051091194281984 1835136 0 50465891015 7916447985573822463 2031036 0 

trp_italian_foot_guard2_officer Italian_Guard Officer 0 133169152 0 0 27 0 0
  1084 0 1806 0 1592 0 82 0 157 0 3 0 5 0 1819 0 398 0 -1 0 -1 0 -1 0 -1 0 -1 0 -1 0 -1 0 -1 0 -1 0 -1 0 -1 0 -1 0 -1 0 -1 0 -1 0 -1 0 -1 0 -1 0 -1 0 -1 0 -1 0 -1 0 -1 0 -1 0 -1 0 -1 0 -1 0 -1 0 -1 0 -1 0 -1 0 -1 0 -1 0 -1 0 -1 0 -1 0 -1 0 -1 0 -1 0 -1 0 -1 0 -1 0 -1 0 -1 0 -1 0 -1 0 -1 0 -1 0 -1 0 -1 0 -1 0 -1 0 -1 0 -1 0 -1 0 
  15 15 15 15 20
 80 5 80 5 50 5 30
2586 131072 0 48 208896 0 
  34359738369 1315051091194281984 1835136 0 50465891015 7916447985573822463 2031036 0 

trp_italian_foot_guard2_drum Italian_Guard Drummer 0 133169152 0 0 27 0 0
  1085 0 1808 0 1588 0 1820 0 150 0 79 0 -1 0 -1 0 -1 0 -1 0 -1 0 -1 0 -1 0 -1 0 -1 0 -1 0 -1 0 -1 0 -1 0 -1 0 -1 0 -1 0 -1 0 -1 0 -1 0 -1 0 -1 0 -1 0 -1 0 -1 0 -1 0 -1 0 -1 0 -1 0 -1 0 -1 0 -1 0 -1 0 -1 0 -1 0 -1 0 -1 0 -1 0 -1 0 -1 0 -1 0 -1 0 -1 0 -1 0 -1 0 -1 0 -1 0 -1 0 -1 0 -1 0 -1 0 -1 0 -1 0 -1 0 -1 0 -1 0 -1 0 -1 0 -1 0 
  15 15 15 15 20
 80 5 80 5 50 5 30
2586 131072 0 48 208896 0 
  34359738369 1315051091194281984 1835136 0 50465891015 7916447985573822463 2031036 0 

trp_italian_foot_guard2_flute Italian_Guard Fifer 0 133169152 0 0 27 0 0
  1086 0 1808 0 1588 0 151 0 79 0 1819 0 -1 0 -1 0 -1 0 -1 0 -1 0 -1 0 -1 0 -1 0 -1 0 -1 0 -1 0 -1 0 -1 0 -1 0 -1 0 -1 0 -1 0 -1 0 -1 0 -1 0 -1 0 -1 0 -1 0 -1 0 -1 0 -1 0 -1 0 -1 0 -1 0 -1 0 -1 0 -1 0 -1 0 -1 0 -1 0 -1 0 -1 0 -1 0 -1 0 -1 0 -1 0 -1 0 -1 0 -1 0 -1 0 -1 0 -1 0 -1 0 -1 0 -1 0 -1 0 -1 0 -1 0 -1 0 -1 0 -1 0 -1 0 -1 0 
  15 15 15 15 20
 80 5 80 5 50 5 30
2586 131072 0 48 208896 0 
  34359738369 1315051091194281984 1835136 0 50465891015 7916447985573822463 2031036 0 

trp_italian_foot_guard3 Guardia_Nazionale_di_Milano Foot_Guard 0 133169152 0 0 13 0 0
  1087 0 1808 0 1594 0 156 0 61 0 79 0 -1 0 -1 0 -1 0 -1 0 -1 0 -1 0 -1 0 -1 0 -1 0 -1 0 -1 0 -1 0 -1 0 -1 0 -1 0 -1 0 -1 0 -1 0 -1 0 -1 0 -1 0 -1 0 -1 0 -1 0 -1 0 -1 0 -1 0 -1 0 -1 0 -1 0 -1 0 -1 0 -1 0 -1 0 -1 0 -1 0 -1 0 -1 0 -1 0 -1 0 -1 0 -1 0 -1 0 -1 0 -1 0 -1 0 -1 0 -1 0 -1 0 -1 0 -1 0 -1 0 -1 0 -1 0 -1 0 -1 0 -1 0 -1 0 
  15 15 15 15 20
 50 5 145 5 150 5 30
2586 131072 0 48 208896 0 
  34359738369 1315051091194281984 1835136 0 50465891015 7916447985573822463 2031036 0 

trp_italian_foot_guard3_flag_bearer Italian_Guard Eagle_Bearer 0 133169152 0 0 27 0 0
  1088 0 1806 0 1594 0 384 0 79 0 -1 0 -1 0 -1 0 -1 0 -1 0 -1 0 -1 0 -1 0 -1 0 -1 0 -1 0 -1 0 -1 0 -1 0 -1 0 -1 0 -1 0 -1 0 -1 0 -1 0 -1 0 -1 0 -1 0 -1 0 -1 0 -1 0 -1 0 -1 0 -1 0 -1 0 -1 0 -1 0 -1 0 -1 0 -1 0 -1 0 -1 0 -1 0 -1 0 -1 0 -1 0 -1 0 -1 0 -1 0 -1 0 -1 0 -1 0 -1 0 -1 0 -1 0 -1 0 -1 0 -1 0 -1 0 -1 0 -1 0 -1 0 -1 0 -1 0 
  15 15 15 15 20
 80 5 80 5 50 5 30
2586 131072 0 48 208896 0 
  34359738369 1315051091194281984 1835136 0 50465891015 7916447985573822463 2031036 0 

trp_italian_foot_guard3_nco Italian_Guard Sergeant 0 133169152 0 0 27 0 0
  1088 0 1806 0 1594 0 156 0 61 0 79 0 -1 0 -1 0 -1 0 -1 0 -1 0 -1 0 -1 0 -1 0 -1 0 -1 0 -1 0 -1 0 -1 0 -1 0 -1 0 -1 0 -1 0 -1 0 -1 0 -1 0 -1 0 -1 0 -1 0 -1 0 -1 0 -1 0 -1 0 -1 0 -1 0 -1 0 -1 0 -1 0 -1 0 -1 0 -1 0 -1 0 -1 0 -1 0 -1 0 -1 0 -1 0 -1 0 -1 0 -1 0 -1 0 -1 0 -1 0 -1 0 -1 0 -1 0 -1 0 -1 0 -1 0 -1 0 -1 0 -1 0 -1 0 -1 0 
  15 15 15 15 20
 50 5 145 5 150 5 30
2586 131072 0 48 208896 0 
  34359738369 1315051091194281984 1835136 0 50465891015 7916447985573822463 2031036 0 

trp_italian_foot_guard3_officer Italian_Guard Officer 0 133169152 0 0 27 0 0
  1089 0 1806 0 1594 0 82 0 157 0 3 0 5 0 1819 0 398 0 -1 0 -1 0 -1 0 -1 0 -1 0 -1 0 -1 0 -1 0 -1 0 -1 0 -1 0 -1 0 -1 0 -1 0 -1 0 -1 0 -1 0 -1 0 -1 0 -1 0 -1 0 -1 0 -1 0 -1 0 -1 0 -1 0 -1 0 -1 0 -1 0 -1 0 -1 0 -1 0 -1 0 -1 0 -1 0 -1 0 -1 0 -1 0 -1 0 -1 0 -1 0 -1 0 -1 0 -1 0 -1 0 -1 0 -1 0 -1 0 -1 0 -1 0 -1 0 -1 0 -1 0 -1 0 -1 0 
  15 15 15 15 20
 80 5 80 5 50 5 30
2586 131072 0 48 208896 0 
  34359738369 1315051091194281984 1835136 0 50465891015 7916447985573822463 2031036 0 

trp_italian_foot_guard3_drum Italian_Guard Drummer 0 133169152 0 0 27 0 0
  1090 0 1808 0 1594 0 1820 0 150 0 79 0 -1 0 -1 0 -1 0 -1 0 -1 0 -1 0 -1 0 -1 0 -1 0 -1 0 -1 0 -1 0 -1 0 -1 0 -1 0 -1 0 -1 0 -1 0 -1 0 -1 0 -1 0 -1 0 -1 0 -1 0 -1 0 -1 0 -1 0 -1 0 -1 0 -1 0 -1 0 -1 0 -1 0 -1 0 -1 0 -1 0 -1 0 -1 0 -1 0 -1 0 -1 0 -1 0 -1 0 -1 0 -1 0 -1 0 -1 0 -1 0 -1 0 -1 0 -1 0 -1 0 -1 0 -1 0 -1 0 -1 0 -1 0 -1 0 
  15 15 15 15 20
 80 5 80 5 50 5 30
2586 131072 0 48 208896 0 
  34359738369 1315051091194281984 1835136 0 50465891015 7916447985573822463 2031036 0 

trp_italian_foot_guard3_flute Italian_Guard Fifer 0 133169152 0 0 27 0 0
  1091 0 1808 0 1594 0 151 0 79 0 1819 0 -1 0 -1 0 -1 0 -1 0 -1 0 -1 0 -1 0 -1 0 -1 0 -1 0 -1 0 -1 0 -1 0 -1 0 -1 0 -1 0 -1 0 -1 0 -1 0 -1 0 -1 0 -1 0 -1 0 -1 0 -1 0 -1 0 -1 0 -1 0 -1 0 -1 0 -1 0 -1 0 -1 0 -1 0 -1 0 -1 0 -1 0 -1 0 -1 0 -1 0 -1 0 -1 0 -1 0 -1 0 -1 0 -1 0 -1 0 -1 0 -1 0 -1 0 -1 0 -1 0 -1 0 -1 0 -1 0 -1 0 -1 0 -1 0 
  15 15 15 15 20
 80 5 80 5 50 5 30
2586 131072 0 48 208896 0 
  34359738369 1315051091194281984 1835136 0 50465891015 7916447985573822463 2031036 0 

trp_italian_light 3°_Reggimento_di_Fanteria_Leggera_'Real_Bresciano' Light_Infantry 0 133169152 0 0 13 0 0
  1092 0 1810 0 1596 0 156 0 59 0 21 0 88 0 -1 0 -1 0 -1 0 -1 0 -1 0 -1 0 -1 0 -1 0 -1 0 -1 0 -1 0 -1 0 -1 0 -1 0 -1 0 -1 0 -1 0 -1 0 -1 0 -1 0 -1 0 -1 0 -1 0 -1 0 -1 0 -1 0 -1 0 -1 0 -1 0 -1 0 -1 0 -1 0 -1 0 -1 0 -1 0 -1 0 -1 0 -1 0 -1 0 -1 0 -1 0 -1 0 -1 0 -1 0 -1 0 -1 0 -1 0 -1 0 -1 0 -1 0 -1 0 -1 0 -1 0 -1 0 -1 0 -1 0 -1 0 
  15 15 15 15 20
 50 5 90 5 206 5 30
2586 131072 0 48 135168 0 
  34359738369 1315051091194281984 1835136 0 50465891015 7916447985573822463 2031036 0 

trp_italian_light_flag_bearer Italian_Light_Infantry Eagle_Bearer 0 133169152 0 0 27 0 0
  1093 0 1810 0 1596 0 385 0 88 0 -1 0 -1 0 -1 0 -1 0 -1 0 -1 0 -1 0 -1 0 -1 0 -1 0 -1 0 -1 0 -1 0 -1 0 -1 0 -1 0 -1 0 -1 0 -1 0 -1 0 -1 0 -1 0 -1 0 -1 0 -1 0 -1 0 -1 0 -1 0 -1 0 -1 0 -1 0 -1 0 -1 0 -1 0 -1 0 -1 0 -1 0 -1 0 -1 0 -1 0 -1 0 -1 0 -1 0 -1 0 -1 0 -1 0 -1 0 -1 0 -1 0 -1 0 -1 0 -1 0 -1 0 -1 0 -1 0 -1 0 -1 0 -1 0 -1 0 
  15 15 15 15 20
 80 5 80 5 50 5 30
2586 131072 0 48 135168 0 
  34359738369 1315051091194281984 1835136 0 50465891015 7916447985573822463 2031036 0 

trp_italian_light_nco Italian_Light_Infantry Sergeant 0 133169152 0 0 27 0 0
  1093 0 1810 0 1596 0 156 0 59 0 21 0 88 0 -1 0 -1 0 -1 0 -1 0 -1 0 -1 0 -1 0 -1 0 -1 0 -1 0 -1 0 -1 0 -1 0 -1 0 -1 0 -1 0 -1 0 -1 0 -1 0 -1 0 -1 0 -1 0 -1 0 -1 0 -1 0 -1 0 -1 0 -1 0 -1 0 -1 0 -1 0 -1 0 -1 0 -1 0 -1 0 -1 0 -1 0 -1 0 -1 0 -1 0 -1 0 -1 0 -1 0 -1 0 -1 0 -1 0 -1 0 -1 0 -1 0 -1 0 -1 0 -1 0 -1 0 -1 0 -1 0 -1 0 -1 0 
  15 15 15 15 20
 50 5 90 5 206 5 30
2586 131072 0 48 135168 0 
  34359738369 1315051091194281984 1835136 0 50465891015 7916447985573822463 2031036 0 

trp_italian_light_officer Italian_Light_Infantry Officer 0 133169152 0 0 27 0 0
  1094 0 1810 0 1597 0 86 0 157 0 3 0 5 0 1819 0 398 0 -1 0 -1 0 -1 0 -1 0 -1 0 -1 0 -1 0 -1 0 -1 0 -1 0 -1 0 -1 0 -1 0 -1 0 -1 0 -1 0 -1 0 -1 0 -1 0 -1 0 -1 0 -1 0 -1 0 -1 0 -1 0 -1 0 -1 0 -1 0 -1 0 -1 0 -1 0 -1 0 -1 0 -1 0 -1 0 -1 0 -1 0 -1 0 -1 0 -1 0 -1 0 -1 0 -1 0 -1 0 -1 0 -1 0 -1 0 -1 0 -1 0 -1 0 -1 0 -1 0 -1 0 -1 0 -1 0 
  15 15 15 15 20
 80 5 80 5 50 5 30
2586 131072 0 48 208896 0 
  34359738369 1315051091194281984 1835136 0 50465891015 7916447985573822463 2031036 0 

trp_italian_light_horn Italian_Light_Infantry Hornist 0 133169152 0 0 27 0 0
  1095 0 1810 0 1596 0 152 0 88 0 -1 0 -1 0 -1 0 -1 0 -1 0 -1 0 -1 0 -1 0 -1 0 -1 0 -1 0 -1 0 -1 0 -1 0 -1 0 -1 0 -1 0 -1 0 -1 0 -1 0 -1 0 -1 0 -1 0 -1 0 -1 0 -1 0 -1 0 -1 0 -1 0 -1 0 -1 0 -1 0 -1 0 -1 0 -1 0 -1 0 -1 0 -1 0 -1 0 -1 0 -1 0 -1 0 -1 0 -1 0 -1 0 -1 0 -1 0 -1 0 -1 0 -1 0 -1 0 -1 0 -1 0 -1 0 -1 0 -1 0 -1 0 -1 0 -1 0 
  15 15 15 15 20
 80 5 80 5 50 5 30
2586 131072 0 48 135168 0 
  34359738369 1315051091194281984 1835136 0 50465891015 7916447985573822463 2031036 0 

trp_italian_rifle Bersaglieri_di_Brescia Rifleman 0 133169152 0 0 13 0 0
  1096 0 1811 0 1599 0 156 0 21 0 47 0 88 0 -1 0 -1 0 -1 0 -1 0 -1 0 -1 0 -1 0 -1 0 -1 0 -1 0 -1 0 -1 0 -1 0 -1 0 -1 0 -1 0 -1 0 -1 0 -1 0 -1 0 -1 0 -1 0 -1 0 -1 0 -1 0 -1 0 -1 0 -1 0 -1 0 -1 0 -1 0 -1 0 -1 0 -1 0 -1 0 -1 0 -1 0 -1 0 -1 0 -1 0 -1 0 -1 0 -1 0 -1 0 -1 0 -1 0 -1 0 -1 0 -1 0 -1 0 -1 0 -1 0 -1 0 -1 0 -1 0 -1 0 -1 0 
  15 15 15 15 20
 50 5 90 5 206 5 30
2586 131072 0 48 135168 0 
  34359738369 1315051091194281984 1835136 0 50465891015 7916447985573822463 2031036 0 

trp_italian_rifle_flag_bearer Italian_Rifle Eagle_Bearer 0 133169152 0 0 27 0 0
  1097 0 1811 0 1599 0 386 0 88 0 -1 0 -1 0 -1 0 -1 0 -1 0 -1 0 -1 0 -1 0 -1 0 -1 0 -1 0 -1 0 -1 0 -1 0 -1 0 -1 0 -1 0 -1 0 -1 0 -1 0 -1 0 -1 0 -1 0 -1 0 -1 0 -1 0 -1 0 -1 0 -1 0 -1 0 -1 0 -1 0 -1 0 -1 0 -1 0 -1 0 -1 0 -1 0 -1 0 -1 0 -1 0 -1 0 -1 0 -1 0 -1 0 -1 0 -1 0 -1 0 -1 0 -1 0 -1 0 -1 0 -1 0 -1 0 -1 0 -1 0 -1 0 -1 0 -1 0 
  15 15 15 15 20
 80 5 80 5 50 5 30
2586 131072 0 48 135168 0 
  34359738369 1315051091194281984 1835136 0 50465891015 7916447985573822463 2031036 0 

trp_italian_rifle_nco Italian_Rifle Sergeant 0 133169152 0 0 27 0 0
  1097 0 1811 0 1599 0 156 0 21 0 47 0 88 0 -1 0 -1 0 -1 0 -1 0 -1 0 -1 0 -1 0 -1 0 -1 0 -1 0 -1 0 -1 0 -1 0 -1 0 -1 0 -1 0 -1 0 -1 0 -1 0 -1 0 -1 0 -1 0 -1 0 -1 0 -1 0 -1 0 -1 0 -1 0 -1 0 -1 0 -1 0 -1 0 -1 0 -1 0 -1 0 -1 0 -1 0 -1 0 -1 0 -1 0 -1 0 -1 0 -1 0 -1 0 -1 0 -1 0 -1 0 -1 0 -1 0 -1 0 -1 0 -1 0 -1 0 -1 0 -1 0 -1 0 -1 0 
  15 15 15 15 20
 50 5 90 5 206 5 30
2586 131072 0 48 135168 0 
  34359738369 1315051091194281984 1835136 0 50465891015 7916447985573822463 2031036 0 

trp_italian_rifle_officer Italian_Rifle Officer 0 133169152 0 0 27 0 0
  1098 0 1811 0 1599 0 86 0 157 0 3 0 5 0 1819 0 398 0 -1 0 -1 0 -1 0 -1 0 -1 0 -1 0 -1 0 -1 0 -1 0 -1 0 -1 0 -1 0 -1 0 -1 0 -1 0 -1 0 -1 0 -1 0 -1 0 -1 0 -1 0 -1 0 -1 0 -1 0 -1 0 -1 0 -1 0 -1 0 -1 0 -1 0 -1 0 -1 0 -1 0 -1 0 -1 0 -1 0 -1 0 -1 0 -1 0 -1 0 -1 0 -1 0 -1 0 -1 0 -1 0 -1 0 -1 0 -1 0 -1 0 -1 0 -1 0 -1 0 -1 0 -1 0 -1 0 
  15 15 15 15 20
 80 5 80 5 50 5 30
2586 131072 0 48 208896 0 
  34359738369 1315051091194281984 1835136 0 50465891015 7916447985573822463 2031036 0 

trp_italian_rifle_horn Italian_Rifle Hornist 0 133169152 0 0 27 0 0
  1099 0 1811 0 1599 0 152 0 88 0 -1 0 -1 0 -1 0 -1 0 -1 0 -1 0 -1 0 -1 0 -1 0 -1 0 -1 0 -1 0 -1 0 -1 0 -1 0 -1 0 -1 0 -1 0 -1 0 -1 0 -1 0 -1 0 -1 0 -1 0 -1 0 -1 0 -1 0 -1 0 -1 0 -1 0 -1 0 -1 0 -1 0 -1 0 -1 0 -1 0 -1 0 -1 0 -1 0 -1 0 -1 0 -1 0 -1 0 -1 0 -1 0 -1 0 -1 0 -1 0 -1 0 -1 0 -1 0 -1 0 -1 0 -1 0 -1 0 -1 0 -1 0 -1 0 -1 0 
  15 15 15 15 20
 80 5 80 5 50 5 30
2586 131072 0 48 135168 0 
  34359738369 1315051091194281984 1835136 0 50465891015 7916447985573822463 2031036 0 

trp_italian_hussar1 1°_Cacciatori_a_Cavallo_'Reale_Italiano' Hussar 0 133170176 0 0 13 0 0
  1100 0 1812 0 1600 0 89 0 1939 0 -1 0 -1 0 -1 0 -1 0 -1 0 -1 0 -1 0 -1 0 -1 0 -1 0 -1 0 -1 0 -1 0 -1 0 -1 0 -1 0 -1 0 -1 0 -1 0 -1 0 -1 0 -1 0 -1 0 -1 0 -1 0 -1 0 -1 0 -1 0 -1 0 -1 0 -1 0 -1 0 -1 0 -1 0 -1 0 -1 0 -1 0 -1 0 -1 0 -1 0 -1 0 -1 0 -1 0 -1 0 -1 0 -1 0 -1 0 -1 0 -1 0 -1 0 -1 0 -1 0 -1 0 -1 0 -1 0 -1 0 -1 0 -1 0 -1 0 
  12 10 15 15 20
 160 5 30 5 30 5 30
2586 131072 0 22 208896 0 
  34359738369 1315051091194281984 1835136 0 50465891015 7916447985573822463 2031036 0 

trp_italian_hussar1_flag_bearer Italian_Hussar Eagle_Bearer 0 133170176 0 0 27 0 0
  1101 0 1812 0 1600 0 389 0 89 0 1939 0 -1 0 -1 0 -1 0 -1 0 -1 0 -1 0 -1 0 -1 0 -1 0 -1 0 -1 0 -1 0 -1 0 -1 0 -1 0 -1 0 -1 0 -1 0 -1 0 -1 0 -1 0 -1 0 -1 0 -1 0 -1 0 -1 0 -1 0 -1 0 -1 0 -1 0 -1 0 -1 0 -1 0 -1 0 -1 0 -1 0 -1 0 -1 0 -1 0 -1 0 -1 0 -1 0 -1 0 -1 0 -1 0 -1 0 -1 0 -1 0 -1 0 -1 0 -1 0 -1 0 -1 0 -1 0 -1 0 -1 0 -1 0 -1 0 
  12 10 15 15 20
 160 5 30 5 30 5 30
2586 131072 0 22 208896 0 
  34359738369 1315051091194281984 1835136 0 50465891015 7916447985573822463 2031036 0 

trp_italian_hussar1_nco Italian_Hussar Sergeant 0 133170176 0 0 27 0 0
  1101 0 1812 0 1600 0 89 0 1939 0 -1 0 -1 0 -1 0 -1 0 -1 0 -1 0 -1 0 -1 0 -1 0 -1 0 -1 0 -1 0 -1 0 -1 0 -1 0 -1 0 -1 0 -1 0 -1 0 -1 0 -1 0 -1 0 -1 0 -1 0 -1 0 -1 0 -1 0 -1 0 -1 0 -1 0 -1 0 -1 0 -1 0 -1 0 -1 0 -1 0 -1 0 -1 0 -1 0 -1 0 -1 0 -1 0 -1 0 -1 0 -1 0 -1 0 -1 0 -1 0 -1 0 -1 0 -1 0 -1 0 -1 0 -1 0 -1 0 -1 0 -1 0 -1 0 -1 0 
  12 10 15 15 20
 160 5 30 5 30 5 30
2586 131072 0 22 208896 0 
  34359738369 1315051091194281984 1835136 0 50465891015 7916447985573822463 2031036 0 

trp_italian_hussar1_officer Italian_Hussar Officer 0 133170176 0 0 27 0 0
  1102 0 1812 0 1602 0 157 0 7 0 85 0 1819 0 1940 0 398 0 -1 0 -1 0 -1 0 -1 0 -1 0 -1 0 -1 0 -1 0 -1 0 -1 0 -1 0 -1 0 -1 0 -1 0 -1 0 -1 0 -1 0 -1 0 -1 0 -1 0 -1 0 -1 0 -1 0 -1 0 -1 0 -1 0 -1 0 -1 0 -1 0 -1 0 -1 0 -1 0 -1 0 -1 0 -1 0 -1 0 -1 0 -1 0 -1 0 -1 0 -1 0 -1 0 -1 0 -1 0 -1 0 -1 0 -1 0 -1 0 -1 0 -1 0 -1 0 -1 0 -1 0 -1 0 -1 0 
  12 10 15 15 20
 160 5 30 5 30 5 30
2586 131072 0 22 208896 0 
  34359738369 1315051091194281984 1835136 0 50465891015 7916447985573822463 2031036 0 

trp_italian_hussar1_trumpet Italian_Hussar Trumpeter 0 133170176 0 0 27 0 0
  1103 0 1812 0 1604 0 153 0 89 0 1941 0 -1 0 -1 0 -1 0 -1 0 -1 0 -1 0 -1 0 -1 0 -1 0 -1 0 -1 0 -1 0 -1 0 -1 0 -1 0 -1 0 -1 0 -1 0 -1 0 -1 0 -1 0 -1 0 -1 0 -1 0 -1 0 -1 0 -1 0 -1 0 -1 0 -1 0 -1 0 -1 0 -1 0 -1 0 -1 0 -1 0 -1 0 -1 0 -1 0 -1 0 -1 0 -1 0 -1 0 -1 0 -1 0 -1 0 -1 0 -1 0 -1 0 -1 0 -1 0 -1 0 -1 0 -1 0 -1 0 -1 0 -1 0 -1 0 
  12 10 15 15 20
 160 5 30 5 30 5 30
2586 131072 0 22 208896 0 
  34359738369 1315051091194281984 1835136 0 50465891015 7916447985573822463 2031036 0 

trp_italian_hussar2 2°_Cacciatori_a_Cavallo_'Reale_Prince' Hussar 0 133170176 0 0 13 0 0
  1104 0 1812 0 1606 0 89 0 1942 0 -1 0 -1 0 -1 0 -1 0 -1 0 -1 0 -1 0 -1 0 -1 0 -1 0 -1 0 -1 0 -1 0 -1 0 -1 0 -1 0 -1 0 -1 0 -1 0 -1 0 -1 0 -1 0 -1 0 -1 0 -1 0 -1 0 -1 0 -1 0 -1 0 -1 0 -1 0 -1 0 -1 0 -1 0 -1 0 -1 0 -1 0 -1 0 -1 0 -1 0 -1 0 -1 0 -1 0 -1 0 -1 0 -1 0 -1 0 -1 0 -1 0 -1 0 -1 0 -1 0 -1 0 -1 0 -1 0 -1 0 -1 0 -1 0 -1 0 
  12 10 15 15 20
 160 5 30 5 30 5 30
2586 131072 0 22 208896 0 
  34359738369 1315051091194281984 1835136 0 50465891015 7916447985573822463 2031036 0 

trp_italian_hussar2_flag_bearer Italian_Hussar Eagle_Bearer 0 133170176 0 0 27 0 0
  1105 0 1812 0 1606 0 390 0 89 0 1942 0 -1 0 -1 0 -1 0 -1 0 -1 0 -1 0 -1 0 -1 0 -1 0 -1 0 -1 0 -1 0 -1 0 -1 0 -1 0 -1 0 -1 0 -1 0 -1 0 -1 0 -1 0 -1 0 -1 0 -1 0 -1 0 -1 0 -1 0 -1 0 -1 0 -1 0 -1 0 -1 0 -1 0 -1 0 -1 0 -1 0 -1 0 -1 0 -1 0 -1 0 -1 0 -1 0 -1 0 -1 0 -1 0 -1 0 -1 0 -1 0 -1 0 -1 0 -1 0 -1 0 -1 0 -1 0 -1 0 -1 0 -1 0 -1 0 
  12 10 15 15 20
 160 5 30 5 30 5 30
2586 131072 0 22 208896 0 
  34359738369 1315051091194281984 1835136 0 50465891015 7916447985573822463 2031036 0 

trp_italian_hussar2_nco Italian_Hussar Sergeant 0 133170176 0 0 27 0 0
  1105 0 1812 0 1606 0 89 0 1942 0 -1 0 -1 0 -1 0 -1 0 -1 0 -1 0 -1 0 -1 0 -1 0 -1 0 -1 0 -1 0 -1 0 -1 0 -1 0 -1 0 -1 0 -1 0 -1 0 -1 0 -1 0 -1 0 -1 0 -1 0 -1 0 -1 0 -1 0 -1 0 -1 0 -1 0 -1 0 -1 0 -1 0 -1 0 -1 0 -1 0 -1 0 -1 0 -1 0 -1 0 -1 0 -1 0 -1 0 -1 0 -1 0 -1 0 -1 0 -1 0 -1 0 -1 0 -1 0 -1 0 -1 0 -1 0 -1 0 -1 0 -1 0 -1 0 -1 0 
  12 10 15 15 20
 160 5 30 5 30 5 30
2586 131072 0 22 208896 0 
  34359738369 1315051091194281984 1835136 0 50465891015 7916447985573822463 2031036 0 

trp_italian_hussar2_officer Italian_Hussar Officer 0 133170176 0 0 27 0 0
  1106 0 1812 0 1608 0 157 0 7 0 85 0 1819 0 1943 0 398 0 -1 0 -1 0 -1 0 -1 0 -1 0 -1 0 -1 0 -1 0 -1 0 -1 0 -1 0 -1 0 -1 0 -1 0 -1 0 -1 0 -1 0 -1 0 -1 0 -1 0 -1 0 -1 0 -1 0 -1 0 -1 0 -1 0 -1 0 -1 0 -1 0 -1 0 -1 0 -1 0 -1 0 -1 0 -1 0 -1 0 -1 0 -1 0 -1 0 -1 0 -1 0 -1 0 -1 0 -1 0 -1 0 -1 0 -1 0 -1 0 -1 0 -1 0 -1 0 -1 0 -1 0 -1 0 -1 0 
  12 10 15 15 20
 160 5 30 5 30 5 30
2586 131072 0 22 208896 0 
  34359738369 1315051091194281984 1835136 0 50465891015 7916447985573822463 2031036 0 

trp_italian_hussar2_trumpet Italian_Hussar Trumpeter 0 133170176 0 0 27 0 0
  1107 0 1812 0 1610 0 153 0 89 0 1944 0 -1 0 -1 0 -1 0 -1 0 -1 0 -1 0 -1 0 -1 0 -1 0 -1 0 -1 0 -1 0 -1 0 -1 0 -1 0 -1 0 -1 0 -1 0 -1 0 -1 0 -1 0 -1 0 -1 0 -1 0 -1 0 -1 0 -1 0 -1 0 -1 0 -1 0 -1 0 -1 0 -1 0 -1 0 -1 0 -1 0 -1 0 -1 0 -1 0 -1 0 -1 0 -1 0 -1 0 -1 0 -1 0 -1 0 -1 0 -1 0 -1 0 -1 0 -1 0 -1 0 -1 0 -1 0 -1 0 -1 0 -1 0 -1 0 
  12 10 15 15 20
 160 5 30 5 30 5 30
2586 131072 0 22 208896 0 
  34359738369 1315051091194281984 1835136 0 50465891015 7916447985573822463 2031036 0 

trp_italian_dragoon 1°_Reggimento_Dragoni_'Regina' Dragoon 0 133170176 0 0 13 0 0
  1108 0 1640 0 1612 0 1826 0 15 0 21 0 156 0 81 0 1945 0 -1 0 -1 0 -1 0 -1 0 -1 0 -1 0 -1 0 -1 0 -1 0 -1 0 -1 0 -1 0 -1 0 -1 0 -1 0 -1 0 -1 0 -1 0 -1 0 -1 0 -1 0 -1 0 -1 0 -1 0 -1 0 -1 0 -1 0 -1 0 -1 0 -1 0 -1 0 -1 0 -1 0 -1 0 -1 0 -1 0 -1 0 -1 0 -1 0 -1 0 -1 0 -1 0 -1 0 -1 0 -1 0 -1 0 -1 0 -1 0 -1 0 -1 0 -1 0 -1 0 -1 0 -1 0 -1 0 
  12 10 15 15 20
 125 5 30 5 125 5 30
2586 131072 0 37 208896 0 
  34359738369 1315051091194281984 1835136 0 50465891015 7916447985573822463 2031036 0 

trp_italian_dragoon_flag_bearer Italian_Dragoon Eagle_Bearer 0 133170176 0 0 27 0 0
  1109 0 1640 0 1612 0 1826 0 391 0 81 0 1945 0 -1 0 -1 0 -1 0 -1 0 -1 0 -1 0 -1 0 -1 0 -1 0 -1 0 -1 0 -1 0 -1 0 -1 0 -1 0 -1 0 -1 0 -1 0 -1 0 -1 0 -1 0 -1 0 -1 0 -1 0 -1 0 -1 0 -1 0 -1 0 -1 0 -1 0 -1 0 -1 0 -1 0 -1 0 -1 0 -1 0 -1 0 -1 0 -1 0 -1 0 -1 0 -1 0 -1 0 -1 0 -1 0 -1 0 -1 0 -1 0 -1 0 -1 0 -1 0 -1 0 -1 0 -1 0 -1 0 -1 0 -1 0 
  12 10 15 15 20
 125 5 30 5 125 5 30
2586 131072 0 37 208896 0 
  34359738369 1315051091194281984 1835136 0 50465891015 7916447985573822463 2031036 0 

trp_italian_dragoon_nco Italian_Dragoon Sergent 0 133170176 0 0 27 0 0
  1109 0 1640 0 1612 0 1826 0 15 0 21 0 156 0 81 0 1945 0 -1 0 -1 0 -1 0 -1 0 -1 0 -1 0 -1 0 -1 0 -1 0 -1 0 -1 0 -1 0 -1 0 -1 0 -1 0 -1 0 -1 0 -1 0 -1 0 -1 0 -1 0 -1 0 -1 0 -1 0 -1 0 -1 0 -1 0 -1 0 -1 0 -1 0 -1 0 -1 0 -1 0 -1 0 -1 0 -1 0 -1 0 -1 0 -1 0 -1 0 -1 0 -1 0 -1 0 -1 0 -1 0 -1 0 -1 0 -1 0 -1 0 -1 0 -1 0 -1 0 -1 0 -1 0 -1 0 
  12 10 15 15 20
 125 5 30 5 125 5 30
2586 131072 0 37 208896 0 
  34359738369 1315051091194281984 1835136 0 50465891015 7916447985573822463 2031036 0 

trp_italian_dragoon_officer Italian_Dragoon Officer 0 133170176 0 0 27 0 0
  1110 0 1640 0 1195 0 1826 0 157 0 1 0 83 0 1946 0 398 0 -1 0 -1 0 -1 0 -1 0 -1 0 -1 0 -1 0 -1 0 -1 0 -1 0 -1 0 -1 0 -1 0 -1 0 -1 0 -1 0 -1 0 -1 0 -1 0 -1 0 -1 0 -1 0 -1 0 -1 0 -1 0 -1 0 -1 0 -1 0 -1 0 -1 0 -1 0 -1 0 -1 0 -1 0 -1 0 -1 0 -1 0 -1 0 -1 0 -1 0 -1 0 -1 0 -1 0 -1 0 -1 0 -1 0 -1 0 -1 0 -1 0 -1 0 -1 0 -1 0 -1 0 -1 0 -1 0 
  12 10 15 15 20
 130 5 30 5 80 5 30
2586 131072 0 37 208896 0 
  34359738369 1315051091194281984 1835136 0 50465891015 7916447985573822463 2031036 0 

trp_italian_dragoon_trumpet Italian_Dragoon Trumpeter 0 133170176 0 0 27 0 0
  1111 0 1640 0 1614 0 1826 0 153 0 81 0 1947 0 -1 0 -1 0 -1 0 -1 0 -1 0 -1 0 -1 0 -1 0 -1 0 -1 0 -1 0 -1 0 -1 0 -1 0 -1 0 -1 0 -1 0 -1 0 -1 0 -1 0 -1 0 -1 0 -1 0 -1 0 -1 0 -1 0 -1 0 -1 0 -1 0 -1 0 -1 0 -1 0 -1 0 -1 0 -1 0 -1 0 -1 0 -1 0 -1 0 -1 0 -1 0 -1 0 -1 0 -1 0 -1 0 -1 0 -1 0 -1 0 -1 0 -1 0 -1 0 -1 0 -1 0 -1 0 -1 0 -1 0 -1 0 
  12 10 15 15 20
 130 5 30 5 80 5 30
2586 131072 0 37 208896 0 
  34359738369 1315051091194281984 1835136 0 50465891015 7916447985573822463 2031036 0 

trp_italian_cuirassier1 Guardia_Reale_d'Onore_'Brescia' Heavy_Cavalry 0 133170176 0 0 13 0 0
  1112 0 1642 0 1616 0 1822 0 87 0 1948 0 -1 0 -1 0 -1 0 -1 0 -1 0 -1 0 -1 0 -1 0 -1 0 -1 0 -1 0 -1 0 -1 0 -1 0 -1 0 -1 0 -1 0 -1 0 -1 0 -1 0 -1 0 -1 0 -1 0 -1 0 -1 0 -1 0 -1 0 -1 0 -1 0 -1 0 -1 0 -1 0 -1 0 -1 0 -1 0 -1 0 -1 0 -1 0 -1 0 -1 0 -1 0 -1 0 -1 0 -1 0 -1 0 -1 0 -1 0 -1 0 -1 0 -1 0 -1 0 -1 0 -1 0 -1 0 -1 0 -1 0 -1 0 -1 0 
  12 10 15 15 20
 140 5 30 5 30 5 30
2586 131072 0 22 339968 0 
  34359738369 1315051091194281984 1835136 0 50465891015 7916447985573822463 2031036 0 

trp_italian_cuirassier1_flag_bearer Italian_Guard Eagle_Bearer 0 133170176 0 0 27 0 0
  1114 0 1642 0 1616 0 1822 0 392 0 87 0 1948 0 -1 0 -1 0 -1 0 -1 0 -1 0 -1 0 -1 0 -1 0 -1 0 -1 0 -1 0 -1 0 -1 0 -1 0 -1 0 -1 0 -1 0 -1 0 -1 0 -1 0 -1 0 -1 0 -1 0 -1 0 -1 0 -1 0 -1 0 -1 0 -1 0 -1 0 -1 0 -1 0 -1 0 -1 0 -1 0 -1 0 -1 0 -1 0 -1 0 -1 0 -1 0 -1 0 -1 0 -1 0 -1 0 -1 0 -1 0 -1 0 -1 0 -1 0 -1 0 -1 0 -1 0 -1 0 -1 0 -1 0 -1 0 
  12 10 15 15 20
 140 5 30 5 30 5 30
2586 131072 0 22 339968 0 
  34359738369 1315051091194281984 1835136 0 50465891015 7916447985573822463 2031036 0 

trp_italian_cuirassier1_nco Italian_Guard Sergent 0 133170176 0 0 27 0 0
  1114 0 1642 0 1616 0 1822 0 87 0 1948 0 -1 0 -1 0 -1 0 -1 0 -1 0 -1 0 -1 0 -1 0 -1 0 -1 0 -1 0 -1 0 -1 0 -1 0 -1 0 -1 0 -1 0 -1 0 -1 0 -1 0 -1 0 -1 0 -1 0 -1 0 -1 0 -1 0 -1 0 -1 0 -1 0 -1 0 -1 0 -1 0 -1 0 -1 0 -1 0 -1 0 -1 0 -1 0 -1 0 -1 0 -1 0 -1 0 -1 0 -1 0 -1 0 -1 0 -1 0 -1 0 -1 0 -1 0 -1 0 -1 0 -1 0 -1 0 -1 0 -1 0 -1 0 -1 0 
  12 10 15 15 20
 140 5 30 5 30 5 30
2586 131072 0 22 339968 0 
  34359738369 1315051091194281984 1835136 0 50465891015 7916447985573822463 2031036 0 

trp_italian_cuirassier1_officer Italian_Guard Officer 0 133170176 0 0 27 0 0
  1113 0 1642 0 1618 0 1822 0 1 0 157 0 83 0 1949 0 398 0 -1 0 -1 0 -1 0 -1 0 -1 0 -1 0 -1 0 -1 0 -1 0 -1 0 -1 0 -1 0 -1 0 -1 0 -1 0 -1 0 -1 0 -1 0 -1 0 -1 0 -1 0 -1 0 -1 0 -1 0 -1 0 -1 0 -1 0 -1 0 -1 0 -1 0 -1 0 -1 0 -1 0 -1 0 -1 0 -1 0 -1 0 -1 0 -1 0 -1 0 -1 0 -1 0 -1 0 -1 0 -1 0 -1 0 -1 0 -1 0 -1 0 -1 0 -1 0 -1 0 -1 0 -1 0 -1 0 
  12 10 15 15 20
 140 5 30 5 30 5 30
2586 131072 0 22 339968 0 
  34359738369 1315051091194281984 1835136 0 50465891015 7916447985573822463 2031036 0 

trp_italian_cuirassier1_trumpet Italian_Guard Trumpeter 0 133170176 0 0 27 0 0
  1115 0 1642 0 1620 0 1822 0 153 0 87 0 1948 0 -1 0 -1 0 -1 0 -1 0 -1 0 -1 0 -1 0 -1 0 -1 0 -1 0 -1 0 -1 0 -1 0 -1 0 -1 0 -1 0 -1 0 -1 0 -1 0 -1 0 -1 0 -1 0 -1 0 -1 0 -1 0 -1 0 -1 0 -1 0 -1 0 -1 0 -1 0 -1 0 -1 0 -1 0 -1 0 -1 0 -1 0 -1 0 -1 0 -1 0 -1 0 -1 0 -1 0 -1 0 -1 0 -1 0 -1 0 -1 0 -1 0 -1 0 -1 0 -1 0 -1 0 -1 0 -1 0 -1 0 -1 0 
  12 10 15 15 20
 140 5 30 5 30 5 30
2586 131072 0 22 339968 0 
  34359738369 1315051091194281984 1835136 0 50465891015 7916447985573822463 2031036 0 

trp_italian_cuirassier2 Gendarmeria_Scelta_Della_Guardia_Reale Heavy_Cavalry 0 133170176 0 0 13 0 0
  1116 0 1813 0 1622 0 1822 0 87 0 1950 0 -1 0 -1 0 -1 0 -1 0 -1 0 -1 0 -1 0 -1 0 -1 0 -1 0 -1 0 -1 0 -1 0 -1 0 -1 0 -1 0 -1 0 -1 0 -1 0 -1 0 -1 0 -1 0 -1 0 -1 0 -1 0 -1 0 -1 0 -1 0 -1 0 -1 0 -1 0 -1 0 -1 0 -1 0 -1 0 -1 0 -1 0 -1 0 -1 0 -1 0 -1 0 -1 0 -1 0 -1 0 -1 0 -1 0 -1 0 -1 0 -1 0 -1 0 -1 0 -1 0 -1 0 -1 0 -1 0 -1 0 -1 0 -1 0 
  12 10 15 15 20
 140 5 30 5 30 5 30
2586 131072 0 22 339968 0 
  34359738369 1315051091194281984 1835136 0 50465891015 7916447985573822463 2031036 0 

trp_italian_cuirassier2_flag_bearer Italian_Gendarme Eagle_Bearer 0 133170176 0 0 27 0 0
  1118 0 1813 0 1622 0 1822 0 393 0 87 0 1950 0 -1 0 -1 0 -1 0 -1 0 -1 0 -1 0 -1 0 -1 0 -1 0 -1 0 -1 0 -1 0 -1 0 -1 0 -1 0 -1 0 -1 0 -1 0 -1 0 -1 0 -1 0 -1 0 -1 0 -1 0 -1 0 -1 0 -1 0 -1 0 -1 0 -1 0 -1 0 -1 0 -1 0 -1 0 -1 0 -1 0 -1 0 -1 0 -1 0 -1 0 -1 0 -1 0 -1 0 -1 0 -1 0 -1 0 -1 0 -1 0 -1 0 -1 0 -1 0 -1 0 -1 0 -1 0 -1 0 -1 0 -1 0 
  12 10 15 15 20
 140 5 30 5 30 5 30
2586 131072 0 22 339968 0 
  34359738369 1315051091194281984 1835136 0 50465891015 7916447985573822463 2031036 0 

trp_italian_cuirassier2_nco Italian_Gendarme Sergent 0 133170176 0 0 27 0 0
  1118 0 1813 0 1622 0 1822 0 87 0 1950 0 -1 0 -1 0 -1 0 -1 0 -1 0 -1 0 -1 0 -1 0 -1 0 -1 0 -1 0 -1 0 -1 0 -1 0 -1 0 -1 0 -1 0 -1 0 -1 0 -1 0 -1 0 -1 0 -1 0 -1 0 -1 0 -1 0 -1 0 -1 0 -1 0 -1 0 -1 0 -1 0 -1 0 -1 0 -1 0 -1 0 -1 0 -1 0 -1 0 -1 0 -1 0 -1 0 -1 0 -1 0 -1 0 -1 0 -1 0 -1 0 -1 0 -1 0 -1 0 -1 0 -1 0 -1 0 -1 0 -1 0 -1 0 -1 0 
  12 10 15 15 20
 140 5 30 5 30 5 30
2586 131072 0 22 339968 0 
  34359738369 1315051091194281984 1835136 0 50465891015 7916447985573822463 2031036 0 

trp_italian_cuirassier2_officer Italian_Gendarme Officer 0 133170176 0 0 27 0 0
  1117 0 1813 0 1624 0 1822 0 1 0 157 0 83 0 1951 0 398 0 -1 0 -1 0 -1 0 -1 0 -1 0 -1 0 -1 0 -1 0 -1 0 -1 0 -1 0 -1 0 -1 0 -1 0 -1 0 -1 0 -1 0 -1 0 -1 0 -1 0 -1 0 -1 0 -1 0 -1 0 -1 0 -1 0 -1 0 -1 0 -1 0 -1 0 -1 0 -1 0 -1 0 -1 0 -1 0 -1 0 -1 0 -1 0 -1 0 -1 0 -1 0 -1 0 -1 0 -1 0 -1 0 -1 0 -1 0 -1 0 -1 0 -1 0 -1 0 -1 0 -1 0 -1 0 -1 0 
  12 10 15 15 20
 140 5 30 5 30 5 30
2586 131072 0 22 339968 0 
  34359738369 1315051091194281984 1835136 0 50465891015 7916447985573822463 2031036 0 

trp_italian_cuirassier2_trumpet Italian_Gendarme Trumpeter 0 133170176 0 0 27 0 0
  1119 0 1813 0 1622 0 1822 0 153 0 87 0 1950 0 -1 0 -1 0 -1 0 -1 0 -1 0 -1 0 -1 0 -1 0 -1 0 -1 0 -1 0 -1 0 -1 0 -1 0 -1 0 -1 0 -1 0 -1 0 -1 0 -1 0 -1 0 -1 0 -1 0 -1 0 -1 0 -1 0 -1 0 -1 0 -1 0 -1 0 -1 0 -1 0 -1 0 -1 0 -1 0 -1 0 -1 0 -1 0 -1 0 -1 0 -1 0 -1 0 -1 0 -1 0 -1 0 -1 0 -1 0 -1 0 -1 0 -1 0 -1 0 -1 0 -1 0 -1 0 -1 0 -1 0 -1 0 
  12 10 15 15 20
 140 5 30 5 30 5 30
2586 131072 0 22 339968 0 
  34359738369 1315051091194281984 1835136 0 50465891015 7916447985573822463 2031036 0 

trp_italian_arty Reggimento_di_Artiglieria_a_Piedi Artillery 0 133169152 0 0 13 0 0
  1120 0 1814 0 1626 0 396 0 395 0 88 0 -1 0 -1 0 -1 0 -1 0 -1 0 -1 0 -1 0 -1 0 -1 0 -1 0 -1 0 -1 0 -1 0 -1 0 -1 0 -1 0 -1 0 -1 0 -1 0 -1 0 -1 0 -1 0 -1 0 -1 0 -1 0 -1 0 -1 0 -1 0 -1 0 -1 0 -1 0 -1 0 -1 0 -1 0 -1 0 -1 0 -1 0 -1 0 -1 0 -1 0 -1 0 -1 0 -1 0 -1 0 -1 0 -1 0 -1 0 -1 0 -1 0 -1 0 -1 0 -1 0 -1 0 -1 0 -1 0 -1 0 -1 0 -1 0 
  15 15 15 15 20
 70 5 30 5 30 5 30
2586 131072 0 49 204800 0 
  34359738369 1315051091194281984 1835136 0 50465891015 7916447985573822463 2031036 0 

trp_italian_arty_guard Artillery_Guard Artillery_Guard 0 133169152 0 0 27 0 0
  1120 0 1814 0 1626 0 156 0 59 0 88 0 -1 0 -1 0 -1 0 -1 0 -1 0 -1 0 -1 0 -1 0 -1 0 -1 0 -1 0 -1 0 -1 0 -1 0 -1 0 -1 0 -1 0 -1 0 -1 0 -1 0 -1 0 -1 0 -1 0 -1 0 -1 0 -1 0 -1 0 -1 0 -1 0 -1 0 -1 0 -1 0 -1 0 -1 0 -1 0 -1 0 -1 0 -1 0 -1 0 -1 0 -1 0 -1 0 -1 0 -1 0 -1 0 -1 0 -1 0 -1 0 -1 0 -1 0 -1 0 -1 0 -1 0 -1 0 -1 0 -1 0 -1 0 -1 0 
  15 15 15 15 20
 70 5 30 5 30 5 30
2586 131072 0 49 204800 0 
  34359738369 1315051091194281984 1835136 0 50465891015 7916447985573822463 2031036 0 

trp_italian_arty_flag_bearer Artillery_Flag_bearer Eagle_Bearer 0 133169152 0 0 27 0 0
  1122 0 1814 0 1626 0 387 0 88 0 -1 0 -1 0 -1 0 -1 0 -1 0 -1 0 -1 0 -1 0 -1 0 -1 0 -1 0 -1 0 -1 0 -1 0 -1 0 -1 0 -1 0 -1 0 -1 0 -1 0 -1 0 -1 0 -1 0 -1 0 -1 0 -1 0 -1 0 -1 0 -1 0 -1 0 -1 0 -1 0 -1 0 -1 0 -1 0 -1 0 -1 0 -1 0 -1 0 -1 0 -1 0 -1 0 -1 0 -1 0 -1 0 -1 0 -1 0 -1 0 -1 0 -1 0 -1 0 -1 0 -1 0 -1 0 -1 0 -1 0 -1 0 -1 0 -1 0 
  15 15 15 15 20
 70 5 30 5 30 5 30
2586 131072 0 49 204800 0 
  34359738369 1315051091194281984 1835136 0 50465891015 7916447985573822463 2031036 0 

trp_italian_arty_nco Italian_Artillerist Artillery_Train 0 133169152 0 0 27 0 0
  1126 0 1815 0 1631 0 395 0 88 0 1969 0 1985 0 2001 0 -1 0 -1 0 -1 0 -1 0 -1 0 -1 0 -1 0 -1 0 -1 0 -1 0 -1 0 -1 0 -1 0 -1 0 -1 0 -1 0 -1 0 -1 0 -1 0 -1 0 -1 0 -1 0 -1 0 -1 0 -1 0 -1 0 -1 0 -1 0 -1 0 -1 0 -1 0 -1 0 -1 0 -1 0 -1 0 -1 0 -1 0 -1 0 -1 0 -1 0 -1 0 -1 0 -1 0 -1 0 -1 0 -1 0 -1 0 -1 0 -1 0 -1 0 -1 0 -1 0 -1 0 -1 0 -1 0 -1 0 
  15 15 15 15 20
 80 5 30 5 30 5 30
2586 131072 0 49 204800 0 
  34359738369 1315051091194281984 1835136 0 50465891015 7916447985573822463 2031036 0 

trp_italian_arty_officer Italian_Artillerist Officer 0 133169152 0 0 27 0 0
  1121 0 1814 0 1627 0 1819 0 77 0 395 0 398 0 -1 0 -1 0 -1 0 -1 0 -1 0 -1 0 -1 0 -1 0 -1 0 -1 0 -1 0 -1 0 -1 0 -1 0 -1 0 -1 0 -1 0 -1 0 -1 0 -1 0 -1 0 -1 0 -1 0 -1 0 -1 0 -1 0 -1 0 -1 0 -1 0 -1 0 -1 0 -1 0 -1 0 -1 0 -1 0 -1 0 -1 0 -1 0 -1 0 -1 0 -1 0 -1 0 -1 0 -1 0 -1 0 -1 0 -1 0 -1 0 -1 0 -1 0 -1 0 -1 0 -1 0 -1 0 -1 0 -1 0 -1 0 
  15 15 15 15 20
 80 5 30 5 30 5 30
2586 131072 0 49 204800 0 
  34359738369 1315051091194281984 1835136 0 50465891015 7916447985573822463 2031036 0 

trp_italian_horseart Reggimento_di_Artiglieria_a_Cavallo Artillery 0 133169152 0 0 13 0 0
  1123 0 1816 0 1629 0 396 0 395 0 91 0 1952 0 -1 0 -1 0 -1 0 -1 0 -1 0 -1 0 -1 0 -1 0 -1 0 -1 0 -1 0 -1 0 -1 0 -1 0 -1 0 -1 0 -1 0 -1 0 -1 0 -1 0 -1 0 -1 0 -1 0 -1 0 -1 0 -1 0 -1 0 -1 0 -1 0 -1 0 -1 0 -1 0 -1 0 -1 0 -1 0 -1 0 -1 0 -1 0 -1 0 -1 0 -1 0 -1 0 -1 0 -1 0 -1 0 -1 0 -1 0 -1 0 -1 0 -1 0 -1 0 -1 0 -1 0 -1 0 -1 0 -1 0 -1 0 
  15 15 15 15 20
 70 5 30 5 30 5 30
2586 131072 0 49 204800 0 
  34359738369 1315051091194281984 1835136 0 50465891015 7916447985573822463 2031036 0 

trp_italian_horseart_guard Artillery_Guard Artillery_Guard 0 133169152 0 0 27 0 0
  1123 0 1816 0 1629 0 156 0 59 0 91 0 1952 0 -1 0 -1 0 -1 0 -1 0 -1 0 -1 0 -1 0 -1 0 -1 0 -1 0 -1 0 -1 0 -1 0 -1 0 -1 0 -1 0 -1 0 -1 0 -1 0 -1 0 -1 0 -1 0 -1 0 -1 0 -1 0 -1 0 -1 0 -1 0 -1 0 -1 0 -1 0 -1 0 -1 0 -1 0 -1 0 -1 0 -1 0 -1 0 -1 0 -1 0 -1 0 -1 0 -1 0 -1 0 -1 0 -1 0 -1 0 -1 0 -1 0 -1 0 -1 0 -1 0 -1 0 -1 0 -1 0 -1 0 -1 0 
  15 15 15 15 20
 70 5 30 5 30 5 30
2586 131072 0 49 204800 0 
  34359738369 1315051091194281984 1835136 0 50465891015 7916447985573822463 2031036 0 

trp_italian_horseart_flag_bearer Artillery_Flag_bearer Eagle_Bearer 0 133169152 0 0 27 0 0
  1125 0 1816 0 1629 0 394 0 91 0 1952 0 -1 0 -1 0 -1 0 -1 0 -1 0 -1 0 -1 0 -1 0 -1 0 -1 0 -1 0 -1 0 -1 0 -1 0 -1 0 -1 0 -1 0 -1 0 -1 0 -1 0 -1 0 -1 0 -1 0 -1 0 -1 0 -1 0 -1 0 -1 0 -1 0 -1 0 -1 0 -1 0 -1 0 -1 0 -1 0 -1 0 -1 0 -1 0 -1 0 -1 0 -1 0 -1 0 -1 0 -1 0 -1 0 -1 0 -1 0 -1 0 -1 0 -1 0 -1 0 -1 0 -1 0 -1 0 -1 0 -1 0 -1 0 -1 0 
  15 15 15 15 20
 70 5 30 5 30 5 30
2586 131072 0 49 204800 0 
  34359738369 1315051091194281984 1835136 0 50465891015 7916447985573822463 2031036 0 

trp_italian_horseart_nco Italian_Artillerist Artillery_Train 0 133169152 0 0 27 0 0
  1126 0 1815 0 1631 0 395 0 91 0 1977 0 1993 0 2009 0 -1 0 -1 0 -1 0 -1 0 -1 0 -1 0 -1 0 -1 0 -1 0 -1 0 -1 0 -1 0 -1 0 -1 0 -1 0 -1 0 -1 0 -1 0 -1 0 -1 0 -1 0 -1 0 -1 0 -1 0 -1 0 -1 0 -1 0 -1 0 -1 0 -1 0 -1 0 -1 0 -1 0 -1 0 -1 0 -1 0 -1 0 -1 0 -1 0 -1 0 -1 0 -1 0 -1 0 -1 0 -1 0 -1 0 -1 0 -1 0 -1 0 -1 0 -1 0 -1 0 -1 0 -1 0 -1 0 -1 0 
  15 15 15 15 20
 80 5 30 5 30 5 30
2586 131072 0 49 204800 0 
  34359738369 1315051091194281984 1835136 0 50465891015 7916447985573822463 2031036 0 

trp_italian_horseart_officer Italian_Artillerist Officer 0 133169152 0 0 27 0 0
  1124 0 1812 0 1630 0 1819 0 77 0 395 0 398 0 1953 0 -1 0 -1 0 -1 0 -1 0 -1 0 -1 0 -1 0 -1 0 -1 0 -1 0 -1 0 -1 0 -1 0 -1 0 -1 0 -1 0 -1 0 -1 0 -1 0 -1 0 -1 0 -1 0 -1 0 -1 0 -1 0 -1 0 -1 0 -1 0 -1 0 -1 0 -1 0 -1 0 -1 0 -1 0 -1 0 -1 0 -1 0 -1 0 -1 0 -1 0 -1 0 -1 0 -1 0 -1 0 -1 0 -1 0 -1 0 -1 0 -1 0 -1 0 -1 0 -1 0 -1 0 -1 0 -1 0 -1 0 
  15 15 15 15 20
 80 5 30 5 30 5 30
2586 131072 0 49 204800 0 
  34359738369 1315051091194281984 1835136 0 50465891015 7916447985573822463 2031036 0 

trp_italian_medic Farmacista Surgeon 0 133169152 0 0 13 0 0
  1127 0 1805 0 1632 0 106 0 408 0 156 0 59 0 -1 0 -1 0 -1 0 -1 0 -1 0 -1 0 -1 0 -1 0 -1 0 -1 0 -1 0 -1 0 -1 0 -1 0 -1 0 -1 0 -1 0 -1 0 -1 0 -1 0 -1 0 -1 0 -1 0 -1 0 -1 0 -1 0 -1 0 -1 0 -1 0 -1 0 -1 0 -1 0 -1 0 -1 0 -1 0 -1 0 -1 0 -1 0 -1 0 -1 0 -1 0 -1 0 -1 0 -1 0 -1 0 -1 0 -1 0 -1 0 -1 0 -1 0 -1 0 -1 0 -1 0 -1 0 -1 0 -1 0 -1 0 
  15 15 15 15 20
 70 5 30 5 30 5 30
2586 131072 0 48 204800 0 
  34359738369 1315051091194281984 1835136 0 50465891015 7916447985573822463 2031036 0 

trp_italian_sapper Zappatori Engineer 0 133169152 0 0 13 0 0
  1128 0 1649 0 1633 0 1822 0 90 0 410 0 412 0 413 0 -1 0 -1 0 -1 0 -1 0 -1 0 -1 0 -1 0 -1 0 -1 0 -1 0 -1 0 -1 0 -1 0 -1 0 -1 0 -1 0 -1 0 -1 0 -1 0 -1 0 -1 0 -1 0 -1 0 -1 0 -1 0 -1 0 -1 0 -1 0 -1 0 -1 0 -1 0 -1 0 -1 0 -1 0 -1 0 -1 0 -1 0 -1 0 -1 0 -1 0 -1 0 -1 0 -1 0 -1 0 -1 0 -1 0 -1 0 -1 0 -1 0 -1 0 -1 0 -1 0 -1 0 -1 0 -1 0 -1 0 
  15 15 15 15 20
 70 5 30 5 30 5 30
2586 131072 0 48 204800 0 
  34359738369 1315051091194281984 1835136 0 50465891015 7916447985573822463 2031036 0 

trp_italian_horse_sapper Zappatori Engineer_with_horse 0 133169152 0 0 27 0 0
  1128 0 1649 0 1633 0 1822 0 90 0 410 0 412 0 413 0 1952 0 -1 0 -1 0 -1 0 -1 0 -1 0 -1 0 -1 0 -1 0 -1 0 -1 0 -1 0 -1 0 -1 0 -1 0 -1 0 -1 0 -1 0 -1 0 -1 0 -1 0 -1 0 -1 0 -1 0 -1 0 -1 0 -1 0 -1 0 -1 0 -1 0 -1 0 -1 0 -1 0 -1 0 -1 0 -1 0 -1 0 -1 0 -1 0 -1 0 -1 0 -1 0 -1 0 -1 0 -1 0 -1 0 -1 0 -1 0 -1 0 -1 0 -1 0 -1 0 -1 0 -1 0 -1 0 -1 0 
  15 15 15 15 20
 70 5 30 5 30 5 30
2586 131072 0 49 204800 0 
  34359738369 1315051091194281984 1835136 0 50465891015 7916447985573822463 2031036 0 

trp_italian_ship_marine Ship_Crew Marine 0 133169152 0 0 13 0 0
  1129 0 1817 0 1635 0 59 0 156 0 -1 0 -1 0 -1 0 -1 0 -1 0 -1 0 -1 0 -1 0 -1 0 -1 0 -1 0 -1 0 -1 0 -1 0 -1 0 -1 0 -1 0 -1 0 -1 0 -1 0 -1 0 -1 0 -1 0 -1 0 -1 0 -1 0 -1 0 -1 0 -1 0 -1 0 -1 0 -1 0 -1 0 -1 0 -1 0 -1 0 -1 0 -1 0 -1 0 -1 0 -1 0 -1 0 -1 0 -1 0 -1 0 -1 0 -1 0 -1 0 -1 0 -1 0 -1 0 -1 0 -1 0 -1 0 -1 0 -1 0 -1 0 -1 0 -1 0 
  15 15 15 15 20
 50 5 130 5 150 5 30
2586 131072 0 48 208896 0 
  34359738369 1315051091194281984 1835136 0 50465891015 7916447985573822463 2031036 0 

trp_italian_ship_flag_bearer Ship_Crew Ship_Flag_bearer 0 133169152 0 0 27 0 0
  1131 0 1817 0 1635 0 388 0 88 0 -1 0 -1 0 -1 0 -1 0 -1 0 -1 0 -1 0 -1 0 -1 0 -1 0 -1 0 -1 0 -1 0 -1 0 -1 0 -1 0 -1 0 -1 0 -1 0 -1 0 -1 0 -1 0 -1 0 -1 0 -1 0 -1 0 -1 0 -1 0 -1 0 -1 0 -1 0 -1 0 -1 0 -1 0 -1 0 -1 0 -1 0 -1 0 -1 0 -1 0 -1 0 -1 0 -1 0 -1 0 -1 0 -1 0 -1 0 -1 0 -1 0 -1 0 -1 0 -1 0 -1 0 -1 0 -1 0 -1 0 -1 0 -1 0 -1 0 
  15 15 15 15 20
 50 5 130 5 150 5 30
2586 131072 0 48 208896 0 
  34359738369 1315051091194281984 1835136 0 50465891015 7916447985573822463 2031036 0 

trp_italian_ship Ship_Crew Ship_Crew 0 133169152 0 0 27 0 0
  1818 0 1635 0 88 0 90 0 101 0 108 0 187 0 187 0 187 0 187 0 188 0 189 0 189 0 186 0 156 0 28 0 157 0 5 0 5 0 5 0 -1 0 -1 0 -1 0 -1 0 -1 0 -1 0 -1 0 -1 0 -1 0 -1 0 -1 0 -1 0 -1 0 -1 0 -1 0 -1 0 -1 0 -1 0 -1 0 -1 0 -1 0 -1 0 -1 0 -1 0 -1 0 -1 0 -1 0 -1 0 -1 0 -1 0 -1 0 -1 0 -1 0 -1 0 -1 0 -1 0 -1 0 -1 0 -1 0 -1 0 -1 0 -1 0 -1 0 -1 0 
  15 15 15 15 20
 80 5 80 5 130 80 30
2586 131072 0 48 208896 0 
  34359738369 1315051091194281984 1835136 0 50465891015 7916447985573822463 2031036 0 

trp_italian_ship_cannon Ship_Crew Navale_Artiglieria 0 133169152 0 0 27 0 0
  1818 0 1635 0 396 0 395 0 88 0 -1 0 -1 0 -1 0 -1 0 -1 0 -1 0 -1 0 -1 0 -1 0 -1 0 -1 0 -1 0 -1 0 -1 0 -1 0 -1 0 -1 0 -1 0 -1 0 -1 0 -1 0 -1 0 -1 0 -1 0 -1 0 -1 0 -1 0 -1 0 -1 0 -1 0 -1 0 -1 0 -1 0 -1 0 -1 0 -1 0 -1 0 -1 0 -1 0 -1 0 -1 0 -1 0 -1 0 -1 0 -1 0 -1 0 -1 0 -1 0 -1 0 -1 0 -1 0 -1 0 -1 0 -1 0 -1 0 -1 0 -1 0 -1 0 -1 0 
  15 15 15 15 20
 80 5 80 5 130 80 30
2586 131072 0 49 208896 0 
  34359738369 1315051091194281984 1835136 0 50465891015 7916447985573822463 2031036 0 

trp_italian_ship_captain Ship_Crew Capitano 0 133169152 0 0 27 0 0
  1130 0 1805 0 1632 0 84 0 3 0 5 0 157 0 398 0 -1 0 -1 0 -1 0 -1 0 -1 0 -1 0 -1 0 -1 0 -1 0 -1 0 -1 0 -1 0 -1 0 -1 0 -1 0 -1 0 -1 0 -1 0 -1 0 -1 0 -1 0 -1 0 -1 0 -1 0 -1 0 -1 0 -1 0 -1 0 -1 0 -1 0 -1 0 -1 0 -1 0 -1 0 -1 0 -1 0 -1 0 -1 0 -1 0 -1 0 -1 0 -1 0 -1 0 -1 0 -1 0 -1 0 -1 0 -1 0 -1 0 -1 0 -1 0 -1 0 -1 0 -1 0 -1 0 -1 0 
  15 15 15 15 20
 80 5 80 5 50 5 30
2586 131072 0 48 200704 0 
  34359738369 1315051091194281984 1835136 0 50465891015 7916447985573822463 2031036 0 

trp_italian_general Eugene_de_Beauharnais,_Vicere_d'Italia Commander 0 133170176 0 0 13 0 0
  1132 0 1641 0 1636 0 87 0 1951 0 1819 0 398 0 -1 0 -1 0 -1 0 -1 0 -1 0 -1 0 -1 0 -1 0 -1 0 -1 0 -1 0 -1 0 -1 0 -1 0 -1 0 -1 0 -1 0 -1 0 -1 0 -1 0 -1 0 -1 0 -1 0 -1 0 -1 0 -1 0 -1 0 -1 0 -1 0 -1 0 -1 0 -1 0 -1 0 -1 0 -1 0 -1 0 -1 0 -1 0 -1 0 -1 0 -1 0 -1 0 -1 0 -1 0 -1 0 -1 0 -1 0 -1 0 -1 0 -1 0 -1 0 -1 0 -1 0 -1 0 -1 0 -1 0 -1 0 
  12 10 15 15 20
 130 5 30 5 30 5 30
2586 131072 0 22 339968 0 
  34359738369 1315051091194281984 1835136 0 50465891015 7916447985573822463 2031036 0 

trp_spanish_infantry1 45e_Regiment_d'Infanterie_de_ligne Line_Infantry 0 133169152 0 0 3 0 0
  421 0 1639 0 1216 0 156 0 59 0 88 0 -1 0 -1 0 -1 0 -1 0 -1 0 -1 0 -1 0 -1 0 -1 0 -1 0 -1 0 -1 0 -1 0 -1 0 -1 0 -1 0 -1 0 -1 0 -1 0 -1 0 -1 0 -1 0 -1 0 -1 0 -1 0 -1 0 -1 0 -1 0 -1 0 -1 0 -1 0 -1 0 -1 0 -1 0 -1 0 -1 0 -1 0 -1 0 -1 0 -1 0 -1 0 -1 0 -1 0 -1 0 -1 0 -1 0 -1 0 -1 0 -1 0 -1 0 -1 0 -1 0 -1 0 -1 0 -1 0 -1 0 -1 0 -1 0 
  15 15 15 15 20
 50 5 130 5 150 5 30
2586 131072 0 48 208896 0 
  34359738369 1315051091194281984 1835136 0 50465891015 7916447985573822463 2031036 0 

trp_spanish_infantry1_flag_bearer French_Line_Infantry Eagle_Bearer 0 133169152 0 0 28 0 0
  420 0 1655 0 1247 0 208 0 88 0 -1 0 -1 0 -1 0 -1 0 -1 0 -1 0 -1 0 -1 0 -1 0 -1 0 -1 0 -1 0 -1 0 -1 0 -1 0 -1 0 -1 0 -1 0 -1 0 -1 0 -1 0 -1 0 -1 0 -1 0 -1 0 -1 0 -1 0 -1 0 -1 0 -1 0 -1 0 -1 0 -1 0 -1 0 -1 0 -1 0 -1 0 -1 0 -1 0 -1 0 -1 0 -1 0 -1 0 -1 0 -1 0 -1 0 -1 0 -1 0 -1 0 -1 0 -1 0 -1 0 -1 0 -1 0 -1 0 -1 0 -1 0 -1 0 -1 0 
  15 15 15 15 20
 80 5 80 5 50 5 30
2586 131072 0 48 208896 0 
  34359738369 1315051091194281984 1835136 0 50465891015 7916447985573822463 2031036 0 

trp_spanish_infantry1_nco French_Line_Infantry Sergeant 0 133169152 0 0 28 0 0
  420 0 1655 0 1247 0 156 0 59 0 88 0 -1 0 -1 0 -1 0 -1 0 -1 0 -1 0 -1 0 -1 0 -1 0 -1 0 -1 0 -1 0 -1 0 -1 0 -1 0 -1 0 -1 0 -1 0 -1 0 -1 0 -1 0 -1 0 -1 0 -1 0 -1 0 -1 0 -1 0 -1 0 -1 0 -1 0 -1 0 -1 0 -1 0 -1 0 -1 0 -1 0 -1 0 -1 0 -1 0 -1 0 -1 0 -1 0 -1 0 -1 0 -1 0 -1 0 -1 0 -1 0 -1 0 -1 0 -1 0 -1 0 -1 0 -1 0 -1 0 -1 0 -1 0 -1 0 
  15 15 15 15 20
 50 5 130 5 150 5 30
2586 131072 0 48 208896 0 
  34359738369 1315051091194281984 1835136 0 50465891015 7916447985573822463 2031036 0 

trp_spanish_infantry1_officer French_Line_Infantry Officer 0 133169152 0 0 28 0 0
  419 0 1655 0 1247 0 84 0 157 0 3 0 5 0 1819 0 398 0 -1 0 -1 0 -1 0 -1 0 -1 0 -1 0 -1 0 -1 0 -1 0 -1 0 -1 0 -1 0 -1 0 -1 0 -1 0 -1 0 -1 0 -1 0 -1 0 -1 0 -1 0 -1 0 -1 0 -1 0 -1 0 -1 0 -1 0 -1 0 -1 0 -1 0 -1 0 -1 0 -1 0 -1 0 -1 0 -1 0 -1 0 -1 0 -1 0 -1 0 -1 0 -1 0 -1 0 -1 0 -1 0 -1 0 -1 0 -1 0 -1 0 -1 0 -1 0 -1 0 -1 0 -1 0 -1 0 
  15 15 15 15 20
 80 5 80 5 50 5 30
2586 131072 0 48 208896 0 
  34359738369 1315051091194281984 1835136 0 50465891015 7916447985573822463 2031036 0 

trp_spanish_infantry1_drum French_Line_Infantry Drummer 0 133169152 0 0 28 0 0
  457 0 1639 0 1216 0 1820 0 150 0 88 0 -1 0 -1 0 -1 0 -1 0 -1 0 -1 0 -1 0 -1 0 -1 0 -1 0 -1 0 -1 0 -1 0 -1 0 -1 0 -1 0 -1 0 -1 0 -1 0 -1 0 -1 0 -1 0 -1 0 -1 0 -1 0 -1 0 -1 0 -1 0 -1 0 -1 0 -1 0 -1 0 -1 0 -1 0 -1 0 -1 0 -1 0 -1 0 -1 0 -1 0 -1 0 -1 0 -1 0 -1 0 -1 0 -1 0 -1 0 -1 0 -1 0 -1 0 -1 0 -1 0 -1 0 -1 0 -1 0 -1 0 -1 0 -1 0 
  15 15 15 15 20
 80 5 80 5 50 5 30
2586 131072 0 48 208896 0 
  34359738369 1315051091194281984 1835136 0 50465891015 7916447985573822463 2031036 0 

trp_spanish_infantry1_flute French_Line_Infantry Fifer 0 133169152 0 0 28 0 0
  458 0 1639 0 1216 0 151 0 88 0 -1 0 -1 0 -1 0 -1 0 -1 0 -1 0 -1 0 -1 0 -1 0 -1 0 -1 0 -1 0 -1 0 -1 0 -1 0 -1 0 -1 0 -1 0 -1 0 -1 0 -1 0 -1 0 -1 0 -1 0 -1 0 -1 0 -1 0 -1 0 -1 0 -1 0 -1 0 -1 0 -1 0 -1 0 -1 0 -1 0 -1 0 -1 0 -1 0 -1 0 -1 0 -1 0 -1 0 -1 0 -1 0 -1 0 -1 0 -1 0 -1 0 -1 0 -1 0 -1 0 -1 0 -1 0 -1 0 -1 0 -1 0 -1 0 -1 0 
  15 15 15 15 20
 80 5 80 5 50 5 30
2586 131072 0 48 208896 0 
  34359738369 1315051091194281984 1835136 0 50465891015 7916447985573822463 2031036 0 

trp_spanish_infantry2 45e_Regiment_d'Infanterie_de_ligne Line_Infantry 0 133169152 0 0 3 0 0
  421 0 1639 0 1216 0 156 0 59 0 88 0 -1 0 -1 0 -1 0 -1 0 -1 0 -1 0 -1 0 -1 0 -1 0 -1 0 -1 0 -1 0 -1 0 -1 0 -1 0 -1 0 -1 0 -1 0 -1 0 -1 0 -1 0 -1 0 -1 0 -1 0 -1 0 -1 0 -1 0 -1 0 -1 0 -1 0 -1 0 -1 0 -1 0 -1 0 -1 0 -1 0 -1 0 -1 0 -1 0 -1 0 -1 0 -1 0 -1 0 -1 0 -1 0 -1 0 -1 0 -1 0 -1 0 -1 0 -1 0 -1 0 -1 0 -1 0 -1 0 -1 0 -1 0 -1 0 
  15 15 15 15 20
 50 5 130 5 150 5 30
2586 131072 0 48 208896 0 
  34359738369 1315051091194281984 1835136 0 50465891015 7916447985573822463 2031036 0 

trp_spanish_infantry2_flag_bearer French_Line_Infantry Eagle_Bearer 0 133169152 0 0 28 0 0
  420 0 1655 0 1247 0 208 0 88 0 -1 0 -1 0 -1 0 -1 0 -1 0 -1 0 -1 0 -1 0 -1 0 -1 0 -1 0 -1 0 -1 0 -1 0 -1 0 -1 0 -1 0 -1 0 -1 0 -1 0 -1 0 -1 0 -1 0 -1 0 -1 0 -1 0 -1 0 -1 0 -1 0 -1 0 -1 0 -1 0 -1 0 -1 0 -1 0 -1 0 -1 0 -1 0 -1 0 -1 0 -1 0 -1 0 -1 0 -1 0 -1 0 -1 0 -1 0 -1 0 -1 0 -1 0 -1 0 -1 0 -1 0 -1 0 -1 0 -1 0 -1 0 -1 0 -1 0 
  15 15 15 15 20
 80 5 80 5 50 5 30
2586 131072 0 48 208896 0 
  34359738369 1315051091194281984 1835136 0 50465891015 7916447985573822463 2031036 0 

trp_spanish_infantry2_nco French_Line_Infantry Sergeant 0 133169152 0 0 28 0 0
  420 0 1655 0 1247 0 156 0 59 0 88 0 -1 0 -1 0 -1 0 -1 0 -1 0 -1 0 -1 0 -1 0 -1 0 -1 0 -1 0 -1 0 -1 0 -1 0 -1 0 -1 0 -1 0 -1 0 -1 0 -1 0 -1 0 -1 0 -1 0 -1 0 -1 0 -1 0 -1 0 -1 0 -1 0 -1 0 -1 0 -1 0 -1 0 -1 0 -1 0 -1 0 -1 0 -1 0 -1 0 -1 0 -1 0 -1 0 -1 0 -1 0 -1 0 -1 0 -1 0 -1 0 -1 0 -1 0 -1 0 -1 0 -1 0 -1 0 -1 0 -1 0 -1 0 -1 0 
  15 15 15 15 20
 50 5 130 5 150 5 30
2586 131072 0 48 208896 0 
  34359738369 1315051091194281984 1835136 0 50465891015 7916447985573822463 2031036 0 

trp_spanish_infantry2_officer French_Line_Infantry Officer 0 133169152 0 0 28 0 0
  419 0 1655 0 1247 0 84 0 157 0 3 0 5 0 1819 0 398 0 -1 0 -1 0 -1 0 -1 0 -1 0 -1 0 -1 0 -1 0 -1 0 -1 0 -1 0 -1 0 -1 0 -1 0 -1 0 -1 0 -1 0 -1 0 -1 0 -1 0 -1 0 -1 0 -1 0 -1 0 -1 0 -1 0 -1 0 -1 0 -1 0 -1 0 -1 0 -1 0 -1 0 -1 0 -1 0 -1 0 -1 0 -1 0 -1 0 -1 0 -1 0 -1 0 -1 0 -1 0 -1 0 -1 0 -1 0 -1 0 -1 0 -1 0 -1 0 -1 0 -1 0 -1 0 -1 0 
  15 15 15 15 20
 80 5 80 5 50 5 30
2586 131072 0 48 208896 0 
  34359738369 1315051091194281984 1835136 0 50465891015 7916447985573822463 2031036 0 

trp_spanish_infantry2_drum French_Line_Infantry Drummer 0 133169152 0 0 28 0 0
  457 0 1639 0 1216 0 1820 0 150 0 88 0 -1 0 -1 0 -1 0 -1 0 -1 0 -1 0 -1 0 -1 0 -1 0 -1 0 -1 0 -1 0 -1 0 -1 0 -1 0 -1 0 -1 0 -1 0 -1 0 -1 0 -1 0 -1 0 -1 0 -1 0 -1 0 -1 0 -1 0 -1 0 -1 0 -1 0 -1 0 -1 0 -1 0 -1 0 -1 0 -1 0 -1 0 -1 0 -1 0 -1 0 -1 0 -1 0 -1 0 -1 0 -1 0 -1 0 -1 0 -1 0 -1 0 -1 0 -1 0 -1 0 -1 0 -1 0 -1 0 -1 0 -1 0 -1 0 
  15 15 15 15 20
 80 5 80 5 50 5 30
2586 131072 0 48 208896 0 
  34359738369 1315051091194281984 1835136 0 50465891015 7916447985573822463 2031036 0 

trp_spanish_infantry2_flute French_Line_Infantry Fifer 0 133169152 0 0 28 0 0
  458 0 1639 0 1216 0 151 0 88 0 -1 0 -1 0 -1 0 -1 0 -1 0 -1 0 -1 0 -1 0 -1 0 -1 0 -1 0 -1 0 -1 0 -1 0 -1 0 -1 0 -1 0 -1 0 -1 0 -1 0 -1 0 -1 0 -1 0 -1 0 -1 0 -1 0 -1 0 -1 0 -1 0 -1 0 -1 0 -1 0 -1 0 -1 0 -1 0 -1 0 -1 0 -1 0 -1 0 -1 0 -1 0 -1 0 -1 0 -1 0 -1 0 -1 0 -1 0 -1 0 -1 0 -1 0 -1 0 -1 0 -1 0 -1 0 -1 0 -1 0 -1 0 -1 0 -1 0 
  15 15 15 15 20
 80 5 80 5 50 5 30
2586 131072 0 48 208896 0 
  34359738369 1315051091194281984 1835136 0 50465891015 7916447985573822463 2031036 0 

trp_spanish_infantry3 45e_Regiment_d'Infanterie_de_ligne Line_Infantry 0 133169152 0 0 3 0 0
  421 0 1639 0 1216 0 156 0 59 0 88 0 -1 0 -1 0 -1 0 -1 0 -1 0 -1 0 -1 0 -1 0 -1 0 -1 0 -1 0 -1 0 -1 0 -1 0 -1 0 -1 0 -1 0 -1 0 -1 0 -1 0 -1 0 -1 0 -1 0 -1 0 -1 0 -1 0 -1 0 -1 0 -1 0 -1 0 -1 0 -1 0 -1 0 -1 0 -1 0 -1 0 -1 0 -1 0 -1 0 -1 0 -1 0 -1 0 -1 0 -1 0 -1 0 -1 0 -1 0 -1 0 -1 0 -1 0 -1 0 -1 0 -1 0 -1 0 -1 0 -1 0 -1 0 -1 0 
  15 15 15 15 20
 50 5 130 5 150 5 30
2586 131072 0 48 208896 0 
  34359738369 1315051091194281984 1835136 0 50465891015 7916447985573822463 2031036 0 

trp_spanish_infantry3_flag_bearer French_Line_Infantry Eagle_Bearer 0 133169152 0 0 28 0 0
  420 0 1655 0 1247 0 208 0 88 0 -1 0 -1 0 -1 0 -1 0 -1 0 -1 0 -1 0 -1 0 -1 0 -1 0 -1 0 -1 0 -1 0 -1 0 -1 0 -1 0 -1 0 -1 0 -1 0 -1 0 -1 0 -1 0 -1 0 -1 0 -1 0 -1 0 -1 0 -1 0 -1 0 -1 0 -1 0 -1 0 -1 0 -1 0 -1 0 -1 0 -1 0 -1 0 -1 0 -1 0 -1 0 -1 0 -1 0 -1 0 -1 0 -1 0 -1 0 -1 0 -1 0 -1 0 -1 0 -1 0 -1 0 -1 0 -1 0 -1 0 -1 0 -1 0 -1 0 
  15 15 15 15 20
 80 5 80 5 50 5 30
2586 131072 0 48 208896 0 
  34359738369 1315051091194281984 1835136 0 50465891015 7916447985573822463 2031036 0 

trp_spanish_infantry3_nco French_Line_Infantry Sergeant 0 133169152 0 0 28 0 0
  420 0 1655 0 1247 0 156 0 59 0 88 0 -1 0 -1 0 -1 0 -1 0 -1 0 -1 0 -1 0 -1 0 -1 0 -1 0 -1 0 -1 0 -1 0 -1 0 -1 0 -1 0 -1 0 -1 0 -1 0 -1 0 -1 0 -1 0 -1 0 -1 0 -1 0 -1 0 -1 0 -1 0 -1 0 -1 0 -1 0 -1 0 -1 0 -1 0 -1 0 -1 0 -1 0 -1 0 -1 0 -1 0 -1 0 -1 0 -1 0 -1 0 -1 0 -1 0 -1 0 -1 0 -1 0 -1 0 -1 0 -1 0 -1 0 -1 0 -1 0 -1 0 -1 0 -1 0 
  15 15 15 15 20
 50 5 130 5 150 5 30
2586 131072 0 48 208896 0 
  34359738369 1315051091194281984 1835136 0 50465891015 7916447985573822463 2031036 0 

trp_spanish_infantry3_officer French_Line_Infantry Officer 0 133169152 0 0 28 0 0
  419 0 1655 0 1247 0 84 0 157 0 3 0 5 0 1819 0 398 0 -1 0 -1 0 -1 0 -1 0 -1 0 -1 0 -1 0 -1 0 -1 0 -1 0 -1 0 -1 0 -1 0 -1 0 -1 0 -1 0 -1 0 -1 0 -1 0 -1 0 -1 0 -1 0 -1 0 -1 0 -1 0 -1 0 -1 0 -1 0 -1 0 -1 0 -1 0 -1 0 -1 0 -1 0 -1 0 -1 0 -1 0 -1 0 -1 0 -1 0 -1 0 -1 0 -1 0 -1 0 -1 0 -1 0 -1 0 -1 0 -1 0 -1 0 -1 0 -1 0 -1 0 -1 0 -1 0 
  15 15 15 15 20
 80 5 80 5 50 5 30
2586 131072 0 48 208896 0 
  34359738369 1315051091194281984 1835136 0 50465891015 7916447985573822463 2031036 0 

trp_spanish_infantry3_drum French_Line_Infantry Drummer 0 133169152 0 0 28 0 0
  457 0 1639 0 1216 0 1820 0 150 0 88 0 -1 0 -1 0 -1 0 -1 0 -1 0 -1 0 -1 0 -1 0 -1 0 -1 0 -1 0 -1 0 -1 0 -1 0 -1 0 -1 0 -1 0 -1 0 -1 0 -1 0 -1 0 -1 0 -1 0 -1 0 -1 0 -1 0 -1 0 -1 0 -1 0 -1 0 -1 0 -1 0 -1 0 -1 0 -1 0 -1 0 -1 0 -1 0 -1 0 -1 0 -1 0 -1 0 -1 0 -1 0 -1 0 -1 0 -1 0 -1 0 -1 0 -1 0 -1 0 -1 0 -1 0 -1 0 -1 0 -1 0 -1 0 -1 0 
  15 15 15 15 20
 80 5 80 5 50 5 30
2586 131072 0 48 208896 0 
  34359738369 1315051091194281984 1835136 0 50465891015 7916447985573822463 2031036 0 

trp_spanish_infantry3_flute French_Line_Infantry Fifer 0 133169152 0 0 28 0 0
  458 0 1639 0 1216 0 151 0 88 0 -1 0 -1 0 -1 0 -1 0 -1 0 -1 0 -1 0 -1 0 -1 0 -1 0 -1 0 -1 0 -1 0 -1 0 -1 0 -1 0 -1 0 -1 0 -1 0 -1 0 -1 0 -1 0 -1 0 -1 0 -1 0 -1 0 -1 0 -1 0 -1 0 -1 0 -1 0 -1 0 -1 0 -1 0 -1 0 -1 0 -1 0 -1 0 -1 0 -1 0 -1 0 -1 0 -1 0 -1 0 -1 0 -1 0 -1 0 -1 0 -1 0 -1 0 -1 0 -1 0 -1 0 -1 0 -1 0 -1 0 -1 0 -1 0 -1 0 
  15 15 15 15 20
 80 5 80 5 50 5 30
2586 131072 0 48 208896 0 
  34359738369 1315051091194281984 1835136 0 50465891015 7916447985573822463 2031036 0 

trp_spanish_infantry4 45e_Regiment_d'Infanterie_de_ligne Line_Infantry 0 133169152 0 0 3 0 0
  421 0 1639 0 1216 0 156 0 59 0 88 0 -1 0 -1 0 -1 0 -1 0 -1 0 -1 0 -1 0 -1 0 -1 0 -1 0 -1 0 -1 0 -1 0 -1 0 -1 0 -1 0 -1 0 -1 0 -1 0 -1 0 -1 0 -1 0 -1 0 -1 0 -1 0 -1 0 -1 0 -1 0 -1 0 -1 0 -1 0 -1 0 -1 0 -1 0 -1 0 -1 0 -1 0 -1 0 -1 0 -1 0 -1 0 -1 0 -1 0 -1 0 -1 0 -1 0 -1 0 -1 0 -1 0 -1 0 -1 0 -1 0 -1 0 -1 0 -1 0 -1 0 -1 0 -1 0 
  15 15 15 15 20
 50 5 130 5 150 5 30
2586 131072 0 48 208896 0 
  34359738369 1315051091194281984 1835136 0 50465891015 7916447985573822463 2031036 0 

trp_spanish_infantry4_flag_bearer French_Line_Infantry Eagle_Bearer 0 133169152 0 0 28 0 0
  420 0 1655 0 1247 0 208 0 88 0 -1 0 -1 0 -1 0 -1 0 -1 0 -1 0 -1 0 -1 0 -1 0 -1 0 -1 0 -1 0 -1 0 -1 0 -1 0 -1 0 -1 0 -1 0 -1 0 -1 0 -1 0 -1 0 -1 0 -1 0 -1 0 -1 0 -1 0 -1 0 -1 0 -1 0 -1 0 -1 0 -1 0 -1 0 -1 0 -1 0 -1 0 -1 0 -1 0 -1 0 -1 0 -1 0 -1 0 -1 0 -1 0 -1 0 -1 0 -1 0 -1 0 -1 0 -1 0 -1 0 -1 0 -1 0 -1 0 -1 0 -1 0 -1 0 -1 0 
  15 15 15 15 20
 80 5 80 5 50 5 30
2586 131072 0 48 208896 0 
  34359738369 1315051091194281984 1835136 0 50465891015 7916447985573822463 2031036 0 

trp_spanish_infantry4_nco French_Line_Infantry Sergeant 0 133169152 0 0 28 0 0
  420 0 1655 0 1247 0 156 0 59 0 88 0 -1 0 -1 0 -1 0 -1 0 -1 0 -1 0 -1 0 -1 0 -1 0 -1 0 -1 0 -1 0 -1 0 -1 0 -1 0 -1 0 -1 0 -1 0 -1 0 -1 0 -1 0 -1 0 -1 0 -1 0 -1 0 -1 0 -1 0 -1 0 -1 0 -1 0 -1 0 -1 0 -1 0 -1 0 -1 0 -1 0 -1 0 -1 0 -1 0 -1 0 -1 0 -1 0 -1 0 -1 0 -1 0 -1 0 -1 0 -1 0 -1 0 -1 0 -1 0 -1 0 -1 0 -1 0 -1 0 -1 0 -1 0 -1 0 
  15 15 15 15 20
 50 5 130 5 150 5 30
2586 131072 0 48 208896 0 
  34359738369 1315051091194281984 1835136 0 50465891015 7916447985573822463 2031036 0 

trp_spanish_infantry4_officer French_Line_Infantry Officer 0 133169152 0 0 28 0 0
  419 0 1655 0 1247 0 84 0 157 0 3 0 5 0 1819 0 398 0 -1 0 -1 0 -1 0 -1 0 -1 0 -1 0 -1 0 -1 0 -1 0 -1 0 -1 0 -1 0 -1 0 -1 0 -1 0 -1 0 -1 0 -1 0 -1 0 -1 0 -1 0 -1 0 -1 0 -1 0 -1 0 -1 0 -1 0 -1 0 -1 0 -1 0 -1 0 -1 0 -1 0 -1 0 -1 0 -1 0 -1 0 -1 0 -1 0 -1 0 -1 0 -1 0 -1 0 -1 0 -1 0 -1 0 -1 0 -1 0 -1 0 -1 0 -1 0 -1 0 -1 0 -1 0 -1 0 
  15 15 15 15 20
 80 5 80 5 50 5 30
2586 131072 0 48 208896 0 
  34359738369 1315051091194281984 1835136 0 50465891015 7916447985573822463 2031036 0 

trp_spanish_infantry4_drum French_Line_Infantry Drummer 0 133169152 0 0 28 0 0
  457 0 1639 0 1216 0 1820 0 150 0 88 0 -1 0 -1 0 -1 0 -1 0 -1 0 -1 0 -1 0 -1 0 -1 0 -1 0 -1 0 -1 0 -1 0 -1 0 -1 0 -1 0 -1 0 -1 0 -1 0 -1 0 -1 0 -1 0 -1 0 -1 0 -1 0 -1 0 -1 0 -1 0 -1 0 -1 0 -1 0 -1 0 -1 0 -1 0 -1 0 -1 0 -1 0 -1 0 -1 0 -1 0 -1 0 -1 0 -1 0 -1 0 -1 0 -1 0 -1 0 -1 0 -1 0 -1 0 -1 0 -1 0 -1 0 -1 0 -1 0 -1 0 -1 0 -1 0 
  15 15 15 15 20
 80 5 80 5 50 5 30
2586 131072 0 48 208896 0 
  34359738369 1315051091194281984 1835136 0 50465891015 7916447985573822463 2031036 0 

trp_spanish_infantry4_flute French_Line_Infantry Fifer 0 133169152 0 0 28 0 0
  458 0 1639 0 1216 0 151 0 88 0 -1 0 -1 0 -1 0 -1 0 -1 0 -1 0 -1 0 -1 0 -1 0 -1 0 -1 0 -1 0 -1 0 -1 0 -1 0 -1 0 -1 0 -1 0 -1 0 -1 0 -1 0 -1 0 -1 0 -1 0 -1 0 -1 0 -1 0 -1 0 -1 0 -1 0 -1 0 -1 0 -1 0 -1 0 -1 0 -1 0 -1 0 -1 0 -1 0 -1 0 -1 0 -1 0 -1 0 -1 0 -1 0 -1 0 -1 0 -1 0 -1 0 -1 0 -1 0 -1 0 -1 0 -1 0 -1 0 -1 0 -1 0 -1 0 -1 0 
  15 15 15 15 20
 80 5 80 5 50 5 30
2586 131072 0 48 208896 0 
  34359738369 1315051091194281984 1835136 0 50465891015 7916447985573822463 2031036 0 

trp_spanish_foot_guard1 1er_Regiment_de_Grenadiers_de_la_Garde_Imperiale Foot_Guard 0 133169152 0 0 3 0 0
  432 0 1651 0 1243 0 156 0 61 0 79 0 -1 0 -1 0 -1 0 -1 0 -1 0 -1 0 -1 0 -1 0 -1 0 -1 0 -1 0 -1 0 -1 0 -1 0 -1 0 -1 0 -1 0 -1 0 -1 0 -1 0 -1 0 -1 0 -1 0 -1 0 -1 0 -1 0 -1 0 -1 0 -1 0 -1 0 -1 0 -1 0 -1 0 -1 0 -1 0 -1 0 -1 0 -1 0 -1 0 -1 0 -1 0 -1 0 -1 0 -1 0 -1 0 -1 0 -1 0 -1 0 -1 0 -1 0 -1 0 -1 0 -1 0 -1 0 -1 0 -1 0 -1 0 -1 0 
  15 15 15 15 20
 50 5 145 5 150 5 30
2586 131072 0 48 208896 0 
  34359738369 1315051091194281984 1835136 0 50465891015 7916447985573822463 2031036 0 

trp_spanish_foot_guard1_flag_bearer French_Grenadier_Guard Eagle_Bearer 0 133169152 0 0 28 0 0
  431 0 1655 0 1241 0 211 0 79 0 -1 0 -1 0 -1 0 -1 0 -1 0 -1 0 -1 0 -1 0 -1 0 -1 0 -1 0 -1 0 -1 0 -1 0 -1 0 -1 0 -1 0 -1 0 -1 0 -1 0 -1 0 -1 0 -1 0 -1 0 -1 0 -1 0 -1 0 -1 0 -1 0 -1 0 -1 0 -1 0 -1 0 -1 0 -1 0 -1 0 -1 0 -1 0 -1 0 -1 0 -1 0 -1 0 -1 0 -1 0 -1 0 -1 0 -1 0 -1 0 -1 0 -1 0 -1 0 -1 0 -1 0 -1 0 -1 0 -1 0 -1 0 -1 0 -1 0 
  15 15 15 15 20
 80 5 80 5 50 5 30
2586 131072 0 48 208896 0 
  34359738369 1315051091194281984 1835136 0 50465891015 7916447985573822463 2031036 0 

trp_spanish_foot_guard1_nco French_Grenadier_Guard Sergeant 0 133169152 0 0 28 0 0
  431 0 1655 0 1241 0 156 0 61 0 79 0 -1 0 -1 0 -1 0 -1 0 -1 0 -1 0 -1 0 -1 0 -1 0 -1 0 -1 0 -1 0 -1 0 -1 0 -1 0 -1 0 -1 0 -1 0 -1 0 -1 0 -1 0 -1 0 -1 0 -1 0 -1 0 -1 0 -1 0 -1 0 -1 0 -1 0 -1 0 -1 0 -1 0 -1 0 -1 0 -1 0 -1 0 -1 0 -1 0 -1 0 -1 0 -1 0 -1 0 -1 0 -1 0 -1 0 -1 0 -1 0 -1 0 -1 0 -1 0 -1 0 -1 0 -1 0 -1 0 -1 0 -1 0 -1 0 
  15 15 15 15 20
 50 5 145 5 150 5 30
2586 131072 0 48 208896 0 
  34359738369 1315051091194281984 1835136 0 50465891015 7916447985573822463 2031036 0 

trp_spanish_foot_guard1_officer French_Grenadier_Guard Officer 0 133169152 0 0 28 0 0
  433 0 1655 0 1239 0 82 0 157 0 3 0 5 0 1819 0 398 0 -1 0 -1 0 -1 0 -1 0 -1 0 -1 0 -1 0 -1 0 -1 0 -1 0 -1 0 -1 0 -1 0 -1 0 -1 0 -1 0 -1 0 -1 0 -1 0 -1 0 -1 0 -1 0 -1 0 -1 0 -1 0 -1 0 -1 0 -1 0 -1 0 -1 0 -1 0 -1 0 -1 0 -1 0 -1 0 -1 0 -1 0 -1 0 -1 0 -1 0 -1 0 -1 0 -1 0 -1 0 -1 0 -1 0 -1 0 -1 0 -1 0 -1 0 -1 0 -1 0 -1 0 -1 0 -1 0 
  15 15 15 15 20
 80 5 80 5 50 5 30
2586 131072 0 48 208896 0 
  34359738369 1315051091194281984 1835136 0 50465891015 7916447985573822463 2031036 0 

trp_spanish_foot_guard1_drum French_Grenadier_Guard Drummer 0 133169152 0 0 28 0 0
  454 0 1651 0 1243 0 1820 0 150 0 79 0 -1 0 -1 0 -1 0 -1 0 -1 0 -1 0 -1 0 -1 0 -1 0 -1 0 -1 0 -1 0 -1 0 -1 0 -1 0 -1 0 -1 0 -1 0 -1 0 -1 0 -1 0 -1 0 -1 0 -1 0 -1 0 -1 0 -1 0 -1 0 -1 0 -1 0 -1 0 -1 0 -1 0 -1 0 -1 0 -1 0 -1 0 -1 0 -1 0 -1 0 -1 0 -1 0 -1 0 -1 0 -1 0 -1 0 -1 0 -1 0 -1 0 -1 0 -1 0 -1 0 -1 0 -1 0 -1 0 -1 0 -1 0 -1 0 
  15 15 15 15 20
 80 5 80 5 50 5 30
2586 131072 0 48 208896 0 
  34359738369 1315051091194281984 1835136 0 50465891015 7916447985573822463 2031036 0 

trp_spanish_foot_guard1_flute French_Grenadier_Guard Fifer 0 133169152 0 0 28 0 0
  455 0 1651 0 1243 0 151 0 79 0 1819 0 -1 0 -1 0 -1 0 -1 0 -1 0 -1 0 -1 0 -1 0 -1 0 -1 0 -1 0 -1 0 -1 0 -1 0 -1 0 -1 0 -1 0 -1 0 -1 0 -1 0 -1 0 -1 0 -1 0 -1 0 -1 0 -1 0 -1 0 -1 0 -1 0 -1 0 -1 0 -1 0 -1 0 -1 0 -1 0 -1 0 -1 0 -1 0 -1 0 -1 0 -1 0 -1 0 -1 0 -1 0 -1 0 -1 0 -1 0 -1 0 -1 0 -1 0 -1 0 -1 0 -1 0 -1 0 -1 0 -1 0 -1 0 -1 0 
  15 15 15 15 20
 80 5 80 5 50 5 30
2586 131072 0 48 208896 0 
  34359738369 1315051091194281984 1835136 0 50465891015 7916447985573822463 2031036 0 

trp_spanish_foot_guard2 1er_Regiment_de_Grenadiers_de_la_Garde_Imperiale Foot_Guard 0 133169152 0 0 3 0 0
  432 0 1651 0 1243 0 156 0 61 0 79 0 -1 0 -1 0 -1 0 -1 0 -1 0 -1 0 -1 0 -1 0 -1 0 -1 0 -1 0 -1 0 -1 0 -1 0 -1 0 -1 0 -1 0 -1 0 -1 0 -1 0 -1 0 -1 0 -1 0 -1 0 -1 0 -1 0 -1 0 -1 0 -1 0 -1 0 -1 0 -1 0 -1 0 -1 0 -1 0 -1 0 -1 0 -1 0 -1 0 -1 0 -1 0 -1 0 -1 0 -1 0 -1 0 -1 0 -1 0 -1 0 -1 0 -1 0 -1 0 -1 0 -1 0 -1 0 -1 0 -1 0 -1 0 -1 0 
  15 15 15 15 20
 50 5 145 5 150 5 30
2586 131072 0 48 208896 0 
  34359738369 1315051091194281984 1835136 0 50465891015 7916447985573822463 2031036 0 

trp_spanish_foot_guard2_flag_bearer French_Grenadier_Guard Eagle_Bearer 0 133169152 0 0 28 0 0
  431 0 1655 0 1241 0 211 0 79 0 -1 0 -1 0 -1 0 -1 0 -1 0 -1 0 -1 0 -1 0 -1 0 -1 0 -1 0 -1 0 -1 0 -1 0 -1 0 -1 0 -1 0 -1 0 -1 0 -1 0 -1 0 -1 0 -1 0 -1 0 -1 0 -1 0 -1 0 -1 0 -1 0 -1 0 -1 0 -1 0 -1 0 -1 0 -1 0 -1 0 -1 0 -1 0 -1 0 -1 0 -1 0 -1 0 -1 0 -1 0 -1 0 -1 0 -1 0 -1 0 -1 0 -1 0 -1 0 -1 0 -1 0 -1 0 -1 0 -1 0 -1 0 -1 0 -1 0 
  15 15 15 15 20
 80 5 80 5 50 5 30
2586 131072 0 48 208896 0 
  34359738369 1315051091194281984 1835136 0 50465891015 7916447985573822463 2031036 0 

trp_spanish_foot_guard2_nco French_Grenadier_Guard Sergeant 0 133169152 0 0 28 0 0
  431 0 1655 0 1241 0 156 0 61 0 79 0 -1 0 -1 0 -1 0 -1 0 -1 0 -1 0 -1 0 -1 0 -1 0 -1 0 -1 0 -1 0 -1 0 -1 0 -1 0 -1 0 -1 0 -1 0 -1 0 -1 0 -1 0 -1 0 -1 0 -1 0 -1 0 -1 0 -1 0 -1 0 -1 0 -1 0 -1 0 -1 0 -1 0 -1 0 -1 0 -1 0 -1 0 -1 0 -1 0 -1 0 -1 0 -1 0 -1 0 -1 0 -1 0 -1 0 -1 0 -1 0 -1 0 -1 0 -1 0 -1 0 -1 0 -1 0 -1 0 -1 0 -1 0 -1 0 
  15 15 15 15 20
 50 5 145 5 150 5 30
2586 131072 0 48 208896 0 
  34359738369 1315051091194281984 1835136 0 50465891015 7916447985573822463 2031036 0 

trp_spanish_foot_guard2_officer French_Grenadier_Guard Officer 0 133169152 0 0 28 0 0
  433 0 1655 0 1239 0 82 0 157 0 3 0 5 0 1819 0 398 0 -1 0 -1 0 -1 0 -1 0 -1 0 -1 0 -1 0 -1 0 -1 0 -1 0 -1 0 -1 0 -1 0 -1 0 -1 0 -1 0 -1 0 -1 0 -1 0 -1 0 -1 0 -1 0 -1 0 -1 0 -1 0 -1 0 -1 0 -1 0 -1 0 -1 0 -1 0 -1 0 -1 0 -1 0 -1 0 -1 0 -1 0 -1 0 -1 0 -1 0 -1 0 -1 0 -1 0 -1 0 -1 0 -1 0 -1 0 -1 0 -1 0 -1 0 -1 0 -1 0 -1 0 -1 0 -1 0 
  15 15 15 15 20
 80 5 80 5 50 5 30
2586 131072 0 48 208896 0 
  34359738369 1315051091194281984 1835136 0 50465891015 7916447985573822463 2031036 0 

trp_spanish_foot_guard2_drum French_Grenadier_Guard Drummer 0 133169152 0 0 28 0 0
  454 0 1651 0 1243 0 1820 0 150 0 79 0 -1 0 -1 0 -1 0 -1 0 -1 0 -1 0 -1 0 -1 0 -1 0 -1 0 -1 0 -1 0 -1 0 -1 0 -1 0 -1 0 -1 0 -1 0 -1 0 -1 0 -1 0 -1 0 -1 0 -1 0 -1 0 -1 0 -1 0 -1 0 -1 0 -1 0 -1 0 -1 0 -1 0 -1 0 -1 0 -1 0 -1 0 -1 0 -1 0 -1 0 -1 0 -1 0 -1 0 -1 0 -1 0 -1 0 -1 0 -1 0 -1 0 -1 0 -1 0 -1 0 -1 0 -1 0 -1 0 -1 0 -1 0 -1 0 
  15 15 15 15 20
 80 5 80 5 50 5 30
2586 131072 0 48 208896 0 
  34359738369 1315051091194281984 1835136 0 50465891015 7916447985573822463 2031036 0 

trp_spanish_foot_guard2_flute French_Grenadier_Guard Fifer 0 133169152 0 0 28 0 0
  455 0 1651 0 1243 0 151 0 79 0 1819 0 -1 0 -1 0 -1 0 -1 0 -1 0 -1 0 -1 0 -1 0 -1 0 -1 0 -1 0 -1 0 -1 0 -1 0 -1 0 -1 0 -1 0 -1 0 -1 0 -1 0 -1 0 -1 0 -1 0 -1 0 -1 0 -1 0 -1 0 -1 0 -1 0 -1 0 -1 0 -1 0 -1 0 -1 0 -1 0 -1 0 -1 0 -1 0 -1 0 -1 0 -1 0 -1 0 -1 0 -1 0 -1 0 -1 0 -1 0 -1 0 -1 0 -1 0 -1 0 -1 0 -1 0 -1 0 -1 0 -1 0 -1 0 -1 0 
  15 15 15 15 20
 80 5 80 5 50 5 30
2586 131072 0 48 208896 0 
  34359738369 1315051091194281984 1835136 0 50465891015 7916447985573822463 2031036 0 

trp_spanish_light 1er_Regiment_de_Voltigeurs_de_la_Garde_Imperiale Light_Infantry 0 133169152 0 0 3 0 0
  498 0 1651 0 1276 0 156 0 59 0 21 0 88 0 -1 0 -1 0 -1 0 -1 0 -1 0 -1 0 -1 0 -1 0 -1 0 -1 0 -1 0 -1 0 -1 0 -1 0 -1 0 -1 0 -1 0 -1 0 -1 0 -1 0 -1 0 -1 0 -1 0 -1 0 -1 0 -1 0 -1 0 -1 0 -1 0 -1 0 -1 0 -1 0 -1 0 -1 0 -1 0 -1 0 -1 0 -1 0 -1 0 -1 0 -1 0 -1 0 -1 0 -1 0 -1 0 -1 0 -1 0 -1 0 -1 0 -1 0 -1 0 -1 0 -1 0 -1 0 -1 0 -1 0 -1 0 
  15 15 15 15 20
 50 5 90 5 206 5 30
2586 131072 0 48 135168 0 
  34359738369 1315051091194281984 1835136 0 50465891015 7916447985573822463 2031036 0 

trp_spanish_light_flag_bearer French_Voltigeur Eagle_Bearer 0 133169152 0 0 28 0 0
  501 0 1655 0 1276 0 224 0 88 0 -1 0 -1 0 -1 0 -1 0 -1 0 -1 0 -1 0 -1 0 -1 0 -1 0 -1 0 -1 0 -1 0 -1 0 -1 0 -1 0 -1 0 -1 0 -1 0 -1 0 -1 0 -1 0 -1 0 -1 0 -1 0 -1 0 -1 0 -1 0 -1 0 -1 0 -1 0 -1 0 -1 0 -1 0 -1 0 -1 0 -1 0 -1 0 -1 0 -1 0 -1 0 -1 0 -1 0 -1 0 -1 0 -1 0 -1 0 -1 0 -1 0 -1 0 -1 0 -1 0 -1 0 -1 0 -1 0 -1 0 -1 0 -1 0 -1 0 
  15 15 15 15 20
 80 5 80 5 50 5 30
2586 131072 0 48 135168 0 
  34359738369 1315051091194281984 1835136 0 50465891015 7916447985573822463 2031036 0 

trp_spanish_light_nco French_Voltigeur Sergeant 0 133169152 0 0 28 0 0
  501 0 1655 0 1276 0 156 0 59 0 21 0 88 0 -1 0 -1 0 -1 0 -1 0 -1 0 -1 0 -1 0 -1 0 -1 0 -1 0 -1 0 -1 0 -1 0 -1 0 -1 0 -1 0 -1 0 -1 0 -1 0 -1 0 -1 0 -1 0 -1 0 -1 0 -1 0 -1 0 -1 0 -1 0 -1 0 -1 0 -1 0 -1 0 -1 0 -1 0 -1 0 -1 0 -1 0 -1 0 -1 0 -1 0 -1 0 -1 0 -1 0 -1 0 -1 0 -1 0 -1 0 -1 0 -1 0 -1 0 -1 0 -1 0 -1 0 -1 0 -1 0 -1 0 -1 0 
  15 15 15 15 20
 50 5 90 5 206 5 30
2586 131072 0 48 135168 0 
  34359738369 1315051091194281984 1835136 0 50465891015 7916447985573822463 2031036 0 

trp_spanish_light_officer French_Voltigeur Officer 0 133169152 0 0 28 0 0
  499 0 1655 0 1278 0 86 0 157 0 3 0 5 0 1819 0 398 0 -1 0 -1 0 -1 0 -1 0 -1 0 -1 0 -1 0 -1 0 -1 0 -1 0 -1 0 -1 0 -1 0 -1 0 -1 0 -1 0 -1 0 -1 0 -1 0 -1 0 -1 0 -1 0 -1 0 -1 0 -1 0 -1 0 -1 0 -1 0 -1 0 -1 0 -1 0 -1 0 -1 0 -1 0 -1 0 -1 0 -1 0 -1 0 -1 0 -1 0 -1 0 -1 0 -1 0 -1 0 -1 0 -1 0 -1 0 -1 0 -1 0 -1 0 -1 0 -1 0 -1 0 -1 0 -1 0 
  15 15 15 15 20
 80 5 80 5 50 5 30
2586 131072 0 48 208896 0 
  34359738369 1315051091194281984 1835136 0 50465891015 7916447985573822463 2031036 0 

trp_spanish_light_horn French_Voltigeur Hornist 0 133169152 0 0 28 0 0
  500 0 1651 0 1276 0 152 0 88 0 -1 0 -1 0 -1 0 -1 0 -1 0 -1 0 -1 0 -1 0 -1 0 -1 0 -1 0 -1 0 -1 0 -1 0 -1 0 -1 0 -1 0 -1 0 -1 0 -1 0 -1 0 -1 0 -1 0 -1 0 -1 0 -1 0 -1 0 -1 0 -1 0 -1 0 -1 0 -1 0 -1 0 -1 0 -1 0 -1 0 -1 0 -1 0 -1 0 -1 0 -1 0 -1 0 -1 0 -1 0 -1 0 -1 0 -1 0 -1 0 -1 0 -1 0 -1 0 -1 0 -1 0 -1 0 -1 0 -1 0 -1 0 -1 0 -1 0 
  15 15 15 15 20
 80 5 80 5 50 5 30
2586 131072 0 48 135168 0 
  34359738369 1315051091194281984 1835136 0 50465891015 7916447985573822463 2031036 0 

trp_spanish_rifle Bataillon_de_Tirailleurs_Corses Rifleman 0 133169152 0 0 3 0 0
  503 0 1663 0 1280 0 156 0 21 0 47 0 88 0 -1 0 -1 0 -1 0 -1 0 -1 0 -1 0 -1 0 -1 0 -1 0 -1 0 -1 0 -1 0 -1 0 -1 0 -1 0 -1 0 -1 0 -1 0 -1 0 -1 0 -1 0 -1 0 -1 0 -1 0 -1 0 -1 0 -1 0 -1 0 -1 0 -1 0 -1 0 -1 0 -1 0 -1 0 -1 0 -1 0 -1 0 -1 0 -1 0 -1 0 -1 0 -1 0 -1 0 -1 0 -1 0 -1 0 -1 0 -1 0 -1 0 -1 0 -1 0 -1 0 -1 0 -1 0 -1 0 -1 0 -1 0 
  15 15 15 15 20
 50 5 90 5 206 5 30
2586 131072 0 48 135168 0 
  34359738369 1315051091194281984 1835136 0 50465891015 7916447985573822463 2031036 0 

trp_spanish_rifle_flag_bearer French_Corsican_Rifle Eagle_Bearer 0 133169152 0 0 28 0 0
  504 0 1639 0 1282 0 225 0 88 0 -1 0 -1 0 -1 0 -1 0 -1 0 -1 0 -1 0 -1 0 -1 0 -1 0 -1 0 -1 0 -1 0 -1 0 -1 0 -1 0 -1 0 -1 0 -1 0 -1 0 -1 0 -1 0 -1 0 -1 0 -1 0 -1 0 -1 0 -1 0 -1 0 -1 0 -1 0 -1 0 -1 0 -1 0 -1 0 -1 0 -1 0 -1 0 -1 0 -1 0 -1 0 -1 0 -1 0 -1 0 -1 0 -1 0 -1 0 -1 0 -1 0 -1 0 -1 0 -1 0 -1 0 -1 0 -1 0 -1 0 -1 0 -1 0 -1 0 
  15 15 15 15 20
 80 5 80 5 50 5 30
2586 131072 0 48 135168 0 
  34359738369 1315051091194281984 1835136 0 50465891015 7916447985573822463 2031036 0 

trp_spanish_rifle_nco French_Corsican_Rifle Sergeant 0 133169152 0 0 28 0 0
  504 0 1639 0 1282 0 156 0 21 0 47 0 88 0 -1 0 -1 0 -1 0 -1 0 -1 0 -1 0 -1 0 -1 0 -1 0 -1 0 -1 0 -1 0 -1 0 -1 0 -1 0 -1 0 -1 0 -1 0 -1 0 -1 0 -1 0 -1 0 -1 0 -1 0 -1 0 -1 0 -1 0 -1 0 -1 0 -1 0 -1 0 -1 0 -1 0 -1 0 -1 0 -1 0 -1 0 -1 0 -1 0 -1 0 -1 0 -1 0 -1 0 -1 0 -1 0 -1 0 -1 0 -1 0 -1 0 -1 0 -1 0 -1 0 -1 0 -1 0 -1 0 -1 0 -1 0 
  15 15 15 15 20
 50 5 90 5 206 5 30
2586 131072 0 48 135168 0 
  34359738369 1315051091194281984 1835136 0 50465891015 7916447985573822463 2031036 0 

trp_spanish_rifle_officer French_Corsican_Rifle Officer 0 133169152 0 0 28 0 0
  502 0 1639 0 1247 0 86 0 157 0 3 0 5 0 1819 0 398 0 -1 0 -1 0 -1 0 -1 0 -1 0 -1 0 -1 0 -1 0 -1 0 -1 0 -1 0 -1 0 -1 0 -1 0 -1 0 -1 0 -1 0 -1 0 -1 0 -1 0 -1 0 -1 0 -1 0 -1 0 -1 0 -1 0 -1 0 -1 0 -1 0 -1 0 -1 0 -1 0 -1 0 -1 0 -1 0 -1 0 -1 0 -1 0 -1 0 -1 0 -1 0 -1 0 -1 0 -1 0 -1 0 -1 0 -1 0 -1 0 -1 0 -1 0 -1 0 -1 0 -1 0 -1 0 -1 0 
  15 15 15 15 20
 80 5 80 5 50 5 30
2586 131072 0 48 208896 0 
  34359738369 1315051091194281984 1835136 0 50465891015 7916447985573822463 2031036 0 

trp_spanish_rifle_horn French_Corsican_Rifle Hornist 0 133169152 0 0 28 0 0
  505 0 1663 0 1280 0 152 0 88 0 -1 0 -1 0 -1 0 -1 0 -1 0 -1 0 -1 0 -1 0 -1 0 -1 0 -1 0 -1 0 -1 0 -1 0 -1 0 -1 0 -1 0 -1 0 -1 0 -1 0 -1 0 -1 0 -1 0 -1 0 -1 0 -1 0 -1 0 -1 0 -1 0 -1 0 -1 0 -1 0 -1 0 -1 0 -1 0 -1 0 -1 0 -1 0 -1 0 -1 0 -1 0 -1 0 -1 0 -1 0 -1 0 -1 0 -1 0 -1 0 -1 0 -1 0 -1 0 -1 0 -1 0 -1 0 -1 0 -1 0 -1 0 -1 0 -1 0 
  15 15 15 15 20
 80 5 80 5 50 5 30
2586 131072 0 48 135168 0 
  34359738369 1315051091194281984 1835136 0 50465891015 7916447985573822463 2031036 0 

trp_spanish_hussar1 5e_Regiment_de_Hussards Hussar 0 133170176 0 0 3 0 0
  510 0 1664 0 1288 0 89 0 1842 0 -1 0 -1 0 -1 0 -1 0 -1 0 -1 0 -1 0 -1 0 -1 0 -1 0 -1 0 -1 0 -1 0 -1 0 -1 0 -1 0 -1 0 -1 0 -1 0 -1 0 -1 0 -1 0 -1 0 -1 0 -1 0 -1 0 -1 0 -1 0 -1 0 -1 0 -1 0 -1 0 -1 0 -1 0 -1 0 -1 0 -1 0 -1 0 -1 0 -1 0 -1 0 -1 0 -1 0 -1 0 -1 0 -1 0 -1 0 -1 0 -1 0 -1 0 -1 0 -1 0 -1 0 -1 0 -1 0 -1 0 -1 0 -1 0 -1 0 
  12 10 15 15 20
 160 5 30 5 30 5 30
2586 131072 0 22 208896 0 
  34359738369 1315051091194281984 1835136 0 50465891015 7916447985573822463 2031036 0 

trp_spanish_hussar1_flag_bearer French_Hussar Eagle_Bearer 0 133170176 0 0 28 0 0
  511 0 1664 0 1286 0 232 0 89 0 1842 0 -1 0 -1 0 -1 0 -1 0 -1 0 -1 0 -1 0 -1 0 -1 0 -1 0 -1 0 -1 0 -1 0 -1 0 -1 0 -1 0 -1 0 -1 0 -1 0 -1 0 -1 0 -1 0 -1 0 -1 0 -1 0 -1 0 -1 0 -1 0 -1 0 -1 0 -1 0 -1 0 -1 0 -1 0 -1 0 -1 0 -1 0 -1 0 -1 0 -1 0 -1 0 -1 0 -1 0 -1 0 -1 0 -1 0 -1 0 -1 0 -1 0 -1 0 -1 0 -1 0 -1 0 -1 0 -1 0 -1 0 -1 0 -1 0 
  12 10 15 15 20
 160 5 30 5 30 5 30
2586 131072 0 22 208896 0 
  34359738369 1315051091194281984 1835136 0 50465891015 7916447985573822463 2031036 0 

trp_spanish_hussar1_nco French_Hussar Sergeant 0 133170176 0 0 28 0 0
  511 0 1664 0 1286 0 89 0 1842 0 -1 0 -1 0 -1 0 -1 0 -1 0 -1 0 -1 0 -1 0 -1 0 -1 0 -1 0 -1 0 -1 0 -1 0 -1 0 -1 0 -1 0 -1 0 -1 0 -1 0 -1 0 -1 0 -1 0 -1 0 -1 0 -1 0 -1 0 -1 0 -1 0 -1 0 -1 0 -1 0 -1 0 -1 0 -1 0 -1 0 -1 0 -1 0 -1 0 -1 0 -1 0 -1 0 -1 0 -1 0 -1 0 -1 0 -1 0 -1 0 -1 0 -1 0 -1 0 -1 0 -1 0 -1 0 -1 0 -1 0 -1 0 -1 0 -1 0 
  12 10 15 15 20
 160 5 30 5 30 5 30
2586 131072 0 22 208896 0 
  34359738369 1315051091194281984 1835136 0 50465891015 7916447985573822463 2031036 0 

trp_spanish_hussar1_officer French_Hussar Officer 0 133170176 0 0 28 0 0
  512 0 1665 0 1292 0 157 0 7 0 85 0 1843 0 398 0 -1 0 -1 0 -1 0 -1 0 -1 0 -1 0 -1 0 -1 0 -1 0 -1 0 -1 0 -1 0 -1 0 -1 0 -1 0 -1 0 -1 0 -1 0 -1 0 -1 0 -1 0 -1 0 -1 0 -1 0 -1 0 -1 0 -1 0 -1 0 -1 0 -1 0 -1 0 -1 0 -1 0 -1 0 -1 0 -1 0 -1 0 -1 0 -1 0 -1 0 -1 0 -1 0 -1 0 -1 0 -1 0 -1 0 -1 0 -1 0 -1 0 -1 0 -1 0 -1 0 -1 0 -1 0 -1 0 -1 0 
  12 10 15 15 20
 160 5 30 5 30 5 30
2586 131072 0 22 208896 0 
  34359738369 1315051091194281984 1835136 0 50465891015 7916447985573822463 2031036 0 

trp_spanish_hussar1_trumpet French_Hussar Trumpeter 0 133170176 0 0 28 0 0
  513 0 1664 0 1290 0 153 0 89 0 1843 0 -1 0 -1 0 -1 0 -1 0 -1 0 -1 0 -1 0 -1 0 -1 0 -1 0 -1 0 -1 0 -1 0 -1 0 -1 0 -1 0 -1 0 -1 0 -1 0 -1 0 -1 0 -1 0 -1 0 -1 0 -1 0 -1 0 -1 0 -1 0 -1 0 -1 0 -1 0 -1 0 -1 0 -1 0 -1 0 -1 0 -1 0 -1 0 -1 0 -1 0 -1 0 -1 0 -1 0 -1 0 -1 0 -1 0 -1 0 -1 0 -1 0 -1 0 -1 0 -1 0 -1 0 -1 0 -1 0 -1 0 -1 0 -1 0 
  12 10 15 15 20
 160 5 30 5 30 5 30
2586 131072 0 22 208896 0 
  34359738369 1315051091194281984 1835136 0 50465891015 7916447985573822463 2031036 0 

trp_spanish_hussar2 5e_Regiment_de_Hussards Hussar 0 133170176 0 0 3 0 0
  510 0 1664 0 1288 0 89 0 1842 0 -1 0 -1 0 -1 0 -1 0 -1 0 -1 0 -1 0 -1 0 -1 0 -1 0 -1 0 -1 0 -1 0 -1 0 -1 0 -1 0 -1 0 -1 0 -1 0 -1 0 -1 0 -1 0 -1 0 -1 0 -1 0 -1 0 -1 0 -1 0 -1 0 -1 0 -1 0 -1 0 -1 0 -1 0 -1 0 -1 0 -1 0 -1 0 -1 0 -1 0 -1 0 -1 0 -1 0 -1 0 -1 0 -1 0 -1 0 -1 0 -1 0 -1 0 -1 0 -1 0 -1 0 -1 0 -1 0 -1 0 -1 0 -1 0 -1 0 
  12 10 15 15 20
 160 5 30 5 30 5 30
2586 131072 0 22 208896 0 
  34359738369 1315051091194281984 1835136 0 50465891015 7916447985573822463 2031036 0 

trp_spanish_hussar2_flag_bearer French_Hussar Eagle_Bearer 0 133170176 0 0 28 0 0
  511 0 1664 0 1286 0 232 0 89 0 1842 0 -1 0 -1 0 -1 0 -1 0 -1 0 -1 0 -1 0 -1 0 -1 0 -1 0 -1 0 -1 0 -1 0 -1 0 -1 0 -1 0 -1 0 -1 0 -1 0 -1 0 -1 0 -1 0 -1 0 -1 0 -1 0 -1 0 -1 0 -1 0 -1 0 -1 0 -1 0 -1 0 -1 0 -1 0 -1 0 -1 0 -1 0 -1 0 -1 0 -1 0 -1 0 -1 0 -1 0 -1 0 -1 0 -1 0 -1 0 -1 0 -1 0 -1 0 -1 0 -1 0 -1 0 -1 0 -1 0 -1 0 -1 0 -1 0 
  12 10 15 15 20
 160 5 30 5 30 5 30
2586 131072 0 22 208896 0 
  34359738369 1315051091194281984 1835136 0 50465891015 7916447985573822463 2031036 0 

trp_spanish_hussar2_nco French_Hussar Sergeant 0 133170176 0 0 28 0 0
  511 0 1664 0 1286 0 89 0 1842 0 -1 0 -1 0 -1 0 -1 0 -1 0 -1 0 -1 0 -1 0 -1 0 -1 0 -1 0 -1 0 -1 0 -1 0 -1 0 -1 0 -1 0 -1 0 -1 0 -1 0 -1 0 -1 0 -1 0 -1 0 -1 0 -1 0 -1 0 -1 0 -1 0 -1 0 -1 0 -1 0 -1 0 -1 0 -1 0 -1 0 -1 0 -1 0 -1 0 -1 0 -1 0 -1 0 -1 0 -1 0 -1 0 -1 0 -1 0 -1 0 -1 0 -1 0 -1 0 -1 0 -1 0 -1 0 -1 0 -1 0 -1 0 -1 0 -1 0 
  12 10 15 15 20
 160 5 30 5 30 5 30
2586 131072 0 22 208896 0 
  34359738369 1315051091194281984 1835136 0 50465891015 7916447985573822463 2031036 0 

trp_spanish_hussar2_officer French_Hussar Officer 0 133170176 0 0 28 0 0
  512 0 1665 0 1292 0 157 0 7 0 85 0 1843 0 398 0 -1 0 -1 0 -1 0 -1 0 -1 0 -1 0 -1 0 -1 0 -1 0 -1 0 -1 0 -1 0 -1 0 -1 0 -1 0 -1 0 -1 0 -1 0 -1 0 -1 0 -1 0 -1 0 -1 0 -1 0 -1 0 -1 0 -1 0 -1 0 -1 0 -1 0 -1 0 -1 0 -1 0 -1 0 -1 0 -1 0 -1 0 -1 0 -1 0 -1 0 -1 0 -1 0 -1 0 -1 0 -1 0 -1 0 -1 0 -1 0 -1 0 -1 0 -1 0 -1 0 -1 0 -1 0 -1 0 -1 0 
  12 10 15 15 20
 160 5 30 5 30 5 30
2586 131072 0 22 208896 0 
  34359738369 1315051091194281984 1835136 0 50465891015 7916447985573822463 2031036 0 

trp_spanish_hussar2_trumpet French_Hussar Trumpeter 0 133170176 0 0 28 0 0
  513 0 1664 0 1290 0 153 0 89 0 1843 0 -1 0 -1 0 -1 0 -1 0 -1 0 -1 0 -1 0 -1 0 -1 0 -1 0 -1 0 -1 0 -1 0 -1 0 -1 0 -1 0 -1 0 -1 0 -1 0 -1 0 -1 0 -1 0 -1 0 -1 0 -1 0 -1 0 -1 0 -1 0 -1 0 -1 0 -1 0 -1 0 -1 0 -1 0 -1 0 -1 0 -1 0 -1 0 -1 0 -1 0 -1 0 -1 0 -1 0 -1 0 -1 0 -1 0 -1 0 -1 0 -1 0 -1 0 -1 0 -1 0 -1 0 -1 0 -1 0 -1 0 -1 0 -1 0 
  12 10 15 15 20
 160 5 30 5 30 5 30
2586 131072 0 22 208896 0 
  34359738369 1315051091194281984 1835136 0 50465891015 7916447985573822463 2031036 0 

trp_spanish_lancer Regiment_de_Chevau-Legers_Lanciers_de_la_Garde Lancer 0 133170176 0 0 3 0 0
  440 0 1644 0 1231 0 1822 0 168 0 80 0 1830 0 -1 0 -1 0 -1 0 -1 0 -1 0 -1 0 -1 0 -1 0 -1 0 -1 0 -1 0 -1 0 -1 0 -1 0 -1 0 -1 0 -1 0 -1 0 -1 0 -1 0 -1 0 -1 0 -1 0 -1 0 -1 0 -1 0 -1 0 -1 0 -1 0 -1 0 -1 0 -1 0 -1 0 -1 0 -1 0 -1 0 -1 0 -1 0 -1 0 -1 0 -1 0 -1 0 -1 0 -1 0 -1 0 -1 0 -1 0 -1 0 -1 0 -1 0 -1 0 -1 0 -1 0 -1 0 -1 0 -1 0 -1 0 
  12 10 15 15 20
 50 5 130 5 40 5 30
2586 131072 0 22 208896 0 
  34359738369 1315051091194281984 1835136 0 50465891015 7916447985573822463 2031036 0 

trp_spanish_lancer_flag_bearer Polish_Lancer Eagle_Bearer 0 133170176 0 0 28 0 0
  441 0 1644 0 1231 0 1822 0 218 0 80 0 1830 0 -1 0 -1 0 -1 0 -1 0 -1 0 -1 0 -1 0 -1 0 -1 0 -1 0 -1 0 -1 0 -1 0 -1 0 -1 0 -1 0 -1 0 -1 0 -1 0 -1 0 -1 0 -1 0 -1 0 -1 0 -1 0 -1 0 -1 0 -1 0 -1 0 -1 0 -1 0 -1 0 -1 0 -1 0 -1 0 -1 0 -1 0 -1 0 -1 0 -1 0 -1 0 -1 0 -1 0 -1 0 -1 0 -1 0 -1 0 -1 0 -1 0 -1 0 -1 0 -1 0 -1 0 -1 0 -1 0 -1 0 -1 0 
  12 10 15 15 20
 150 5 30 5 30 5 30
2586 131072 0 22 208896 0 
  34359738369 1315051091194281984 1835136 0 50465891015 7916447985573822463 2031036 0 

trp_spanish_lancer_nco Polish_Lancer Sergeant 0 133170176 0 0 28 0 0
  441 0 1644 0 1231 0 1822 0 168 0 80 0 1830 0 -1 0 -1 0 -1 0 -1 0 -1 0 -1 0 -1 0 -1 0 -1 0 -1 0 -1 0 -1 0 -1 0 -1 0 -1 0 -1 0 -1 0 -1 0 -1 0 -1 0 -1 0 -1 0 -1 0 -1 0 -1 0 -1 0 -1 0 -1 0 -1 0 -1 0 -1 0 -1 0 -1 0 -1 0 -1 0 -1 0 -1 0 -1 0 -1 0 -1 0 -1 0 -1 0 -1 0 -1 0 -1 0 -1 0 -1 0 -1 0 -1 0 -1 0 -1 0 -1 0 -1 0 -1 0 -1 0 -1 0 -1 0 
  12 10 15 15 20
 50 5 130 5 40 5 30
2586 131072 0 22 208896 0 
  34359738369 1315051091194281984 1835136 0 50465891015 7916447985573822463 2031036 0 

trp_spanish_lancer_officer Polish_Lancer Officer 0 133170176 0 0 28 0 0
  442 0 1645 0 1229 0 1822 0 157 0 1 0 85 0 1830 0 398 0 -1 0 -1 0 -1 0 -1 0 -1 0 -1 0 -1 0 -1 0 -1 0 -1 0 -1 0 -1 0 -1 0 -1 0 -1 0 -1 0 -1 0 -1 0 -1 0 -1 0 -1 0 -1 0 -1 0 -1 0 -1 0 -1 0 -1 0 -1 0 -1 0 -1 0 -1 0 -1 0 -1 0 -1 0 -1 0 -1 0 -1 0 -1 0 -1 0 -1 0 -1 0 -1 0 -1 0 -1 0 -1 0 -1 0 -1 0 -1 0 -1 0 -1 0 -1 0 -1 0 -1 0 -1 0 -1 0 
  12 10 15 15 20
 150 5 30 5 30 5 30
2586 131072 0 22 208896 0 
  34359738369 1315051091194281984 1835136 0 50465891015 7916447985573822463 2031036 0 

trp_spanish_lancer_trumpet Polish_Lancer Trumpeter 0 133170176 0 0 28 0 0
  464 0 1645 0 1233 0 1822 0 153 0 80 0 1831 0 -1 0 -1 0 -1 0 -1 0 -1 0 -1 0 -1 0 -1 0 -1 0 -1 0 -1 0 -1 0 -1 0 -1 0 -1 0 -1 0 -1 0 -1 0 -1 0 -1 0 -1 0 -1 0 -1 0 -1 0 -1 0 -1 0 -1 0 -1 0 -1 0 -1 0 -1 0 -1 0 -1 0 -1 0 -1 0 -1 0 -1 0 -1 0 -1 0 -1 0 -1 0 -1 0 -1 0 -1 0 -1 0 -1 0 -1 0 -1 0 -1 0 -1 0 -1 0 -1 0 -1 0 -1 0 -1 0 -1 0 -1 0 
  12 10 15 15 20
 150 5 30 5 30 5 30
2586 131072 0 22 208896 0 
  34359738369 1315051091194281984 1835136 0 50465891015 7916447985573822463 2031036 0 

trp_spanish_dragoon Regiment_de_Dragons_de_l'Imperatrice Dragoon 0 133170176 0 0 3 0 0
  425 0 1640 0 1193 0 1822 0 15 0 21 0 156 0 81 0 1832 0 -1 0 -1 0 -1 0 -1 0 -1 0 -1 0 -1 0 -1 0 -1 0 -1 0 -1 0 -1 0 -1 0 -1 0 -1 0 -1 0 -1 0 -1 0 -1 0 -1 0 -1 0 -1 0 -1 0 -1 0 -1 0 -1 0 -1 0 -1 0 -1 0 -1 0 -1 0 -1 0 -1 0 -1 0 -1 0 -1 0 -1 0 -1 0 -1 0 -1 0 -1 0 -1 0 -1 0 -1 0 -1 0 -1 0 -1 0 -1 0 -1 0 -1 0 -1 0 -1 0 -1 0 -1 0 -1 0 
  12 10 15 15 20
 125 5 30 5 125 5 30
2586 131072 0 37 208896 0 
  34359738369 1315051091194281984 1835136 0 50465891015 7916447985573822463 2031036 0 

trp_spanish_dragoon_flag_bearer French_Dragoon Eagle_Bearer 0 133170176 0 0 28 0 0
  467 0 1640 0 1193 0 1822 0 217 0 81 0 1832 0 -1 0 -1 0 -1 0 -1 0 -1 0 -1 0 -1 0 -1 0 -1 0 -1 0 -1 0 -1 0 -1 0 -1 0 -1 0 -1 0 -1 0 -1 0 -1 0 -1 0 -1 0 -1 0 -1 0 -1 0 -1 0 -1 0 -1 0 -1 0 -1 0 -1 0 -1 0 -1 0 -1 0 -1 0 -1 0 -1 0 -1 0 -1 0 -1 0 -1 0 -1 0 -1 0 -1 0 -1 0 -1 0 -1 0 -1 0 -1 0 -1 0 -1 0 -1 0 -1 0 -1 0 -1 0 -1 0 -1 0 -1 0 
  12 10 15 15 20
 125 5 30 5 125 5 30
2586 131072 0 37 208896 0 
  34359738369 1315051091194281984 1835136 0 50465891015 7916447985573822463 2031036 0 

trp_spanish_dragoon_nco French_Dragoon Sergent 0 133170176 0 0 28 0 0
  467 0 1640 0 1193 0 1822 0 15 0 21 0 156 0 81 0 1832 0 -1 0 -1 0 -1 0 -1 0 -1 0 -1 0 -1 0 -1 0 -1 0 -1 0 -1 0 -1 0 -1 0 -1 0 -1 0 -1 0 -1 0 -1 0 -1 0 -1 0 -1 0 -1 0 -1 0 -1 0 -1 0 -1 0 -1 0 -1 0 -1 0 -1 0 -1 0 -1 0 -1 0 -1 0 -1 0 -1 0 -1 0 -1 0 -1 0 -1 0 -1 0 -1 0 -1 0 -1 0 -1 0 -1 0 -1 0 -1 0 -1 0 -1 0 -1 0 -1 0 -1 0 -1 0 -1 0 
  12 10 15 15 20
 125 5 30 5 125 5 30
2586 131072 0 37 208896 0 
  34359738369 1315051091194281984 1835136 0 50465891015 7916447985573822463 2031036 0 

trp_spanish_dragoon_officer French_Dragoon Officer 0 133170176 0 0 28 0 0
  426 0 1640 0 1195 0 1822 0 157 0 1 0 83 0 1832 0 398 0 -1 0 -1 0 -1 0 -1 0 -1 0 -1 0 -1 0 -1 0 -1 0 -1 0 -1 0 -1 0 -1 0 -1 0 -1 0 -1 0 -1 0 -1 0 -1 0 -1 0 -1 0 -1 0 -1 0 -1 0 -1 0 -1 0 -1 0 -1 0 -1 0 -1 0 -1 0 -1 0 -1 0 -1 0 -1 0 -1 0 -1 0 -1 0 -1 0 -1 0 -1 0 -1 0 -1 0 -1 0 -1 0 -1 0 -1 0 -1 0 -1 0 -1 0 -1 0 -1 0 -1 0 -1 0 -1 0 
  12 10 15 15 20
 130 5 30 5 80 5 30
2586 131072 0 37 208896 0 
  34359738369 1315051091194281984 1835136 0 50465891015 7916447985573822463 2031036 0 

trp_spanish_dragoon_trumpet French_Dragoon Trumpeter 0 133170176 0 0 28 0 0
  463 0 1640 0 1197 0 1822 0 153 0 81 0 1833 0 -1 0 -1 0 -1 0 -1 0 -1 0 -1 0 -1 0 -1 0 -1 0 -1 0 -1 0 -1 0 -1 0 -1 0 -1 0 -1 0 -1 0 -1 0 -1 0 -1 0 -1 0 -1 0 -1 0 -1 0 -1 0 -1 0 -1 0 -1 0 -1 0 -1 0 -1 0 -1 0 -1 0 -1 0 -1 0 -1 0 -1 0 -1 0 -1 0 -1 0 -1 0 -1 0 -1 0 -1 0 -1 0 -1 0 -1 0 -1 0 -1 0 -1 0 -1 0 -1 0 -1 0 -1 0 -1 0 -1 0 -1 0 
  12 10 15 15 20
 130 5 30 5 80 5 30
2586 131072 0 37 208896 0 
  34359738369 1315051091194281984 1835136 0 50465891015 7916447985573822463 2031036 0 

trp_spanish_cuirassier1 9eme_Regiment_de_Cuirassiers Cuirassier 0 133170176 0 0 3 0 0
  443 0 1676 0 1199 0 1822 0 87 0 1834 0 -1 0 -1 0 -1 0 -1 0 -1 0 -1 0 -1 0 -1 0 -1 0 -1 0 -1 0 -1 0 -1 0 -1 0 -1 0 -1 0 -1 0 -1 0 -1 0 -1 0 -1 0 -1 0 -1 0 -1 0 -1 0 -1 0 -1 0 -1 0 -1 0 -1 0 -1 0 -1 0 -1 0 -1 0 -1 0 -1 0 -1 0 -1 0 -1 0 -1 0 -1 0 -1 0 -1 0 -1 0 -1 0 -1 0 -1 0 -1 0 -1 0 -1 0 -1 0 -1 0 -1 0 -1 0 -1 0 -1 0 -1 0 -1 0 
  12 10 15 15 20
 140 5 30 5 30 5 30
2586 131072 0 22 339968 0 
  34359738369 1315051091194281984 1835136 0 50465891015 7916447985573822463 2031036 0 

trp_spanish_cuirassier1_flag_bearer French_Cuirassier Eagle_Bearer 0 133170176 0 0 28 0 0
  444 0 1676 0 1199 0 1822 0 215 0 87 0 1834 0 -1 0 -1 0 -1 0 -1 0 -1 0 -1 0 -1 0 -1 0 -1 0 -1 0 -1 0 -1 0 -1 0 -1 0 -1 0 -1 0 -1 0 -1 0 -1 0 -1 0 -1 0 -1 0 -1 0 -1 0 -1 0 -1 0 -1 0 -1 0 -1 0 -1 0 -1 0 -1 0 -1 0 -1 0 -1 0 -1 0 -1 0 -1 0 -1 0 -1 0 -1 0 -1 0 -1 0 -1 0 -1 0 -1 0 -1 0 -1 0 -1 0 -1 0 -1 0 -1 0 -1 0 -1 0 -1 0 -1 0 -1 0 
  12 10 15 15 20
 140 5 30 5 30 5 30
2586 131072 0 22 339968 0 
  34359738369 1315051091194281984 1835136 0 50465891015 7916447985573822463 2031036 0 

trp_spanish_cuirassier1_nco French_Cuirassier Sergent 0 133170176 0 0 28 0 0
  444 0 1676 0 1199 0 1822 0 87 0 1834 0 -1 0 -1 0 -1 0 -1 0 -1 0 -1 0 -1 0 -1 0 -1 0 -1 0 -1 0 -1 0 -1 0 -1 0 -1 0 -1 0 -1 0 -1 0 -1 0 -1 0 -1 0 -1 0 -1 0 -1 0 -1 0 -1 0 -1 0 -1 0 -1 0 -1 0 -1 0 -1 0 -1 0 -1 0 -1 0 -1 0 -1 0 -1 0 -1 0 -1 0 -1 0 -1 0 -1 0 -1 0 -1 0 -1 0 -1 0 -1 0 -1 0 -1 0 -1 0 -1 0 -1 0 -1 0 -1 0 -1 0 -1 0 -1 0 
  12 10 15 15 20
 140 5 30 5 30 5 30
2586 131072 0 22 339968 0 
  34359738369 1315051091194281984 1835136 0 50465891015 7916447985573822463 2031036 0 

trp_spanish_cuirassier1_officer French_Cuirassier Officer 0 133170176 0 0 28 0 0
  445 0 1676 0 1201 0 1822 0 1 0 157 0 83 0 1835 0 398 0 -1 0 -1 0 -1 0 -1 0 -1 0 -1 0 -1 0 -1 0 -1 0 -1 0 -1 0 -1 0 -1 0 -1 0 -1 0 -1 0 -1 0 -1 0 -1 0 -1 0 -1 0 -1 0 -1 0 -1 0 -1 0 -1 0 -1 0 -1 0 -1 0 -1 0 -1 0 -1 0 -1 0 -1 0 -1 0 -1 0 -1 0 -1 0 -1 0 -1 0 -1 0 -1 0 -1 0 -1 0 -1 0 -1 0 -1 0 -1 0 -1 0 -1 0 -1 0 -1 0 -1 0 -1 0 -1 0 
  12 10 15 15 20
 140 5 30 5 30 5 30
2586 131072 0 22 339968 0 
  34359738369 1315051091194281984 1835136 0 50465891015 7916447985573822463 2031036 0 

trp_spanish_cuirassier1_trumpet French_Cuirassier Trumpeter 0 133170176 0 0 28 0 0
  462 0 1676 0 1203 0 1822 0 153 0 87 0 1836 0 -1 0 -1 0 -1 0 -1 0 -1 0 -1 0 -1 0 -1 0 -1 0 -1 0 -1 0 -1 0 -1 0 -1 0 -1 0 -1 0 -1 0 -1 0 -1 0 -1 0 -1 0 -1 0 -1 0 -1 0 -1 0 -1 0 -1 0 -1 0 -1 0 -1 0 -1 0 -1 0 -1 0 -1 0 -1 0 -1 0 -1 0 -1 0 -1 0 -1 0 -1 0 -1 0 -1 0 -1 0 -1 0 -1 0 -1 0 -1 0 -1 0 -1 0 -1 0 -1 0 -1 0 -1 0 -1 0 -1 0 -1 0 
  12 10 15 15 20
 140 5 30 5 30 5 30
2586 131072 0 22 339968 0 
  34359738369 1315051091194281984 1835136 0 50465891015 7916447985573822463 2031036 0 

trp_spanish_cuirassier2 9eme_Regiment_de_Cuirassiers Cuirassier 0 133170176 0 0 3 0 0
  443 0 1676 0 1199 0 1822 0 87 0 1834 0 -1 0 -1 0 -1 0 -1 0 -1 0 -1 0 -1 0 -1 0 -1 0 -1 0 -1 0 -1 0 -1 0 -1 0 -1 0 -1 0 -1 0 -1 0 -1 0 -1 0 -1 0 -1 0 -1 0 -1 0 -1 0 -1 0 -1 0 -1 0 -1 0 -1 0 -1 0 -1 0 -1 0 -1 0 -1 0 -1 0 -1 0 -1 0 -1 0 -1 0 -1 0 -1 0 -1 0 -1 0 -1 0 -1 0 -1 0 -1 0 -1 0 -1 0 -1 0 -1 0 -1 0 -1 0 -1 0 -1 0 -1 0 -1 0 
  12 10 15 15 20
 140 5 30 5 30 5 30
2586 131072 0 22 339968 0 
  34359738369 1315051091194281984 1835136 0 50465891015 7916447985573822463 2031036 0 

trp_spanish_cuirassier2_flag_bearer French_Cuirassier Eagle_Bearer 0 133170176 0 0 28 0 0
  444 0 1676 0 1199 0 1822 0 215 0 87 0 1834 0 -1 0 -1 0 -1 0 -1 0 -1 0 -1 0 -1 0 -1 0 -1 0 -1 0 -1 0 -1 0 -1 0 -1 0 -1 0 -1 0 -1 0 -1 0 -1 0 -1 0 -1 0 -1 0 -1 0 -1 0 -1 0 -1 0 -1 0 -1 0 -1 0 -1 0 -1 0 -1 0 -1 0 -1 0 -1 0 -1 0 -1 0 -1 0 -1 0 -1 0 -1 0 -1 0 -1 0 -1 0 -1 0 -1 0 -1 0 -1 0 -1 0 -1 0 -1 0 -1 0 -1 0 -1 0 -1 0 -1 0 -1 0 
  12 10 15 15 20
 140 5 30 5 30 5 30
2586 131072 0 22 339968 0 
  34359738369 1315051091194281984 1835136 0 50465891015 7916447985573822463 2031036 0 

trp_spanish_cuirassier2_nco French_Cuirassier Sergent 0 133170176 0 0 28 0 0
  444 0 1676 0 1199 0 1822 0 87 0 1834 0 -1 0 -1 0 -1 0 -1 0 -1 0 -1 0 -1 0 -1 0 -1 0 -1 0 -1 0 -1 0 -1 0 -1 0 -1 0 -1 0 -1 0 -1 0 -1 0 -1 0 -1 0 -1 0 -1 0 -1 0 -1 0 -1 0 -1 0 -1 0 -1 0 -1 0 -1 0 -1 0 -1 0 -1 0 -1 0 -1 0 -1 0 -1 0 -1 0 -1 0 -1 0 -1 0 -1 0 -1 0 -1 0 -1 0 -1 0 -1 0 -1 0 -1 0 -1 0 -1 0 -1 0 -1 0 -1 0 -1 0 -1 0 -1 0 
  12 10 15 15 20
 140 5 30 5 30 5 30
2586 131072 0 22 339968 0 
  34359738369 1315051091194281984 1835136 0 50465891015 7916447985573822463 2031036 0 

trp_spanish_cuirassier2_officer French_Cuirassier Officer 0 133170176 0 0 28 0 0
  445 0 1676 0 1201 0 1822 0 1 0 157 0 83 0 1835 0 398 0 -1 0 -1 0 -1 0 -1 0 -1 0 -1 0 -1 0 -1 0 -1 0 -1 0 -1 0 -1 0 -1 0 -1 0 -1 0 -1 0 -1 0 -1 0 -1 0 -1 0 -1 0 -1 0 -1 0 -1 0 -1 0 -1 0 -1 0 -1 0 -1 0 -1 0 -1 0 -1 0 -1 0 -1 0 -1 0 -1 0 -1 0 -1 0 -1 0 -1 0 -1 0 -1 0 -1 0 -1 0 -1 0 -1 0 -1 0 -1 0 -1 0 -1 0 -1 0 -1 0 -1 0 -1 0 -1 0 
  12 10 15 15 20
 140 5 30 5 30 5 30
2586 131072 0 22 339968 0 
  34359738369 1315051091194281984 1835136 0 50465891015 7916447985573822463 2031036 0 

trp_spanish_cuirassier2_trumpet French_Cuirassier Trumpeter 0 133170176 0 0 28 0 0
  462 0 1676 0 1203 0 1822 0 153 0 87 0 1836 0 -1 0 -1 0 -1 0 -1 0 -1 0 -1 0 -1 0 -1 0 -1 0 -1 0 -1 0 -1 0 -1 0 -1 0 -1 0 -1 0 -1 0 -1 0 -1 0 -1 0 -1 0 -1 0 -1 0 -1 0 -1 0 -1 0 -1 0 -1 0 -1 0 -1 0 -1 0 -1 0 -1 0 -1 0 -1 0 -1 0 -1 0 -1 0 -1 0 -1 0 -1 0 -1 0 -1 0 -1 0 -1 0 -1 0 -1 0 -1 0 -1 0 -1 0 -1 0 -1 0 -1 0 -1 0 -1 0 -1 0 -1 0 
  12 10 15 15 20
 140 5 30 5 30 5 30
2586 131072 0 22 339968 0 
  34359738369 1315051091194281984 1835136 0 50465891015 7916447985573822463 2031036 0 

trp_spanish_arty L'Artillerie Artillery 0 133169152 0 0 3 0 0
  434 0 435 0 1650 0 1237 0 396 0 395 0 88 0 -1 0 -1 0 -1 0 -1 0 -1 0 -1 0 -1 0 -1 0 -1 0 -1 0 -1 0 -1 0 -1 0 -1 0 -1 0 -1 0 -1 0 -1 0 -1 0 -1 0 -1 0 -1 0 -1 0 -1 0 -1 0 -1 0 -1 0 -1 0 -1 0 -1 0 -1 0 -1 0 -1 0 -1 0 -1 0 -1 0 -1 0 -1 0 -1 0 -1 0 -1 0 -1 0 -1 0 -1 0 -1 0 -1 0 -1 0 -1 0 -1 0 -1 0 -1 0 -1 0 -1 0 -1 0 -1 0 -1 0 -1 0 
  15 15 15 15 20
 70 5 30 5 30 5 30
2586 131072 0 49 204800 0 
  34359738369 1315051091194281984 1835136 0 50465891015 7916447985573822463 2031036 0 

trp_spanish_arty_guard Artillery_Guard Artillery_Guard 0 133169152 0 0 28 0 0
  434 0 435 0 1650 0 1237 0 156 0 59 0 88 0 -1 0 -1 0 -1 0 -1 0 -1 0 -1 0 -1 0 -1 0 -1 0 -1 0 -1 0 -1 0 -1 0 -1 0 -1 0 -1 0 -1 0 -1 0 -1 0 -1 0 -1 0 -1 0 -1 0 -1 0 -1 0 -1 0 -1 0 -1 0 -1 0 -1 0 -1 0 -1 0 -1 0 -1 0 -1 0 -1 0 -1 0 -1 0 -1 0 -1 0 -1 0 -1 0 -1 0 -1 0 -1 0 -1 0 -1 0 -1 0 -1 0 -1 0 -1 0 -1 0 -1 0 -1 0 -1 0 -1 0 -1 0 
  15 15 15 15 20
 70 5 30 5 30 5 30
2586 131072 0 49 204800 0 
  34359738369 1315051091194281984 1835136 0 50465891015 7916447985573822463 2031036 0 

trp_spanish_arty_flag_bearer Artillery_Flag_bearer Eagle_Bearer 0 133169152 0 0 28 0 0
  434 0 435 0 1650 0 1237 0 229 0 88 0 -1 0 -1 0 -1 0 -1 0 -1 0 -1 0 -1 0 -1 0 -1 0 -1 0 -1 0 -1 0 -1 0 -1 0 -1 0 -1 0 -1 0 -1 0 -1 0 -1 0 -1 0 -1 0 -1 0 -1 0 -1 0 -1 0 -1 0 -1 0 -1 0 -1 0 -1 0 -1 0 -1 0 -1 0 -1 0 -1 0 -1 0 -1 0 -1 0 -1 0 -1 0 -1 0 -1 0 -1 0 -1 0 -1 0 -1 0 -1 0 -1 0 -1 0 -1 0 -1 0 -1 0 -1 0 -1 0 -1 0 -1 0 -1 0 
  15 15 15 15 20
 70 5 30 5 30 5 30
2586 131072 0 49 204800 0 
  34359738369 1315051091194281984 1835136 0 50465891015 7916447985573822463 2031036 0 

trp_spanish_arty_nco French_Artillerist Artillery_Train 0 133169152 0 0 28 0 0
  468 0 1653 0 1248 0 395 0 88 0 1963 0 1979 0 1995 0 -1 0 -1 0 -1 0 -1 0 -1 0 -1 0 -1 0 -1 0 -1 0 -1 0 -1 0 -1 0 -1 0 -1 0 -1 0 -1 0 -1 0 -1 0 -1 0 -1 0 -1 0 -1 0 -1 0 -1 0 -1 0 -1 0 -1 0 -1 0 -1 0 -1 0 -1 0 -1 0 -1 0 -1 0 -1 0 -1 0 -1 0 -1 0 -1 0 -1 0 -1 0 -1 0 -1 0 -1 0 -1 0 -1 0 -1 0 -1 0 -1 0 -1 0 -1 0 -1 0 -1 0 -1 0 -1 0 -1 0 
  15 15 15 15 20
 80 5 30 5 30 5 30
2586 131072 0 49 204800 0 
  34359738369 1315051091194281984 1835136 0 50465891015 7916447985573822463 2031036 0 

trp_spanish_arty_officer French_Artillerist Officer 0 133169152 0 0 28 0 0
  436 0 1652 0 1235 0 1823 0 77 0 395 0 398 0 -1 0 -1 0 -1 0 -1 0 -1 0 -1 0 -1 0 -1 0 -1 0 -1 0 -1 0 -1 0 -1 0 -1 0 -1 0 -1 0 -1 0 -1 0 -1 0 -1 0 -1 0 -1 0 -1 0 -1 0 -1 0 -1 0 -1 0 -1 0 -1 0 -1 0 -1 0 -1 0 -1 0 -1 0 -1 0 -1 0 -1 0 -1 0 -1 0 -1 0 -1 0 -1 0 -1 0 -1 0 -1 0 -1 0 -1 0 -1 0 -1 0 -1 0 -1 0 -1 0 -1 0 -1 0 -1 0 -1 0 -1 0 
  15 15 15 15 20
 80 5 30 5 30 5 30
2586 131072 0 49 204800 0 
  34359738369 1315051091194281984 1835136 0 50465891015 7916447985573822463 2031036 0 

trp_spanish_horseart L'Artillerie_a_Cheval Artillery 0 133169152 0 0 3 0 0
  519 0 1669 0 1300 0 396 0 395 0 91 0 1846 0 -1 0 -1 0 -1 0 -1 0 -1 0 -1 0 -1 0 -1 0 -1 0 -1 0 -1 0 -1 0 -1 0 -1 0 -1 0 -1 0 -1 0 -1 0 -1 0 -1 0 -1 0 -1 0 -1 0 -1 0 -1 0 -1 0 -1 0 -1 0 -1 0 -1 0 -1 0 -1 0 -1 0 -1 0 -1 0 -1 0 -1 0 -1 0 -1 0 -1 0 -1 0 -1 0 -1 0 -1 0 -1 0 -1 0 -1 0 -1 0 -1 0 -1 0 -1 0 -1 0 -1 0 -1 0 -1 0 -1 0 -1 0 
  15 15 15 15 20
 70 5 30 5 30 5 30
2586 131072 0 49 204800 0 
  34359738369 1315051091194281984 1835136 0 50465891015 7916447985573822463 2031036 0 

trp_spanish_horseart_guard Artillery_Guard Artillery_Guard 0 133169152 0 0 28 0 0
  519 0 1669 0 1300 0 156 0 59 0 91 0 1846 0 -1 0 -1 0 -1 0 -1 0 -1 0 -1 0 -1 0 -1 0 -1 0 -1 0 -1 0 -1 0 -1 0 -1 0 -1 0 -1 0 -1 0 -1 0 -1 0 -1 0 -1 0 -1 0 -1 0 -1 0 -1 0 -1 0 -1 0 -1 0 -1 0 -1 0 -1 0 -1 0 -1 0 -1 0 -1 0 -1 0 -1 0 -1 0 -1 0 -1 0 -1 0 -1 0 -1 0 -1 0 -1 0 -1 0 -1 0 -1 0 -1 0 -1 0 -1 0 -1 0 -1 0 -1 0 -1 0 -1 0 -1 0 
  15 15 15 15 20
 70 5 30 5 30 5 30
2586 131072 0 49 204800 0 
  34359738369 1315051091194281984 1835136 0 50465891015 7916447985573822463 2031036 0 

trp_spanish_horseart_flag_bearer Artillery_Flag_bearer Eagle_Bearer 0 133169152 0 0 28 0 0
  519 0 1669 0 1300 0 230 0 91 0 1846 0 -1 0 -1 0 -1 0 -1 0 -1 0 -1 0 -1 0 -1 0 -1 0 -1 0 -1 0 -1 0 -1 0 -1 0 -1 0 -1 0 -1 0 -1 0 -1 0 -1 0 -1 0 -1 0 -1 0 -1 0 -1 0 -1 0 -1 0 -1 0 -1 0 -1 0 -1 0 -1 0 -1 0 -1 0 -1 0 -1 0 -1 0 -1 0 -1 0 -1 0 -1 0 -1 0 -1 0 -1 0 -1 0 -1 0 -1 0 -1 0 -1 0 -1 0 -1 0 -1 0 -1 0 -1 0 -1 0 -1 0 -1 0 -1 0 
  15 15 15 15 20
 70 5 30 5 30 5 30
2586 131072 0 49 204800 0 
  34359738369 1315051091194281984 1835136 0 50465891015 7916447985573822463 2031036 0 

trp_spanish_horseart_nco French_Artillerist Artillery_Train 0 133169152 0 0 28 0 0
  518 0 1669 0 1300 0 395 0 91 0 1971 0 1987 0 2003 0 -1 0 -1 0 -1 0 -1 0 -1 0 -1 0 -1 0 -1 0 -1 0 -1 0 -1 0 -1 0 -1 0 -1 0 -1 0 -1 0 -1 0 -1 0 -1 0 -1 0 -1 0 -1 0 -1 0 -1 0 -1 0 -1 0 -1 0 -1 0 -1 0 -1 0 -1 0 -1 0 -1 0 -1 0 -1 0 -1 0 -1 0 -1 0 -1 0 -1 0 -1 0 -1 0 -1 0 -1 0 -1 0 -1 0 -1 0 -1 0 -1 0 -1 0 -1 0 -1 0 -1 0 -1 0 -1 0 -1 0 
  15 15 15 15 20
 80 5 30 5 30 5 30
2586 131072 0 49 204800 0 
  34359738369 1315051091194281984 1835136 0 50465891015 7916447985573822463 2031036 0 

trp_spanish_horseart_officer French_Artillerist Officer 0 133169152 0 0 28 0 0
  520 0 1668 0 1298 0 1823 0 77 0 395 0 398 0 1847 0 -1 0 -1 0 -1 0 -1 0 -1 0 -1 0 -1 0 -1 0 -1 0 -1 0 -1 0 -1 0 -1 0 -1 0 -1 0 -1 0 -1 0 -1 0 -1 0 -1 0 -1 0 -1 0 -1 0 -1 0 -1 0 -1 0 -1 0 -1 0 -1 0 -1 0 -1 0 -1 0 -1 0 -1 0 -1 0 -1 0 -1 0 -1 0 -1 0 -1 0 -1 0 -1 0 -1 0 -1 0 -1 0 -1 0 -1 0 -1 0 -1 0 -1 0 -1 0 -1 0 -1 0 -1 0 -1 0 -1 0 
  15 15 15 15 20
 80 5 30 5 30 5 30
2586 131072 0 49 204800 0 
  34359738369 1315051091194281984 1835136 0 50465891015 7916447985573822463 2031036 0 

trp_spanish_medic Medecin_de_2e_classe Surgeon 0 133169152 0 0 3 0 0
  472 0 1660 0 1247 0 106 0 408 0 156 0 59 0 -1 0 -1 0 -1 0 -1 0 -1 0 -1 0 -1 0 -1 0 -1 0 -1 0 -1 0 -1 0 -1 0 -1 0 -1 0 -1 0 -1 0 -1 0 -1 0 -1 0 -1 0 -1 0 -1 0 -1 0 -1 0 -1 0 -1 0 -1 0 -1 0 -1 0 -1 0 -1 0 -1 0 -1 0 -1 0 -1 0 -1 0 -1 0 -1 0 -1 0 -1 0 -1 0 -1 0 -1 0 -1 0 -1 0 -1 0 -1 0 -1 0 -1 0 -1 0 -1 0 -1 0 -1 0 -1 0 -1 0 -1 0 
  15 15 15 15 20
 70 5 30 5 30 5 30
2586 131072 0 48 204800 0 
  34359738369 1315051091194281984 1835136 0 50465891015 7916447985573822463 2031036 0 

trp_spanish_sapper Sapeur Engineer 0 133169152 0 0 3 0 0
  453 0 1649 0 1245 0 1822 0 90 0 410 0 412 0 413 0 -1 0 -1 0 -1 0 -1 0 -1 0 -1 0 -1 0 -1 0 -1 0 -1 0 -1 0 -1 0 -1 0 -1 0 -1 0 -1 0 -1 0 -1 0 -1 0 -1 0 -1 0 -1 0 -1 0 -1 0 -1 0 -1 0 -1 0 -1 0 -1 0 -1 0 -1 0 -1 0 -1 0 -1 0 -1 0 -1 0 -1 0 -1 0 -1 0 -1 0 -1 0 -1 0 -1 0 -1 0 -1 0 -1 0 -1 0 -1 0 -1 0 -1 0 -1 0 -1 0 -1 0 -1 0 -1 0 -1 0 
  15 15 15 15 20
 70 5 30 5 30 5 30
2586 131072 0 48 204800 0 
  34359738369 1315051091194281984 1835136 0 50465891015 7916447985573822463 2031036 0 

trp_spanish_horse_sapper Sapeur Engineer_with_horse 0 133169152 0 0 28 0 0
  453 0 1649 0 1245 0 1822 0 90 0 410 0 412 0 413 0 1846 0 -1 0 -1 0 -1 0 -1 0 -1 0 -1 0 -1 0 -1 0 -1 0 -1 0 -1 0 -1 0 -1 0 -1 0 -1 0 -1 0 -1 0 -1 0 -1 0 -1 0 -1 0 -1 0 -1 0 -1 0 -1 0 -1 0 -1 0 -1 0 -1 0 -1 0 -1 0 -1 0 -1 0 -1 0 -1 0 -1 0 -1 0 -1 0 -1 0 -1 0 -1 0 -1 0 -1 0 -1 0 -1 0 -1 0 -1 0 -1 0 -1 0 -1 0 -1 0 -1 0 -1 0 -1 0 -1 0 
  15 15 15 15 20
 70 5 30 5 30 5 30
2586 131072 0 49 204800 0 
  34359738369 1315051091194281984 1835136 0 50465891015 7916447985573822463 2031036 0 

trp_spanish_ship_marine Ship_Crew Marine 0 133169152 0 0 3 0 0
  471 0 1658 0 1257 0 59 0 156 0 -1 0 -1 0 -1 0 -1 0 -1 0 -1 0 -1 0 -1 0 -1 0 -1 0 -1 0 -1 0 -1 0 -1 0 -1 0 -1 0 -1 0 -1 0 -1 0 -1 0 -1 0 -1 0 -1 0 -1 0 -1 0 -1 0 -1 0 -1 0 -1 0 -1 0 -1 0 -1 0 -1 0 -1 0 -1 0 -1 0 -1 0 -1 0 -1 0 -1 0 -1 0 -1 0 -1 0 -1 0 -1 0 -1 0 -1 0 -1 0 -1 0 -1 0 -1 0 -1 0 -1 0 -1 0 -1 0 -1 0 -1 0 -1 0 -1 0 
  15 15 15 15 20
 50 5 130 5 150 5 30
2586 131072 0 48 208896 0 
  34359738369 1315051091194281984 1835136 0 50465891015 7916447985573822463 2031036 0 

trp_spanish_ship_flag_bearer Ship_Crew Ship_Flag_bearer 0 133169152 0 0 28 0 0
  471 0 1658 0 1257 0 231 0 88 0 -1 0 -1 0 -1 0 -1 0 -1 0 -1 0 -1 0 -1 0 -1 0 -1 0 -1 0 -1 0 -1 0 -1 0 -1 0 -1 0 -1 0 -1 0 -1 0 -1 0 -1 0 -1 0 -1 0 -1 0 -1 0 -1 0 -1 0 -1 0 -1 0 -1 0 -1 0 -1 0 -1 0 -1 0 -1 0 -1 0 -1 0 -1 0 -1 0 -1 0 -1 0 -1 0 -1 0 -1 0 -1 0 -1 0 -1 0 -1 0 -1 0 -1 0 -1 0 -1 0 -1 0 -1 0 -1 0 -1 0 -1 0 -1 0 -1 0 
  15 15 15 15 20
 50 5 130 5 150 5 30
2586 131072 0 48 208896 0 
  34359738369 1315051091194281984 1835136 0 50465891015 7916447985573822463 2031036 0 

trp_spanish_ship Ship_Crew Ship_Crew,_Intrepide 0 133169152 0 0 28 0 0
  1659 0 1258 0 1258 0 1259 0 88 0 90 0 101 0 108 0 187 0 187 0 187 0 187 0 188 0 189 0 189 0 186 0 156 0 28 0 157 0 5 0 5 0 5 0 -1 0 -1 0 -1 0 -1 0 -1 0 -1 0 -1 0 -1 0 -1 0 -1 0 -1 0 -1 0 -1 0 -1 0 -1 0 -1 0 -1 0 -1 0 -1 0 -1 0 -1 0 -1 0 -1 0 -1 0 -1 0 -1 0 -1 0 -1 0 -1 0 -1 0 -1 0 -1 0 -1 0 -1 0 -1 0 -1 0 -1 0 -1 0 -1 0 -1 0 -1 0 -1 0 
  15 15 15 15 20
 80 5 80 5 130 80 30
2586 131072 0 48 208896 0 
  34359738369 1315051091194281984 1835136 0 50465891015 7916447985573822463 2031036 0 

trp_spanish_ship_cannon Ship_Crew L'Artillerie_Navale 0 133169152 0 0 28 0 0
  1659 0 1258 0 1258 0 1259 0 396 0 395 0 88 0 -1 0 -1 0 -1 0 -1 0 -1 0 -1 0 -1 0 -1 0 -1 0 -1 0 -1 0 -1 0 -1 0 -1 0 -1 0 -1 0 -1 0 -1 0 -1 0 -1 0 -1 0 -1 0 -1 0 -1 0 -1 0 -1 0 -1 0 -1 0 -1 0 -1 0 -1 0 -1 0 -1 0 -1 0 -1 0 -1 0 -1 0 -1 0 -1 0 -1 0 -1 0 -1 0 -1 0 -1 0 -1 0 -1 0 -1 0 -1 0 -1 0 -1 0 -1 0 -1 0 -1 0 -1 0 -1 0 -1 0 -1 0 
  15 15 15 15 20
 80 5 80 5 130 80 30
2586 131072 0 49 208896 0 
  34359738369 1315051091194281984 1835136 0 50465891015 7916447985573822463 2031036 0 

trp_spanish_ship_captain Ship_Crew Capitaine_de_Vaisseau,_Intrepide 0 133169152 0 0 28 0 0
  470 0 1657 0 1256 0 84 0 3 0 5 0 157 0 398 0 -1 0 -1 0 -1 0 -1 0 -1 0 -1 0 -1 0 -1 0 -1 0 -1 0 -1 0 -1 0 -1 0 -1 0 -1 0 -1 0 -1 0 -1 0 -1 0 -1 0 -1 0 -1 0 -1 0 -1 0 -1 0 -1 0 -1 0 -1 0 -1 0 -1 0 -1 0 -1 0 -1 0 -1 0 -1 0 -1 0 -1 0 -1 0 -1 0 -1 0 -1 0 -1 0 -1 0 -1 0 -1 0 -1 0 -1 0 -1 0 -1 0 -1 0 -1 0 -1 0 -1 0 -1 0 -1 0 -1 0 
  15 15 15 15 20
 80 5 80 5 50 5 30
2586 131072 0 48 200704 0 
  34359738369 1315051091194281984 1835136 0 50465891015 7916447985573822463 2031036 0 

trp_spanish_general L'Empereur_Napoleon_Bonaparte Commander 0 133170176 0 0 3 0 0
  427 0 1641 0 1249 0 87 0 1838 0 1819 0 398 0 -1 0 -1 0 -1 0 -1 0 -1 0 -1 0 -1 0 -1 0 -1 0 -1 0 -1 0 -1 0 -1 0 -1 0 -1 0 -1 0 -1 0 -1 0 -1 0 -1 0 -1 0 -1 0 -1 0 -1 0 -1 0 -1 0 -1 0 -1 0 -1 0 -1 0 -1 0 -1 0 -1 0 -1 0 -1 0 -1 0 -1 0 -1 0 -1 0 -1 0 -1 0 -1 0 -1 0 -1 0 -1 0 -1 0 -1 0 -1 0 -1 0 -1 0 -1 0 -1 0 -1 0 -1 0 -1 0 -1 0 -1 0 
  12 10 15 15 20
 130 5 30 5 30 5 30
2586 131072 0 22 339968 0 
  34359738369 1315051091194281984 1835136 0 50465891015 7916447985573822463 2031036 0 

trp_portuguese_infantry1 45e_Regiment_d'Infanterie_de_ligne Line_Infantry 0 133169152 0 0 3 0 0
  421 0 1639 0 1216 0 156 0 59 0 88 0 -1 0 -1 0 -1 0 -1 0 -1 0 -1 0 -1 0 -1 0 -1 0 -1 0 -1 0 -1 0 -1 0 -1 0 -1 0 -1 0 -1 0 -1 0 -1 0 -1 0 -1 0 -1 0 -1 0 -1 0 -1 0 -1 0 -1 0 -1 0 -1 0 -1 0 -1 0 -1 0 -1 0 -1 0 -1 0 -1 0 -1 0 -1 0 -1 0 -1 0 -1 0 -1 0 -1 0 -1 0 -1 0 -1 0 -1 0 -1 0 -1 0 -1 0 -1 0 -1 0 -1 0 -1 0 -1 0 -1 0 -1 0 -1 0 
  15 15 15 15 20
 50 5 130 5 150 5 30
2586 131072 0 48 208896 0 
  34359738369 1315051091194281984 1835136 0 50465891015 7916447985573822463 2031036 0 

trp_portuguese_infantry1_flag_bearer French_Line_Infantry Eagle_Bearer 0 133169152 0 0 28 0 0
  420 0 1655 0 1247 0 208 0 88 0 -1 0 -1 0 -1 0 -1 0 -1 0 -1 0 -1 0 -1 0 -1 0 -1 0 -1 0 -1 0 -1 0 -1 0 -1 0 -1 0 -1 0 -1 0 -1 0 -1 0 -1 0 -1 0 -1 0 -1 0 -1 0 -1 0 -1 0 -1 0 -1 0 -1 0 -1 0 -1 0 -1 0 -1 0 -1 0 -1 0 -1 0 -1 0 -1 0 -1 0 -1 0 -1 0 -1 0 -1 0 -1 0 -1 0 -1 0 -1 0 -1 0 -1 0 -1 0 -1 0 -1 0 -1 0 -1 0 -1 0 -1 0 -1 0 -1 0 
  15 15 15 15 20
 80 5 80 5 50 5 30
2586 131072 0 48 208896 0 
  34359738369 1315051091194281984 1835136 0 50465891015 7916447985573822463 2031036 0 

trp_portuguese_infantry1_nco French_Line_Infantry Sergeant 0 133169152 0 0 28 0 0
  420 0 1655 0 1247 0 156 0 59 0 88 0 -1 0 -1 0 -1 0 -1 0 -1 0 -1 0 -1 0 -1 0 -1 0 -1 0 -1 0 -1 0 -1 0 -1 0 -1 0 -1 0 -1 0 -1 0 -1 0 -1 0 -1 0 -1 0 -1 0 -1 0 -1 0 -1 0 -1 0 -1 0 -1 0 -1 0 -1 0 -1 0 -1 0 -1 0 -1 0 -1 0 -1 0 -1 0 -1 0 -1 0 -1 0 -1 0 -1 0 -1 0 -1 0 -1 0 -1 0 -1 0 -1 0 -1 0 -1 0 -1 0 -1 0 -1 0 -1 0 -1 0 -1 0 -1 0 
  15 15 15 15 20
 50 5 130 5 150 5 30
2586 131072 0 48 208896 0 
  34359738369 1315051091194281984 1835136 0 50465891015 7916447985573822463 2031036 0 

trp_portuguese_infantry1_officer French_Line_Infantry Officer 0 133169152 0 0 28 0 0
  419 0 1655 0 1247 0 84 0 157 0 3 0 5 0 1819 0 398 0 -1 0 -1 0 -1 0 -1 0 -1 0 -1 0 -1 0 -1 0 -1 0 -1 0 -1 0 -1 0 -1 0 -1 0 -1 0 -1 0 -1 0 -1 0 -1 0 -1 0 -1 0 -1 0 -1 0 -1 0 -1 0 -1 0 -1 0 -1 0 -1 0 -1 0 -1 0 -1 0 -1 0 -1 0 -1 0 -1 0 -1 0 -1 0 -1 0 -1 0 -1 0 -1 0 -1 0 -1 0 -1 0 -1 0 -1 0 -1 0 -1 0 -1 0 -1 0 -1 0 -1 0 -1 0 -1 0 
  15 15 15 15 20
 80 5 80 5 50 5 30
2586 131072 0 48 208896 0 
  34359738369 1315051091194281984 1835136 0 50465891015 7916447985573822463 2031036 0 

trp_portuguese_infantry1_drum French_Line_Infantry Drummer 0 133169152 0 0 28 0 0
  457 0 1639 0 1216 0 1820 0 150 0 88 0 -1 0 -1 0 -1 0 -1 0 -1 0 -1 0 -1 0 -1 0 -1 0 -1 0 -1 0 -1 0 -1 0 -1 0 -1 0 -1 0 -1 0 -1 0 -1 0 -1 0 -1 0 -1 0 -1 0 -1 0 -1 0 -1 0 -1 0 -1 0 -1 0 -1 0 -1 0 -1 0 -1 0 -1 0 -1 0 -1 0 -1 0 -1 0 -1 0 -1 0 -1 0 -1 0 -1 0 -1 0 -1 0 -1 0 -1 0 -1 0 -1 0 -1 0 -1 0 -1 0 -1 0 -1 0 -1 0 -1 0 -1 0 -1 0 
  15 15 15 15 20
 80 5 80 5 50 5 30
2586 131072 0 48 208896 0 
  34359738369 1315051091194281984 1835136 0 50465891015 7916447985573822463 2031036 0 

trp_portuguese_infantry1_flute French_Line_Infantry Fifer 0 133169152 0 0 28 0 0
  458 0 1639 0 1216 0 151 0 88 0 -1 0 -1 0 -1 0 -1 0 -1 0 -1 0 -1 0 -1 0 -1 0 -1 0 -1 0 -1 0 -1 0 -1 0 -1 0 -1 0 -1 0 -1 0 -1 0 -1 0 -1 0 -1 0 -1 0 -1 0 -1 0 -1 0 -1 0 -1 0 -1 0 -1 0 -1 0 -1 0 -1 0 -1 0 -1 0 -1 0 -1 0 -1 0 -1 0 -1 0 -1 0 -1 0 -1 0 -1 0 -1 0 -1 0 -1 0 -1 0 -1 0 -1 0 -1 0 -1 0 -1 0 -1 0 -1 0 -1 0 -1 0 -1 0 -1 0 
  15 15 15 15 20
 80 5 80 5 50 5 30
2586 131072 0 48 208896 0 
  34359738369 1315051091194281984 1835136 0 50465891015 7916447985573822463 2031036 0 

trp_portuguese_infantry2 45e_Regiment_d'Infanterie_de_ligne Line_Infantry 0 133169152 0 0 3 0 0
  421 0 1639 0 1216 0 156 0 59 0 88 0 -1 0 -1 0 -1 0 -1 0 -1 0 -1 0 -1 0 -1 0 -1 0 -1 0 -1 0 -1 0 -1 0 -1 0 -1 0 -1 0 -1 0 -1 0 -1 0 -1 0 -1 0 -1 0 -1 0 -1 0 -1 0 -1 0 -1 0 -1 0 -1 0 -1 0 -1 0 -1 0 -1 0 -1 0 -1 0 -1 0 -1 0 -1 0 -1 0 -1 0 -1 0 -1 0 -1 0 -1 0 -1 0 -1 0 -1 0 -1 0 -1 0 -1 0 -1 0 -1 0 -1 0 -1 0 -1 0 -1 0 -1 0 -1 0 
  15 15 15 15 20
 50 5 130 5 150 5 30
2586 131072 0 48 208896 0 
  34359738369 1315051091194281984 1835136 0 50465891015 7916447985573822463 2031036 0 

trp_portuguese_infantry2_flag_bearer French_Line_Infantry Eagle_Bearer 0 133169152 0 0 28 0 0
  420 0 1655 0 1247 0 208 0 88 0 -1 0 -1 0 -1 0 -1 0 -1 0 -1 0 -1 0 -1 0 -1 0 -1 0 -1 0 -1 0 -1 0 -1 0 -1 0 -1 0 -1 0 -1 0 -1 0 -1 0 -1 0 -1 0 -1 0 -1 0 -1 0 -1 0 -1 0 -1 0 -1 0 -1 0 -1 0 -1 0 -1 0 -1 0 -1 0 -1 0 -1 0 -1 0 -1 0 -1 0 -1 0 -1 0 -1 0 -1 0 -1 0 -1 0 -1 0 -1 0 -1 0 -1 0 -1 0 -1 0 -1 0 -1 0 -1 0 -1 0 -1 0 -1 0 -1 0 
  15 15 15 15 20
 80 5 80 5 50 5 30
2586 131072 0 48 208896 0 
  34359738369 1315051091194281984 1835136 0 50465891015 7916447985573822463 2031036 0 

trp_portuguese_infantry2_nco French_Line_Infantry Sergeant 0 133169152 0 0 28 0 0
  420 0 1655 0 1247 0 156 0 59 0 88 0 -1 0 -1 0 -1 0 -1 0 -1 0 -1 0 -1 0 -1 0 -1 0 -1 0 -1 0 -1 0 -1 0 -1 0 -1 0 -1 0 -1 0 -1 0 -1 0 -1 0 -1 0 -1 0 -1 0 -1 0 -1 0 -1 0 -1 0 -1 0 -1 0 -1 0 -1 0 -1 0 -1 0 -1 0 -1 0 -1 0 -1 0 -1 0 -1 0 -1 0 -1 0 -1 0 -1 0 -1 0 -1 0 -1 0 -1 0 -1 0 -1 0 -1 0 -1 0 -1 0 -1 0 -1 0 -1 0 -1 0 -1 0 -1 0 
  15 15 15 15 20
 50 5 130 5 150 5 30
2586 131072 0 48 208896 0 
  34359738369 1315051091194281984 1835136 0 50465891015 7916447985573822463 2031036 0 

trp_portuguese_infantry2_officer French_Line_Infantry Officer 0 133169152 0 0 28 0 0
  419 0 1655 0 1247 0 84 0 157 0 3 0 5 0 1819 0 398 0 -1 0 -1 0 -1 0 -1 0 -1 0 -1 0 -1 0 -1 0 -1 0 -1 0 -1 0 -1 0 -1 0 -1 0 -1 0 -1 0 -1 0 -1 0 -1 0 -1 0 -1 0 -1 0 -1 0 -1 0 -1 0 -1 0 -1 0 -1 0 -1 0 -1 0 -1 0 -1 0 -1 0 -1 0 -1 0 -1 0 -1 0 -1 0 -1 0 -1 0 -1 0 -1 0 -1 0 -1 0 -1 0 -1 0 -1 0 -1 0 -1 0 -1 0 -1 0 -1 0 -1 0 -1 0 -1 0 
  15 15 15 15 20
 80 5 80 5 50 5 30
2586 131072 0 48 208896 0 
  34359738369 1315051091194281984 1835136 0 50465891015 7916447985573822463 2031036 0 

trp_portuguese_infantry2_drum French_Line_Infantry Drummer 0 133169152 0 0 28 0 0
  457 0 1639 0 1216 0 1820 0 150 0 88 0 -1 0 -1 0 -1 0 -1 0 -1 0 -1 0 -1 0 -1 0 -1 0 -1 0 -1 0 -1 0 -1 0 -1 0 -1 0 -1 0 -1 0 -1 0 -1 0 -1 0 -1 0 -1 0 -1 0 -1 0 -1 0 -1 0 -1 0 -1 0 -1 0 -1 0 -1 0 -1 0 -1 0 -1 0 -1 0 -1 0 -1 0 -1 0 -1 0 -1 0 -1 0 -1 0 -1 0 -1 0 -1 0 -1 0 -1 0 -1 0 -1 0 -1 0 -1 0 -1 0 -1 0 -1 0 -1 0 -1 0 -1 0 -1 0 
  15 15 15 15 20
 80 5 80 5 50 5 30
2586 131072 0 48 208896 0 
  34359738369 1315051091194281984 1835136 0 50465891015 7916447985573822463 2031036 0 

trp_portuguese_infantry2_flute French_Line_Infantry Fifer 0 133169152 0 0 28 0 0
  458 0 1639 0 1216 0 151 0 88 0 -1 0 -1 0 -1 0 -1 0 -1 0 -1 0 -1 0 -1 0 -1 0 -1 0 -1 0 -1 0 -1 0 -1 0 -1 0 -1 0 -1 0 -1 0 -1 0 -1 0 -1 0 -1 0 -1 0 -1 0 -1 0 -1 0 -1 0 -1 0 -1 0 -1 0 -1 0 -1 0 -1 0 -1 0 -1 0 -1 0 -1 0 -1 0 -1 0 -1 0 -1 0 -1 0 -1 0 -1 0 -1 0 -1 0 -1 0 -1 0 -1 0 -1 0 -1 0 -1 0 -1 0 -1 0 -1 0 -1 0 -1 0 -1 0 -1 0 
  15 15 15 15 20
 80 5 80 5 50 5 30
2586 131072 0 48 208896 0 
  34359738369 1315051091194281984 1835136 0 50465891015 7916447985573822463 2031036 0 

trp_portuguese_infantry3 45e_Regiment_d'Infanterie_de_ligne Line_Infantry 0 133169152 0 0 3 0 0
  421 0 1639 0 1216 0 156 0 59 0 88 0 -1 0 -1 0 -1 0 -1 0 -1 0 -1 0 -1 0 -1 0 -1 0 -1 0 -1 0 -1 0 -1 0 -1 0 -1 0 -1 0 -1 0 -1 0 -1 0 -1 0 -1 0 -1 0 -1 0 -1 0 -1 0 -1 0 -1 0 -1 0 -1 0 -1 0 -1 0 -1 0 -1 0 -1 0 -1 0 -1 0 -1 0 -1 0 -1 0 -1 0 -1 0 -1 0 -1 0 -1 0 -1 0 -1 0 -1 0 -1 0 -1 0 -1 0 -1 0 -1 0 -1 0 -1 0 -1 0 -1 0 -1 0 -1 0 
  15 15 15 15 20
 50 5 130 5 150 5 30
2586 131072 0 48 208896 0 
  34359738369 1315051091194281984 1835136 0 50465891015 7916447985573822463 2031036 0 

trp_portuguese_infantry3_flag_bearer French_Line_Infantry Eagle_Bearer 0 133169152 0 0 28 0 0
  420 0 1655 0 1247 0 208 0 88 0 -1 0 -1 0 -1 0 -1 0 -1 0 -1 0 -1 0 -1 0 -1 0 -1 0 -1 0 -1 0 -1 0 -1 0 -1 0 -1 0 -1 0 -1 0 -1 0 -1 0 -1 0 -1 0 -1 0 -1 0 -1 0 -1 0 -1 0 -1 0 -1 0 -1 0 -1 0 -1 0 -1 0 -1 0 -1 0 -1 0 -1 0 -1 0 -1 0 -1 0 -1 0 -1 0 -1 0 -1 0 -1 0 -1 0 -1 0 -1 0 -1 0 -1 0 -1 0 -1 0 -1 0 -1 0 -1 0 -1 0 -1 0 -1 0 -1 0 
  15 15 15 15 20
 80 5 80 5 50 5 30
2586 131072 0 48 208896 0 
  34359738369 1315051091194281984 1835136 0 50465891015 7916447985573822463 2031036 0 

trp_portuguese_infantry3_nco French_Line_Infantry Sergeant 0 133169152 0 0 28 0 0
  420 0 1655 0 1247 0 156 0 59 0 88 0 -1 0 -1 0 -1 0 -1 0 -1 0 -1 0 -1 0 -1 0 -1 0 -1 0 -1 0 -1 0 -1 0 -1 0 -1 0 -1 0 -1 0 -1 0 -1 0 -1 0 -1 0 -1 0 -1 0 -1 0 -1 0 -1 0 -1 0 -1 0 -1 0 -1 0 -1 0 -1 0 -1 0 -1 0 -1 0 -1 0 -1 0 -1 0 -1 0 -1 0 -1 0 -1 0 -1 0 -1 0 -1 0 -1 0 -1 0 -1 0 -1 0 -1 0 -1 0 -1 0 -1 0 -1 0 -1 0 -1 0 -1 0 -1 0 
  15 15 15 15 20
 50 5 130 5 150 5 30
2586 131072 0 48 208896 0 
  34359738369 1315051091194281984 1835136 0 50465891015 7916447985573822463 2031036 0 

trp_portuguese_infantry3_officer French_Line_Infantry Officer 0 133169152 0 0 28 0 0
  419 0 1655 0 1247 0 84 0 157 0 3 0 5 0 1819 0 398 0 -1 0 -1 0 -1 0 -1 0 -1 0 -1 0 -1 0 -1 0 -1 0 -1 0 -1 0 -1 0 -1 0 -1 0 -1 0 -1 0 -1 0 -1 0 -1 0 -1 0 -1 0 -1 0 -1 0 -1 0 -1 0 -1 0 -1 0 -1 0 -1 0 -1 0 -1 0 -1 0 -1 0 -1 0 -1 0 -1 0 -1 0 -1 0 -1 0 -1 0 -1 0 -1 0 -1 0 -1 0 -1 0 -1 0 -1 0 -1 0 -1 0 -1 0 -1 0 -1 0 -1 0 -1 0 -1 0 
  15 15 15 15 20
 80 5 80 5 50 5 30
2586 131072 0 48 208896 0 
  34359738369 1315051091194281984 1835136 0 50465891015 7916447985573822463 2031036 0 

trp_portuguese_infantry3_drum French_Line_Infantry Drummer 0 133169152 0 0 28 0 0
  457 0 1639 0 1216 0 1820 0 150 0 88 0 -1 0 -1 0 -1 0 -1 0 -1 0 -1 0 -1 0 -1 0 -1 0 -1 0 -1 0 -1 0 -1 0 -1 0 -1 0 -1 0 -1 0 -1 0 -1 0 -1 0 -1 0 -1 0 -1 0 -1 0 -1 0 -1 0 -1 0 -1 0 -1 0 -1 0 -1 0 -1 0 -1 0 -1 0 -1 0 -1 0 -1 0 -1 0 -1 0 -1 0 -1 0 -1 0 -1 0 -1 0 -1 0 -1 0 -1 0 -1 0 -1 0 -1 0 -1 0 -1 0 -1 0 -1 0 -1 0 -1 0 -1 0 -1 0 
  15 15 15 15 20
 80 5 80 5 50 5 30
2586 131072 0 48 208896 0 
  34359738369 1315051091194281984 1835136 0 50465891015 7916447985573822463 2031036 0 

trp_portuguese_infantry3_flute French_Line_Infantry Fifer 0 133169152 0 0 28 0 0
  458 0 1639 0 1216 0 151 0 88 0 -1 0 -1 0 -1 0 -1 0 -1 0 -1 0 -1 0 -1 0 -1 0 -1 0 -1 0 -1 0 -1 0 -1 0 -1 0 -1 0 -1 0 -1 0 -1 0 -1 0 -1 0 -1 0 -1 0 -1 0 -1 0 -1 0 -1 0 -1 0 -1 0 -1 0 -1 0 -1 0 -1 0 -1 0 -1 0 -1 0 -1 0 -1 0 -1 0 -1 0 -1 0 -1 0 -1 0 -1 0 -1 0 -1 0 -1 0 -1 0 -1 0 -1 0 -1 0 -1 0 -1 0 -1 0 -1 0 -1 0 -1 0 -1 0 -1 0 
  15 15 15 15 20
 80 5 80 5 50 5 30
2586 131072 0 48 208896 0 
  34359738369 1315051091194281984 1835136 0 50465891015 7916447985573822463 2031036 0 

trp_portuguese_infantry4 45e_Regiment_d'Infanterie_de_ligne Line_Infantry 0 133169152 0 0 3 0 0
  421 0 1639 0 1216 0 156 0 59 0 88 0 -1 0 -1 0 -1 0 -1 0 -1 0 -1 0 -1 0 -1 0 -1 0 -1 0 -1 0 -1 0 -1 0 -1 0 -1 0 -1 0 -1 0 -1 0 -1 0 -1 0 -1 0 -1 0 -1 0 -1 0 -1 0 -1 0 -1 0 -1 0 -1 0 -1 0 -1 0 -1 0 -1 0 -1 0 -1 0 -1 0 -1 0 -1 0 -1 0 -1 0 -1 0 -1 0 -1 0 -1 0 -1 0 -1 0 -1 0 -1 0 -1 0 -1 0 -1 0 -1 0 -1 0 -1 0 -1 0 -1 0 -1 0 -1 0 
  15 15 15 15 20
 50 5 130 5 150 5 30
2586 131072 0 48 208896 0 
  34359738369 1315051091194281984 1835136 0 50465891015 7916447985573822463 2031036 0 

trp_portuguese_infantry4_flag_bearer French_Line_Infantry Eagle_Bearer 0 133169152 0 0 28 0 0
  420 0 1655 0 1247 0 208 0 88 0 -1 0 -1 0 -1 0 -1 0 -1 0 -1 0 -1 0 -1 0 -1 0 -1 0 -1 0 -1 0 -1 0 -1 0 -1 0 -1 0 -1 0 -1 0 -1 0 -1 0 -1 0 -1 0 -1 0 -1 0 -1 0 -1 0 -1 0 -1 0 -1 0 -1 0 -1 0 -1 0 -1 0 -1 0 -1 0 -1 0 -1 0 -1 0 -1 0 -1 0 -1 0 -1 0 -1 0 -1 0 -1 0 -1 0 -1 0 -1 0 -1 0 -1 0 -1 0 -1 0 -1 0 -1 0 -1 0 -1 0 -1 0 -1 0 -1 0 
  15 15 15 15 20
 80 5 80 5 50 5 30
2586 131072 0 48 208896 0 
  34359738369 1315051091194281984 1835136 0 50465891015 7916447985573822463 2031036 0 

trp_portuguese_infantry4_nco French_Line_Infantry Sergeant 0 133169152 0 0 28 0 0
  420 0 1655 0 1247 0 156 0 59 0 88 0 -1 0 -1 0 -1 0 -1 0 -1 0 -1 0 -1 0 -1 0 -1 0 -1 0 -1 0 -1 0 -1 0 -1 0 -1 0 -1 0 -1 0 -1 0 -1 0 -1 0 -1 0 -1 0 -1 0 -1 0 -1 0 -1 0 -1 0 -1 0 -1 0 -1 0 -1 0 -1 0 -1 0 -1 0 -1 0 -1 0 -1 0 -1 0 -1 0 -1 0 -1 0 -1 0 -1 0 -1 0 -1 0 -1 0 -1 0 -1 0 -1 0 -1 0 -1 0 -1 0 -1 0 -1 0 -1 0 -1 0 -1 0 -1 0 
  15 15 15 15 20
 50 5 130 5 150 5 30
2586 131072 0 48 208896 0 
  34359738369 1315051091194281984 1835136 0 50465891015 7916447985573822463 2031036 0 

trp_portuguese_infantry4_officer French_Line_Infantry Officer 0 133169152 0 0 28 0 0
  419 0 1655 0 1247 0 84 0 157 0 3 0 5 0 1819 0 398 0 -1 0 -1 0 -1 0 -1 0 -1 0 -1 0 -1 0 -1 0 -1 0 -1 0 -1 0 -1 0 -1 0 -1 0 -1 0 -1 0 -1 0 -1 0 -1 0 -1 0 -1 0 -1 0 -1 0 -1 0 -1 0 -1 0 -1 0 -1 0 -1 0 -1 0 -1 0 -1 0 -1 0 -1 0 -1 0 -1 0 -1 0 -1 0 -1 0 -1 0 -1 0 -1 0 -1 0 -1 0 -1 0 -1 0 -1 0 -1 0 -1 0 -1 0 -1 0 -1 0 -1 0 -1 0 -1 0 
  15 15 15 15 20
 80 5 80 5 50 5 30
2586 131072 0 48 208896 0 
  34359738369 1315051091194281984 1835136 0 50465891015 7916447985573822463 2031036 0 

trp_portuguese_infantry4_drum French_Line_Infantry Drummer 0 133169152 0 0 28 0 0
  457 0 1639 0 1216 0 1820 0 150 0 88 0 -1 0 -1 0 -1 0 -1 0 -1 0 -1 0 -1 0 -1 0 -1 0 -1 0 -1 0 -1 0 -1 0 -1 0 -1 0 -1 0 -1 0 -1 0 -1 0 -1 0 -1 0 -1 0 -1 0 -1 0 -1 0 -1 0 -1 0 -1 0 -1 0 -1 0 -1 0 -1 0 -1 0 -1 0 -1 0 -1 0 -1 0 -1 0 -1 0 -1 0 -1 0 -1 0 -1 0 -1 0 -1 0 -1 0 -1 0 -1 0 -1 0 -1 0 -1 0 -1 0 -1 0 -1 0 -1 0 -1 0 -1 0 -1 0 
  15 15 15 15 20
 80 5 80 5 50 5 30
2586 131072 0 48 208896 0 
  34359738369 1315051091194281984 1835136 0 50465891015 7916447985573822463 2031036 0 

trp_portuguese_infantry4_flute French_Line_Infantry Fifer 0 133169152 0 0 28 0 0
  458 0 1639 0 1216 0 151 0 88 0 -1 0 -1 0 -1 0 -1 0 -1 0 -1 0 -1 0 -1 0 -1 0 -1 0 -1 0 -1 0 -1 0 -1 0 -1 0 -1 0 -1 0 -1 0 -1 0 -1 0 -1 0 -1 0 -1 0 -1 0 -1 0 -1 0 -1 0 -1 0 -1 0 -1 0 -1 0 -1 0 -1 0 -1 0 -1 0 -1 0 -1 0 -1 0 -1 0 -1 0 -1 0 -1 0 -1 0 -1 0 -1 0 -1 0 -1 0 -1 0 -1 0 -1 0 -1 0 -1 0 -1 0 -1 0 -1 0 -1 0 -1 0 -1 0 -1 0 
  15 15 15 15 20
 80 5 80 5 50 5 30
2586 131072 0 48 208896 0 
  34359738369 1315051091194281984 1835136 0 50465891015 7916447985573822463 2031036 0 

trp_portuguese_foot_guard1 1er_Regiment_de_Grenadiers_de_la_Garde_Imperiale Foot_Guard 0 133169152 0 0 3 0 0
  432 0 1651 0 1243 0 156 0 61 0 79 0 -1 0 -1 0 -1 0 -1 0 -1 0 -1 0 -1 0 -1 0 -1 0 -1 0 -1 0 -1 0 -1 0 -1 0 -1 0 -1 0 -1 0 -1 0 -1 0 -1 0 -1 0 -1 0 -1 0 -1 0 -1 0 -1 0 -1 0 -1 0 -1 0 -1 0 -1 0 -1 0 -1 0 -1 0 -1 0 -1 0 -1 0 -1 0 -1 0 -1 0 -1 0 -1 0 -1 0 -1 0 -1 0 -1 0 -1 0 -1 0 -1 0 -1 0 -1 0 -1 0 -1 0 -1 0 -1 0 -1 0 -1 0 -1 0 
  15 15 15 15 20
 50 5 145 5 150 5 30
2586 131072 0 48 208896 0 
  34359738369 1315051091194281984 1835136 0 50465891015 7916447985573822463 2031036 0 

trp_portuguese_foot_guard1_flag_bearer French_Grenadier_Guard Eagle_Bearer 0 133169152 0 0 28 0 0
  431 0 1655 0 1241 0 211 0 79 0 -1 0 -1 0 -1 0 -1 0 -1 0 -1 0 -1 0 -1 0 -1 0 -1 0 -1 0 -1 0 -1 0 -1 0 -1 0 -1 0 -1 0 -1 0 -1 0 -1 0 -1 0 -1 0 -1 0 -1 0 -1 0 -1 0 -1 0 -1 0 -1 0 -1 0 -1 0 -1 0 -1 0 -1 0 -1 0 -1 0 -1 0 -1 0 -1 0 -1 0 -1 0 -1 0 -1 0 -1 0 -1 0 -1 0 -1 0 -1 0 -1 0 -1 0 -1 0 -1 0 -1 0 -1 0 -1 0 -1 0 -1 0 -1 0 -1 0 
  15 15 15 15 20
 80 5 80 5 50 5 30
2586 131072 0 48 208896 0 
  34359738369 1315051091194281984 1835136 0 50465891015 7916447985573822463 2031036 0 

trp_portuguese_foot_guard1_nco French_Grenadier_Guard Sergeant 0 133169152 0 0 28 0 0
  431 0 1655 0 1241 0 156 0 61 0 79 0 -1 0 -1 0 -1 0 -1 0 -1 0 -1 0 -1 0 -1 0 -1 0 -1 0 -1 0 -1 0 -1 0 -1 0 -1 0 -1 0 -1 0 -1 0 -1 0 -1 0 -1 0 -1 0 -1 0 -1 0 -1 0 -1 0 -1 0 -1 0 -1 0 -1 0 -1 0 -1 0 -1 0 -1 0 -1 0 -1 0 -1 0 -1 0 -1 0 -1 0 -1 0 -1 0 -1 0 -1 0 -1 0 -1 0 -1 0 -1 0 -1 0 -1 0 -1 0 -1 0 -1 0 -1 0 -1 0 -1 0 -1 0 -1 0 
  15 15 15 15 20
 50 5 145 5 150 5 30
2586 131072 0 48 208896 0 
  34359738369 1315051091194281984 1835136 0 50465891015 7916447985573822463 2031036 0 

trp_portuguese_foot_guard1_officer French_Grenadier_Guard Officer 0 133169152 0 0 28 0 0
  433 0 1655 0 1239 0 82 0 157 0 3 0 5 0 1819 0 398 0 -1 0 -1 0 -1 0 -1 0 -1 0 -1 0 -1 0 -1 0 -1 0 -1 0 -1 0 -1 0 -1 0 -1 0 -1 0 -1 0 -1 0 -1 0 -1 0 -1 0 -1 0 -1 0 -1 0 -1 0 -1 0 -1 0 -1 0 -1 0 -1 0 -1 0 -1 0 -1 0 -1 0 -1 0 -1 0 -1 0 -1 0 -1 0 -1 0 -1 0 -1 0 -1 0 -1 0 -1 0 -1 0 -1 0 -1 0 -1 0 -1 0 -1 0 -1 0 -1 0 -1 0 -1 0 -1 0 
  15 15 15 15 20
 80 5 80 5 50 5 30
2586 131072 0 48 208896 0 
  34359738369 1315051091194281984 1835136 0 50465891015 7916447985573822463 2031036 0 

trp_portuguese_foot_guard1_drum French_Grenadier_Guard Drummer 0 133169152 0 0 28 0 0
  454 0 1651 0 1243 0 1820 0 150 0 79 0 -1 0 -1 0 -1 0 -1 0 -1 0 -1 0 -1 0 -1 0 -1 0 -1 0 -1 0 -1 0 -1 0 -1 0 -1 0 -1 0 -1 0 -1 0 -1 0 -1 0 -1 0 -1 0 -1 0 -1 0 -1 0 -1 0 -1 0 -1 0 -1 0 -1 0 -1 0 -1 0 -1 0 -1 0 -1 0 -1 0 -1 0 -1 0 -1 0 -1 0 -1 0 -1 0 -1 0 -1 0 -1 0 -1 0 -1 0 -1 0 -1 0 -1 0 -1 0 -1 0 -1 0 -1 0 -1 0 -1 0 -1 0 -1 0 
  15 15 15 15 20
 80 5 80 5 50 5 30
2586 131072 0 48 208896 0 
  34359738369 1315051091194281984 1835136 0 50465891015 7916447985573822463 2031036 0 

trp_portuguese_foot_guard1_flute French_Grenadier_Guard Fifer 0 133169152 0 0 28 0 0
  455 0 1651 0 1243 0 151 0 79 0 1819 0 -1 0 -1 0 -1 0 -1 0 -1 0 -1 0 -1 0 -1 0 -1 0 -1 0 -1 0 -1 0 -1 0 -1 0 -1 0 -1 0 -1 0 -1 0 -1 0 -1 0 -1 0 -1 0 -1 0 -1 0 -1 0 -1 0 -1 0 -1 0 -1 0 -1 0 -1 0 -1 0 -1 0 -1 0 -1 0 -1 0 -1 0 -1 0 -1 0 -1 0 -1 0 -1 0 -1 0 -1 0 -1 0 -1 0 -1 0 -1 0 -1 0 -1 0 -1 0 -1 0 -1 0 -1 0 -1 0 -1 0 -1 0 -1 0 
  15 15 15 15 20
 80 5 80 5 50 5 30
2586 131072 0 48 208896 0 
  34359738369 1315051091194281984 1835136 0 50465891015 7916447985573822463 2031036 0 

trp_portuguese_foot_guard2 1er_Regiment_de_Grenadiers_de_la_Garde_Imperiale Foot_Guard 0 133169152 0 0 3 0 0
  432 0 1651 0 1243 0 156 0 61 0 79 0 -1 0 -1 0 -1 0 -1 0 -1 0 -1 0 -1 0 -1 0 -1 0 -1 0 -1 0 -1 0 -1 0 -1 0 -1 0 -1 0 -1 0 -1 0 -1 0 -1 0 -1 0 -1 0 -1 0 -1 0 -1 0 -1 0 -1 0 -1 0 -1 0 -1 0 -1 0 -1 0 -1 0 -1 0 -1 0 -1 0 -1 0 -1 0 -1 0 -1 0 -1 0 -1 0 -1 0 -1 0 -1 0 -1 0 -1 0 -1 0 -1 0 -1 0 -1 0 -1 0 -1 0 -1 0 -1 0 -1 0 -1 0 -1 0 
  15 15 15 15 20
 50 5 145 5 150 5 30
2586 131072 0 48 208896 0 
  34359738369 1315051091194281984 1835136 0 50465891015 7916447985573822463 2031036 0 

trp_portuguese_foot_guard2_flag_bearer French_Grenadier_Guard Eagle_Bearer 0 133169152 0 0 28 0 0
  431 0 1655 0 1241 0 211 0 79 0 -1 0 -1 0 -1 0 -1 0 -1 0 -1 0 -1 0 -1 0 -1 0 -1 0 -1 0 -1 0 -1 0 -1 0 -1 0 -1 0 -1 0 -1 0 -1 0 -1 0 -1 0 -1 0 -1 0 -1 0 -1 0 -1 0 -1 0 -1 0 -1 0 -1 0 -1 0 -1 0 -1 0 -1 0 -1 0 -1 0 -1 0 -1 0 -1 0 -1 0 -1 0 -1 0 -1 0 -1 0 -1 0 -1 0 -1 0 -1 0 -1 0 -1 0 -1 0 -1 0 -1 0 -1 0 -1 0 -1 0 -1 0 -1 0 -1 0 
  15 15 15 15 20
 80 5 80 5 50 5 30
2586 131072 0 48 208896 0 
  34359738369 1315051091194281984 1835136 0 50465891015 7916447985573822463 2031036 0 

trp_portuguese_foot_guard2_nco French_Grenadier_Guard Sergeant 0 133169152 0 0 28 0 0
  431 0 1655 0 1241 0 156 0 61 0 79 0 -1 0 -1 0 -1 0 -1 0 -1 0 -1 0 -1 0 -1 0 -1 0 -1 0 -1 0 -1 0 -1 0 -1 0 -1 0 -1 0 -1 0 -1 0 -1 0 -1 0 -1 0 -1 0 -1 0 -1 0 -1 0 -1 0 -1 0 -1 0 -1 0 -1 0 -1 0 -1 0 -1 0 -1 0 -1 0 -1 0 -1 0 -1 0 -1 0 -1 0 -1 0 -1 0 -1 0 -1 0 -1 0 -1 0 -1 0 -1 0 -1 0 -1 0 -1 0 -1 0 -1 0 -1 0 -1 0 -1 0 -1 0 -1 0 
  15 15 15 15 20
 50 5 145 5 150 5 30
2586 131072 0 48 208896 0 
  34359738369 1315051091194281984 1835136 0 50465891015 7916447985573822463 2031036 0 

trp_portuguese_foot_guard2_officer French_Grenadier_Guard Officer 0 133169152 0 0 28 0 0
  433 0 1655 0 1239 0 82 0 157 0 3 0 5 0 1819 0 398 0 -1 0 -1 0 -1 0 -1 0 -1 0 -1 0 -1 0 -1 0 -1 0 -1 0 -1 0 -1 0 -1 0 -1 0 -1 0 -1 0 -1 0 -1 0 -1 0 -1 0 -1 0 -1 0 -1 0 -1 0 -1 0 -1 0 -1 0 -1 0 -1 0 -1 0 -1 0 -1 0 -1 0 -1 0 -1 0 -1 0 -1 0 -1 0 -1 0 -1 0 -1 0 -1 0 -1 0 -1 0 -1 0 -1 0 -1 0 -1 0 -1 0 -1 0 -1 0 -1 0 -1 0 -1 0 -1 0 
  15 15 15 15 20
 80 5 80 5 50 5 30
2586 131072 0 48 208896 0 
  34359738369 1315051091194281984 1835136 0 50465891015 7916447985573822463 2031036 0 

trp_portuguese_foot_guard2_drum French_Grenadier_Guard Drummer 0 133169152 0 0 28 0 0
  454 0 1651 0 1243 0 1820 0 150 0 79 0 -1 0 -1 0 -1 0 -1 0 -1 0 -1 0 -1 0 -1 0 -1 0 -1 0 -1 0 -1 0 -1 0 -1 0 -1 0 -1 0 -1 0 -1 0 -1 0 -1 0 -1 0 -1 0 -1 0 -1 0 -1 0 -1 0 -1 0 -1 0 -1 0 -1 0 -1 0 -1 0 -1 0 -1 0 -1 0 -1 0 -1 0 -1 0 -1 0 -1 0 -1 0 -1 0 -1 0 -1 0 -1 0 -1 0 -1 0 -1 0 -1 0 -1 0 -1 0 -1 0 -1 0 -1 0 -1 0 -1 0 -1 0 -1 0 
  15 15 15 15 20
 80 5 80 5 50 5 30
2586 131072 0 48 208896 0 
  34359738369 1315051091194281984 1835136 0 50465891015 7916447985573822463 2031036 0 

trp_portuguese_foot_guard2_flute French_Grenadier_Guard Fifer 0 133169152 0 0 28 0 0
  455 0 1651 0 1243 0 151 0 79 0 1819 0 -1 0 -1 0 -1 0 -1 0 -1 0 -1 0 -1 0 -1 0 -1 0 -1 0 -1 0 -1 0 -1 0 -1 0 -1 0 -1 0 -1 0 -1 0 -1 0 -1 0 -1 0 -1 0 -1 0 -1 0 -1 0 -1 0 -1 0 -1 0 -1 0 -1 0 -1 0 -1 0 -1 0 -1 0 -1 0 -1 0 -1 0 -1 0 -1 0 -1 0 -1 0 -1 0 -1 0 -1 0 -1 0 -1 0 -1 0 -1 0 -1 0 -1 0 -1 0 -1 0 -1 0 -1 0 -1 0 -1 0 -1 0 -1 0 
  15 15 15 15 20
 80 5 80 5 50 5 30
2586 131072 0 48 208896 0 
  34359738369 1315051091194281984 1835136 0 50465891015 7916447985573822463 2031036 0 

trp_portuguese_light 1er_Regiment_de_Voltigeurs_de_la_Garde_Imperiale Light_Infantry 0 133169152 0 0 3 0 0
  498 0 1651 0 1276 0 156 0 59 0 21 0 88 0 -1 0 -1 0 -1 0 -1 0 -1 0 -1 0 -1 0 -1 0 -1 0 -1 0 -1 0 -1 0 -1 0 -1 0 -1 0 -1 0 -1 0 -1 0 -1 0 -1 0 -1 0 -1 0 -1 0 -1 0 -1 0 -1 0 -1 0 -1 0 -1 0 -1 0 -1 0 -1 0 -1 0 -1 0 -1 0 -1 0 -1 0 -1 0 -1 0 -1 0 -1 0 -1 0 -1 0 -1 0 -1 0 -1 0 -1 0 -1 0 -1 0 -1 0 -1 0 -1 0 -1 0 -1 0 -1 0 -1 0 -1 0 
  15 15 15 15 20
 50 5 90 5 206 5 30
2586 131072 0 48 135168 0 
  34359738369 1315051091194281984 1835136 0 50465891015 7916447985573822463 2031036 0 

trp_portuguese_light_flag_bearer French_Voltigeur Eagle_Bearer 0 133169152 0 0 28 0 0
  501 0 1655 0 1276 0 224 0 88 0 -1 0 -1 0 -1 0 -1 0 -1 0 -1 0 -1 0 -1 0 -1 0 -1 0 -1 0 -1 0 -1 0 -1 0 -1 0 -1 0 -1 0 -1 0 -1 0 -1 0 -1 0 -1 0 -1 0 -1 0 -1 0 -1 0 -1 0 -1 0 -1 0 -1 0 -1 0 -1 0 -1 0 -1 0 -1 0 -1 0 -1 0 -1 0 -1 0 -1 0 -1 0 -1 0 -1 0 -1 0 -1 0 -1 0 -1 0 -1 0 -1 0 -1 0 -1 0 -1 0 -1 0 -1 0 -1 0 -1 0 -1 0 -1 0 -1 0 
  15 15 15 15 20
 80 5 80 5 50 5 30
2586 131072 0 48 135168 0 
  34359738369 1315051091194281984 1835136 0 50465891015 7916447985573822463 2031036 0 

trp_portuguese_light_nco French_Voltigeur Sergeant 0 133169152 0 0 28 0 0
  501 0 1655 0 1276 0 156 0 59 0 21 0 88 0 -1 0 -1 0 -1 0 -1 0 -1 0 -1 0 -1 0 -1 0 -1 0 -1 0 -1 0 -1 0 -1 0 -1 0 -1 0 -1 0 -1 0 -1 0 -1 0 -1 0 -1 0 -1 0 -1 0 -1 0 -1 0 -1 0 -1 0 -1 0 -1 0 -1 0 -1 0 -1 0 -1 0 -1 0 -1 0 -1 0 -1 0 -1 0 -1 0 -1 0 -1 0 -1 0 -1 0 -1 0 -1 0 -1 0 -1 0 -1 0 -1 0 -1 0 -1 0 -1 0 -1 0 -1 0 -1 0 -1 0 -1 0 
  15 15 15 15 20
 50 5 90 5 206 5 30
2586 131072 0 48 135168 0 
  34359738369 1315051091194281984 1835136 0 50465891015 7916447985573822463 2031036 0 

trp_portuguese_light_officer French_Voltigeur Officer 0 133169152 0 0 28 0 0
  499 0 1655 0 1278 0 86 0 157 0 3 0 5 0 1819 0 398 0 -1 0 -1 0 -1 0 -1 0 -1 0 -1 0 -1 0 -1 0 -1 0 -1 0 -1 0 -1 0 -1 0 -1 0 -1 0 -1 0 -1 0 -1 0 -1 0 -1 0 -1 0 -1 0 -1 0 -1 0 -1 0 -1 0 -1 0 -1 0 -1 0 -1 0 -1 0 -1 0 -1 0 -1 0 -1 0 -1 0 -1 0 -1 0 -1 0 -1 0 -1 0 -1 0 -1 0 -1 0 -1 0 -1 0 -1 0 -1 0 -1 0 -1 0 -1 0 -1 0 -1 0 -1 0 -1 0 
  15 15 15 15 20
 80 5 80 5 50 5 30
2586 131072 0 48 208896 0 
  34359738369 1315051091194281984 1835136 0 50465891015 7916447985573822463 2031036 0 

trp_portuguese_light_horn French_Voltigeur Hornist 0 133169152 0 0 28 0 0
  500 0 1651 0 1276 0 152 0 88 0 -1 0 -1 0 -1 0 -1 0 -1 0 -1 0 -1 0 -1 0 -1 0 -1 0 -1 0 -1 0 -1 0 -1 0 -1 0 -1 0 -1 0 -1 0 -1 0 -1 0 -1 0 -1 0 -1 0 -1 0 -1 0 -1 0 -1 0 -1 0 -1 0 -1 0 -1 0 -1 0 -1 0 -1 0 -1 0 -1 0 -1 0 -1 0 -1 0 -1 0 -1 0 -1 0 -1 0 -1 0 -1 0 -1 0 -1 0 -1 0 -1 0 -1 0 -1 0 -1 0 -1 0 -1 0 -1 0 -1 0 -1 0 -1 0 -1 0 
  15 15 15 15 20
 80 5 80 5 50 5 30
2586 131072 0 48 135168 0 
  34359738369 1315051091194281984 1835136 0 50465891015 7916447985573822463 2031036 0 

trp_portuguese_rifle Bataillon_de_Tirailleurs_Corses Rifleman 0 133169152 0 0 3 0 0
  503 0 1663 0 1280 0 156 0 21 0 47 0 88 0 -1 0 -1 0 -1 0 -1 0 -1 0 -1 0 -1 0 -1 0 -1 0 -1 0 -1 0 -1 0 -1 0 -1 0 -1 0 -1 0 -1 0 -1 0 -1 0 -1 0 -1 0 -1 0 -1 0 -1 0 -1 0 -1 0 -1 0 -1 0 -1 0 -1 0 -1 0 -1 0 -1 0 -1 0 -1 0 -1 0 -1 0 -1 0 -1 0 -1 0 -1 0 -1 0 -1 0 -1 0 -1 0 -1 0 -1 0 -1 0 -1 0 -1 0 -1 0 -1 0 -1 0 -1 0 -1 0 -1 0 -1 0 
  15 15 15 15 20
 50 5 90 5 206 5 30
2586 131072 0 48 135168 0 
  34359738369 1315051091194281984 1835136 0 50465891015 7916447985573822463 2031036 0 

trp_portuguese_rifle_flag_bearer French_Corsican_Rifle Eagle_Bearer 0 133169152 0 0 28 0 0
  504 0 1639 0 1282 0 225 0 88 0 -1 0 -1 0 -1 0 -1 0 -1 0 -1 0 -1 0 -1 0 -1 0 -1 0 -1 0 -1 0 -1 0 -1 0 -1 0 -1 0 -1 0 -1 0 -1 0 -1 0 -1 0 -1 0 -1 0 -1 0 -1 0 -1 0 -1 0 -1 0 -1 0 -1 0 -1 0 -1 0 -1 0 -1 0 -1 0 -1 0 -1 0 -1 0 -1 0 -1 0 -1 0 -1 0 -1 0 -1 0 -1 0 -1 0 -1 0 -1 0 -1 0 -1 0 -1 0 -1 0 -1 0 -1 0 -1 0 -1 0 -1 0 -1 0 -1 0 
  15 15 15 15 20
 80 5 80 5 50 5 30
2586 131072 0 48 135168 0 
  34359738369 1315051091194281984 1835136 0 50465891015 7916447985573822463 2031036 0 

trp_portuguese_rifle_nco French_Corsican_Rifle Sergeant 0 133169152 0 0 28 0 0
  504 0 1639 0 1282 0 156 0 21 0 47 0 88 0 -1 0 -1 0 -1 0 -1 0 -1 0 -1 0 -1 0 -1 0 -1 0 -1 0 -1 0 -1 0 -1 0 -1 0 -1 0 -1 0 -1 0 -1 0 -1 0 -1 0 -1 0 -1 0 -1 0 -1 0 -1 0 -1 0 -1 0 -1 0 -1 0 -1 0 -1 0 -1 0 -1 0 -1 0 -1 0 -1 0 -1 0 -1 0 -1 0 -1 0 -1 0 -1 0 -1 0 -1 0 -1 0 -1 0 -1 0 -1 0 -1 0 -1 0 -1 0 -1 0 -1 0 -1 0 -1 0 -1 0 -1 0 
  15 15 15 15 20
 50 5 90 5 206 5 30
2586 131072 0 48 135168 0 
  34359738369 1315051091194281984 1835136 0 50465891015 7916447985573822463 2031036 0 

trp_portuguese_rifle_officer French_Corsican_Rifle Officer 0 133169152 0 0 28 0 0
  502 0 1639 0 1247 0 86 0 157 0 3 0 5 0 1819 0 398 0 -1 0 -1 0 -1 0 -1 0 -1 0 -1 0 -1 0 -1 0 -1 0 -1 0 -1 0 -1 0 -1 0 -1 0 -1 0 -1 0 -1 0 -1 0 -1 0 -1 0 -1 0 -1 0 -1 0 -1 0 -1 0 -1 0 -1 0 -1 0 -1 0 -1 0 -1 0 -1 0 -1 0 -1 0 -1 0 -1 0 -1 0 -1 0 -1 0 -1 0 -1 0 -1 0 -1 0 -1 0 -1 0 -1 0 -1 0 -1 0 -1 0 -1 0 -1 0 -1 0 -1 0 -1 0 -1 0 
  15 15 15 15 20
 80 5 80 5 50 5 30
2586 131072 0 48 208896 0 
  34359738369 1315051091194281984 1835136 0 50465891015 7916447985573822463 2031036 0 

trp_portuguese_rifle_horn French_Corsican_Rifle Hornist 0 133169152 0 0 28 0 0
  505 0 1663 0 1280 0 152 0 88 0 -1 0 -1 0 -1 0 -1 0 -1 0 -1 0 -1 0 -1 0 -1 0 -1 0 -1 0 -1 0 -1 0 -1 0 -1 0 -1 0 -1 0 -1 0 -1 0 -1 0 -1 0 -1 0 -1 0 -1 0 -1 0 -1 0 -1 0 -1 0 -1 0 -1 0 -1 0 -1 0 -1 0 -1 0 -1 0 -1 0 -1 0 -1 0 -1 0 -1 0 -1 0 -1 0 -1 0 -1 0 -1 0 -1 0 -1 0 -1 0 -1 0 -1 0 -1 0 -1 0 -1 0 -1 0 -1 0 -1 0 -1 0 -1 0 -1 0 
  15 15 15 15 20
 80 5 80 5 50 5 30
2586 131072 0 48 135168 0 
  34359738369 1315051091194281984 1835136 0 50465891015 7916447985573822463 2031036 0 

trp_portuguese_hussar1 5e_Regiment_de_Hussards Hussar 0 133170176 0 0 3 0 0
  510 0 1664 0 1288 0 89 0 1842 0 -1 0 -1 0 -1 0 -1 0 -1 0 -1 0 -1 0 -1 0 -1 0 -1 0 -1 0 -1 0 -1 0 -1 0 -1 0 -1 0 -1 0 -1 0 -1 0 -1 0 -1 0 -1 0 -1 0 -1 0 -1 0 -1 0 -1 0 -1 0 -1 0 -1 0 -1 0 -1 0 -1 0 -1 0 -1 0 -1 0 -1 0 -1 0 -1 0 -1 0 -1 0 -1 0 -1 0 -1 0 -1 0 -1 0 -1 0 -1 0 -1 0 -1 0 -1 0 -1 0 -1 0 -1 0 -1 0 -1 0 -1 0 -1 0 -1 0 
  12 10 15 15 20
 160 5 30 5 30 5 30
2586 131072 0 22 208896 0 
  34359738369 1315051091194281984 1835136 0 50465891015 7916447985573822463 2031036 0 

trp_portuguese_hussar1_flag_bearer French_Hussar Eagle_Bearer 0 133170176 0 0 28 0 0
  511 0 1664 0 1286 0 232 0 89 0 1842 0 -1 0 -1 0 -1 0 -1 0 -1 0 -1 0 -1 0 -1 0 -1 0 -1 0 -1 0 -1 0 -1 0 -1 0 -1 0 -1 0 -1 0 -1 0 -1 0 -1 0 -1 0 -1 0 -1 0 -1 0 -1 0 -1 0 -1 0 -1 0 -1 0 -1 0 -1 0 -1 0 -1 0 -1 0 -1 0 -1 0 -1 0 -1 0 -1 0 -1 0 -1 0 -1 0 -1 0 -1 0 -1 0 -1 0 -1 0 -1 0 -1 0 -1 0 -1 0 -1 0 -1 0 -1 0 -1 0 -1 0 -1 0 -1 0 
  12 10 15 15 20
 160 5 30 5 30 5 30
2586 131072 0 22 208896 0 
  34359738369 1315051091194281984 1835136 0 50465891015 7916447985573822463 2031036 0 

trp_portuguese_hussar1_nco French_Hussar Sergeant 0 133170176 0 0 28 0 0
  511 0 1664 0 1286 0 89 0 1842 0 -1 0 -1 0 -1 0 -1 0 -1 0 -1 0 -1 0 -1 0 -1 0 -1 0 -1 0 -1 0 -1 0 -1 0 -1 0 -1 0 -1 0 -1 0 -1 0 -1 0 -1 0 -1 0 -1 0 -1 0 -1 0 -1 0 -1 0 -1 0 -1 0 -1 0 -1 0 -1 0 -1 0 -1 0 -1 0 -1 0 -1 0 -1 0 -1 0 -1 0 -1 0 -1 0 -1 0 -1 0 -1 0 -1 0 -1 0 -1 0 -1 0 -1 0 -1 0 -1 0 -1 0 -1 0 -1 0 -1 0 -1 0 -1 0 -1 0 
  12 10 15 15 20
 160 5 30 5 30 5 30
2586 131072 0 22 208896 0 
  34359738369 1315051091194281984 1835136 0 50465891015 7916447985573822463 2031036 0 

trp_portuguese_hussar1_officer French_Hussar Officer 0 133170176 0 0 28 0 0
  512 0 1665 0 1292 0 157 0 7 0 85 0 1843 0 398 0 -1 0 -1 0 -1 0 -1 0 -1 0 -1 0 -1 0 -1 0 -1 0 -1 0 -1 0 -1 0 -1 0 -1 0 -1 0 -1 0 -1 0 -1 0 -1 0 -1 0 -1 0 -1 0 -1 0 -1 0 -1 0 -1 0 -1 0 -1 0 -1 0 -1 0 -1 0 -1 0 -1 0 -1 0 -1 0 -1 0 -1 0 -1 0 -1 0 -1 0 -1 0 -1 0 -1 0 -1 0 -1 0 -1 0 -1 0 -1 0 -1 0 -1 0 -1 0 -1 0 -1 0 -1 0 -1 0 -1 0 
  12 10 15 15 20
 160 5 30 5 30 5 30
2586 131072 0 22 208896 0 
  34359738369 1315051091194281984 1835136 0 50465891015 7916447985573822463 2031036 0 

trp_portuguese_hussar1_trumpet French_Hussar Trumpeter 0 133170176 0 0 28 0 0
  513 0 1664 0 1290 0 153 0 89 0 1843 0 -1 0 -1 0 -1 0 -1 0 -1 0 -1 0 -1 0 -1 0 -1 0 -1 0 -1 0 -1 0 -1 0 -1 0 -1 0 -1 0 -1 0 -1 0 -1 0 -1 0 -1 0 -1 0 -1 0 -1 0 -1 0 -1 0 -1 0 -1 0 -1 0 -1 0 -1 0 -1 0 -1 0 -1 0 -1 0 -1 0 -1 0 -1 0 -1 0 -1 0 -1 0 -1 0 -1 0 -1 0 -1 0 -1 0 -1 0 -1 0 -1 0 -1 0 -1 0 -1 0 -1 0 -1 0 -1 0 -1 0 -1 0 -1 0 
  12 10 15 15 20
 160 5 30 5 30 5 30
2586 131072 0 22 208896 0 
  34359738369 1315051091194281984 1835136 0 50465891015 7916447985573822463 2031036 0 

trp_portuguese_hussar2 5e_Regiment_de_Hussards Hussar 0 133170176 0 0 3 0 0
  510 0 1664 0 1288 0 89 0 1842 0 -1 0 -1 0 -1 0 -1 0 -1 0 -1 0 -1 0 -1 0 -1 0 -1 0 -1 0 -1 0 -1 0 -1 0 -1 0 -1 0 -1 0 -1 0 -1 0 -1 0 -1 0 -1 0 -1 0 -1 0 -1 0 -1 0 -1 0 -1 0 -1 0 -1 0 -1 0 -1 0 -1 0 -1 0 -1 0 -1 0 -1 0 -1 0 -1 0 -1 0 -1 0 -1 0 -1 0 -1 0 -1 0 -1 0 -1 0 -1 0 -1 0 -1 0 -1 0 -1 0 -1 0 -1 0 -1 0 -1 0 -1 0 -1 0 -1 0 
  12 10 15 15 20
 160 5 30 5 30 5 30
2586 131072 0 22 208896 0 
  34359738369 1315051091194281984 1835136 0 50465891015 7916447985573822463 2031036 0 

trp_portuguese_hussar2_flag_bearer French_Hussar Eagle_Bearer 0 133170176 0 0 28 0 0
  511 0 1664 0 1286 0 232 0 89 0 1842 0 -1 0 -1 0 -1 0 -1 0 -1 0 -1 0 -1 0 -1 0 -1 0 -1 0 -1 0 -1 0 -1 0 -1 0 -1 0 -1 0 -1 0 -1 0 -1 0 -1 0 -1 0 -1 0 -1 0 -1 0 -1 0 -1 0 -1 0 -1 0 -1 0 -1 0 -1 0 -1 0 -1 0 -1 0 -1 0 -1 0 -1 0 -1 0 -1 0 -1 0 -1 0 -1 0 -1 0 -1 0 -1 0 -1 0 -1 0 -1 0 -1 0 -1 0 -1 0 -1 0 -1 0 -1 0 -1 0 -1 0 -1 0 -1 0 
  12 10 15 15 20
 160 5 30 5 30 5 30
2586 131072 0 22 208896 0 
  34359738369 1315051091194281984 1835136 0 50465891015 7916447985573822463 2031036 0 

trp_portuguese_hussar2_nco French_Hussar Sergeant 0 133170176 0 0 28 0 0
  511 0 1664 0 1286 0 89 0 1842 0 -1 0 -1 0 -1 0 -1 0 -1 0 -1 0 -1 0 -1 0 -1 0 -1 0 -1 0 -1 0 -1 0 -1 0 -1 0 -1 0 -1 0 -1 0 -1 0 -1 0 -1 0 -1 0 -1 0 -1 0 -1 0 -1 0 -1 0 -1 0 -1 0 -1 0 -1 0 -1 0 -1 0 -1 0 -1 0 -1 0 -1 0 -1 0 -1 0 -1 0 -1 0 -1 0 -1 0 -1 0 -1 0 -1 0 -1 0 -1 0 -1 0 -1 0 -1 0 -1 0 -1 0 -1 0 -1 0 -1 0 -1 0 -1 0 -1 0 
  12 10 15 15 20
 160 5 30 5 30 5 30
2586 131072 0 22 208896 0 
  34359738369 1315051091194281984 1835136 0 50465891015 7916447985573822463 2031036 0 

trp_portuguese_hussar2_officer French_Hussar Officer 0 133170176 0 0 28 0 0
  512 0 1665 0 1292 0 157 0 7 0 85 0 1843 0 398 0 -1 0 -1 0 -1 0 -1 0 -1 0 -1 0 -1 0 -1 0 -1 0 -1 0 -1 0 -1 0 -1 0 -1 0 -1 0 -1 0 -1 0 -1 0 -1 0 -1 0 -1 0 -1 0 -1 0 -1 0 -1 0 -1 0 -1 0 -1 0 -1 0 -1 0 -1 0 -1 0 -1 0 -1 0 -1 0 -1 0 -1 0 -1 0 -1 0 -1 0 -1 0 -1 0 -1 0 -1 0 -1 0 -1 0 -1 0 -1 0 -1 0 -1 0 -1 0 -1 0 -1 0 -1 0 -1 0 -1 0 
  12 10 15 15 20
 160 5 30 5 30 5 30
2586 131072 0 22 208896 0 
  34359738369 1315051091194281984 1835136 0 50465891015 7916447985573822463 2031036 0 

trp_portuguese_hussar2_trumpet French_Hussar Trumpeter 0 133170176 0 0 28 0 0
  513 0 1664 0 1290 0 153 0 89 0 1843 0 -1 0 -1 0 -1 0 -1 0 -1 0 -1 0 -1 0 -1 0 -1 0 -1 0 -1 0 -1 0 -1 0 -1 0 -1 0 -1 0 -1 0 -1 0 -1 0 -1 0 -1 0 -1 0 -1 0 -1 0 -1 0 -1 0 -1 0 -1 0 -1 0 -1 0 -1 0 -1 0 -1 0 -1 0 -1 0 -1 0 -1 0 -1 0 -1 0 -1 0 -1 0 -1 0 -1 0 -1 0 -1 0 -1 0 -1 0 -1 0 -1 0 -1 0 -1 0 -1 0 -1 0 -1 0 -1 0 -1 0 -1 0 -1 0 
  12 10 15 15 20
 160 5 30 5 30 5 30
2586 131072 0 22 208896 0 
  34359738369 1315051091194281984 1835136 0 50465891015 7916447985573822463 2031036 0 

trp_portuguese_lancer Regiment_de_Chevau-Legers_Lanciers_de_la_Garde Lancer 0 133170176 0 0 3 0 0
  440 0 1644 0 1231 0 1822 0 168 0 80 0 1830 0 -1 0 -1 0 -1 0 -1 0 -1 0 -1 0 -1 0 -1 0 -1 0 -1 0 -1 0 -1 0 -1 0 -1 0 -1 0 -1 0 -1 0 -1 0 -1 0 -1 0 -1 0 -1 0 -1 0 -1 0 -1 0 -1 0 -1 0 -1 0 -1 0 -1 0 -1 0 -1 0 -1 0 -1 0 -1 0 -1 0 -1 0 -1 0 -1 0 -1 0 -1 0 -1 0 -1 0 -1 0 -1 0 -1 0 -1 0 -1 0 -1 0 -1 0 -1 0 -1 0 -1 0 -1 0 -1 0 -1 0 -1 0 
  12 10 15 15 20
 50 5 130 5 40 5 30
2586 131072 0 22 208896 0 
  34359738369 1315051091194281984 1835136 0 50465891015 7916447985573822463 2031036 0 

trp_portuguese_lancer_flag_bearer Polish_Lancer Eagle_Bearer 0 133170176 0 0 28 0 0
  441 0 1644 0 1231 0 1822 0 218 0 80 0 1830 0 -1 0 -1 0 -1 0 -1 0 -1 0 -1 0 -1 0 -1 0 -1 0 -1 0 -1 0 -1 0 -1 0 -1 0 -1 0 -1 0 -1 0 -1 0 -1 0 -1 0 -1 0 -1 0 -1 0 -1 0 -1 0 -1 0 -1 0 -1 0 -1 0 -1 0 -1 0 -1 0 -1 0 -1 0 -1 0 -1 0 -1 0 -1 0 -1 0 -1 0 -1 0 -1 0 -1 0 -1 0 -1 0 -1 0 -1 0 -1 0 -1 0 -1 0 -1 0 -1 0 -1 0 -1 0 -1 0 -1 0 -1 0 
  12 10 15 15 20
 150 5 30 5 30 5 30
2586 131072 0 22 208896 0 
  34359738369 1315051091194281984 1835136 0 50465891015 7916447985573822463 2031036 0 

trp_portuguese_lancer_nco Polish_Lancer Sergeant 0 133170176 0 0 28 0 0
  441 0 1644 0 1231 0 1822 0 168 0 80 0 1830 0 -1 0 -1 0 -1 0 -1 0 -1 0 -1 0 -1 0 -1 0 -1 0 -1 0 -1 0 -1 0 -1 0 -1 0 -1 0 -1 0 -1 0 -1 0 -1 0 -1 0 -1 0 -1 0 -1 0 -1 0 -1 0 -1 0 -1 0 -1 0 -1 0 -1 0 -1 0 -1 0 -1 0 -1 0 -1 0 -1 0 -1 0 -1 0 -1 0 -1 0 -1 0 -1 0 -1 0 -1 0 -1 0 -1 0 -1 0 -1 0 -1 0 -1 0 -1 0 -1 0 -1 0 -1 0 -1 0 -1 0 -1 0 
  12 10 15 15 20
 50 5 130 5 40 5 30
2586 131072 0 22 208896 0 
  34359738369 1315051091194281984 1835136 0 50465891015 7916447985573822463 2031036 0 

trp_portuguese_lancer_officer Polish_Lancer Officer 0 133170176 0 0 28 0 0
  442 0 1645 0 1229 0 1822 0 157 0 1 0 85 0 1830 0 398 0 -1 0 -1 0 -1 0 -1 0 -1 0 -1 0 -1 0 -1 0 -1 0 -1 0 -1 0 -1 0 -1 0 -1 0 -1 0 -1 0 -1 0 -1 0 -1 0 -1 0 -1 0 -1 0 -1 0 -1 0 -1 0 -1 0 -1 0 -1 0 -1 0 -1 0 -1 0 -1 0 -1 0 -1 0 -1 0 -1 0 -1 0 -1 0 -1 0 -1 0 -1 0 -1 0 -1 0 -1 0 -1 0 -1 0 -1 0 -1 0 -1 0 -1 0 -1 0 -1 0 -1 0 -1 0 -1 0 
  12 10 15 15 20
 150 5 30 5 30 5 30
2586 131072 0 22 208896 0 
  34359738369 1315051091194281984 1835136 0 50465891015 7916447985573822463 2031036 0 

trp_portuguese_lancer_trumpet Polish_Lancer Trumpeter 0 133170176 0 0 28 0 0
  464 0 1645 0 1233 0 1822 0 153 0 80 0 1831 0 -1 0 -1 0 -1 0 -1 0 -1 0 -1 0 -1 0 -1 0 -1 0 -1 0 -1 0 -1 0 -1 0 -1 0 -1 0 -1 0 -1 0 -1 0 -1 0 -1 0 -1 0 -1 0 -1 0 -1 0 -1 0 -1 0 -1 0 -1 0 -1 0 -1 0 -1 0 -1 0 -1 0 -1 0 -1 0 -1 0 -1 0 -1 0 -1 0 -1 0 -1 0 -1 0 -1 0 -1 0 -1 0 -1 0 -1 0 -1 0 -1 0 -1 0 -1 0 -1 0 -1 0 -1 0 -1 0 -1 0 -1 0 
  12 10 15 15 20
 150 5 30 5 30 5 30
2586 131072 0 22 208896 0 
  34359738369 1315051091194281984 1835136 0 50465891015 7916447985573822463 2031036 0 

trp_portuguese_dragoon Regiment_de_Dragons_de_l'Imperatrice Dragoon 0 133170176 0 0 3 0 0
  425 0 1640 0 1193 0 1822 0 15 0 21 0 156 0 81 0 1832 0 -1 0 -1 0 -1 0 -1 0 -1 0 -1 0 -1 0 -1 0 -1 0 -1 0 -1 0 -1 0 -1 0 -1 0 -1 0 -1 0 -1 0 -1 0 -1 0 -1 0 -1 0 -1 0 -1 0 -1 0 -1 0 -1 0 -1 0 -1 0 -1 0 -1 0 -1 0 -1 0 -1 0 -1 0 -1 0 -1 0 -1 0 -1 0 -1 0 -1 0 -1 0 -1 0 -1 0 -1 0 -1 0 -1 0 -1 0 -1 0 -1 0 -1 0 -1 0 -1 0 -1 0 -1 0 -1 0 
  12 10 15 15 20
 125 5 30 5 125 5 30
2586 131072 0 37 208896 0 
  34359738369 1315051091194281984 1835136 0 50465891015 7916447985573822463 2031036 0 

trp_portuguese_dragoon_flag_bearer French_Dragoon Eagle_Bearer 0 133170176 0 0 28 0 0
  467 0 1640 0 1193 0 1822 0 217 0 81 0 1832 0 -1 0 -1 0 -1 0 -1 0 -1 0 -1 0 -1 0 -1 0 -1 0 -1 0 -1 0 -1 0 -1 0 -1 0 -1 0 -1 0 -1 0 -1 0 -1 0 -1 0 -1 0 -1 0 -1 0 -1 0 -1 0 -1 0 -1 0 -1 0 -1 0 -1 0 -1 0 -1 0 -1 0 -1 0 -1 0 -1 0 -1 0 -1 0 -1 0 -1 0 -1 0 -1 0 -1 0 -1 0 -1 0 -1 0 -1 0 -1 0 -1 0 -1 0 -1 0 -1 0 -1 0 -1 0 -1 0 -1 0 -1 0 
  12 10 15 15 20
 125 5 30 5 125 5 30
2586 131072 0 37 208896 0 
  34359738369 1315051091194281984 1835136 0 50465891015 7916447985573822463 2031036 0 

trp_portuguese_dragoon_nco French_Dragoon Sergent 0 133170176 0 0 28 0 0
  467 0 1640 0 1193 0 1822 0 15 0 21 0 156 0 81 0 1832 0 -1 0 -1 0 -1 0 -1 0 -1 0 -1 0 -1 0 -1 0 -1 0 -1 0 -1 0 -1 0 -1 0 -1 0 -1 0 -1 0 -1 0 -1 0 -1 0 -1 0 -1 0 -1 0 -1 0 -1 0 -1 0 -1 0 -1 0 -1 0 -1 0 -1 0 -1 0 -1 0 -1 0 -1 0 -1 0 -1 0 -1 0 -1 0 -1 0 -1 0 -1 0 -1 0 -1 0 -1 0 -1 0 -1 0 -1 0 -1 0 -1 0 -1 0 -1 0 -1 0 -1 0 -1 0 -1 0 
  12 10 15 15 20
 125 5 30 5 125 5 30
2586 131072 0 37 208896 0 
  34359738369 1315051091194281984 1835136 0 50465891015 7916447985573822463 2031036 0 

trp_portuguese_dragoon_officer French_Dragoon Officer 0 133170176 0 0 28 0 0
  426 0 1640 0 1195 0 1822 0 157 0 1 0 83 0 1832 0 398 0 -1 0 -1 0 -1 0 -1 0 -1 0 -1 0 -1 0 -1 0 -1 0 -1 0 -1 0 -1 0 -1 0 -1 0 -1 0 -1 0 -1 0 -1 0 -1 0 -1 0 -1 0 -1 0 -1 0 -1 0 -1 0 -1 0 -1 0 -1 0 -1 0 -1 0 -1 0 -1 0 -1 0 -1 0 -1 0 -1 0 -1 0 -1 0 -1 0 -1 0 -1 0 -1 0 -1 0 -1 0 -1 0 -1 0 -1 0 -1 0 -1 0 -1 0 -1 0 -1 0 -1 0 -1 0 -1 0 
  12 10 15 15 20
 130 5 30 5 80 5 30
2586 131072 0 37 208896 0 
  34359738369 1315051091194281984 1835136 0 50465891015 7916447985573822463 2031036 0 

trp_portuguese_dragoon_trumpet French_Dragoon Trumpeter 0 133170176 0 0 28 0 0
  463 0 1640 0 1197 0 1822 0 153 0 81 0 1833 0 -1 0 -1 0 -1 0 -1 0 -1 0 -1 0 -1 0 -1 0 -1 0 -1 0 -1 0 -1 0 -1 0 -1 0 -1 0 -1 0 -1 0 -1 0 -1 0 -1 0 -1 0 -1 0 -1 0 -1 0 -1 0 -1 0 -1 0 -1 0 -1 0 -1 0 -1 0 -1 0 -1 0 -1 0 -1 0 -1 0 -1 0 -1 0 -1 0 -1 0 -1 0 -1 0 -1 0 -1 0 -1 0 -1 0 -1 0 -1 0 -1 0 -1 0 -1 0 -1 0 -1 0 -1 0 -1 0 -1 0 -1 0 
  12 10 15 15 20
 130 5 30 5 80 5 30
2586 131072 0 37 208896 0 
  34359738369 1315051091194281984 1835136 0 50465891015 7916447985573822463 2031036 0 

trp_portuguese_cuirassier1 9eme_Regiment_de_Cuirassiers Cuirassier 0 133170176 0 0 3 0 0
  443 0 1676 0 1199 0 1822 0 87 0 1834 0 -1 0 -1 0 -1 0 -1 0 -1 0 -1 0 -1 0 -1 0 -1 0 -1 0 -1 0 -1 0 -1 0 -1 0 -1 0 -1 0 -1 0 -1 0 -1 0 -1 0 -1 0 -1 0 -1 0 -1 0 -1 0 -1 0 -1 0 -1 0 -1 0 -1 0 -1 0 -1 0 -1 0 -1 0 -1 0 -1 0 -1 0 -1 0 -1 0 -1 0 -1 0 -1 0 -1 0 -1 0 -1 0 -1 0 -1 0 -1 0 -1 0 -1 0 -1 0 -1 0 -1 0 -1 0 -1 0 -1 0 -1 0 -1 0 
  12 10 15 15 20
 140 5 30 5 30 5 30
2586 131072 0 22 339968 0 
  34359738369 1315051091194281984 1835136 0 50465891015 7916447985573822463 2031036 0 

trp_portuguese_cuirassier1_flag_bearer French_Cuirassier Eagle_Bearer 0 133170176 0 0 28 0 0
  444 0 1676 0 1199 0 1822 0 215 0 87 0 1834 0 -1 0 -1 0 -1 0 -1 0 -1 0 -1 0 -1 0 -1 0 -1 0 -1 0 -1 0 -1 0 -1 0 -1 0 -1 0 -1 0 -1 0 -1 0 -1 0 -1 0 -1 0 -1 0 -1 0 -1 0 -1 0 -1 0 -1 0 -1 0 -1 0 -1 0 -1 0 -1 0 -1 0 -1 0 -1 0 -1 0 -1 0 -1 0 -1 0 -1 0 -1 0 -1 0 -1 0 -1 0 -1 0 -1 0 -1 0 -1 0 -1 0 -1 0 -1 0 -1 0 -1 0 -1 0 -1 0 -1 0 -1 0 
  12 10 15 15 20
 140 5 30 5 30 5 30
2586 131072 0 22 339968 0 
  34359738369 1315051091194281984 1835136 0 50465891015 7916447985573822463 2031036 0 

trp_portuguese_cuirassier1_nco French_Cuirassier Sergent 0 133170176 0 0 28 0 0
  444 0 1676 0 1199 0 1822 0 87 0 1834 0 -1 0 -1 0 -1 0 -1 0 -1 0 -1 0 -1 0 -1 0 -1 0 -1 0 -1 0 -1 0 -1 0 -1 0 -1 0 -1 0 -1 0 -1 0 -1 0 -1 0 -1 0 -1 0 -1 0 -1 0 -1 0 -1 0 -1 0 -1 0 -1 0 -1 0 -1 0 -1 0 -1 0 -1 0 -1 0 -1 0 -1 0 -1 0 -1 0 -1 0 -1 0 -1 0 -1 0 -1 0 -1 0 -1 0 -1 0 -1 0 -1 0 -1 0 -1 0 -1 0 -1 0 -1 0 -1 0 -1 0 -1 0 -1 0 
  12 10 15 15 20
 140 5 30 5 30 5 30
2586 131072 0 22 339968 0 
  34359738369 1315051091194281984 1835136 0 50465891015 7916447985573822463 2031036 0 

trp_portuguese_cuirassier1_officer French_Cuirassier Officer 0 133170176 0 0 28 0 0
  445 0 1676 0 1201 0 1822 0 1 0 157 0 83 0 1835 0 398 0 -1 0 -1 0 -1 0 -1 0 -1 0 -1 0 -1 0 -1 0 -1 0 -1 0 -1 0 -1 0 -1 0 -1 0 -1 0 -1 0 -1 0 -1 0 -1 0 -1 0 -1 0 -1 0 -1 0 -1 0 -1 0 -1 0 -1 0 -1 0 -1 0 -1 0 -1 0 -1 0 -1 0 -1 0 -1 0 -1 0 -1 0 -1 0 -1 0 -1 0 -1 0 -1 0 -1 0 -1 0 -1 0 -1 0 -1 0 -1 0 -1 0 -1 0 -1 0 -1 0 -1 0 -1 0 -1 0 
  12 10 15 15 20
 140 5 30 5 30 5 30
2586 131072 0 22 339968 0 
  34359738369 1315051091194281984 1835136 0 50465891015 7916447985573822463 2031036 0 

trp_portuguese_cuirassier1_trumpet French_Cuirassier Trumpeter 0 133170176 0 0 28 0 0
  462 0 1676 0 1203 0 1822 0 153 0 87 0 1836 0 -1 0 -1 0 -1 0 -1 0 -1 0 -1 0 -1 0 -1 0 -1 0 -1 0 -1 0 -1 0 -1 0 -1 0 -1 0 -1 0 -1 0 -1 0 -1 0 -1 0 -1 0 -1 0 -1 0 -1 0 -1 0 -1 0 -1 0 -1 0 -1 0 -1 0 -1 0 -1 0 -1 0 -1 0 -1 0 -1 0 -1 0 -1 0 -1 0 -1 0 -1 0 -1 0 -1 0 -1 0 -1 0 -1 0 -1 0 -1 0 -1 0 -1 0 -1 0 -1 0 -1 0 -1 0 -1 0 -1 0 -1 0 
  12 10 15 15 20
 140 5 30 5 30 5 30
2586 131072 0 22 339968 0 
  34359738369 1315051091194281984 1835136 0 50465891015 7916447985573822463 2031036 0 

trp_portuguese_cuirassier2 9eme_Regiment_de_Cuirassiers Cuirassier 0 133170176 0 0 3 0 0
  443 0 1676 0 1199 0 1822 0 87 0 1834 0 -1 0 -1 0 -1 0 -1 0 -1 0 -1 0 -1 0 -1 0 -1 0 -1 0 -1 0 -1 0 -1 0 -1 0 -1 0 -1 0 -1 0 -1 0 -1 0 -1 0 -1 0 -1 0 -1 0 -1 0 -1 0 -1 0 -1 0 -1 0 -1 0 -1 0 -1 0 -1 0 -1 0 -1 0 -1 0 -1 0 -1 0 -1 0 -1 0 -1 0 -1 0 -1 0 -1 0 -1 0 -1 0 -1 0 -1 0 -1 0 -1 0 -1 0 -1 0 -1 0 -1 0 -1 0 -1 0 -1 0 -1 0 -1 0 
  12 10 15 15 20
 140 5 30 5 30 5 30
2586 131072 0 22 339968 0 
  34359738369 1315051091194281984 1835136 0 50465891015 7916447985573822463 2031036 0 

trp_portuguese_cuirassier2_flag_bearer French_Cuirassier Eagle_Bearer 0 133170176 0 0 28 0 0
  444 0 1676 0 1199 0 1822 0 215 0 87 0 1834 0 -1 0 -1 0 -1 0 -1 0 -1 0 -1 0 -1 0 -1 0 -1 0 -1 0 -1 0 -1 0 -1 0 -1 0 -1 0 -1 0 -1 0 -1 0 -1 0 -1 0 -1 0 -1 0 -1 0 -1 0 -1 0 -1 0 -1 0 -1 0 -1 0 -1 0 -1 0 -1 0 -1 0 -1 0 -1 0 -1 0 -1 0 -1 0 -1 0 -1 0 -1 0 -1 0 -1 0 -1 0 -1 0 -1 0 -1 0 -1 0 -1 0 -1 0 -1 0 -1 0 -1 0 -1 0 -1 0 -1 0 -1 0 
  12 10 15 15 20
 140 5 30 5 30 5 30
2586 131072 0 22 339968 0 
  34359738369 1315051091194281984 1835136 0 50465891015 7916447985573822463 2031036 0 

trp_portuguese_cuirassier2_nco French_Cuirassier Sergent 0 133170176 0 0 28 0 0
  444 0 1676 0 1199 0 1822 0 87 0 1834 0 -1 0 -1 0 -1 0 -1 0 -1 0 -1 0 -1 0 -1 0 -1 0 -1 0 -1 0 -1 0 -1 0 -1 0 -1 0 -1 0 -1 0 -1 0 -1 0 -1 0 -1 0 -1 0 -1 0 -1 0 -1 0 -1 0 -1 0 -1 0 -1 0 -1 0 -1 0 -1 0 -1 0 -1 0 -1 0 -1 0 -1 0 -1 0 -1 0 -1 0 -1 0 -1 0 -1 0 -1 0 -1 0 -1 0 -1 0 -1 0 -1 0 -1 0 -1 0 -1 0 -1 0 -1 0 -1 0 -1 0 -1 0 -1 0 
  12 10 15 15 20
 140 5 30 5 30 5 30
2586 131072 0 22 339968 0 
  34359738369 1315051091194281984 1835136 0 50465891015 7916447985573822463 2031036 0 

trp_portuguese_cuirassier2_officer French_Cuirassier Officer 0 133170176 0 0 28 0 0
  445 0 1676 0 1201 0 1822 0 1 0 157 0 83 0 1835 0 398 0 -1 0 -1 0 -1 0 -1 0 -1 0 -1 0 -1 0 -1 0 -1 0 -1 0 -1 0 -1 0 -1 0 -1 0 -1 0 -1 0 -1 0 -1 0 -1 0 -1 0 -1 0 -1 0 -1 0 -1 0 -1 0 -1 0 -1 0 -1 0 -1 0 -1 0 -1 0 -1 0 -1 0 -1 0 -1 0 -1 0 -1 0 -1 0 -1 0 -1 0 -1 0 -1 0 -1 0 -1 0 -1 0 -1 0 -1 0 -1 0 -1 0 -1 0 -1 0 -1 0 -1 0 -1 0 -1 0 
  12 10 15 15 20
 140 5 30 5 30 5 30
2586 131072 0 22 339968 0 
  34359738369 1315051091194281984 1835136 0 50465891015 7916447985573822463 2031036 0 

trp_portuguese_cuirassier2_trumpet French_Cuirassier Trumpeter 0 133170176 0 0 28 0 0
  462 0 1676 0 1203 0 1822 0 153 0 87 0 1836 0 -1 0 -1 0 -1 0 -1 0 -1 0 -1 0 -1 0 -1 0 -1 0 -1 0 -1 0 -1 0 -1 0 -1 0 -1 0 -1 0 -1 0 -1 0 -1 0 -1 0 -1 0 -1 0 -1 0 -1 0 -1 0 -1 0 -1 0 -1 0 -1 0 -1 0 -1 0 -1 0 -1 0 -1 0 -1 0 -1 0 -1 0 -1 0 -1 0 -1 0 -1 0 -1 0 -1 0 -1 0 -1 0 -1 0 -1 0 -1 0 -1 0 -1 0 -1 0 -1 0 -1 0 -1 0 -1 0 -1 0 -1 0 
  12 10 15 15 20
 140 5 30 5 30 5 30
2586 131072 0 22 339968 0 
  34359738369 1315051091194281984 1835136 0 50465891015 7916447985573822463 2031036 0 

trp_portuguese_arty L'Artillerie Artillery 0 133169152 0 0 3 0 0
  434 0 435 0 1650 0 1237 0 396 0 395 0 88 0 -1 0 -1 0 -1 0 -1 0 -1 0 -1 0 -1 0 -1 0 -1 0 -1 0 -1 0 -1 0 -1 0 -1 0 -1 0 -1 0 -1 0 -1 0 -1 0 -1 0 -1 0 -1 0 -1 0 -1 0 -1 0 -1 0 -1 0 -1 0 -1 0 -1 0 -1 0 -1 0 -1 0 -1 0 -1 0 -1 0 -1 0 -1 0 -1 0 -1 0 -1 0 -1 0 -1 0 -1 0 -1 0 -1 0 -1 0 -1 0 -1 0 -1 0 -1 0 -1 0 -1 0 -1 0 -1 0 -1 0 -1 0 
  15 15 15 15 20
 70 5 30 5 30 5 30
2586 131072 0 49 204800 0 
  34359738369 1315051091194281984 1835136 0 50465891015 7916447985573822463 2031036 0 

trp_portuguese_arty_guard Artillery_Guard Artillery_Guard 0 133169152 0 0 28 0 0
  434 0 435 0 1650 0 1237 0 156 0 59 0 88 0 -1 0 -1 0 -1 0 -1 0 -1 0 -1 0 -1 0 -1 0 -1 0 -1 0 -1 0 -1 0 -1 0 -1 0 -1 0 -1 0 -1 0 -1 0 -1 0 -1 0 -1 0 -1 0 -1 0 -1 0 -1 0 -1 0 -1 0 -1 0 -1 0 -1 0 -1 0 -1 0 -1 0 -1 0 -1 0 -1 0 -1 0 -1 0 -1 0 -1 0 -1 0 -1 0 -1 0 -1 0 -1 0 -1 0 -1 0 -1 0 -1 0 -1 0 -1 0 -1 0 -1 0 -1 0 -1 0 -1 0 -1 0 
  15 15 15 15 20
 70 5 30 5 30 5 30
2586 131072 0 49 204800 0 
  34359738369 1315051091194281984 1835136 0 50465891015 7916447985573822463 2031036 0 

trp_portuguese_arty_flag_bearer Artillery_Flag_bearer Eagle_Bearer 0 133169152 0 0 28 0 0
  434 0 435 0 1650 0 1237 0 229 0 88 0 -1 0 -1 0 -1 0 -1 0 -1 0 -1 0 -1 0 -1 0 -1 0 -1 0 -1 0 -1 0 -1 0 -1 0 -1 0 -1 0 -1 0 -1 0 -1 0 -1 0 -1 0 -1 0 -1 0 -1 0 -1 0 -1 0 -1 0 -1 0 -1 0 -1 0 -1 0 -1 0 -1 0 -1 0 -1 0 -1 0 -1 0 -1 0 -1 0 -1 0 -1 0 -1 0 -1 0 -1 0 -1 0 -1 0 -1 0 -1 0 -1 0 -1 0 -1 0 -1 0 -1 0 -1 0 -1 0 -1 0 -1 0 -1 0 
  15 15 15 15 20
 70 5 30 5 30 5 30
2586 131072 0 49 204800 0 
  34359738369 1315051091194281984 1835136 0 50465891015 7916447985573822463 2031036 0 

trp_portuguese_arty_nco French_Artillerist Artillery_Train 0 133169152 0 0 28 0 0
  468 0 1653 0 1248 0 395 0 88 0 1963 0 1979 0 1995 0 -1 0 -1 0 -1 0 -1 0 -1 0 -1 0 -1 0 -1 0 -1 0 -1 0 -1 0 -1 0 -1 0 -1 0 -1 0 -1 0 -1 0 -1 0 -1 0 -1 0 -1 0 -1 0 -1 0 -1 0 -1 0 -1 0 -1 0 -1 0 -1 0 -1 0 -1 0 -1 0 -1 0 -1 0 -1 0 -1 0 -1 0 -1 0 -1 0 -1 0 -1 0 -1 0 -1 0 -1 0 -1 0 -1 0 -1 0 -1 0 -1 0 -1 0 -1 0 -1 0 -1 0 -1 0 -1 0 -1 0 
  15 15 15 15 20
 80 5 30 5 30 5 30
2586 131072 0 49 204800 0 
  34359738369 1315051091194281984 1835136 0 50465891015 7916447985573822463 2031036 0 

trp_portuguese_arty_officer French_Artillerist Officer 0 133169152 0 0 28 0 0
  436 0 1652 0 1235 0 1823 0 77 0 395 0 398 0 -1 0 -1 0 -1 0 -1 0 -1 0 -1 0 -1 0 -1 0 -1 0 -1 0 -1 0 -1 0 -1 0 -1 0 -1 0 -1 0 -1 0 -1 0 -1 0 -1 0 -1 0 -1 0 -1 0 -1 0 -1 0 -1 0 -1 0 -1 0 -1 0 -1 0 -1 0 -1 0 -1 0 -1 0 -1 0 -1 0 -1 0 -1 0 -1 0 -1 0 -1 0 -1 0 -1 0 -1 0 -1 0 -1 0 -1 0 -1 0 -1 0 -1 0 -1 0 -1 0 -1 0 -1 0 -1 0 -1 0 -1 0 
  15 15 15 15 20
 80 5 30 5 30 5 30
2586 131072 0 49 204800 0 
  34359738369 1315051091194281984 1835136 0 50465891015 7916447985573822463 2031036 0 

trp_portuguese_horseart L'Artillerie_a_Cheval Artillery 0 133169152 0 0 3 0 0
  519 0 1669 0 1300 0 396 0 395 0 91 0 1846 0 -1 0 -1 0 -1 0 -1 0 -1 0 -1 0 -1 0 -1 0 -1 0 -1 0 -1 0 -1 0 -1 0 -1 0 -1 0 -1 0 -1 0 -1 0 -1 0 -1 0 -1 0 -1 0 -1 0 -1 0 -1 0 -1 0 -1 0 -1 0 -1 0 -1 0 -1 0 -1 0 -1 0 -1 0 -1 0 -1 0 -1 0 -1 0 -1 0 -1 0 -1 0 -1 0 -1 0 -1 0 -1 0 -1 0 -1 0 -1 0 -1 0 -1 0 -1 0 -1 0 -1 0 -1 0 -1 0 -1 0 -1 0 
  15 15 15 15 20
 70 5 30 5 30 5 30
2586 131072 0 49 204800 0 
  34359738369 1315051091194281984 1835136 0 50465891015 7916447985573822463 2031036 0 

trp_portuguese_horseart_guard Artillery_Guard Artillery_Guard 0 133169152 0 0 28 0 0
  519 0 1669 0 1300 0 156 0 59 0 91 0 1846 0 -1 0 -1 0 -1 0 -1 0 -1 0 -1 0 -1 0 -1 0 -1 0 -1 0 -1 0 -1 0 -1 0 -1 0 -1 0 -1 0 -1 0 -1 0 -1 0 -1 0 -1 0 -1 0 -1 0 -1 0 -1 0 -1 0 -1 0 -1 0 -1 0 -1 0 -1 0 -1 0 -1 0 -1 0 -1 0 -1 0 -1 0 -1 0 -1 0 -1 0 -1 0 -1 0 -1 0 -1 0 -1 0 -1 0 -1 0 -1 0 -1 0 -1 0 -1 0 -1 0 -1 0 -1 0 -1 0 -1 0 -1 0 
  15 15 15 15 20
 70 5 30 5 30 5 30
2586 131072 0 49 204800 0 
  34359738369 1315051091194281984 1835136 0 50465891015 7916447985573822463 2031036 0 

trp_portuguese_horseart_flag_bearer Artillery_Flag_bearer Eagle_Bearer 0 133169152 0 0 28 0 0
  519 0 1669 0 1300 0 230 0 91 0 1846 0 -1 0 -1 0 -1 0 -1 0 -1 0 -1 0 -1 0 -1 0 -1 0 -1 0 -1 0 -1 0 -1 0 -1 0 -1 0 -1 0 -1 0 -1 0 -1 0 -1 0 -1 0 -1 0 -1 0 -1 0 -1 0 -1 0 -1 0 -1 0 -1 0 -1 0 -1 0 -1 0 -1 0 -1 0 -1 0 -1 0 -1 0 -1 0 -1 0 -1 0 -1 0 -1 0 -1 0 -1 0 -1 0 -1 0 -1 0 -1 0 -1 0 -1 0 -1 0 -1 0 -1 0 -1 0 -1 0 -1 0 -1 0 -1 0 
  15 15 15 15 20
 70 5 30 5 30 5 30
2586 131072 0 49 204800 0 
  34359738369 1315051091194281984 1835136 0 50465891015 7916447985573822463 2031036 0 

trp_portuguese_horseart_nco French_Artillerist Artillery_Train 0 133169152 0 0 28 0 0
  518 0 1669 0 1300 0 395 0 91 0 1971 0 1987 0 2003 0 -1 0 -1 0 -1 0 -1 0 -1 0 -1 0 -1 0 -1 0 -1 0 -1 0 -1 0 -1 0 -1 0 -1 0 -1 0 -1 0 -1 0 -1 0 -1 0 -1 0 -1 0 -1 0 -1 0 -1 0 -1 0 -1 0 -1 0 -1 0 -1 0 -1 0 -1 0 -1 0 -1 0 -1 0 -1 0 -1 0 -1 0 -1 0 -1 0 -1 0 -1 0 -1 0 -1 0 -1 0 -1 0 -1 0 -1 0 -1 0 -1 0 -1 0 -1 0 -1 0 -1 0 -1 0 -1 0 -1 0 
  15 15 15 15 20
 80 5 30 5 30 5 30
2586 131072 0 49 204800 0 
  34359738369 1315051091194281984 1835136 0 50465891015 7916447985573822463 2031036 0 

trp_portuguese_horseart_officer French_Artillerist Officer 0 133169152 0 0 28 0 0
  520 0 1668 0 1298 0 1823 0 77 0 395 0 398 0 1847 0 -1 0 -1 0 -1 0 -1 0 -1 0 -1 0 -1 0 -1 0 -1 0 -1 0 -1 0 -1 0 -1 0 -1 0 -1 0 -1 0 -1 0 -1 0 -1 0 -1 0 -1 0 -1 0 -1 0 -1 0 -1 0 -1 0 -1 0 -1 0 -1 0 -1 0 -1 0 -1 0 -1 0 -1 0 -1 0 -1 0 -1 0 -1 0 -1 0 -1 0 -1 0 -1 0 -1 0 -1 0 -1 0 -1 0 -1 0 -1 0 -1 0 -1 0 -1 0 -1 0 -1 0 -1 0 -1 0 -1 0 
  15 15 15 15 20
 80 5 30 5 30 5 30
2586 131072 0 49 204800 0 
  34359738369 1315051091194281984 1835136 0 50465891015 7916447985573822463 2031036 0 

trp_portuguese_medic Medecin_de_2e_classe Surgeon 0 133169152 0 0 3 0 0
  472 0 1660 0 1247 0 106 0 408 0 156 0 59 0 -1 0 -1 0 -1 0 -1 0 -1 0 -1 0 -1 0 -1 0 -1 0 -1 0 -1 0 -1 0 -1 0 -1 0 -1 0 -1 0 -1 0 -1 0 -1 0 -1 0 -1 0 -1 0 -1 0 -1 0 -1 0 -1 0 -1 0 -1 0 -1 0 -1 0 -1 0 -1 0 -1 0 -1 0 -1 0 -1 0 -1 0 -1 0 -1 0 -1 0 -1 0 -1 0 -1 0 -1 0 -1 0 -1 0 -1 0 -1 0 -1 0 -1 0 -1 0 -1 0 -1 0 -1 0 -1 0 -1 0 -1 0 
  15 15 15 15 20
 70 5 30 5 30 5 30
2586 131072 0 48 204800 0 
  34359738369 1315051091194281984 1835136 0 50465891015 7916447985573822463 2031036 0 

trp_portuguese_sapper Sapeur Engineer 0 133169152 0 0 3 0 0
  453 0 1649 0 1245 0 1822 0 90 0 410 0 412 0 413 0 -1 0 -1 0 -1 0 -1 0 -1 0 -1 0 -1 0 -1 0 -1 0 -1 0 -1 0 -1 0 -1 0 -1 0 -1 0 -1 0 -1 0 -1 0 -1 0 -1 0 -1 0 -1 0 -1 0 -1 0 -1 0 -1 0 -1 0 -1 0 -1 0 -1 0 -1 0 -1 0 -1 0 -1 0 -1 0 -1 0 -1 0 -1 0 -1 0 -1 0 -1 0 -1 0 -1 0 -1 0 -1 0 -1 0 -1 0 -1 0 -1 0 -1 0 -1 0 -1 0 -1 0 -1 0 -1 0 -1 0 
  15 15 15 15 20
 70 5 30 5 30 5 30
2586 131072 0 48 204800 0 
  34359738369 1315051091194281984 1835136 0 50465891015 7916447985573822463 2031036 0 

trp_portuguese_horse_sapper Sapeur Engineer_with_horse 0 133169152 0 0 28 0 0
  453 0 1649 0 1245 0 1822 0 90 0 410 0 412 0 413 0 1846 0 -1 0 -1 0 -1 0 -1 0 -1 0 -1 0 -1 0 -1 0 -1 0 -1 0 -1 0 -1 0 -1 0 -1 0 -1 0 -1 0 -1 0 -1 0 -1 0 -1 0 -1 0 -1 0 -1 0 -1 0 -1 0 -1 0 -1 0 -1 0 -1 0 -1 0 -1 0 -1 0 -1 0 -1 0 -1 0 -1 0 -1 0 -1 0 -1 0 -1 0 -1 0 -1 0 -1 0 -1 0 -1 0 -1 0 -1 0 -1 0 -1 0 -1 0 -1 0 -1 0 -1 0 -1 0 -1 0 
  15 15 15 15 20
 70 5 30 5 30 5 30
2586 131072 0 49 204800 0 
  34359738369 1315051091194281984 1835136 0 50465891015 7916447985573822463 2031036 0 

trp_portuguese_ship_marine Ship_Crew Marine 0 133169152 0 0 3 0 0
  471 0 1658 0 1257 0 59 0 156 0 -1 0 -1 0 -1 0 -1 0 -1 0 -1 0 -1 0 -1 0 -1 0 -1 0 -1 0 -1 0 -1 0 -1 0 -1 0 -1 0 -1 0 -1 0 -1 0 -1 0 -1 0 -1 0 -1 0 -1 0 -1 0 -1 0 -1 0 -1 0 -1 0 -1 0 -1 0 -1 0 -1 0 -1 0 -1 0 -1 0 -1 0 -1 0 -1 0 -1 0 -1 0 -1 0 -1 0 -1 0 -1 0 -1 0 -1 0 -1 0 -1 0 -1 0 -1 0 -1 0 -1 0 -1 0 -1 0 -1 0 -1 0 -1 0 -1 0 
  15 15 15 15 20
 50 5 130 5 150 5 30
2586 131072 0 48 208896 0 
  34359738369 1315051091194281984 1835136 0 50465891015 7916447985573822463 2031036 0 

trp_portuguese_ship_flag_bearer Ship_Crew Ship_Flag_bearer 0 133169152 0 0 28 0 0
  471 0 1658 0 1257 0 231 0 88 0 -1 0 -1 0 -1 0 -1 0 -1 0 -1 0 -1 0 -1 0 -1 0 -1 0 -1 0 -1 0 -1 0 -1 0 -1 0 -1 0 -1 0 -1 0 -1 0 -1 0 -1 0 -1 0 -1 0 -1 0 -1 0 -1 0 -1 0 -1 0 -1 0 -1 0 -1 0 -1 0 -1 0 -1 0 -1 0 -1 0 -1 0 -1 0 -1 0 -1 0 -1 0 -1 0 -1 0 -1 0 -1 0 -1 0 -1 0 -1 0 -1 0 -1 0 -1 0 -1 0 -1 0 -1 0 -1 0 -1 0 -1 0 -1 0 -1 0 
  15 15 15 15 20
 50 5 130 5 150 5 30
2586 131072 0 48 208896 0 
  34359738369 1315051091194281984 1835136 0 50465891015 7916447985573822463 2031036 0 

trp_portuguese_ship Ship_Crew Ship_Crew,_Intrepide 0 133169152 0 0 28 0 0
  1659 0 1258 0 1258 0 1259 0 88 0 90 0 101 0 108 0 187 0 187 0 187 0 187 0 188 0 189 0 189 0 186 0 156 0 28 0 157 0 5 0 5 0 5 0 -1 0 -1 0 -1 0 -1 0 -1 0 -1 0 -1 0 -1 0 -1 0 -1 0 -1 0 -1 0 -1 0 -1 0 -1 0 -1 0 -1 0 -1 0 -1 0 -1 0 -1 0 -1 0 -1 0 -1 0 -1 0 -1 0 -1 0 -1 0 -1 0 -1 0 -1 0 -1 0 -1 0 -1 0 -1 0 -1 0 -1 0 -1 0 -1 0 -1 0 -1 0 -1 0 
  15 15 15 15 20
 80 5 80 5 130 80 30
2586 131072 0 48 208896 0 
  34359738369 1315051091194281984 1835136 0 50465891015 7916447985573822463 2031036 0 

trp_portuguese_ship_cannon Ship_Crew L'Artillerie_Navale 0 133169152 0 0 28 0 0
  1659 0 1258 0 1258 0 1259 0 396 0 395 0 88 0 -1 0 -1 0 -1 0 -1 0 -1 0 -1 0 -1 0 -1 0 -1 0 -1 0 -1 0 -1 0 -1 0 -1 0 -1 0 -1 0 -1 0 -1 0 -1 0 -1 0 -1 0 -1 0 -1 0 -1 0 -1 0 -1 0 -1 0 -1 0 -1 0 -1 0 -1 0 -1 0 -1 0 -1 0 -1 0 -1 0 -1 0 -1 0 -1 0 -1 0 -1 0 -1 0 -1 0 -1 0 -1 0 -1 0 -1 0 -1 0 -1 0 -1 0 -1 0 -1 0 -1 0 -1 0 -1 0 -1 0 -1 0 
  15 15 15 15 20
 80 5 80 5 130 80 30
2586 131072 0 49 208896 0 
  34359738369 1315051091194281984 1835136 0 50465891015 7916447985573822463 2031036 0 

trp_portuguese_ship_captain Ship_Crew Capitaine_de_Vaisseau,_Intrepide 0 133169152 0 0 28 0 0
  470 0 1657 0 1256 0 84 0 3 0 5 0 157 0 398 0 -1 0 -1 0 -1 0 -1 0 -1 0 -1 0 -1 0 -1 0 -1 0 -1 0 -1 0 -1 0 -1 0 -1 0 -1 0 -1 0 -1 0 -1 0 -1 0 -1 0 -1 0 -1 0 -1 0 -1 0 -1 0 -1 0 -1 0 -1 0 -1 0 -1 0 -1 0 -1 0 -1 0 -1 0 -1 0 -1 0 -1 0 -1 0 -1 0 -1 0 -1 0 -1 0 -1 0 -1 0 -1 0 -1 0 -1 0 -1 0 -1 0 -1 0 -1 0 -1 0 -1 0 -1 0 -1 0 -1 0 
  15 15 15 15 20
 80 5 80 5 50 5 30
2586 131072 0 48 200704 0 
  34359738369 1315051091194281984 1835136 0 50465891015 7916447985573822463 2031036 0 

trp_portuguese_general L'Empereur_Napoleon_Bonaparte Commander 0 133170176 0 0 3 0 0
  427 0 1641 0 1249 0 87 0 1838 0 1819 0 398 0 -1 0 -1 0 -1 0 -1 0 -1 0 -1 0 -1 0 -1 0 -1 0 -1 0 -1 0 -1 0 -1 0 -1 0 -1 0 -1 0 -1 0 -1 0 -1 0 -1 0 -1 0 -1 0 -1 0 -1 0 -1 0 -1 0 -1 0 -1 0 -1 0 -1 0 -1 0 -1 0 -1 0 -1 0 -1 0 -1 0 -1 0 -1 0 -1 0 -1 0 -1 0 -1 0 -1 0 -1 0 -1 0 -1 0 -1 0 -1 0 -1 0 -1 0 -1 0 -1 0 -1 0 -1 0 -1 0 -1 0 -1 0 
  12 10 15 15 20
 130 5 30 5 30 5 30
2586 131072 0 22 339968 0 
  34359738369 1315051091194281984 1835136 0 50465891015 7916447985573822463 2031036 0 

trp_british_arty_commander Royal_Foot_Artillery Officer 0 133169152 0 0 20 0 0
  551 0 1684 0 1347 0 1826 0 112 0 398 0 396 0 1964 0 -1 0 -1 0 -1 0 -1 0 -1 0 -1 0 -1 0 -1 0 -1 0 -1 0 -1 0 -1 0 -1 0 -1 0 -1 0 -1 0 -1 0 -1 0 -1 0 -1 0 -1 0 -1 0 -1 0 -1 0 -1 0 -1 0 -1 0 -1 0 -1 0 -1 0 -1 0 -1 0 -1 0 -1 0 -1 0 -1 0 -1 0 -1 0 -1 0 -1 0 -1 0 -1 0 -1 0 -1 0 -1 0 -1 0 -1 0 -1 0 -1 0 -1 0 -1 0 -1 0 -1 0 -1 0 -1 0 -1 0 
  15 15 15 15 20
 80 5 30 5 30 5 30
2586 131072 0 49 204800 0 
  34359738369 1315051091194281984 1835136 0 50465891015 7916447985573822463 2031036 0 

trp_british_arty_alt_commander Royal_Foot_Artillery Officer 0 133169152 0 0 20 0 0
  551 0 1684 0 1347 0 1826 0 112 0 398 0 396 0 1980 0 -1 0 -1 0 -1 0 -1 0 -1 0 -1 0 -1 0 -1 0 -1 0 -1 0 -1 0 -1 0 -1 0 -1 0 -1 0 -1 0 -1 0 -1 0 -1 0 -1 0 -1 0 -1 0 -1 0 -1 0 -1 0 -1 0 -1 0 -1 0 -1 0 -1 0 -1 0 -1 0 -1 0 -1 0 -1 0 -1 0 -1 0 -1 0 -1 0 -1 0 -1 0 -1 0 -1 0 -1 0 -1 0 -1 0 -1 0 -1 0 -1 0 -1 0 -1 0 -1 0 -1 0 -1 0 -1 0 -1 0 
  15 15 15 15 20
 80 5 30 5 30 5 30
2586 131072 0 49 204800 0 
  34359738369 1315051091194281984 1835136 0 50465891015 7916447985573822463 2031036 0 

trp_french_arty_commander L'Artillerie Officer 0 133169152 0 0 21 0 0
  436 0 1652 0 1235 0 1823 0 77 0 398 0 396 0 1963 0 -1 0 -1 0 -1 0 -1 0 -1 0 -1 0 -1 0 -1 0 -1 0 -1 0 -1 0 -1 0 -1 0 -1 0 -1 0 -1 0 -1 0 -1 0 -1 0 -1 0 -1 0 -1 0 -1 0 -1 0 -1 0 -1 0 -1 0 -1 0 -1 0 -1 0 -1 0 -1 0 -1 0 -1 0 -1 0 -1 0 -1 0 -1 0 -1 0 -1 0 -1 0 -1 0 -1 0 -1 0 -1 0 -1 0 -1 0 -1 0 -1 0 -1 0 -1 0 -1 0 -1 0 -1 0 -1 0 -1 0 
  15 15 15 15 20
 80 5 30 5 30 5 30
2586 131072 0 49 204800 0 
  34359738369 1315051091194281984 1835136 0 50465891015 7916447985573822463 2031036 0 

trp_french_arty_alt_commander L'Artillerie Officer 0 133169152 0 0 21 0 0
  436 0 1652 0 1235 0 1823 0 77 0 398 0 396 0 1979 0 -1 0 -1 0 -1 0 -1 0 -1 0 -1 0 -1 0 -1 0 -1 0 -1 0 -1 0 -1 0 -1 0 -1 0 -1 0 -1 0 -1 0 -1 0 -1 0 -1 0 -1 0 -1 0 -1 0 -1 0 -1 0 -1 0 -1 0 -1 0 -1 0 -1 0 -1 0 -1 0 -1 0 -1 0 -1 0 -1 0 -1 0 -1 0 -1 0 -1 0 -1 0 -1 0 -1 0 -1 0 -1 0 -1 0 -1 0 -1 0 -1 0 -1 0 -1 0 -1 0 -1 0 -1 0 -1 0 -1 0 
  15 15 15 15 20
 80 5 30 5 30 5 30
2586 131072 0 49 204800 0 
  34359738369 1315051091194281984 1835136 0 50465891015 7916447985573822463 2031036 0 

trp_prussian_arty_commander 36._Regiment_der_Fussartillerie Officer 0 133169152 0 0 22 0 0
  621 0 1684 0 1408 0 99 0 1819 0 398 0 396 0 1967 0 -1 0 -1 0 -1 0 -1 0 -1 0 -1 0 -1 0 -1 0 -1 0 -1 0 -1 0 -1 0 -1 0 -1 0 -1 0 -1 0 -1 0 -1 0 -1 0 -1 0 -1 0 -1 0 -1 0 -1 0 -1 0 -1 0 -1 0 -1 0 -1 0 -1 0 -1 0 -1 0 -1 0 -1 0 -1 0 -1 0 -1 0 -1 0 -1 0 -1 0 -1 0 -1 0 -1 0 -1 0 -1 0 -1 0 -1 0 -1 0 -1 0 -1 0 -1 0 -1 0 -1 0 -1 0 -1 0 -1 0 
  15 15 15 15 20
 80 5 30 5 30 5 30
2586 131072 0 49 204800 0 
  34359738369 1315051091194281984 1835136 0 50465891015 7916447985573822463 2031036 0 

trp_prussian_arty_alt_commander 36._Regiment_der_Fussartillerie Officer 0 133169152 0 0 22 0 0
  621 0 1684 0 1408 0 99 0 1819 0 398 0 396 0 1983 0 -1 0 -1 0 -1 0 -1 0 -1 0 -1 0 -1 0 -1 0 -1 0 -1 0 -1 0 -1 0 -1 0 -1 0 -1 0 -1 0 -1 0 -1 0 -1 0 -1 0 -1 0 -1 0 -1 0 -1 0 -1 0 -1 0 -1 0 -1 0 -1 0 -1 0 -1 0 -1 0 -1 0 -1 0 -1 0 -1 0 -1 0 -1 0 -1 0 -1 0 -1 0 -1 0 -1 0 -1 0 -1 0 -1 0 -1 0 -1 0 -1 0 -1 0 -1 0 -1 0 -1 0 -1 0 -1 0 -1 0 
  15 15 15 15 20
 80 5 30 5 30 5 30
2586 131072 0 49 204800 0 
  34359738369 1315051091194281984 1835136 0 50465891015 7916447985573822463 2031036 0 

trp_russian_arty_commander Artillery Officer 0 133169152 0 0 23 0 0
  748 0 1683 0 1145 0 99 0 1819 0 398 0 396 0 1965 0 -1 0 -1 0 -1 0 -1 0 -1 0 -1 0 -1 0 -1 0 -1 0 -1 0 -1 0 -1 0 -1 0 -1 0 -1 0 -1 0 -1 0 -1 0 -1 0 -1 0 -1 0 -1 0 -1 0 -1 0 -1 0 -1 0 -1 0 -1 0 -1 0 -1 0 -1 0 -1 0 -1 0 -1 0 -1 0 -1 0 -1 0 -1 0 -1 0 -1 0 -1 0 -1 0 -1 0 -1 0 -1 0 -1 0 -1 0 -1 0 -1 0 -1 0 -1 0 -1 0 -1 0 -1 0 -1 0 -1 0 
  15 15 15 15 20
 80 5 30 5 30 5 30
2586 131072 0 49 204800 0 
  34359738369 1315051091194281984 1835136 0 50465891015 7916447985573822463 2031036 0 

trp_russian_arty_alt_commander Artillery Officer 0 133169152 0 0 23 0 0
  748 0 1683 0 1145 0 99 0 1819 0 398 0 396 0 1981 0 -1 0 -1 0 -1 0 -1 0 -1 0 -1 0 -1 0 -1 0 -1 0 -1 0 -1 0 -1 0 -1 0 -1 0 -1 0 -1 0 -1 0 -1 0 -1 0 -1 0 -1 0 -1 0 -1 0 -1 0 -1 0 -1 0 -1 0 -1 0 -1 0 -1 0 -1 0 -1 0 -1 0 -1 0 -1 0 -1 0 -1 0 -1 0 -1 0 -1 0 -1 0 -1 0 -1 0 -1 0 -1 0 -1 0 -1 0 -1 0 -1 0 -1 0 -1 0 -1 0 -1 0 -1 0 -1 0 -1 0 
  15 15 15 15 20
 80 5 30 5 30 5 30
2586 131072 0 49 204800 0 
  34359738369 1315051091194281984 1835136 0 50465891015 7916447985573822463 2031036 0 

trp_austrian_arty_commander Prinz_zu_Lothringen_Nr._7_Artillerie Officer 0 133169152 0 0 24 0 0
  827 0 1304 0 1702 0 99 0 1819 0 398 0 396 0 1966 0 -1 0 -1 0 -1 0 -1 0 -1 0 -1 0 -1 0 -1 0 -1 0 -1 0 -1 0 -1 0 -1 0 -1 0 -1 0 -1 0 -1 0 -1 0 -1 0 -1 0 -1 0 -1 0 -1 0 -1 0 -1 0 -1 0 -1 0 -1 0 -1 0 -1 0 -1 0 -1 0 -1 0 -1 0 -1 0 -1 0 -1 0 -1 0 -1 0 -1 0 -1 0 -1 0 -1 0 -1 0 -1 0 -1 0 -1 0 -1 0 -1 0 -1 0 -1 0 -1 0 -1 0 -1 0 -1 0 -1 0 
  15 15 15 15 20
 80 5 30 5 30 5 30
2586 131072 0 49 204800 0 
  34359738369 1315051091194281984 1835136 0 50465891015 7916447985573822463 2031036 0 

trp_austrian_arty_alt_commander Prinz_zu_Lothringen_Nr._7_Artillerie Officer 0 133169152 0 0 24 0 0
  827 0 1304 0 1702 0 99 0 1819 0 398 0 396 0 1982 0 -1 0 -1 0 -1 0 -1 0 -1 0 -1 0 -1 0 -1 0 -1 0 -1 0 -1 0 -1 0 -1 0 -1 0 -1 0 -1 0 -1 0 -1 0 -1 0 -1 0 -1 0 -1 0 -1 0 -1 0 -1 0 -1 0 -1 0 -1 0 -1 0 -1 0 -1 0 -1 0 -1 0 -1 0 -1 0 -1 0 -1 0 -1 0 -1 0 -1 0 -1 0 -1 0 -1 0 -1 0 -1 0 -1 0 -1 0 -1 0 -1 0 -1 0 -1 0 -1 0 -1 0 -1 0 -1 0 -1 0 
  15 15 15 15 20
 80 5 30 5 30 5 30
2586 131072 0 49 204800 0 
  34359738369 1315051091194281984 1835136 0 50465891015 7916447985573822463 2031036 0 

trp_rhine_arty_commander Artillerie,_Bayern. Officer 0 133169152 0 0 25 0 0
  918 0 1752 0 1458 0 1819 0 77 0 398 0 396 0 1966 0 -1 0 -1 0 -1 0 -1 0 -1 0 -1 0 -1 0 -1 0 -1 0 -1 0 -1 0 -1 0 -1 0 -1 0 -1 0 -1 0 -1 0 -1 0 -1 0 -1 0 -1 0 -1 0 -1 0 -1 0 -1 0 -1 0 -1 0 -1 0 -1 0 -1 0 -1 0 -1 0 -1 0 -1 0 -1 0 -1 0 -1 0 -1 0 -1 0 -1 0 -1 0 -1 0 -1 0 -1 0 -1 0 -1 0 -1 0 -1 0 -1 0 -1 0 -1 0 -1 0 -1 0 -1 0 -1 0 -1 0 
  15 15 15 15 20
 80 5 30 5 30 5 30
2586 131072 0 49 204800 0 
  34359738369 1315051091194281984 1835136 0 50465891015 7916447985573822463 2031036 0 

trp_rhine_arty_alt_commander Artillerie,_Bayern. Officer 0 133169152 0 0 25 0 0
  918 0 1752 0 1458 0 1819 0 77 0 398 0 396 0 1982 0 -1 0 -1 0 -1 0 -1 0 -1 0 -1 0 -1 0 -1 0 -1 0 -1 0 -1 0 -1 0 -1 0 -1 0 -1 0 -1 0 -1 0 -1 0 -1 0 -1 0 -1 0 -1 0 -1 0 -1 0 -1 0 -1 0 -1 0 -1 0 -1 0 -1 0 -1 0 -1 0 -1 0 -1 0 -1 0 -1 0 -1 0 -1 0 -1 0 -1 0 -1 0 -1 0 -1 0 -1 0 -1 0 -1 0 -1 0 -1 0 -1 0 -1 0 -1 0 -1 0 -1 0 -1 0 -1 0 -1 0 
  15 15 15 15 20
 80 5 30 5 30 5 30
2586 131072 0 49 204800 0 
  34359738369 1315051091194281984 1835136 0 50465891015 7916447985573822463 2031036 0 

trp_ottoman_arty_commander L'Artillerie Officer 0 133169152 0 0 26 0 0
  1018 0 1779 0 1552 0 131 0 396 0 398 0 1968 0 -1 0 -1 0 -1 0 -1 0 -1 0 -1 0 -1 0 -1 0 -1 0 -1 0 -1 0 -1 0 -1 0 -1 0 -1 0 -1 0 -1 0 -1 0 -1 0 -1 0 -1 0 -1 0 -1 0 -1 0 -1 0 -1 0 -1 0 -1 0 -1 0 -1 0 -1 0 -1 0 -1 0 -1 0 -1 0 -1 0 -1 0 -1 0 -1 0 -1 0 -1 0 -1 0 -1 0 -1 0 -1 0 -1 0 -1 0 -1 0 -1 0 -1 0 -1 0 -1 0 -1 0 -1 0 -1 0 -1 0 -1 0 
  15 15 15 15 20
 80 5 30 5 30 5 30
2586 131072 0 49 204800 0 
  34359738369 1315051091194281984 1835136 0 50465891015 7916447985573822463 2031036 0 

trp_ottoman_arty_alt_commander L'Artillerie Officer 0 133169152 0 0 26 0 0
  1018 0 1779 0 1552 0 131 0 396 0 398 0 1984 0 -1 0 -1 0 -1 0 -1 0 -1 0 -1 0 -1 0 -1 0 -1 0 -1 0 -1 0 -1 0 -1 0 -1 0 -1 0 -1 0 -1 0 -1 0 -1 0 -1 0 -1 0 -1 0 -1 0 -1 0 -1 0 -1 0 -1 0 -1 0 -1 0 -1 0 -1 0 -1 0 -1 0 -1 0 -1 0 -1 0 -1 0 -1 0 -1 0 -1 0 -1 0 -1 0 -1 0 -1 0 -1 0 -1 0 -1 0 -1 0 -1 0 -1 0 -1 0 -1 0 -1 0 -1 0 -1 0 -1 0 -1 0 
  15 15 15 15 20
 80 5 30 5 30 5 30
2586 131072 0 49 204800 0 
  34359738369 1315051091194281984 1835136 0 50465891015 7916447985573822463 2031036 0 

trp_italian_arty_commander L'Artillerie Officer 0 133169152 0 0 27 0 0
  436 0 1652 0 1235 0 1823 0 77 0 398 0 396 0 1963 0 -1 0 -1 0 -1 0 -1 0 -1 0 -1 0 -1 0 -1 0 -1 0 -1 0 -1 0 -1 0 -1 0 -1 0 -1 0 -1 0 -1 0 -1 0 -1 0 -1 0 -1 0 -1 0 -1 0 -1 0 -1 0 -1 0 -1 0 -1 0 -1 0 -1 0 -1 0 -1 0 -1 0 -1 0 -1 0 -1 0 -1 0 -1 0 -1 0 -1 0 -1 0 -1 0 -1 0 -1 0 -1 0 -1 0 -1 0 -1 0 -1 0 -1 0 -1 0 -1 0 -1 0 -1 0 -1 0 -1 0 
  15 15 15 15 20
 80 5 30 5 30 5 30
2586 131072 0 49 204800 0 
  34359738369 1315051091194281984 1835136 0 50465891015 7916447985573822463 2031036 0 

trp_italian_arty_alt_commander L'Artillerie Officer 0 133169152 0 0 27 0 0
  436 0 1652 0 1235 0 1823 0 77 0 398 0 396 0 1979 0 -1 0 -1 0 -1 0 -1 0 -1 0 -1 0 -1 0 -1 0 -1 0 -1 0 -1 0 -1 0 -1 0 -1 0 -1 0 -1 0 -1 0 -1 0 -1 0 -1 0 -1 0 -1 0 -1 0 -1 0 -1 0 -1 0 -1 0 -1 0 -1 0 -1 0 -1 0 -1 0 -1 0 -1 0 -1 0 -1 0 -1 0 -1 0 -1 0 -1 0 -1 0 -1 0 -1 0 -1 0 -1 0 -1 0 -1 0 -1 0 -1 0 -1 0 -1 0 -1 0 -1 0 -1 0 -1 0 -1 0 
  15 15 15 15 20
 80 5 30 5 30 5 30
2586 131072 0 49 204800 0 
  34359738369 1315051091194281984 1835136 0 50465891015 7916447985573822463 2031036 0 

trp_spanish_arty_commander L'Artillerie Officer 0 133169152 0 0 28 0 0
  436 0 1652 0 1235 0 1823 0 77 0 398 0 396 0 1963 0 -1 0 -1 0 -1 0 -1 0 -1 0 -1 0 -1 0 -1 0 -1 0 -1 0 -1 0 -1 0 -1 0 -1 0 -1 0 -1 0 -1 0 -1 0 -1 0 -1 0 -1 0 -1 0 -1 0 -1 0 -1 0 -1 0 -1 0 -1 0 -1 0 -1 0 -1 0 -1 0 -1 0 -1 0 -1 0 -1 0 -1 0 -1 0 -1 0 -1 0 -1 0 -1 0 -1 0 -1 0 -1 0 -1 0 -1 0 -1 0 -1 0 -1 0 -1 0 -1 0 -1 0 -1 0 -1 0 -1 0 
  15 15 15 15 20
 80 5 30 5 30 5 30
2586 131072 0 49 204800 0 
  34359738369 1315051091194281984 1835136 0 50465891015 7916447985573822463 2031036 0 

trp_spanish_arty_alt_commander L'Artillerie Officer 0 133169152 0 0 28 0 0
  436 0 1652 0 1235 0 1823 0 77 0 398 0 396 0 1979 0 -1 0 -1 0 -1 0 -1 0 -1 0 -1 0 -1 0 -1 0 -1 0 -1 0 -1 0 -1 0 -1 0 -1 0 -1 0 -1 0 -1 0 -1 0 -1 0 -1 0 -1 0 -1 0 -1 0 -1 0 -1 0 -1 0 -1 0 -1 0 -1 0 -1 0 -1 0 -1 0 -1 0 -1 0 -1 0 -1 0 -1 0 -1 0 -1 0 -1 0 -1 0 -1 0 -1 0 -1 0 -1 0 -1 0 -1 0 -1 0 -1 0 -1 0 -1 0 -1 0 -1 0 -1 0 -1 0 -1 0 
  15 15 15 15 20
 80 5 30 5 30 5 30
2586 131072 0 49 204800 0 
  34359738369 1315051091194281984 1835136 0 50465891015 7916447985573822463 2031036 0 

trp_portuguese_arty_commander L'Artillerie Officer 0 133169152 0 0 28 0 0
  436 0 1652 0 1235 0 1823 0 77 0 398 0 396 0 1963 0 -1 0 -1 0 -1 0 -1 0 -1 0 -1 0 -1 0 -1 0 -1 0 -1 0 -1 0 -1 0 -1 0 -1 0 -1 0 -1 0 -1 0 -1 0 -1 0 -1 0 -1 0 -1 0 -1 0 -1 0 -1 0 -1 0 -1 0 -1 0 -1 0 -1 0 -1 0 -1 0 -1 0 -1 0 -1 0 -1 0 -1 0 -1 0 -1 0 -1 0 -1 0 -1 0 -1 0 -1 0 -1 0 -1 0 -1 0 -1 0 -1 0 -1 0 -1 0 -1 0 -1 0 -1 0 -1 0 -1 0 
  15 15 15 15 20
 80 5 30 5 30 5 30
2586 131072 0 49 204800 0 
  34359738369 1315051091194281984 1835136 0 50465891015 7916447985573822463 2031036 0 

trp_portuguese_arty_alt_commander L'Artillerie Officer 0 133169152 0 0 28 0 0
  436 0 1652 0 1235 0 1823 0 77 0 398 0 396 0 1979 0 -1 0 -1 0 -1 0 -1 0 -1 0 -1 0 -1 0 -1 0 -1 0 -1 0 -1 0 -1 0 -1 0 -1 0 -1 0 -1 0 -1 0 -1 0 -1 0 -1 0 -1 0 -1 0 -1 0 -1 0 -1 0 -1 0 -1 0 -1 0 -1 0 -1 0 -1 0 -1 0 -1 0 -1 0 -1 0 -1 0 -1 0 -1 0 -1 0 -1 0 -1 0 -1 0 -1 0 -1 0 -1 0 -1 0 -1 0 -1 0 -1 0 -1 0 -1 0 -1 0 -1 0 -1 0 -1 0 -1 0 
  15 15 15 15 20
 80 5 30 5 30 5 30
2586 131072 0 49 204800 0 
  34359738369 1315051091194281984 1835136 0 50465891015 7916447985573822463 2031036 0 

trp_multiplayer_end {!}multiplayer_end {!}multiplayer_end 0 0 0 0 10 0 0
  -1 0 -1 0 -1 0 -1 0 -1 0 -1 0 -1 0 -1 0 -1 0 -1 0 -1 0 -1 0 -1 0 -1 0 -1 0 -1 0 -1 0 -1 0 -1 0 -1 0 -1 0 -1 0 -1 0 -1 0 -1 0 -1 0 -1 0 -1 0 -1 0 -1 0 -1 0 -1 0 -1 0 -1 0 -1 0 -1 0 -1 0 -1 0 -1 0 -1 0 -1 0 -1 0 -1 0 -1 0 -1 0 -1 0 -1 0 -1 0 -1 0 -1 0 -1 0 -1 0 -1 0 -1 0 -1 0 -1 0 -1 0 -1 0 -1 0 -1 0 -1 0 -1 0 -1 0 -1 0 
  0 0 0 0 0
 0 0 0 0 0 0 0
0 0 0 0 0 0 
  0 0 0 0 0 0 0 0 

trp_admin_dummy {!}admin_dummy {!}admin_dummy 0 48 0 0 3 0 0
  -1 0 -1 0 -1 0 -1 0 -1 0 -1 0 -1 0 -1 0 -1 0 -1 0 -1 0 -1 0 -1 0 -1 0 -1 0 -1 0 -1 0 -1 0 -1 0 -1 0 -1 0 -1 0 -1 0 -1 0 -1 0 -1 0 -1 0 -1 0 -1 0 -1 0 -1 0 -1 0 -1 0 -1 0 -1 0 -1 0 -1 0 -1 0 -1 0 -1 0 -1 0 -1 0 -1 0 -1 0 -1 0 -1 0 -1 0 -1 0 -1 0 -1 0 -1 0 -1 0 -1 0 -1 0 -1 0 -1 0 -1 0 -1 0 -1 0 -1 0 -1 0 -1 0 -1 0 -1 0 
  12 10 15 15 0
 0 0 0 0 0 0 0
2586 131072 0 0 0 0 
  0 0 0 0 0 0 0 0 

trp_flags_owned_dummy {!}flags_owned_dummy {!}flags_owned_dummy 0 48 0 0 3 0 0
  -1 0 -1 0 -1 0 -1 0 -1 0 -1 0 -1 0 -1 0 -1 0 -1 0 -1 0 -1 0 -1 0 -1 0 -1 0 -1 0 -1 0 -1 0 -1 0 -1 0 -1 0 -1 0 -1 0 -1 0 -1 0 -1 0 -1 0 -1 0 -1 0 -1 0 -1 0 -1 0 -1 0 -1 0 -1 0 -1 0 -1 0 -1 0 -1 0 -1 0 -1 0 -1 0 -1 0 -1 0 -1 0 -1 0 -1 0 -1 0 -1 0 -1 0 -1 0 -1 0 -1 0 -1 0 -1 0 -1 0 -1 0 -1 0 -1 0 -1 0 -1 0 -1 0 -1 0 -1 0 
  12 10 15 15 0
 0 0 0 0 0 0 0
2586 131072 0 0 0 0 
  0 0 0 0 0 0 0 0 

trp_entrypoints_dummy {!}flags_owned_dummy {!}flags_owned_dummy 0 48 0 0 3 0 0
  -1 0 -1 0 -1 0 -1 0 -1 0 -1 0 -1 0 -1 0 -1 0 -1 0 -1 0 -1 0 -1 0 -1 0 -1 0 -1 0 -1 0 -1 0 -1 0 -1 0 -1 0 -1 0 -1 0 -1 0 -1 0 -1 0 -1 0 -1 0 -1 0 -1 0 -1 0 -1 0 -1 0 -1 0 -1 0 -1 0 -1 0 -1 0 -1 0 -1 0 -1 0 -1 0 -1 0 -1 0 -1 0 -1 0 -1 0 -1 0 -1 0 -1 0 -1 0 -1 0 -1 0 -1 0 -1 0 -1 0 -1 0 -1 0 -1 0 -1 0 -1 0 -1 0 -1 0 -1 0 
  12 10 15 15 0
 0 0 0 0 0 0 0
2586 131072 0 0 0 0 
  0 0 0 0 0 0 0 0 

trp_entrypoints_per_flag_dummy {!}entrypoints_per_flag_dummy {!}entrypoints_per_flag_dummy 0 48 0 0 3 0 0
  -1 0 -1 0 -1 0 -1 0 -1 0 -1 0 -1 0 -1 0 -1 0 -1 0 -1 0 -1 0 -1 0 -1 0 -1 0 -1 0 -1 0 -1 0 -1 0 -1 0 -1 0 -1 0 -1 0 -1 0 -1 0 -1 0 -1 0 -1 0 -1 0 -1 0 -1 0 -1 0 -1 0 -1 0 -1 0 -1 0 -1 0 -1 0 -1 0 -1 0 -1 0 -1 0 -1 0 -1 0 -1 0 -1 0 -1 0 -1 0 -1 0 -1 0 -1 0 -1 0 -1 0 -1 0 -1 0 -1 0 -1 0 -1 0 -1 0 -1 0 -1 0 -1 0 -1 0 -1 0 
  12 10 15 15 0
 0 0 0 0 0 0 0
2586 131072 0 0 0 0 
  0 0 0 0 0 0 0 0 

trp_destroyed_props_dummy {!}destroyed_props_dummy {!}destroyed_props_dummy 0 48 0 0 3 0 0
  -1 0 -1 0 -1 0 -1 0 -1 0 -1 0 -1 0 -1 0 -1 0 -1 0 -1 0 -1 0 -1 0 -1 0 -1 0 -1 0 -1 0 -1 0 -1 0 -1 0 -1 0 -1 0 -1 0 -1 0 -1 0 -1 0 -1 0 -1 0 -1 0 -1 0 -1 0 -1 0 -1 0 -1 0 -1 0 -1 0 -1 0 -1 0 -1 0 -1 0 -1 0 -1 0 -1 0 -1 0 -1 0 -1 0 -1 0 -1 0 -1 0 -1 0 -1 0 -1 0 -1 0 -1 0 -1 0 -1 0 -1 0 -1 0 -1 0 -1 0 -1 0 -1 0 -1 0 -1 0 
  12 10 15 15 0
 0 0 0 0 0 0 0
2586 131072 0 0 0 0 
  0 0 0 0 0 0 0 0 

trp_royale_item_class_musket_dummy {!}royale_item_class_musket_dummy {!}royale_item_class_musket_dummy 0 48 0 0 3 0 0
  -1 0 -1 0 -1 0 -1 0 -1 0 -1 0 -1 0 -1 0 -1 0 -1 0 -1 0 -1 0 -1 0 -1 0 -1 0 -1 0 -1 0 -1 0 -1 0 -1 0 -1 0 -1 0 -1 0 -1 0 -1 0 -1 0 -1 0 -1 0 -1 0 -1 0 -1 0 -1 0 -1 0 -1 0 -1 0 -1 0 -1 0 -1 0 -1 0 -1 0 -1 0 -1 0 -1 0 -1 0 -1 0 -1 0 -1 0 -1 0 -1 0 -1 0 -1 0 -1 0 -1 0 -1 0 -1 0 -1 0 -1 0 -1 0 -1 0 -1 0 -1 0 -1 0 -1 0 -1 0 
  12 10 15 15 0
 0 0 0 0 0 0 0
2586 131072 0 0 0 0 
  0 0 0 0 0 0 0 0 

trp_royale_item_class_pistol_dummy {!}royale_item_class_pistol_dummy {!}royale_item_class_pistol_dummy 0 48 0 0 3 0 0
  -1 0 -1 0 -1 0 -1 0 -1 0 -1 0 -1 0 -1 0 -1 0 -1 0 -1 0 -1 0 -1 0 -1 0 -1 0 -1 0 -1 0 -1 0 -1 0 -1 0 -1 0 -1 0 -1 0 -1 0 -1 0 -1 0 -1 0 -1 0 -1 0 -1 0 -1 0 -1 0 -1 0 -1 0 -1 0 -1 0 -1 0 -1 0 -1 0 -1 0 -1 0 -1 0 -1 0 -1 0 -1 0 -1 0 -1 0 -1 0 -1 0 -1 0 -1 0 -1 0 -1 0 -1 0 -1 0 -1 0 -1 0 -1 0 -1 0 -1 0 -1 0 -1 0 -1 0 -1 0 
  12 10 15 15 0
 0 0 0 0 0 0 0
2586 131072 0 0 0 0 
  0 0 0 0 0 0 0 0 

trp_royale_item_class_carabine_dummy {!}royale_item_class_carabine_dummy {!}royale_item_class_carabine_dummy 0 48 0 0 3 0 0
  -1 0 -1 0 -1 0 -1 0 -1 0 -1 0 -1 0 -1 0 -1 0 -1 0 -1 0 -1 0 -1 0 -1 0 -1 0 -1 0 -1 0 -1 0 -1 0 -1 0 -1 0 -1 0 -1 0 -1 0 -1 0 -1 0 -1 0 -1 0 -1 0 -1 0 -1 0 -1 0 -1 0 -1 0 -1 0 -1 0 -1 0 -1 0 -1 0 -1 0 -1 0 -1 0 -1 0 -1 0 -1 0 -1 0 -1 0 -1 0 -1 0 -1 0 -1 0 -1 0 -1 0 -1 0 -1 0 -1 0 -1 0 -1 0 -1 0 -1 0 -1 0 -1 0 -1 0 -1 0 
  12 10 15 15 0
 0 0 0 0 0 0 0
2586 131072 0 0 0 0 
  0 0 0 0 0 0 0 0 

trp_royale_item_class_smallsword_dummy {!}royale_item_class_briquet_dummy {!}royale_item_class_briquet_dummy 0 48 0 0 3 0 0
  -1 0 -1 0 -1 0 -1 0 -1 0 -1 0 -1 0 -1 0 -1 0 -1 0 -1 0 -1 0 -1 0 -1 0 -1 0 -1 0 -1 0 -1 0 -1 0 -1 0 -1 0 -1 0 -1 0 -1 0 -1 0 -1 0 -1 0 -1 0 -1 0 -1 0 -1 0 -1 0 -1 0 -1 0 -1 0 -1 0 -1 0 -1 0 -1 0 -1 0 -1 0 -1 0 -1 0 -1 0 -1 0 -1 0 -1 0 -1 0 -1 0 -1 0 -1 0 -1 0 -1 0 -1 0 -1 0 -1 0 -1 0 -1 0 -1 0 -1 0 -1 0 -1 0 -1 0 -1 0 
  12 10 15 15 0
 0 0 0 0 0 0 0
2586 131072 0 0 0 0 
  0 0 0 0 0 0 0 0 

trp_royale_item_class_bigsword_dummy {!}royale_item_class_offsword_dummy {!}royale_item_class_offsword_dummy 0 48 0 0 3 0 0
  -1 0 -1 0 -1 0 -1 0 -1 0 -1 0 -1 0 -1 0 -1 0 -1 0 -1 0 -1 0 -1 0 -1 0 -1 0 -1 0 -1 0 -1 0 -1 0 -1 0 -1 0 -1 0 -1 0 -1 0 -1 0 -1 0 -1 0 -1 0 -1 0 -1 0 -1 0 -1 0 -1 0 -1 0 -1 0 -1 0 -1 0 -1 0 -1 0 -1 0 -1 0 -1 0 -1 0 -1 0 -1 0 -1 0 -1 0 -1 0 -1 0 -1 0 -1 0 -1 0 -1 0 -1 0 -1 0 -1 0 -1 0 -1 0 -1 0 -1 0 -1 0 -1 0 -1 0 -1 0 
  12 10 15 15 0
 0 0 0 0 0 0 0
2586 131072 0 0 0 0 
  0 0 0 0 0 0 0 0 

trp_royale_item_class_bottle_dummy {!}royale_item_class_bottle_dummy {!}royale_item_class_bottle_dummy 0 48 0 0 3 0 0
  -1 0 -1 0 -1 0 -1 0 -1 0 -1 0 -1 0 -1 0 -1 0 -1 0 -1 0 -1 0 -1 0 -1 0 -1 0 -1 0 -1 0 -1 0 -1 0 -1 0 -1 0 -1 0 -1 0 -1 0 -1 0 -1 0 -1 0 -1 0 -1 0 -1 0 -1 0 -1 0 -1 0 -1 0 -1 0 -1 0 -1 0 -1 0 -1 0 -1 0 -1 0 -1 0 -1 0 -1 0 -1 0 -1 0 -1 0 -1 0 -1 0 -1 0 -1 0 -1 0 -1 0 -1 0 -1 0 -1 0 -1 0 -1 0 -1 0 -1 0 -1 0 -1 0 -1 0 -1 0 
  12 10 15 15 0
 0 0 0 0 0 0 0
2586 131072 0 0 0 0 
  0 0 0 0 0 0 0 0 

trp_royale_item_class_axe_dummy {!}royale_item_class_smallaxe_dummy {!}royale_item_class_smallaxe_dummy 0 48 0 0 3 0 0
  -1 0 -1 0 -1 0 -1 0 -1 0 -1 0 -1 0 -1 0 -1 0 -1 0 -1 0 -1 0 -1 0 -1 0 -1 0 -1 0 -1 0 -1 0 -1 0 -1 0 -1 0 -1 0 -1 0 -1 0 -1 0 -1 0 -1 0 -1 0 -1 0 -1 0 -1 0 -1 0 -1 0 -1 0 -1 0 -1 0 -1 0 -1 0 -1 0 -1 0 -1 0 -1 0 -1 0 -1 0 -1 0 -1 0 -1 0 -1 0 -1 0 -1 0 -1 0 -1 0 -1 0 -1 0 -1 0 -1 0 -1 0 -1 0 -1 0 -1 0 -1 0 -1 0 -1 0 -1 0 
  12 10 15 15 0
 0 0 0 0 0 0 0
2586 131072 0 0 0 0 
  0 0 0 0 0 0 0 0 

trp_royale_item_class_spear_dummy {!}royale_item_class_spear_dummy {!}royale_item_class_spear_dummy 0 48 0 0 3 0 0
  -1 0 -1 0 -1 0 -1 0 -1 0 -1 0 -1 0 -1 0 -1 0 -1 0 -1 0 -1 0 -1 0 -1 0 -1 0 -1 0 -1 0 -1 0 -1 0 -1 0 -1 0 -1 0 -1 0 -1 0 -1 0 -1 0 -1 0 -1 0 -1 0 -1 0 -1 0 -1 0 -1 0 -1 0 -1 0 -1 0 -1 0 -1 0 -1 0 -1 0 -1 0 -1 0 -1 0 -1 0 -1 0 -1 0 -1 0 -1 0 -1 0 -1 0 -1 0 -1 0 -1 0 -1 0 -1 0 -1 0 -1 0 -1 0 -1 0 -1 0 -1 0 -1 0 -1 0 -1 0 
  12 10 15 15 0
 0 0 0 0 0 0 0
2586 131072 0 0 0 0 
  0 0 0 0 0 0 0 0 

trp_royale_item_class_club_dummy {!}royale_item_class_club_dummy {!}royale_item_class_club_dummy 0 48 0 0 3 0 0
  -1 0 -1 0 -1 0 -1 0 -1 0 -1 0 -1 0 -1 0 -1 0 -1 0 -1 0 -1 0 -1 0 -1 0 -1 0 -1 0 -1 0 -1 0 -1 0 -1 0 -1 0 -1 0 -1 0 -1 0 -1 0 -1 0 -1 0 -1 0 -1 0 -1 0 -1 0 -1 0 -1 0 -1 0 -1 0 -1 0 -1 0 -1 0 -1 0 -1 0 -1 0 -1 0 -1 0 -1 0 -1 0 -1 0 -1 0 -1 0 -1 0 -1 0 -1 0 -1 0 -1 0 -1 0 -1 0 -1 0 -1 0 -1 0 -1 0 -1 0 -1 0 -1 0 -1 0 -1 0 
  12 10 15 15 0
 0 0 0 0 0 0 0
2586 131072 0 0 0 0 
  0 0 0 0 0 0 0 0 

trp_royale_item_class_tool_dummy {!}royale_item_class_tool_dummy {!}royale_item_class_tool_dummy 0 48 0 0 3 0 0
  -1 0 -1 0 -1 0 -1 0 -1 0 -1 0 -1 0 -1 0 -1 0 -1 0 -1 0 -1 0 -1 0 -1 0 -1 0 -1 0 -1 0 -1 0 -1 0 -1 0 -1 0 -1 0 -1 0 -1 0 -1 0 -1 0 -1 0 -1 0 -1 0 -1 0 -1 0 -1 0 -1 0 -1 0 -1 0 -1 0 -1 0 -1 0 -1 0 -1 0 -1 0 -1 0 -1 0 -1 0 -1 0 -1 0 -1 0 -1 0 -1 0 -1 0 -1 0 -1 0 -1 0 -1 0 -1 0 -1 0 -1 0 -1 0 -1 0 -1 0 -1 0 -1 0 -1 0 -1 0 
  12 10 15 15 0
 0 0 0 0 0 0 0
2586 131072 0 0 0 0 
  0 0 0 0 0 0 0 0 

trp_royale_item_class_ramrod_dummy {!}royale_item_class_ramrod_dummy {!}royale_item_class_ramrod_dummy 0 48 0 0 3 0 0
  -1 0 -1 0 -1 0 -1 0 -1 0 -1 0 -1 0 -1 0 -1 0 -1 0 -1 0 -1 0 -1 0 -1 0 -1 0 -1 0 -1 0 -1 0 -1 0 -1 0 -1 0 -1 0 -1 0 -1 0 -1 0 -1 0 -1 0 -1 0 -1 0 -1 0 -1 0 -1 0 -1 0 -1 0 -1 0 -1 0 -1 0 -1 0 -1 0 -1 0 -1 0 -1 0 -1 0 -1 0 -1 0 -1 0 -1 0 -1 0 -1 0 -1 0 -1 0 -1 0 -1 0 -1 0 -1 0 -1 0 -1 0 -1 0 -1 0 -1 0 -1 0 -1 0 -1 0 -1 0 
  12 10 15 15 0
 0 0 0 0 0 0 0
2586 131072 0 0 0 0 
  0 0 0 0 0 0 0 0 

trp_royale_item_class_lighter_dummy {!}royale_item_class_lighter_dummy {!}royale_item_class_lighter_dummy 0 48 0 0 3 0 0
  -1 0 -1 0 -1 0 -1 0 -1 0 -1 0 -1 0 -1 0 -1 0 -1 0 -1 0 -1 0 -1 0 -1 0 -1 0 -1 0 -1 0 -1 0 -1 0 -1 0 -1 0 -1 0 -1 0 -1 0 -1 0 -1 0 -1 0 -1 0 -1 0 -1 0 -1 0 -1 0 -1 0 -1 0 -1 0 -1 0 -1 0 -1 0 -1 0 -1 0 -1 0 -1 0 -1 0 -1 0 -1 0 -1 0 -1 0 -1 0 -1 0 -1 0 -1 0 -1 0 -1 0 -1 0 -1 0 -1 0 -1 0 -1 0 -1 0 -1 0 -1 0 -1 0 -1 0 -1 0 
  12 10 15 15 0
 0 0 0 0 0 0 0
2586 131072 0 0 0 0 
  0 0 0 0 0 0 0 0 

trp_royale_item_class_ammo_dummy {!}royale_item_class_ammo_dummy {!}royale_item_class_ammo_dummy 0 48 0 0 3 0 0
  -1 0 -1 0 -1 0 -1 0 -1 0 -1 0 -1 0 -1 0 -1 0 -1 0 -1 0 -1 0 -1 0 -1 0 -1 0 -1 0 -1 0 -1 0 -1 0 -1 0 -1 0 -1 0 -1 0 -1 0 -1 0 -1 0 -1 0 -1 0 -1 0 -1 0 -1 0 -1 0 -1 0 -1 0 -1 0 -1 0 -1 0 -1 0 -1 0 -1 0 -1 0 -1 0 -1 0 -1 0 -1 0 -1 0 -1 0 -1 0 -1 0 -1 0 -1 0 -1 0 -1 0 -1 0 -1 0 -1 0 -1 0 -1 0 -1 0 -1 0 -1 0 -1 0 -1 0 -1 0 
  12 10 15 15 0
 0 0 0 0 0 0 0
2586 131072 0 0 0 0 
  0 0 0 0 0 0 0 0 

trp_royale_item_class_horse_light_dummy {!}royale_item_class_horse_light_dummy {!}royale_item_class_horse_light_dummy 0 48 0 0 3 0 0
  -1 0 -1 0 -1 0 -1 0 -1 0 -1 0 -1 0 -1 0 -1 0 -1 0 -1 0 -1 0 -1 0 -1 0 -1 0 -1 0 -1 0 -1 0 -1 0 -1 0 -1 0 -1 0 -1 0 -1 0 -1 0 -1 0 -1 0 -1 0 -1 0 -1 0 -1 0 -1 0 -1 0 -1 0 -1 0 -1 0 -1 0 -1 0 -1 0 -1 0 -1 0 -1 0 -1 0 -1 0 -1 0 -1 0 -1 0 -1 0 -1 0 -1 0 -1 0 -1 0 -1 0 -1 0 -1 0 -1 0 -1 0 -1 0 -1 0 -1 0 -1 0 -1 0 -1 0 -1 0 
  12 10 15 15 0
 0 0 0 0 0 0 0
2586 131072 0 0 0 0 
  0 0 0 0 0 0 0 0 

trp_royale_item_class_horse_medium_dummy {!}royale_item_class_horse_medium_dummy {!}royale_item_class_horse_medium_dummy 0 48 0 0 3 0 0
  -1 0 -1 0 -1 0 -1 0 -1 0 -1 0 -1 0 -1 0 -1 0 -1 0 -1 0 -1 0 -1 0 -1 0 -1 0 -1 0 -1 0 -1 0 -1 0 -1 0 -1 0 -1 0 -1 0 -1 0 -1 0 -1 0 -1 0 -1 0 -1 0 -1 0 -1 0 -1 0 -1 0 -1 0 -1 0 -1 0 -1 0 -1 0 -1 0 -1 0 -1 0 -1 0 -1 0 -1 0 -1 0 -1 0 -1 0 -1 0 -1 0 -1 0 -1 0 -1 0 -1 0 -1 0 -1 0 -1 0 -1 0 -1 0 -1 0 -1 0 -1 0 -1 0 -1 0 -1 0 
  12 10 15 15 0
 0 0 0 0 0 0 0
2586 131072 0 0 0 0 
  0 0 0 0 0 0 0 0 

trp_royale_item_class_horse_heavy_dummy {!}royale_item_class_horse_heavy_dummy {!}royale_item_class_horse_heavy_dummy 0 48 0 0 3 0 0
  -1 0 -1 0 -1 0 -1 0 -1 0 -1 0 -1 0 -1 0 -1 0 -1 0 -1 0 -1 0 -1 0 -1 0 -1 0 -1 0 -1 0 -1 0 -1 0 -1 0 -1 0 -1 0 -1 0 -1 0 -1 0 -1 0 -1 0 -1 0 -1 0 -1 0 -1 0 -1 0 -1 0 -1 0 -1 0 -1 0 -1 0 -1 0 -1 0 -1 0 -1 0 -1 0 -1 0 -1 0 -1 0 -1 0 -1 0 -1 0 -1 0 -1 0 -1 0 -1 0 -1 0 -1 0 -1 0 -1 0 -1 0 -1 0 -1 0 -1 0 -1 0 -1 0 -1 0 -1 0 
  12 10 15 15 0
 0 0 0 0 0 0 0
2586 131072 0 0 0 0 
  0 0 0 0 0 0 0 0 

trp_royale_item_class_horse_arty_dummy {!}royale_item_class_horse_arty_dummy {!}royale_item_class_horse_arty_dummy 0 48 0 0 3 0 0
  -1 0 -1 0 -1 0 -1 0 -1 0 -1 0 -1 0 -1 0 -1 0 -1 0 -1 0 -1 0 -1 0 -1 0 -1 0 -1 0 -1 0 -1 0 -1 0 -1 0 -1 0 -1 0 -1 0 -1 0 -1 0 -1 0 -1 0 -1 0 -1 0 -1 0 -1 0 -1 0 -1 0 -1 0 -1 0 -1 0 -1 0 -1 0 -1 0 -1 0 -1 0 -1 0 -1 0 -1 0 -1 0 -1 0 -1 0 -1 0 -1 0 -1 0 -1 0 -1 0 -1 0 -1 0 -1 0 -1 0 -1 0 -1 0 -1 0 -1 0 -1 0 -1 0 -1 0 -1 0 
  12 10 15 15 0
 0 0 0 0 0 0 0
2586 131072 0 0 0 0 
  0 0 0 0 0 0 0 0 

trp_scene_name_dummy {!}scene_name_dummy {!}scene_name_dummy 0 48 0 0 3 0 0
  -1 0 -1 0 -1 0 -1 0 -1 0 -1 0 -1 0 -1 0 -1 0 -1 0 -1 0 -1 0 -1 0 -1 0 -1 0 -1 0 -1 0 -1 0 -1 0 -1 0 -1 0 -1 0 -1 0 -1 0 -1 0 -1 0 -1 0 -1 0 -1 0 -1 0 -1 0 -1 0 -1 0 -1 0 -1 0 -1 0 -1 0 -1 0 -1 0 -1 0 -1 0 -1 0 -1 0 -1 0 -1 0 -1 0 -1 0 -1 0 -1 0 -1 0 -1 0 -1 0 -1 0 -1 0 -1 0 -1 0 -1 0 -1 0 -1 0 -1 0 -1 0 -1 0 -1 0 -1 0 
  12 10 15 15 0
 0 0 0 0 0 0 0
2586 131072 0 0 0 0 
  0 0 0 0 0 0 0 0 

trp_admin_white_list_dummy {!}admin_white_list_dummy {!}admin_white_list_dummy 0 48 0 0 3 0 0
  -1 0 -1 0 -1 0 -1 0 -1 0 -1 0 -1 0 -1 0 -1 0 -1 0 -1 0 -1 0 -1 0 -1 0 -1 0 -1 0 -1 0 -1 0 -1 0 -1 0 -1 0 -1 0 -1 0 -1 0 -1 0 -1 0 -1 0 -1 0 -1 0 -1 0 -1 0 -1 0 -1 0 -1 0 -1 0 -1 0 -1 0 -1 0 -1 0 -1 0 -1 0 -1 0 -1 0 -1 0 -1 0 -1 0 -1 0 -1 0 -1 0 -1 0 -1 0 -1 0 -1 0 -1 0 -1 0 -1 0 -1 0 -1 0 -1 0 -1 0 -1 0 -1 0 -1 0 -1 0 
  12 10 15 15 0
 0 0 0 0 0 0 0
2586 131072 0 0 0 0 
  0 0 0 0 0 0 0 0 

trp_troop_check_dummy {!}troop_check_dummy {!}troop_check_dummy 0 48 0 0 3 0 0
  -1 0 -1 0 -1 0 -1 0 -1 0 -1 0 -1 0 -1 0 -1 0 -1 0 -1 0 -1 0 -1 0 -1 0 -1 0 -1 0 -1 0 -1 0 -1 0 -1 0 -1 0 -1 0 -1 0 -1 0 -1 0 -1 0 -1 0 -1 0 -1 0 -1 0 -1 0 -1 0 -1 0 -1 0 -1 0 -1 0 -1 0 -1 0 -1 0 -1 0 -1 0 -1 0 -1 0 -1 0 -1 0 -1 0 -1 0 -1 0 -1 0 -1 0 -1 0 -1 0 -1 0 -1 0 -1 0 -1 0 -1 0 -1 0 -1 0 -1 0 -1 0 -1 0 -1 0 -1 0 
  12 10 15 15 0
 0 0 0 0 0 0 0
2586 131072 0 0 0 0 
  0 0 0 0 0 0 0 0 

trp_flag_select_dummy {!}flag_select_dummy {!}flag_select_dummy 0 48 0 0 3 0 0
  -1 0 -1 0 -1 0 -1 0 -1 0 -1 0 -1 0 -1 0 -1 0 -1 0 -1 0 -1 0 -1 0 -1 0 -1 0 -1 0 -1 0 -1 0 -1 0 -1 0 -1 0 -1 0 -1 0 -1 0 -1 0 -1 0 -1 0 -1 0 -1 0 -1 0 -1 0 -1 0 -1 0 -1 0 -1 0 -1 0 -1 0 -1 0 -1 0 -1 0 -1 0 -1 0 -1 0 -1 0 -1 0 -1 0 -1 0 -1 0 -1 0 -1 0 -1 0 -1 0 -1 0 -1 0 -1 0 -1 0 -1 0 -1 0 -1 0 -1 0 -1 0 -1 0 -1 0 -1 0 
  12 10 15 15 0
 0 0 0 0 0 0 0
2586 131072 0 0 0 0 
  0 0 0 0 0 0 0 0 

trp_track_select_dummy {!}track_select_dummy {!}track_select_dummy 0 48 0 0 3 0 0
  -1 0 -1 0 -1 0 -1 0 -1 0 -1 0 -1 0 -1 0 -1 0 -1 0 -1 0 -1 0 -1 0 -1 0 -1 0 -1 0 -1 0 -1 0 -1 0 -1 0 -1 0 -1 0 -1 0 -1 0 -1 0 -1 0 -1 0 -1 0 -1 0 -1 0 -1 0 -1 0 -1 0 -1 0 -1 0 -1 0 -1 0 -1 0 -1 0 -1 0 -1 0 -1 0 -1 0 -1 0 -1 0 -1 0 -1 0 -1 0 -1 0 -1 0 -1 0 -1 0 -1 0 -1 0 -1 0 -1 0 -1 0 -1 0 -1 0 -1 0 -1 0 -1 0 -1 0 -1 0 
  12 10 15 15 0
 0 0 0 0 0 0 0
2586 131072 0 0 0 0 
  0 0 0 0 0 0 0 0 

trp_custom_battle_dummy {!}custom_battle_dummy {!}custom_battle_dummy 0 48 0 0 3 0 0
  -1 0 -1 0 -1 0 -1 0 -1 0 -1 0 -1 0 -1 0 -1 0 -1 0 -1 0 -1 0 -1 0 -1 0 -1 0 -1 0 -1 0 -1 0 -1 0 -1 0 -1 0 -1 0 -1 0 -1 0 -1 0 -1 0 -1 0 -1 0 -1 0 -1 0 -1 0 -1 0 -1 0 -1 0 -1 0 -1 0 -1 0 -1 0 -1 0 -1 0 -1 0 -1 0 -1 0 -1 0 -1 0 -1 0 -1 0 -1 0 -1 0 -1 0 -1 0 -1 0 -1 0 -1 0 -1 0 -1 0 -1 0 -1 0 -1 0 -1 0 -1 0 -1 0 -1 0 -1 0 
  12 10 15 15 0
 0 0 0 0 0 0 0
2586 131072 0 0 0 0 
  0 0 0 0 0 0 0 0 

trp_ai_tactics_dummy {!}ai_tactics_dummy {!}ai_tactics_dummy 0 48 0 0 3 0 0
  -1 0 -1 0 -1 0 -1 0 -1 0 -1 0 -1 0 -1 0 -1 0 -1 0 -1 0 -1 0 -1 0 -1 0 -1 0 -1 0 -1 0 -1 0 -1 0 -1 0 -1 0 -1 0 -1 0 -1 0 -1 0 -1 0 -1 0 -1 0 -1 0 -1 0 -1 0 -1 0 -1 0 -1 0 -1 0 -1 0 -1 0 -1 0 -1 0 -1 0 -1 0 -1 0 -1 0 -1 0 -1 0 -1 0 -1 0 -1 0 -1 0 -1 0 -1 0 -1 0 -1 0 -1 0 -1 0 -1 0 -1 0 -1 0 -1 0 -1 0 -1 0 -1 0 -1 0 -1 0 
  12 10 15 15 0
 0 0 0 0 0 0 0
2586 131072 0 0 0 0 
  0 0 0 0 0 0 0 0 

trp_manual_dummy {!}manual_dummy {!}manual_dummy 0 48 0 0 3 0 0
  -1 0 -1 0 -1 0 -1 0 -1 0 -1 0 -1 0 -1 0 -1 0 -1 0 -1 0 -1 0 -1 0 -1 0 -1 0 -1 0 -1 0 -1 0 -1 0 -1 0 -1 0 -1 0 -1 0 -1 0 -1 0 -1 0 -1 0 -1 0 -1 0 -1 0 -1 0 -1 0 -1 0 -1 0 -1 0 -1 0 -1 0 -1 0 -1 0 -1 0 -1 0 -1 0 -1 0 -1 0 -1 0 -1 0 -1 0 -1 0 -1 0 -1 0 -1 0 -1 0 -1 0 -1 0 -1 0 -1 0 -1 0 -1 0 -1 0 -1 0 -1 0 -1 0 -1 0 -1 0 
  12 10 15 15 0
 0 0 0 0 0 0 0
2586 131072 0 0 0 0 
  0 0 0 0 0 0 0 0 

trp_x_pos {!}custom_battle_dummy {!}custom_battle_dummy 0 48 0 0 3 0 0
  -1 0 -1 0 -1 0 -1 0 -1 0 -1 0 -1 0 -1 0 -1 0 -1 0 -1 0 -1 0 -1 0 -1 0 -1 0 -1 0 -1 0 -1 0 -1 0 -1 0 -1 0 -1 0 -1 0 -1 0 -1 0 -1 0 -1 0 -1 0 -1 0 -1 0 -1 0 -1 0 -1 0 -1 0 -1 0 -1 0 -1 0 -1 0 -1 0 -1 0 -1 0 -1 0 -1 0 -1 0 -1 0 -1 0 -1 0 -1 0 -1 0 -1 0 -1 0 -1 0 -1 0 -1 0 -1 0 -1 0 -1 0 -1 0 -1 0 -1 0 -1 0 -1 0 -1 0 -1 0 
  12 10 15 15 0
 0 0 0 0 0 0 0
2586 131072 0 0 0 0 
  0 0 0 0 0 0 0 0 

trp_y_pos {!}custom_battle_dummy {!}custom_battle_dummy 0 48 0 0 3 0 0
  -1 0 -1 0 -1 0 -1 0 -1 0 -1 0 -1 0 -1 0 -1 0 -1 0 -1 0 -1 0 -1 0 -1 0 -1 0 -1 0 -1 0 -1 0 -1 0 -1 0 -1 0 -1 0 -1 0 -1 0 -1 0 -1 0 -1 0 -1 0 -1 0 -1 0 -1 0 -1 0 -1 0 -1 0 -1 0 -1 0 -1 0 -1 0 -1 0 -1 0 -1 0 -1 0 -1 0 -1 0 -1 0 -1 0 -1 0 -1 0 -1 0 -1 0 -1 0 -1 0 -1 0 -1 0 -1 0 -1 0 -1 0 -1 0 -1 0 -1 0 -1 0 -1 0 -1 0 -1 0 
  12 10 15 15 0
 0 0 0 0 0 0 0
2586 131072 0 0 0 0 
  0 0 0 0 0 0 0 0 

trp_x_size {!}custom_battle_dummy {!}custom_battle_dummy 0 48 0 0 3 0 0
  -1 0 -1 0 -1 0 -1 0 -1 0 -1 0 -1 0 -1 0 -1 0 -1 0 -1 0 -1 0 -1 0 -1 0 -1 0 -1 0 -1 0 -1 0 -1 0 -1 0 -1 0 -1 0 -1 0 -1 0 -1 0 -1 0 -1 0 -1 0 -1 0 -1 0 -1 0 -1 0 -1 0 -1 0 -1 0 -1 0 -1 0 -1 0 -1 0 -1 0 -1 0 -1 0 -1 0 -1 0 -1 0 -1 0 -1 0 -1 0 -1 0 -1 0 -1 0 -1 0 -1 0 -1 0 -1 0 -1 0 -1 0 -1 0 -1 0 -1 0 -1 0 -1 0 -1 0 -1 0 
  12 10 15 15 0
 0 0 0 0 0 0 0
2586 131072 0 0 0 0 
  0 0 0 0 0 0 0 0 

trp_y_size {!}custom_battle_dummy {!}custom_battle_dummy 0 48 0 0 3 0 0
  -1 0 -1 0 -1 0 -1 0 -1 0 -1 0 -1 0 -1 0 -1 0 -1 0 -1 0 -1 0 -1 0 -1 0 -1 0 -1 0 -1 0 -1 0 -1 0 -1 0 -1 0 -1 0 -1 0 -1 0 -1 0 -1 0 -1 0 -1 0 -1 0 -1 0 -1 0 -1 0 -1 0 -1 0 -1 0 -1 0 -1 0 -1 0 -1 0 -1 0 -1 0 -1 0 -1 0 -1 0 -1 0 -1 0 -1 0 -1 0 -1 0 -1 0 -1 0 -1 0 -1 0 -1 0 -1 0 -1 0 -1 0 -1 0 -1 0 -1 0 -1 0 -1 0 -1 0 -1 0 
  12 10 15 15 0
 0 0 0 0 0 0 0
2586 131072 0 0 0 0 
  0 0 0 0 0 0 0 0 

trp_custom_string_1 Use {!}custom_string_1 0 48 0 0 3 0 0
  -1 0 -1 0 -1 0 -1 0 -1 0 -1 0 -1 0 -1 0 -1 0 -1 0 -1 0 -1 0 -1 0 -1 0 -1 0 -1 0 -1 0 -1 0 -1 0 -1 0 -1 0 -1 0 -1 0 -1 0 -1 0 -1 0 -1 0 -1 0 -1 0 -1 0 -1 0 -1 0 -1 0 -1 0 -1 0 -1 0 -1 0 -1 0 -1 0 -1 0 -1 0 -1 0 -1 0 -1 0 -1 0 -1 0 -1 0 -1 0 -1 0 -1 0 -1 0 -1 0 -1 0 -1 0 -1 0 -1 0 -1 0 -1 0 -1 0 -1 0 -1 0 -1 0 -1 0 -1 0 
  12 10 15 15 0
 0 0 0 0 0 0 0
2586 131072 0 0 0 0 
  0 0 0 0 0 0 0 0 

trp_custom_string_2 Use {!}custom_string_2 0 48 0 0 3 0 0
  -1 0 -1 0 -1 0 -1 0 -1 0 -1 0 -1 0 -1 0 -1 0 -1 0 -1 0 -1 0 -1 0 -1 0 -1 0 -1 0 -1 0 -1 0 -1 0 -1 0 -1 0 -1 0 -1 0 -1 0 -1 0 -1 0 -1 0 -1 0 -1 0 -1 0 -1 0 -1 0 -1 0 -1 0 -1 0 -1 0 -1 0 -1 0 -1 0 -1 0 -1 0 -1 0 -1 0 -1 0 -1 0 -1 0 -1 0 -1 0 -1 0 -1 0 -1 0 -1 0 -1 0 -1 0 -1 0 -1 0 -1 0 -1 0 -1 0 -1 0 -1 0 -1 0 -1 0 -1 0 
  12 10 15 15 0
 0 0 0 0 0 0 0
2586 131072 0 0 0 0 
  0 0 0 0 0 0 0 0 

trp_custom_string_3 Use {!}custom_string_3 0 48 0 0 3 0 0
  -1 0 -1 0 -1 0 -1 0 -1 0 -1 0 -1 0 -1 0 -1 0 -1 0 -1 0 -1 0 -1 0 -1 0 -1 0 -1 0 -1 0 -1 0 -1 0 -1 0 -1 0 -1 0 -1 0 -1 0 -1 0 -1 0 -1 0 -1 0 -1 0 -1 0 -1 0 -1 0 -1 0 -1 0 -1 0 -1 0 -1 0 -1 0 -1 0 -1 0 -1 0 -1 0 -1 0 -1 0 -1 0 -1 0 -1 0 -1 0 -1 0 -1 0 -1 0 -1 0 -1 0 -1 0 -1 0 -1 0 -1 0 -1 0 -1 0 -1 0 -1 0 -1 0 -1 0 -1 0 
  12 10 15 15 0
 0 0 0 0 0 0 0
2586 131072 0 0 0 0 
  0 0 0 0 0 0 0 0 

trp_custom_string_4 Use {!}custom_string_4 0 48 0 0 3 0 0
  -1 0 -1 0 -1 0 -1 0 -1 0 -1 0 -1 0 -1 0 -1 0 -1 0 -1 0 -1 0 -1 0 -1 0 -1 0 -1 0 -1 0 -1 0 -1 0 -1 0 -1 0 -1 0 -1 0 -1 0 -1 0 -1 0 -1 0 -1 0 -1 0 -1 0 -1 0 -1 0 -1 0 -1 0 -1 0 -1 0 -1 0 -1 0 -1 0 -1 0 -1 0 -1 0 -1 0 -1 0 -1 0 -1 0 -1 0 -1 0 -1 0 -1 0 -1 0 -1 0 -1 0 -1 0 -1 0 -1 0 -1 0 -1 0 -1 0 -1 0 -1 0 -1 0 -1 0 -1 0 
  12 10 15 15 0
 0 0 0 0 0 0 0
2586 131072 0 0 0 0 
  0 0 0 0 0 0 0 0 

trp_custom_string_5 Use {!}custom_string_5 0 48 0 0 3 0 0
  -1 0 -1 0 -1 0 -1 0 -1 0 -1 0 -1 0 -1 0 -1 0 -1 0 -1 0 -1 0 -1 0 -1 0 -1 0 -1 0 -1 0 -1 0 -1 0 -1 0 -1 0 -1 0 -1 0 -1 0 -1 0 -1 0 -1 0 -1 0 -1 0 -1 0 -1 0 -1 0 -1 0 -1 0 -1 0 -1 0 -1 0 -1 0 -1 0 -1 0 -1 0 -1 0 -1 0 -1 0 -1 0 -1 0 -1 0 -1 0 -1 0 -1 0 -1 0 -1 0 -1 0 -1 0 -1 0 -1 0 -1 0 -1 0 -1 0 -1 0 -1 0 -1 0 -1 0 -1 0 
  12 10 15 15 0
 0 0 0 0 0 0 0
2586 131072 0 0 0 0 
  0 0 0 0 0 0 0 0 

trp_custom_string_6 Use {!}custom_string_6 0 48 0 0 3 0 0
  -1 0 -1 0 -1 0 -1 0 -1 0 -1 0 -1 0 -1 0 -1 0 -1 0 -1 0 -1 0 -1 0 -1 0 -1 0 -1 0 -1 0 -1 0 -1 0 -1 0 -1 0 -1 0 -1 0 -1 0 -1 0 -1 0 -1 0 -1 0 -1 0 -1 0 -1 0 -1 0 -1 0 -1 0 -1 0 -1 0 -1 0 -1 0 -1 0 -1 0 -1 0 -1 0 -1 0 -1 0 -1 0 -1 0 -1 0 -1 0 -1 0 -1 0 -1 0 -1 0 -1 0 -1 0 -1 0 -1 0 -1 0 -1 0 -1 0 -1 0 -1 0 -1 0 -1 0 -1 0 
  12 10 15 15 0
 0 0 0 0 0 0 0
2586 131072 0 0 0 0 
  0 0 0 0 0 0 0 0 

trp_custom_string_7 Use {!}custom_string_7 0 48 0 0 3 0 0
  -1 0 -1 0 -1 0 -1 0 -1 0 -1 0 -1 0 -1 0 -1 0 -1 0 -1 0 -1 0 -1 0 -1 0 -1 0 -1 0 -1 0 -1 0 -1 0 -1 0 -1 0 -1 0 -1 0 -1 0 -1 0 -1 0 -1 0 -1 0 -1 0 -1 0 -1 0 -1 0 -1 0 -1 0 -1 0 -1 0 -1 0 -1 0 -1 0 -1 0 -1 0 -1 0 -1 0 -1 0 -1 0 -1 0 -1 0 -1 0 -1 0 -1 0 -1 0 -1 0 -1 0 -1 0 -1 0 -1 0 -1 0 -1 0 -1 0 -1 0 -1 0 -1 0 -1 0 -1 0 
  12 10 15 15 0
 0 0 0 0 0 0 0
2586 131072 0 0 0 0 
  0 0 0 0 0 0 0 0 

trp_custom_string_8 Use {!}custom_string_8 0 48 0 0 3 0 0
  -1 0 -1 0 -1 0 -1 0 -1 0 -1 0 -1 0 -1 0 -1 0 -1 0 -1 0 -1 0 -1 0 -1 0 -1 0 -1 0 -1 0 -1 0 -1 0 -1 0 -1 0 -1 0 -1 0 -1 0 -1 0 -1 0 -1 0 -1 0 -1 0 -1 0 -1 0 -1 0 -1 0 -1 0 -1 0 -1 0 -1 0 -1 0 -1 0 -1 0 -1 0 -1 0 -1 0 -1 0 -1 0 -1 0 -1 0 -1 0 -1 0 -1 0 -1 0 -1 0 -1 0 -1 0 -1 0 -1 0 -1 0 -1 0 -1 0 -1 0 -1 0 -1 0 -1 0 -1 0 
  12 10 15 15 0
 0 0 0 0 0 0 0
2586 131072 0 0 0 0 
  0 0 0 0 0 0 0 0 

trp_custom_string_9 Use {!}custom_string_9 0 48 0 0 3 0 0
  -1 0 -1 0 -1 0 -1 0 -1 0 -1 0 -1 0 -1 0 -1 0 -1 0 -1 0 -1 0 -1 0 -1 0 -1 0 -1 0 -1 0 -1 0 -1 0 -1 0 -1 0 -1 0 -1 0 -1 0 -1 0 -1 0 -1 0 -1 0 -1 0 -1 0 -1 0 -1 0 -1 0 -1 0 -1 0 -1 0 -1 0 -1 0 -1 0 -1 0 -1 0 -1 0 -1 0 -1 0 -1 0 -1 0 -1 0 -1 0 -1 0 -1 0 -1 0 -1 0 -1 0 -1 0 -1 0 -1 0 -1 0 -1 0 -1 0 -1 0 -1 0 -1 0 -1 0 -1 0 
  12 10 15 15 0
 0 0 0 0 0 0 0
2586 131072 0 0 0 0 
  0 0 0 0 0 0 0 0 

trp_custom_string_10 Use {!}custom_string_10 0 48 0 0 3 0 0
  -1 0 -1 0 -1 0 -1 0 -1 0 -1 0 -1 0 -1 0 -1 0 -1 0 -1 0 -1 0 -1 0 -1 0 -1 0 -1 0 -1 0 -1 0 -1 0 -1 0 -1 0 -1 0 -1 0 -1 0 -1 0 -1 0 -1 0 -1 0 -1 0 -1 0 -1 0 -1 0 -1 0 -1 0 -1 0 -1 0 -1 0 -1 0 -1 0 -1 0 -1 0 -1 0 -1 0 -1 0 -1 0 -1 0 -1 0 -1 0 -1 0 -1 0 -1 0 -1 0 -1 0 -1 0 -1 0 -1 0 -1 0 -1 0 -1 0 -1 0 -1 0 -1 0 -1 0 -1 0 
  12 10 15 15 0
 0 0 0 0 0 0 0
2586 131072 0 0 0 0 
  0 0 0 0 0 0 0 0 

trp_custom_string_11 Use {!}custom_string_11 0 48 0 0 3 0 0
  -1 0 -1 0 -1 0 -1 0 -1 0 -1 0 -1 0 -1 0 -1 0 -1 0 -1 0 -1 0 -1 0 -1 0 -1 0 -1 0 -1 0 -1 0 -1 0 -1 0 -1 0 -1 0 -1 0 -1 0 -1 0 -1 0 -1 0 -1 0 -1 0 -1 0 -1 0 -1 0 -1 0 -1 0 -1 0 -1 0 -1 0 -1 0 -1 0 -1 0 -1 0 -1 0 -1 0 -1 0 -1 0 -1 0 -1 0 -1 0 -1 0 -1 0 -1 0 -1 0 -1 0 -1 0 -1 0 -1 0 -1 0 -1 0 -1 0 -1 0 -1 0 -1 0 -1 0 -1 0 
  12 10 15 15 0
 0 0 0 0 0 0 0
2586 131072 0 0 0 0 
  0 0 0 0 0 0 0 0 

trp_custom_string_12 Use {!}custom_string_12 0 48 0 0 3 0 0
  -1 0 -1 0 -1 0 -1 0 -1 0 -1 0 -1 0 -1 0 -1 0 -1 0 -1 0 -1 0 -1 0 -1 0 -1 0 -1 0 -1 0 -1 0 -1 0 -1 0 -1 0 -1 0 -1 0 -1 0 -1 0 -1 0 -1 0 -1 0 -1 0 -1 0 -1 0 -1 0 -1 0 -1 0 -1 0 -1 0 -1 0 -1 0 -1 0 -1 0 -1 0 -1 0 -1 0 -1 0 -1 0 -1 0 -1 0 -1 0 -1 0 -1 0 -1 0 -1 0 -1 0 -1 0 -1 0 -1 0 -1 0 -1 0 -1 0 -1 0 -1 0 -1 0 -1 0 -1 0 
  12 10 15 15 0
 0 0 0 0 0 0 0
2586 131072 0 0 0 0 
  0 0 0 0 0 0 0 0 

trp_custom_string_13 Use {!}custom_string_13 0 48 0 0 3 0 0
  -1 0 -1 0 -1 0 -1 0 -1 0 -1 0 -1 0 -1 0 -1 0 -1 0 -1 0 -1 0 -1 0 -1 0 -1 0 -1 0 -1 0 -1 0 -1 0 -1 0 -1 0 -1 0 -1 0 -1 0 -1 0 -1 0 -1 0 -1 0 -1 0 -1 0 -1 0 -1 0 -1 0 -1 0 -1 0 -1 0 -1 0 -1 0 -1 0 -1 0 -1 0 -1 0 -1 0 -1 0 -1 0 -1 0 -1 0 -1 0 -1 0 -1 0 -1 0 -1 0 -1 0 -1 0 -1 0 -1 0 -1 0 -1 0 -1 0 -1 0 -1 0 -1 0 -1 0 -1 0 
  12 10 15 15 0
 0 0 0 0 0 0 0
2586 131072 0 0 0 0 
  0 0 0 0 0 0 0 0 

trp_custom_string_14 Use {!}custom_string_14 0 48 0 0 3 0 0
  -1 0 -1 0 -1 0 -1 0 -1 0 -1 0 -1 0 -1 0 -1 0 -1 0 -1 0 -1 0 -1 0 -1 0 -1 0 -1 0 -1 0 -1 0 -1 0 -1 0 -1 0 -1 0 -1 0 -1 0 -1 0 -1 0 -1 0 -1 0 -1 0 -1 0 -1 0 -1 0 -1 0 -1 0 -1 0 -1 0 -1 0 -1 0 -1 0 -1 0 -1 0 -1 0 -1 0 -1 0 -1 0 -1 0 -1 0 -1 0 -1 0 -1 0 -1 0 -1 0 -1 0 -1 0 -1 0 -1 0 -1 0 -1 0 -1 0 -1 0 -1 0 -1 0 -1 0 -1 0 
  12 10 15 15 0
 0 0 0 0 0 0 0
2586 131072 0 0 0 0 
  0 0 0 0 0 0 0 0 

trp_custom_string_15 Use {!}custom_string_15 0 48 0 0 3 0 0
  -1 0 -1 0 -1 0 -1 0 -1 0 -1 0 -1 0 -1 0 -1 0 -1 0 -1 0 -1 0 -1 0 -1 0 -1 0 -1 0 -1 0 -1 0 -1 0 -1 0 -1 0 -1 0 -1 0 -1 0 -1 0 -1 0 -1 0 -1 0 -1 0 -1 0 -1 0 -1 0 -1 0 -1 0 -1 0 -1 0 -1 0 -1 0 -1 0 -1 0 -1 0 -1 0 -1 0 -1 0 -1 0 -1 0 -1 0 -1 0 -1 0 -1 0 -1 0 -1 0 -1 0 -1 0 -1 0 -1 0 -1 0 -1 0 -1 0 -1 0 -1 0 -1 0 -1 0 -1 0 
  12 10 15 15 0
 0 0 0 0 0 0 0
2586 131072 0 0 0 0 
  0 0 0 0 0 0 0 0 

trp_custom_string_16 Use {!}custom_string_16 0 48 0 0 3 0 0
  -1 0 -1 0 -1 0 -1 0 -1 0 -1 0 -1 0 -1 0 -1 0 -1 0 -1 0 -1 0 -1 0 -1 0 -1 0 -1 0 -1 0 -1 0 -1 0 -1 0 -1 0 -1 0 -1 0 -1 0 -1 0 -1 0 -1 0 -1 0 -1 0 -1 0 -1 0 -1 0 -1 0 -1 0 -1 0 -1 0 -1 0 -1 0 -1 0 -1 0 -1 0 -1 0 -1 0 -1 0 -1 0 -1 0 -1 0 -1 0 -1 0 -1 0 -1 0 -1 0 -1 0 -1 0 -1 0 -1 0 -1 0 -1 0 -1 0 -1 0 -1 0 -1 0 -1 0 -1 0 
  12 10 15 15 0
 0 0 0 0 0 0 0
2586 131072 0 0 0 0 
  0 0 0 0 0 0 0 0 

trp_custom_string_17 Use {!}custom_string_17 0 48 0 0 3 0 0
  -1 0 -1 0 -1 0 -1 0 -1 0 -1 0 -1 0 -1 0 -1 0 -1 0 -1 0 -1 0 -1 0 -1 0 -1 0 -1 0 -1 0 -1 0 -1 0 -1 0 -1 0 -1 0 -1 0 -1 0 -1 0 -1 0 -1 0 -1 0 -1 0 -1 0 -1 0 -1 0 -1 0 -1 0 -1 0 -1 0 -1 0 -1 0 -1 0 -1 0 -1 0 -1 0 -1 0 -1 0 -1 0 -1 0 -1 0 -1 0 -1 0 -1 0 -1 0 -1 0 -1 0 -1 0 -1 0 -1 0 -1 0 -1 0 -1 0 -1 0 -1 0 -1 0 -1 0 -1 0 
  12 10 15 15 0
 0 0 0 0 0 0 0
2586 131072 0 0 0 0 
  0 0 0 0 0 0 0 0 

trp_custom_string_18 Use {!}custom_string_18 0 48 0 0 3 0 0
  -1 0 -1 0 -1 0 -1 0 -1 0 -1 0 -1 0 -1 0 -1 0 -1 0 -1 0 -1 0 -1 0 -1 0 -1 0 -1 0 -1 0 -1 0 -1 0 -1 0 -1 0 -1 0 -1 0 -1 0 -1 0 -1 0 -1 0 -1 0 -1 0 -1 0 -1 0 -1 0 -1 0 -1 0 -1 0 -1 0 -1 0 -1 0 -1 0 -1 0 -1 0 -1 0 -1 0 -1 0 -1 0 -1 0 -1 0 -1 0 -1 0 -1 0 -1 0 -1 0 -1 0 -1 0 -1 0 -1 0 -1 0 -1 0 -1 0 -1 0 -1 0 -1 0 -1 0 -1 0 
  12 10 15 15 0
 0 0 0 0 0 0 0
2586 131072 0 0 0 0 
  0 0 0 0 0 0 0 0 

trp_custom_string_19 Use {!}custom_string_19 0 48 0 0 3 0 0
  -1 0 -1 0 -1 0 -1 0 -1 0 -1 0 -1 0 -1 0 -1 0 -1 0 -1 0 -1 0 -1 0 -1 0 -1 0 -1 0 -1 0 -1 0 -1 0 -1 0 -1 0 -1 0 -1 0 -1 0 -1 0 -1 0 -1 0 -1 0 -1 0 -1 0 -1 0 -1 0 -1 0 -1 0 -1 0 -1 0 -1 0 -1 0 -1 0 -1 0 -1 0 -1 0 -1 0 -1 0 -1 0 -1 0 -1 0 -1 0 -1 0 -1 0 -1 0 -1 0 -1 0 -1 0 -1 0 -1 0 -1 0 -1 0 -1 0 -1 0 -1 0 -1 0 -1 0 -1 0 
  12 10 15 15 0
 0 0 0 0 0 0 0
2586 131072 0 0 0 0 
  0 0 0 0 0 0 0 0 

trp_custom_string_20 Use {!}custom_string_20 0 48 0 0 3 0 0
  -1 0 -1 0 -1 0 -1 0 -1 0 -1 0 -1 0 -1 0 -1 0 -1 0 -1 0 -1 0 -1 0 -1 0 -1 0 -1 0 -1 0 -1 0 -1 0 -1 0 -1 0 -1 0 -1 0 -1 0 -1 0 -1 0 -1 0 -1 0 -1 0 -1 0 -1 0 -1 0 -1 0 -1 0 -1 0 -1 0 -1 0 -1 0 -1 0 -1 0 -1 0 -1 0 -1 0 -1 0 -1 0 -1 0 -1 0 -1 0 -1 0 -1 0 -1 0 -1 0 -1 0 -1 0 -1 0 -1 0 -1 0 -1 0 -1 0 -1 0 -1 0 -1 0 -1 0 -1 0 
  12 10 15 15 0
 0 0 0 0 0 0 0
2586 131072 0 0 0 0 
  0 0 0 0 0 0 0 0 

trp_custom_string_21 Use {!}custom_string_21 0 48 0 0 3 0 0
  -1 0 -1 0 -1 0 -1 0 -1 0 -1 0 -1 0 -1 0 -1 0 -1 0 -1 0 -1 0 -1 0 -1 0 -1 0 -1 0 -1 0 -1 0 -1 0 -1 0 -1 0 -1 0 -1 0 -1 0 -1 0 -1 0 -1 0 -1 0 -1 0 -1 0 -1 0 -1 0 -1 0 -1 0 -1 0 -1 0 -1 0 -1 0 -1 0 -1 0 -1 0 -1 0 -1 0 -1 0 -1 0 -1 0 -1 0 -1 0 -1 0 -1 0 -1 0 -1 0 -1 0 -1 0 -1 0 -1 0 -1 0 -1 0 -1 0 -1 0 -1 0 -1 0 -1 0 -1 0 
  12 10 15 15 0
 0 0 0 0 0 0 0
2586 131072 0 0 0 0 
  0 0 0 0 0 0 0 0 

trp_custom_string_22 Use {!}custom_string_22 0 48 0 0 3 0 0
  -1 0 -1 0 -1 0 -1 0 -1 0 -1 0 -1 0 -1 0 -1 0 -1 0 -1 0 -1 0 -1 0 -1 0 -1 0 -1 0 -1 0 -1 0 -1 0 -1 0 -1 0 -1 0 -1 0 -1 0 -1 0 -1 0 -1 0 -1 0 -1 0 -1 0 -1 0 -1 0 -1 0 -1 0 -1 0 -1 0 -1 0 -1 0 -1 0 -1 0 -1 0 -1 0 -1 0 -1 0 -1 0 -1 0 -1 0 -1 0 -1 0 -1 0 -1 0 -1 0 -1 0 -1 0 -1 0 -1 0 -1 0 -1 0 -1 0 -1 0 -1 0 -1 0 -1 0 -1 0 
  12 10 15 15 0
 0 0 0 0 0 0 0
2586 131072 0 0 0 0 
  0 0 0 0 0 0 0 0 

trp_custom_string_23 Use {!}custom_string_23 0 48 0 0 3 0 0
  -1 0 -1 0 -1 0 -1 0 -1 0 -1 0 -1 0 -1 0 -1 0 -1 0 -1 0 -1 0 -1 0 -1 0 -1 0 -1 0 -1 0 -1 0 -1 0 -1 0 -1 0 -1 0 -1 0 -1 0 -1 0 -1 0 -1 0 -1 0 -1 0 -1 0 -1 0 -1 0 -1 0 -1 0 -1 0 -1 0 -1 0 -1 0 -1 0 -1 0 -1 0 -1 0 -1 0 -1 0 -1 0 -1 0 -1 0 -1 0 -1 0 -1 0 -1 0 -1 0 -1 0 -1 0 -1 0 -1 0 -1 0 -1 0 -1 0 -1 0 -1 0 -1 0 -1 0 -1 0 
  12 10 15 15 0
 0 0 0 0 0 0 0
2586 131072 0 0 0 0 
  0 0 0 0 0 0 0 0 

trp_custom_string_24 Use {!}custom_string_24 0 48 0 0 3 0 0
  -1 0 -1 0 -1 0 -1 0 -1 0 -1 0 -1 0 -1 0 -1 0 -1 0 -1 0 -1 0 -1 0 -1 0 -1 0 -1 0 -1 0 -1 0 -1 0 -1 0 -1 0 -1 0 -1 0 -1 0 -1 0 -1 0 -1 0 -1 0 -1 0 -1 0 -1 0 -1 0 -1 0 -1 0 -1 0 -1 0 -1 0 -1 0 -1 0 -1 0 -1 0 -1 0 -1 0 -1 0 -1 0 -1 0 -1 0 -1 0 -1 0 -1 0 -1 0 -1 0 -1 0 -1 0 -1 0 -1 0 -1 0 -1 0 -1 0 -1 0 -1 0 -1 0 -1 0 -1 0 
  12 10 15 15 0
 0 0 0 0 0 0 0
2586 131072 0 0 0 0 
  0 0 0 0 0 0 0 0 

trp_custom_string_25 Use {!}custom_string_25 0 48 0 0 3 0 0
  -1 0 -1 0 -1 0 -1 0 -1 0 -1 0 -1 0 -1 0 -1 0 -1 0 -1 0 -1 0 -1 0 -1 0 -1 0 -1 0 -1 0 -1 0 -1 0 -1 0 -1 0 -1 0 -1 0 -1 0 -1 0 -1 0 -1 0 -1 0 -1 0 -1 0 -1 0 -1 0 -1 0 -1 0 -1 0 -1 0 -1 0 -1 0 -1 0 -1 0 -1 0 -1 0 -1 0 -1 0 -1 0 -1 0 -1 0 -1 0 -1 0 -1 0 -1 0 -1 0 -1 0 -1 0 -1 0 -1 0 -1 0 -1 0 -1 0 -1 0 -1 0 -1 0 -1 0 -1 0 
  12 10 15 15 0
 0 0 0 0 0 0 0
2586 131072 0 0 0 0 
  0 0 0 0 0 0 0 0 

trp_custom_string_26 Use {!}custom_string_26 0 48 0 0 3 0 0
  -1 0 -1 0 -1 0 -1 0 -1 0 -1 0 -1 0 -1 0 -1 0 -1 0 -1 0 -1 0 -1 0 -1 0 -1 0 -1 0 -1 0 -1 0 -1 0 -1 0 -1 0 -1 0 -1 0 -1 0 -1 0 -1 0 -1 0 -1 0 -1 0 -1 0 -1 0 -1 0 -1 0 -1 0 -1 0 -1 0 -1 0 -1 0 -1 0 -1 0 -1 0 -1 0 -1 0 -1 0 -1 0 -1 0 -1 0 -1 0 -1 0 -1 0 -1 0 -1 0 -1 0 -1 0 -1 0 -1 0 -1 0 -1 0 -1 0 -1 0 -1 0 -1 0 -1 0 -1 0 
  12 10 15 15 0
 0 0 0 0 0 0 0
2586 131072 0 0 0 0 
  0 0 0 0 0 0 0 0 

trp_custom_string_27 Use {!}custom_string_27 0 48 0 0 3 0 0
  -1 0 -1 0 -1 0 -1 0 -1 0 -1 0 -1 0 -1 0 -1 0 -1 0 -1 0 -1 0 -1 0 -1 0 -1 0 -1 0 -1 0 -1 0 -1 0 -1 0 -1 0 -1 0 -1 0 -1 0 -1 0 -1 0 -1 0 -1 0 -1 0 -1 0 -1 0 -1 0 -1 0 -1 0 -1 0 -1 0 -1 0 -1 0 -1 0 -1 0 -1 0 -1 0 -1 0 -1 0 -1 0 -1 0 -1 0 -1 0 -1 0 -1 0 -1 0 -1 0 -1 0 -1 0 -1 0 -1 0 -1 0 -1 0 -1 0 -1 0 -1 0 -1 0 -1 0 -1 0 
  12 10 15 15 0
 0 0 0 0 0 0 0
2586 131072 0 0 0 0 
  0 0 0 0 0 0 0 0 

trp_custom_string_28 Use {!}custom_string_28 0 48 0 0 3 0 0
  -1 0 -1 0 -1 0 -1 0 -1 0 -1 0 -1 0 -1 0 -1 0 -1 0 -1 0 -1 0 -1 0 -1 0 -1 0 -1 0 -1 0 -1 0 -1 0 -1 0 -1 0 -1 0 -1 0 -1 0 -1 0 -1 0 -1 0 -1 0 -1 0 -1 0 -1 0 -1 0 -1 0 -1 0 -1 0 -1 0 -1 0 -1 0 -1 0 -1 0 -1 0 -1 0 -1 0 -1 0 -1 0 -1 0 -1 0 -1 0 -1 0 -1 0 -1 0 -1 0 -1 0 -1 0 -1 0 -1 0 -1 0 -1 0 -1 0 -1 0 -1 0 -1 0 -1 0 -1 0 
  12 10 15 15 0
 0 0 0 0 0 0 0
2586 131072 0 0 0 0 
  0 0 0 0 0 0 0 0 

trp_custom_string_29 Use {!}custom_string_29 0 48 0 0 3 0 0
  -1 0 -1 0 -1 0 -1 0 -1 0 -1 0 -1 0 -1 0 -1 0 -1 0 -1 0 -1 0 -1 0 -1 0 -1 0 -1 0 -1 0 -1 0 -1 0 -1 0 -1 0 -1 0 -1 0 -1 0 -1 0 -1 0 -1 0 -1 0 -1 0 -1 0 -1 0 -1 0 -1 0 -1 0 -1 0 -1 0 -1 0 -1 0 -1 0 -1 0 -1 0 -1 0 -1 0 -1 0 -1 0 -1 0 -1 0 -1 0 -1 0 -1 0 -1 0 -1 0 -1 0 -1 0 -1 0 -1 0 -1 0 -1 0 -1 0 -1 0 -1 0 -1 0 -1 0 -1 0 
  12 10 15 15 0
 0 0 0 0 0 0 0
2586 131072 0 0 0 0 
  0 0 0 0 0 0 0 0 

trp_custom_string_30 Use {!}custom_string_30 0 48 0 0 3 0 0
  -1 0 -1 0 -1 0 -1 0 -1 0 -1 0 -1 0 -1 0 -1 0 -1 0 -1 0 -1 0 -1 0 -1 0 -1 0 -1 0 -1 0 -1 0 -1 0 -1 0 -1 0 -1 0 -1 0 -1 0 -1 0 -1 0 -1 0 -1 0 -1 0 -1 0 -1 0 -1 0 -1 0 -1 0 -1 0 -1 0 -1 0 -1 0 -1 0 -1 0 -1 0 -1 0 -1 0 -1 0 -1 0 -1 0 -1 0 -1 0 -1 0 -1 0 -1 0 -1 0 -1 0 -1 0 -1 0 -1 0 -1 0 -1 0 -1 0 -1 0 -1 0 -1 0 -1 0 -1 0 
  12 10 15 15 0
 0 0 0 0 0 0 0
2586 131072 0 0 0 0 
  0 0 0 0 0 0 0 0 

trp_custom_string_31 Use {!}custom_string_31 0 48 0 0 3 0 0
  -1 0 -1 0 -1 0 -1 0 -1 0 -1 0 -1 0 -1 0 -1 0 -1 0 -1 0 -1 0 -1 0 -1 0 -1 0 -1 0 -1 0 -1 0 -1 0 -1 0 -1 0 -1 0 -1 0 -1 0 -1 0 -1 0 -1 0 -1 0 -1 0 -1 0 -1 0 -1 0 -1 0 -1 0 -1 0 -1 0 -1 0 -1 0 -1 0 -1 0 -1 0 -1 0 -1 0 -1 0 -1 0 -1 0 -1 0 -1 0 -1 0 -1 0 -1 0 -1 0 -1 0 -1 0 -1 0 -1 0 -1 0 -1 0 -1 0 -1 0 -1 0 -1 0 -1 0 -1 0 
  12 10 15 15 0
 0 0 0 0 0 0 0
2586 131072 0 0 0 0 
  0 0 0 0 0 0 0 0 

trp_custom_string_32 Use {!}custom_string_32 0 48 0 0 3 0 0
  -1 0 -1 0 -1 0 -1 0 -1 0 -1 0 -1 0 -1 0 -1 0 -1 0 -1 0 -1 0 -1 0 -1 0 -1 0 -1 0 -1 0 -1 0 -1 0 -1 0 -1 0 -1 0 -1 0 -1 0 -1 0 -1 0 -1 0 -1 0 -1 0 -1 0 -1 0 -1 0 -1 0 -1 0 -1 0 -1 0 -1 0 -1 0 -1 0 -1 0 -1 0 -1 0 -1 0 -1 0 -1 0 -1 0 -1 0 -1 0 -1 0 -1 0 -1 0 -1 0 -1 0 -1 0 -1 0 -1 0 -1 0 -1 0 -1 0 -1 0 -1 0 -1 0 -1 0 -1 0 
  12 10 15 15 0
 0 0 0 0 0 0 0
2586 131072 0 0 0 0 
  0 0 0 0 0 0 0 0 

trp_custom_string_33 Use {!}custom_string_33 0 48 0 0 3 0 0
  -1 0 -1 0 -1 0 -1 0 -1 0 -1 0 -1 0 -1 0 -1 0 -1 0 -1 0 -1 0 -1 0 -1 0 -1 0 -1 0 -1 0 -1 0 -1 0 -1 0 -1 0 -1 0 -1 0 -1 0 -1 0 -1 0 -1 0 -1 0 -1 0 -1 0 -1 0 -1 0 -1 0 -1 0 -1 0 -1 0 -1 0 -1 0 -1 0 -1 0 -1 0 -1 0 -1 0 -1 0 -1 0 -1 0 -1 0 -1 0 -1 0 -1 0 -1 0 -1 0 -1 0 -1 0 -1 0 -1 0 -1 0 -1 0 -1 0 -1 0 -1 0 -1 0 -1 0 -1 0 
  12 10 15 15 0
 0 0 0 0 0 0 0
2586 131072 0 0 0 0 
  0 0 0 0 0 0 0 0 

trp_custom_string_34 Use {!}custom_string_34 0 48 0 0 3 0 0
  -1 0 -1 0 -1 0 -1 0 -1 0 -1 0 -1 0 -1 0 -1 0 -1 0 -1 0 -1 0 -1 0 -1 0 -1 0 -1 0 -1 0 -1 0 -1 0 -1 0 -1 0 -1 0 -1 0 -1 0 -1 0 -1 0 -1 0 -1 0 -1 0 -1 0 -1 0 -1 0 -1 0 -1 0 -1 0 -1 0 -1 0 -1 0 -1 0 -1 0 -1 0 -1 0 -1 0 -1 0 -1 0 -1 0 -1 0 -1 0 -1 0 -1 0 -1 0 -1 0 -1 0 -1 0 -1 0 -1 0 -1 0 -1 0 -1 0 -1 0 -1 0 -1 0 -1 0 -1 0 
  12 10 15 15 0
 0 0 0 0 0 0 0
2586 131072 0 0 0 0 
  0 0 0 0 0 0 0 0 

trp_custom_string_35 Use {!}custom_string_35 0 48 0 0 3 0 0
  -1 0 -1 0 -1 0 -1 0 -1 0 -1 0 -1 0 -1 0 -1 0 -1 0 -1 0 -1 0 -1 0 -1 0 -1 0 -1 0 -1 0 -1 0 -1 0 -1 0 -1 0 -1 0 -1 0 -1 0 -1 0 -1 0 -1 0 -1 0 -1 0 -1 0 -1 0 -1 0 -1 0 -1 0 -1 0 -1 0 -1 0 -1 0 -1 0 -1 0 -1 0 -1 0 -1 0 -1 0 -1 0 -1 0 -1 0 -1 0 -1 0 -1 0 -1 0 -1 0 -1 0 -1 0 -1 0 -1 0 -1 0 -1 0 -1 0 -1 0 -1 0 -1 0 -1 0 -1 0 
  12 10 15 15 0
 0 0 0 0 0 0 0
2586 131072 0 0 0 0 
  0 0 0 0 0 0 0 0 

trp_custom_string_36 Use {!}custom_string_36 0 48 0 0 3 0 0
  -1 0 -1 0 -1 0 -1 0 -1 0 -1 0 -1 0 -1 0 -1 0 -1 0 -1 0 -1 0 -1 0 -1 0 -1 0 -1 0 -1 0 -1 0 -1 0 -1 0 -1 0 -1 0 -1 0 -1 0 -1 0 -1 0 -1 0 -1 0 -1 0 -1 0 -1 0 -1 0 -1 0 -1 0 -1 0 -1 0 -1 0 -1 0 -1 0 -1 0 -1 0 -1 0 -1 0 -1 0 -1 0 -1 0 -1 0 -1 0 -1 0 -1 0 -1 0 -1 0 -1 0 -1 0 -1 0 -1 0 -1 0 -1 0 -1 0 -1 0 -1 0 -1 0 -1 0 -1 0 
  12 10 15 15 0
 0 0 0 0 0 0 0
2586 131072 0 0 0 0 
  0 0 0 0 0 0 0 0 

trp_custom_string_37 Use {!}custom_string_37 0 48 0 0 3 0 0
  -1 0 -1 0 -1 0 -1 0 -1 0 -1 0 -1 0 -1 0 -1 0 -1 0 -1 0 -1 0 -1 0 -1 0 -1 0 -1 0 -1 0 -1 0 -1 0 -1 0 -1 0 -1 0 -1 0 -1 0 -1 0 -1 0 -1 0 -1 0 -1 0 -1 0 -1 0 -1 0 -1 0 -1 0 -1 0 -1 0 -1 0 -1 0 -1 0 -1 0 -1 0 -1 0 -1 0 -1 0 -1 0 -1 0 -1 0 -1 0 -1 0 -1 0 -1 0 -1 0 -1 0 -1 0 -1 0 -1 0 -1 0 -1 0 -1 0 -1 0 -1 0 -1 0 -1 0 -1 0 
  12 10 15 15 0
 0 0 0 0 0 0 0
2586 131072 0 0 0 0 
  0 0 0 0 0 0 0 0 

trp_custom_string_38 Use {!}custom_string_38 0 48 0 0 3 0 0
  -1 0 -1 0 -1 0 -1 0 -1 0 -1 0 -1 0 -1 0 -1 0 -1 0 -1 0 -1 0 -1 0 -1 0 -1 0 -1 0 -1 0 -1 0 -1 0 -1 0 -1 0 -1 0 -1 0 -1 0 -1 0 -1 0 -1 0 -1 0 -1 0 -1 0 -1 0 -1 0 -1 0 -1 0 -1 0 -1 0 -1 0 -1 0 -1 0 -1 0 -1 0 -1 0 -1 0 -1 0 -1 0 -1 0 -1 0 -1 0 -1 0 -1 0 -1 0 -1 0 -1 0 -1 0 -1 0 -1 0 -1 0 -1 0 -1 0 -1 0 -1 0 -1 0 -1 0 -1 0 
  12 10 15 15 0
 0 0 0 0 0 0 0
2586 131072 0 0 0 0 
  0 0 0 0 0 0 0 0 

trp_custom_string_39 Use {!}custom_string_39 0 48 0 0 3 0 0
  -1 0 -1 0 -1 0 -1 0 -1 0 -1 0 -1 0 -1 0 -1 0 -1 0 -1 0 -1 0 -1 0 -1 0 -1 0 -1 0 -1 0 -1 0 -1 0 -1 0 -1 0 -1 0 -1 0 -1 0 -1 0 -1 0 -1 0 -1 0 -1 0 -1 0 -1 0 -1 0 -1 0 -1 0 -1 0 -1 0 -1 0 -1 0 -1 0 -1 0 -1 0 -1 0 -1 0 -1 0 -1 0 -1 0 -1 0 -1 0 -1 0 -1 0 -1 0 -1 0 -1 0 -1 0 -1 0 -1 0 -1 0 -1 0 -1 0 -1 0 -1 0 -1 0 -1 0 -1 0 
  12 10 15 15 0
 0 0 0 0 0 0 0
2586 131072 0 0 0 0 
  0 0 0 0 0 0 0 0 

trp_custom_string_40 Use {!}custom_string_40 0 48 0 0 3 0 0
  -1 0 -1 0 -1 0 -1 0 -1 0 -1 0 -1 0 -1 0 -1 0 -1 0 -1 0 -1 0 -1 0 -1 0 -1 0 -1 0 -1 0 -1 0 -1 0 -1 0 -1 0 -1 0 -1 0 -1 0 -1 0 -1 0 -1 0 -1 0 -1 0 -1 0 -1 0 -1 0 -1 0 -1 0 -1 0 -1 0 -1 0 -1 0 -1 0 -1 0 -1 0 -1 0 -1 0 -1 0 -1 0 -1 0 -1 0 -1 0 -1 0 -1 0 -1 0 -1 0 -1 0 -1 0 -1 0 -1 0 -1 0 -1 0 -1 0 -1 0 -1 0 -1 0 -1 0 -1 0 
  12 10 15 15 0
 0 0 0 0 0 0 0
2586 131072 0 0 0 0 
  0 0 0 0 0 0 0 0 

trp_custom_string_last_wisper_received Use {!}custom_string_last_wisper_received 0 48 0 0 3 0 0
  -1 0 -1 0 -1 0 -1 0 -1 0 -1 0 -1 0 -1 0 -1 0 -1 0 -1 0 -1 0 -1 0 -1 0 -1 0 -1 0 -1 0 -1 0 -1 0 -1 0 -1 0 -1 0 -1 0 -1 0 -1 0 -1 0 -1 0 -1 0 -1 0 -1 0 -1 0 -1 0 -1 0 -1 0 -1 0 -1 0 -1 0 -1 0 -1 0 -1 0 -1 0 -1 0 -1 0 -1 0 -1 0 -1 0 -1 0 -1 0 -1 0 -1 0 -1 0 -1 0 -1 0 -1 0 -1 0 -1 0 -1 0 -1 0 -1 0 -1 0 -1 0 -1 0 -1 0 -1 0 
  12 10 15 15 0
 0 0 0 0 0 0 0
2586 131072 0 0 0 0 
  0 0 0 0 0 0 0 0 

trp_custom_string_last_wisper_sent Use {!}custom_string_last_wisper_sent 0 48 0 0 3 0 0
  -1 0 -1 0 -1 0 -1 0 -1 0 -1 0 -1 0 -1 0 -1 0 -1 0 -1 0 -1 0 -1 0 -1 0 -1 0 -1 0 -1 0 -1 0 -1 0 -1 0 -1 0 -1 0 -1 0 -1 0 -1 0 -1 0 -1 0 -1 0 -1 0 -1 0 -1 0 -1 0 -1 0 -1 0 -1 0 -1 0 -1 0 -1 0 -1 0 -1 0 -1 0 -1 0 -1 0 -1 0 -1 0 -1 0 -1 0 -1 0 -1 0 -1 0 -1 0 -1 0 -1 0 -1 0 -1 0 -1 0 -1 0 -1 0 -1 0 -1 0 -1 0 -1 0 -1 0 -1 0 
  12 10 15 15 0
 0 0 0 0 0 0 0
2586 131072 0 0 0 0 
  0 0 0 0 0 0 0 0 

trp_custom_string_last_admin_silent_chat_received Use {!}custom_string_last_admin_silent_chat_received 0 48 0 0 3 0 0
  -1 0 -1 0 -1 0 -1 0 -1 0 -1 0 -1 0 -1 0 -1 0 -1 0 -1 0 -1 0 -1 0 -1 0 -1 0 -1 0 -1 0 -1 0 -1 0 -1 0 -1 0 -1 0 -1 0 -1 0 -1 0 -1 0 -1 0 -1 0 -1 0 -1 0 -1 0 -1 0 -1 0 -1 0 -1 0 -1 0 -1 0 -1 0 -1 0 -1 0 -1 0 -1 0 -1 0 -1 0 -1 0 -1 0 -1 0 -1 0 -1 0 -1 0 -1 0 -1 0 -1 0 -1 0 -1 0 -1 0 -1 0 -1 0 -1 0 -1 0 -1 0 -1 0 -1 0 -1 0 
  12 10 15 15 0
 0 0 0 0 0 0 0
2586 131072 0 0 0 0 
  0 0 0 0 0 0 0 0 

trp_custom_string_last_admin_silent_chat_sent Use {!}custom_string_last_admin_silent_chat_sent 0 48 0 0 3 0 0
  -1 0 -1 0 -1 0 -1 0 -1 0 -1 0 -1 0 -1 0 -1 0 -1 0 -1 0 -1 0 -1 0 -1 0 -1 0 -1 0 -1 0 -1 0 -1 0 -1 0 -1 0 -1 0 -1 0 -1 0 -1 0 -1 0 -1 0 -1 0 -1 0 -1 0 -1 0 -1 0 -1 0 -1 0 -1 0 -1 0 -1 0 -1 0 -1 0 -1 0 -1 0 -1 0 -1 0 -1 0 -1 0 -1 0 -1 0 -1 0 -1 0 -1 0 -1 0 -1 0 -1 0 -1 0 -1 0 -1 0 -1 0 -1 0 -1 0 -1 0 -1 0 -1 0 -1 0 -1 0 
  12 10 15 15 0
 0 0 0 0 0 0 0
2586 131072 0 0 0 0 
  0 0 0 0 0 0 0 0 

trp_custom_string_last_officer_chat_received Use {!}custom_string_last_officer_chat_received 0 48 0 0 3 0 0
  -1 0 -1 0 -1 0 -1 0 -1 0 -1 0 -1 0 -1 0 -1 0 -1 0 -1 0 -1 0 -1 0 -1 0 -1 0 -1 0 -1 0 -1 0 -1 0 -1 0 -1 0 -1 0 -1 0 -1 0 -1 0 -1 0 -1 0 -1 0 -1 0 -1 0 -1 0 -1 0 -1 0 -1 0 -1 0 -1 0 -1 0 -1 0 -1 0 -1 0 -1 0 -1 0 -1 0 -1 0 -1 0 -1 0 -1 0 -1 0 -1 0 -1 0 -1 0 -1 0 -1 0 -1 0 -1 0 -1 0 -1 0 -1 0 -1 0 -1 0 -1 0 -1 0 -1 0 -1 0 
  12 10 15 15 0
 0 0 0 0 0 0 0
2586 131072 0 0 0 0 
  0 0 0 0 0 0 0 0 

trp_custom_string_last_officer_chat_sent Use {!}custom_string_last_officer_chat_sent 0 48 0 0 3 0 0
  -1 0 -1 0 -1 0 -1 0 -1 0 -1 0 -1 0 -1 0 -1 0 -1 0 -1 0 -1 0 -1 0 -1 0 -1 0 -1 0 -1 0 -1 0 -1 0 -1 0 -1 0 -1 0 -1 0 -1 0 -1 0 -1 0 -1 0 -1 0 -1 0 -1 0 -1 0 -1 0 -1 0 -1 0 -1 0 -1 0 -1 0 -1 0 -1 0 -1 0 -1 0 -1 0 -1 0 -1 0 -1 0 -1 0 -1 0 -1 0 -1 0 -1 0 -1 0 -1 0 -1 0 -1 0 -1 0 -1 0 -1 0 -1 0 -1 0 -1 0 -1 0 -1 0 -1 0 -1 0 
  12 10 15 15 0
 0 0 0 0 0 0 0
2586 131072 0 0 0 0 
  0 0 0 0 0 0 0 0 

trp_custom_string_last_local_chat_received Use {!}custom_string_last_local_chat_received 0 48 0 0 3 0 0
  -1 0 -1 0 -1 0 -1 0 -1 0 -1 0 -1 0 -1 0 -1 0 -1 0 -1 0 -1 0 -1 0 -1 0 -1 0 -1 0 -1 0 -1 0 -1 0 -1 0 -1 0 -1 0 -1 0 -1 0 -1 0 -1 0 -1 0 -1 0 -1 0 -1 0 -1 0 -1 0 -1 0 -1 0 -1 0 -1 0 -1 0 -1 0 -1 0 -1 0 -1 0 -1 0 -1 0 -1 0 -1 0 -1 0 -1 0 -1 0 -1 0 -1 0 -1 0 -1 0 -1 0 -1 0 -1 0 -1 0 -1 0 -1 0 -1 0 -1 0 -1 0 -1 0 -1 0 -1 0 
  12 10 15 15 0
 0 0 0 0 0 0 0
2586 131072 0 0 0 0 
  0 0 0 0 0 0 0 0 

trp_custom_string_last_local_chat_sent Use {!}custom_string_last_local_chat_sent 0 48 0 0 3 0 0
  -1 0 -1 0 -1 0 -1 0 -1 0 -1 0 -1 0 -1 0 -1 0 -1 0 -1 0 -1 0 -1 0 -1 0 -1 0 -1 0 -1 0 -1 0 -1 0 -1 0 -1 0 -1 0 -1 0 -1 0 -1 0 -1 0 -1 0 -1 0 -1 0 -1 0 -1 0 -1 0 -1 0 -1 0 -1 0 -1 0 -1 0 -1 0 -1 0 -1 0 -1 0 -1 0 -1 0 -1 0 -1 0 -1 0 -1 0 -1 0 -1 0 -1 0 -1 0 -1 0 -1 0 -1 0 -1 0 -1 0 -1 0 -1 0 -1 0 -1 0 -1 0 -1 0 -1 0 -1 0 
  12 10 15 15 0
 0 0 0 0 0 0 0
2586 131072 0 0 0 0 
  0 0 0 0 0 0 0 0 

trp_custom_string_clipboard Use {!}custom_string_clipboard 0 48 0 0 3 0 0
  -1 0 -1 0 -1 0 -1 0 -1 0 -1 0 -1 0 -1 0 -1 0 -1 0 -1 0 -1 0 -1 0 -1 0 -1 0 -1 0 -1 0 -1 0 -1 0 -1 0 -1 0 -1 0 -1 0 -1 0 -1 0 -1 0 -1 0 -1 0 -1 0 -1 0 -1 0 -1 0 -1 0 -1 0 -1 0 -1 0 -1 0 -1 0 -1 0 -1 0 -1 0 -1 0 -1 0 -1 0 -1 0 -1 0 -1 0 -1 0 -1 0 -1 0 -1 0 -1 0 -1 0 -1 0 -1 0 -1 0 -1 0 -1 0 -1 0 -1 0 -1 0 -1 0 -1 0 -1 0 
  12 10 15 15 0
 0 0 0 0 0 0 0
2586 131072 0 0 0 0 
  0 0 0 0 0 0 0 0 

trp_custom_strings_end {!}custom_strings_end {!}custom_strings_end 0 0 0 0 10 0 0
  -1 0 -1 0 -1 0 -1 0 -1 0 -1 0 -1 0 -1 0 -1 0 -1 0 -1 0 -1 0 -1 0 -1 0 -1 0 -1 0 -1 0 -1 0 -1 0 -1 0 -1 0 -1 0 -1 0 -1 0 -1 0 -1 0 -1 0 -1 0 -1 0 -1 0 -1 0 -1 0 -1 0 -1 0 -1 0 -1 0 -1 0 -1 0 -1 0 -1 0 -1 0 -1 0 -1 0 -1 0 -1 0 -1 0 -1 0 -1 0 -1 0 -1 0 -1 0 -1 0 -1 0 -1 0 -1 0 -1 0 -1 0 -1 0 -1 0 -1 0 -1 0 -1 0 -1 0 -1 0 
  0 0 0 0 0
 0 0 0 0 0 0 0
0 0 0 0 0 0 
  0 0 0 0 0 0 0 0 

trp_flag_custom_strings_dummy {!}flag_custom_strings_dummy {!}flag_custom_strings_dummy 0 48 0 0 3 0 0
  -1 0 -1 0 -1 0 -1 0 -1 0 -1 0 -1 0 -1 0 -1 0 -1 0 -1 0 -1 0 -1 0 -1 0 -1 0 -1 0 -1 0 -1 0 -1 0 -1 0 -1 0 -1 0 -1 0 -1 0 -1 0 -1 0 -1 0 -1 0 -1 0 -1 0 -1 0 -1 0 -1 0 -1 0 -1 0 -1 0 -1 0 -1 0 -1 0 -1 0 -1 0 -1 0 -1 0 -1 0 -1 0 -1 0 -1 0 -1 0 -1 0 -1 0 -1 0 -1 0 -1 0 -1 0 -1 0 -1 0 -1 0 -1 0 -1 0 -1 0 -1 0 -1 0 -1 0 -1 0 
  12 10 15 15 0
 0 0 0 0 0 0 0
2586 131072 0 0 0 0 
  0 0 0 0 0 0 0 0 

trp_regiment_start Use {!}regiment_start 0 48 0 0 3 0 0
  -1 0 -1 0 -1 0 -1 0 -1 0 -1 0 -1 0 -1 0 -1 0 -1 0 -1 0 -1 0 -1 0 -1 0 -1 0 -1 0 -1 0 -1 0 -1 0 -1 0 -1 0 -1 0 -1 0 -1 0 -1 0 -1 0 -1 0 -1 0 -1 0 -1 0 -1 0 -1 0 -1 0 -1 0 -1 0 -1 0 -1 0 -1 0 -1 0 -1 0 -1 0 -1 0 -1 0 -1 0 -1 0 -1 0 -1 0 -1 0 -1 0 -1 0 -1 0 -1 0 -1 0 -1 0 -1 0 -1 0 -1 0 -1 0 -1 0 -1 0 -1 0 -1 0 -1 0 -1 0 
  12 10 15 15 0
 0 0 0 0 0 0 0
2586 131072 0 0 0 0 
  0 0 0 0 0 0 0 0 

trp_regiment_fr1 Use {!}regiment_FR1 0 48 0 0 3 0 0
  -1 0 -1 0 -1 0 -1 0 -1 0 -1 0 -1 0 -1 0 -1 0 -1 0 -1 0 -1 0 -1 0 -1 0 -1 0 -1 0 -1 0 -1 0 -1 0 -1 0 -1 0 -1 0 -1 0 -1 0 -1 0 -1 0 -1 0 -1 0 -1 0 -1 0 -1 0 -1 0 -1 0 -1 0 -1 0 -1 0 -1 0 -1 0 -1 0 -1 0 -1 0 -1 0 -1 0 -1 0 -1 0 -1 0 -1 0 -1 0 -1 0 -1 0 -1 0 -1 0 -1 0 -1 0 -1 0 -1 0 -1 0 -1 0 -1 0 -1 0 -1 0 -1 0 -1 0 -1 0 
  12 10 15 15 0
 0 0 0 0 0 0 0
2586 131072 0 0 0 0 
  0 0 0 0 0 0 0 0 

trp_regiment_fr2 Use {!}regiment_FR2 0 48 0 0 3 0 0
  -1 0 -1 0 -1 0 -1 0 -1 0 -1 0 -1 0 -1 0 -1 0 -1 0 -1 0 -1 0 -1 0 -1 0 -1 0 -1 0 -1 0 -1 0 -1 0 -1 0 -1 0 -1 0 -1 0 -1 0 -1 0 -1 0 -1 0 -1 0 -1 0 -1 0 -1 0 -1 0 -1 0 -1 0 -1 0 -1 0 -1 0 -1 0 -1 0 -1 0 -1 0 -1 0 -1 0 -1 0 -1 0 -1 0 -1 0 -1 0 -1 0 -1 0 -1 0 -1 0 -1 0 -1 0 -1 0 -1 0 -1 0 -1 0 -1 0 -1 0 -1 0 -1 0 -1 0 -1 0 
  12 10 15 15 0
 0 0 0 0 0 0 0
2586 131072 0 0 0 0 
  0 0 0 0 0 0 0 0 

trp_regiment_fr3 Use {!}regiment_FR3 0 48 0 0 3 0 0
  -1 0 -1 0 -1 0 -1 0 -1 0 -1 0 -1 0 -1 0 -1 0 -1 0 -1 0 -1 0 -1 0 -1 0 -1 0 -1 0 -1 0 -1 0 -1 0 -1 0 -1 0 -1 0 -1 0 -1 0 -1 0 -1 0 -1 0 -1 0 -1 0 -1 0 -1 0 -1 0 -1 0 -1 0 -1 0 -1 0 -1 0 -1 0 -1 0 -1 0 -1 0 -1 0 -1 0 -1 0 -1 0 -1 0 -1 0 -1 0 -1 0 -1 0 -1 0 -1 0 -1 0 -1 0 -1 0 -1 0 -1 0 -1 0 -1 0 -1 0 -1 0 -1 0 -1 0 -1 0 
  12 10 15 15 0
 0 0 0 0 0 0 0
2586 131072 0 0 0 0 
  0 0 0 0 0 0 0 0 

trp_regiment_fr4 Use {!}regiment_FR4 0 48 0 0 3 0 0
  -1 0 -1 0 -1 0 -1 0 -1 0 -1 0 -1 0 -1 0 -1 0 -1 0 -1 0 -1 0 -1 0 -1 0 -1 0 -1 0 -1 0 -1 0 -1 0 -1 0 -1 0 -1 0 -1 0 -1 0 -1 0 -1 0 -1 0 -1 0 -1 0 -1 0 -1 0 -1 0 -1 0 -1 0 -1 0 -1 0 -1 0 -1 0 -1 0 -1 0 -1 0 -1 0 -1 0 -1 0 -1 0 -1 0 -1 0 -1 0 -1 0 -1 0 -1 0 -1 0 -1 0 -1 0 -1 0 -1 0 -1 0 -1 0 -1 0 -1 0 -1 0 -1 0 -1 0 -1 0 
  12 10 15 15 0
 0 0 0 0 0 0 0
2586 131072 0 0 0 0 
  0 0 0 0 0 0 0 0 

trp_regiment_fr5 Use {!}regiment_FR5 0 48 0 0 3 0 0
  -1 0 -1 0 -1 0 -1 0 -1 0 -1 0 -1 0 -1 0 -1 0 -1 0 -1 0 -1 0 -1 0 -1 0 -1 0 -1 0 -1 0 -1 0 -1 0 -1 0 -1 0 -1 0 -1 0 -1 0 -1 0 -1 0 -1 0 -1 0 -1 0 -1 0 -1 0 -1 0 -1 0 -1 0 -1 0 -1 0 -1 0 -1 0 -1 0 -1 0 -1 0 -1 0 -1 0 -1 0 -1 0 -1 0 -1 0 -1 0 -1 0 -1 0 -1 0 -1 0 -1 0 -1 0 -1 0 -1 0 -1 0 -1 0 -1 0 -1 0 -1 0 -1 0 -1 0 -1 0 
  12 10 15 15 0
 0 0 0 0 0 0 0
2586 131072 0 0 0 0 
  0 0 0 0 0 0 0 0 

trp_regiment_fr6 Use {!}regiment_FR6 0 48 0 0 3 0 0
  -1 0 -1 0 -1 0 -1 0 -1 0 -1 0 -1 0 -1 0 -1 0 -1 0 -1 0 -1 0 -1 0 -1 0 -1 0 -1 0 -1 0 -1 0 -1 0 -1 0 -1 0 -1 0 -1 0 -1 0 -1 0 -1 0 -1 0 -1 0 -1 0 -1 0 -1 0 -1 0 -1 0 -1 0 -1 0 -1 0 -1 0 -1 0 -1 0 -1 0 -1 0 -1 0 -1 0 -1 0 -1 0 -1 0 -1 0 -1 0 -1 0 -1 0 -1 0 -1 0 -1 0 -1 0 -1 0 -1 0 -1 0 -1 0 -1 0 -1 0 -1 0 -1 0 -1 0 -1 0 
  12 10 15 15 0
 0 0 0 0 0 0 0
2586 131072 0 0 0 0 
  0 0 0 0 0 0 0 0 

trp_regiment_fr7 Use {!}regiment_FR7 0 48 0 0 3 0 0
  -1 0 -1 0 -1 0 -1 0 -1 0 -1 0 -1 0 -1 0 -1 0 -1 0 -1 0 -1 0 -1 0 -1 0 -1 0 -1 0 -1 0 -1 0 -1 0 -1 0 -1 0 -1 0 -1 0 -1 0 -1 0 -1 0 -1 0 -1 0 -1 0 -1 0 -1 0 -1 0 -1 0 -1 0 -1 0 -1 0 -1 0 -1 0 -1 0 -1 0 -1 0 -1 0 -1 0 -1 0 -1 0 -1 0 -1 0 -1 0 -1 0 -1 0 -1 0 -1 0 -1 0 -1 0 -1 0 -1 0 -1 0 -1 0 -1 0 -1 0 -1 0 -1 0 -1 0 -1 0 
  12 10 15 15 0
 0 0 0 0 0 0 0
2586 131072 0 0 0 0 
  0 0 0 0 0 0 0 0 

trp_regiment_fr8 Use {!}regiment_FR8 0 48 0 0 3 0 0
  -1 0 -1 0 -1 0 -1 0 -1 0 -1 0 -1 0 -1 0 -1 0 -1 0 -1 0 -1 0 -1 0 -1 0 -1 0 -1 0 -1 0 -1 0 -1 0 -1 0 -1 0 -1 0 -1 0 -1 0 -1 0 -1 0 -1 0 -1 0 -1 0 -1 0 -1 0 -1 0 -1 0 -1 0 -1 0 -1 0 -1 0 -1 0 -1 0 -1 0 -1 0 -1 0 -1 0 -1 0 -1 0 -1 0 -1 0 -1 0 -1 0 -1 0 -1 0 -1 0 -1 0 -1 0 -1 0 -1 0 -1 0 -1 0 -1 0 -1 0 -1 0 -1 0 -1 0 -1 0 
  12 10 15 15 0
 0 0 0 0 0 0 0
2586 131072 0 0 0 0 
  0 0 0 0 0 0 0 0 

trp_regiment_fr9 Use {!}regiment_FR9 0 48 0 0 3 0 0
  -1 0 -1 0 -1 0 -1 0 -1 0 -1 0 -1 0 -1 0 -1 0 -1 0 -1 0 -1 0 -1 0 -1 0 -1 0 -1 0 -1 0 -1 0 -1 0 -1 0 -1 0 -1 0 -1 0 -1 0 -1 0 -1 0 -1 0 -1 0 -1 0 -1 0 -1 0 -1 0 -1 0 -1 0 -1 0 -1 0 -1 0 -1 0 -1 0 -1 0 -1 0 -1 0 -1 0 -1 0 -1 0 -1 0 -1 0 -1 0 -1 0 -1 0 -1 0 -1 0 -1 0 -1 0 -1 0 -1 0 -1 0 -1 0 -1 0 -1 0 -1 0 -1 0 -1 0 -1 0 
  12 10 15 15 0
 0 0 0 0 0 0 0
2586 131072 0 0 0 0 
  0 0 0 0 0 0 0 0 

trp_regiment_fr10 Use {!}regiment_FR10 0 48 0 0 3 0 0
  -1 0 -1 0 -1 0 -1 0 -1 0 -1 0 -1 0 -1 0 -1 0 -1 0 -1 0 -1 0 -1 0 -1 0 -1 0 -1 0 -1 0 -1 0 -1 0 -1 0 -1 0 -1 0 -1 0 -1 0 -1 0 -1 0 -1 0 -1 0 -1 0 -1 0 -1 0 -1 0 -1 0 -1 0 -1 0 -1 0 -1 0 -1 0 -1 0 -1 0 -1 0 -1 0 -1 0 -1 0 -1 0 -1 0 -1 0 -1 0 -1 0 -1 0 -1 0 -1 0 -1 0 -1 0 -1 0 -1 0 -1 0 -1 0 -1 0 -1 0 -1 0 -1 0 -1 0 -1 0 
  12 10 15 15 0
 0 0 0 0 0 0 0
2586 131072 0 0 0 0 
  0 0 0 0 0 0 0 0 

trp_regiment_fr11 Use {!}regiment_FR11 0 48 0 0 3 0 0
  -1 0 -1 0 -1 0 -1 0 -1 0 -1 0 -1 0 -1 0 -1 0 -1 0 -1 0 -1 0 -1 0 -1 0 -1 0 -1 0 -1 0 -1 0 -1 0 -1 0 -1 0 -1 0 -1 0 -1 0 -1 0 -1 0 -1 0 -1 0 -1 0 -1 0 -1 0 -1 0 -1 0 -1 0 -1 0 -1 0 -1 0 -1 0 -1 0 -1 0 -1 0 -1 0 -1 0 -1 0 -1 0 -1 0 -1 0 -1 0 -1 0 -1 0 -1 0 -1 0 -1 0 -1 0 -1 0 -1 0 -1 0 -1 0 -1 0 -1 0 -1 0 -1 0 -1 0 -1 0 
  12 10 15 15 0
 0 0 0 0 0 0 0
2586 131072 0 0 0 0 
  0 0 0 0 0 0 0 0 

trp_regiment_fr12 Use {!}regiment_FR12 0 48 0 0 3 0 0
  -1 0 -1 0 -1 0 -1 0 -1 0 -1 0 -1 0 -1 0 -1 0 -1 0 -1 0 -1 0 -1 0 -1 0 -1 0 -1 0 -1 0 -1 0 -1 0 -1 0 -1 0 -1 0 -1 0 -1 0 -1 0 -1 0 -1 0 -1 0 -1 0 -1 0 -1 0 -1 0 -1 0 -1 0 -1 0 -1 0 -1 0 -1 0 -1 0 -1 0 -1 0 -1 0 -1 0 -1 0 -1 0 -1 0 -1 0 -1 0 -1 0 -1 0 -1 0 -1 0 -1 0 -1 0 -1 0 -1 0 -1 0 -1 0 -1 0 -1 0 -1 0 -1 0 -1 0 -1 0 
  12 10 15 15 0
 0 0 0 0 0 0 0
2586 131072 0 0 0 0 
  0 0 0 0 0 0 0 0 

trp_regiment_fr13 Use {!}regiment_FR13 0 48 0 0 3 0 0
  -1 0 -1 0 -1 0 -1 0 -1 0 -1 0 -1 0 -1 0 -1 0 -1 0 -1 0 -1 0 -1 0 -1 0 -1 0 -1 0 -1 0 -1 0 -1 0 -1 0 -1 0 -1 0 -1 0 -1 0 -1 0 -1 0 -1 0 -1 0 -1 0 -1 0 -1 0 -1 0 -1 0 -1 0 -1 0 -1 0 -1 0 -1 0 -1 0 -1 0 -1 0 -1 0 -1 0 -1 0 -1 0 -1 0 -1 0 -1 0 -1 0 -1 0 -1 0 -1 0 -1 0 -1 0 -1 0 -1 0 -1 0 -1 0 -1 0 -1 0 -1 0 -1 0 -1 0 -1 0 
  12 10 15 15 0
 0 0 0 0 0 0 0
2586 131072 0 0 0 0 
  0 0 0 0 0 0 0 0 

trp_regiment_fr14 Use {!}regiment_FR14 0 48 0 0 3 0 0
  -1 0 -1 0 -1 0 -1 0 -1 0 -1 0 -1 0 -1 0 -1 0 -1 0 -1 0 -1 0 -1 0 -1 0 -1 0 -1 0 -1 0 -1 0 -1 0 -1 0 -1 0 -1 0 -1 0 -1 0 -1 0 -1 0 -1 0 -1 0 -1 0 -1 0 -1 0 -1 0 -1 0 -1 0 -1 0 -1 0 -1 0 -1 0 -1 0 -1 0 -1 0 -1 0 -1 0 -1 0 -1 0 -1 0 -1 0 -1 0 -1 0 -1 0 -1 0 -1 0 -1 0 -1 0 -1 0 -1 0 -1 0 -1 0 -1 0 -1 0 -1 0 -1 0 -1 0 -1 0 
  12 10 15 15 0
 0 0 0 0 0 0 0
2586 131072 0 0 0 0 
  0 0 0 0 0 0 0 0 

trp_regiment_fr15 Use {!}regiment_FR15 0 48 0 0 3 0 0
  -1 0 -1 0 -1 0 -1 0 -1 0 -1 0 -1 0 -1 0 -1 0 -1 0 -1 0 -1 0 -1 0 -1 0 -1 0 -1 0 -1 0 -1 0 -1 0 -1 0 -1 0 -1 0 -1 0 -1 0 -1 0 -1 0 -1 0 -1 0 -1 0 -1 0 -1 0 -1 0 -1 0 -1 0 -1 0 -1 0 -1 0 -1 0 -1 0 -1 0 -1 0 -1 0 -1 0 -1 0 -1 0 -1 0 -1 0 -1 0 -1 0 -1 0 -1 0 -1 0 -1 0 -1 0 -1 0 -1 0 -1 0 -1 0 -1 0 -1 0 -1 0 -1 0 -1 0 -1 0 
  12 10 15 15 0
 0 0 0 0 0 0 0
2586 131072 0 0 0 0 
  0 0 0 0 0 0 0 0 

trp_regiment_fr16 Use {!}regiment_FR16 0 48 0 0 3 0 0
  -1 0 -1 0 -1 0 -1 0 -1 0 -1 0 -1 0 -1 0 -1 0 -1 0 -1 0 -1 0 -1 0 -1 0 -1 0 -1 0 -1 0 -1 0 -1 0 -1 0 -1 0 -1 0 -1 0 -1 0 -1 0 -1 0 -1 0 -1 0 -1 0 -1 0 -1 0 -1 0 -1 0 -1 0 -1 0 -1 0 -1 0 -1 0 -1 0 -1 0 -1 0 -1 0 -1 0 -1 0 -1 0 -1 0 -1 0 -1 0 -1 0 -1 0 -1 0 -1 0 -1 0 -1 0 -1 0 -1 0 -1 0 -1 0 -1 0 -1 0 -1 0 -1 0 -1 0 -1 0 
  12 10 15 15 0
 0 0 0 0 0 0 0
2586 131072 0 0 0 0 
  0 0 0 0 0 0 0 0 

trp_regiment_fr17 Use {!}regiment_FR17 0 48 0 0 3 0 0
  -1 0 -1 0 -1 0 -1 0 -1 0 -1 0 -1 0 -1 0 -1 0 -1 0 -1 0 -1 0 -1 0 -1 0 -1 0 -1 0 -1 0 -1 0 -1 0 -1 0 -1 0 -1 0 -1 0 -1 0 -1 0 -1 0 -1 0 -1 0 -1 0 -1 0 -1 0 -1 0 -1 0 -1 0 -1 0 -1 0 -1 0 -1 0 -1 0 -1 0 -1 0 -1 0 -1 0 -1 0 -1 0 -1 0 -1 0 -1 0 -1 0 -1 0 -1 0 -1 0 -1 0 -1 0 -1 0 -1 0 -1 0 -1 0 -1 0 -1 0 -1 0 -1 0 -1 0 -1 0 
  12 10 15 15 0
 0 0 0 0 0 0 0
2586 131072 0 0 0 0 
  0 0 0 0 0 0 0 0 

trp_regiment_fr18 Use {!}regiment_FR18 0 48 0 0 3 0 0
  -1 0 -1 0 -1 0 -1 0 -1 0 -1 0 -1 0 -1 0 -1 0 -1 0 -1 0 -1 0 -1 0 -1 0 -1 0 -1 0 -1 0 -1 0 -1 0 -1 0 -1 0 -1 0 -1 0 -1 0 -1 0 -1 0 -1 0 -1 0 -1 0 -1 0 -1 0 -1 0 -1 0 -1 0 -1 0 -1 0 -1 0 -1 0 -1 0 -1 0 -1 0 -1 0 -1 0 -1 0 -1 0 -1 0 -1 0 -1 0 -1 0 -1 0 -1 0 -1 0 -1 0 -1 0 -1 0 -1 0 -1 0 -1 0 -1 0 -1 0 -1 0 -1 0 -1 0 -1 0 
  12 10 15 15 0
 0 0 0 0 0 0 0
2586 131072 0 0 0 0 
  0 0 0 0 0 0 0 0 

trp_regiment_fr19 Use {!}regiment_FR19 0 48 0 0 3 0 0
  -1 0 -1 0 -1 0 -1 0 -1 0 -1 0 -1 0 -1 0 -1 0 -1 0 -1 0 -1 0 -1 0 -1 0 -1 0 -1 0 -1 0 -1 0 -1 0 -1 0 -1 0 -1 0 -1 0 -1 0 -1 0 -1 0 -1 0 -1 0 -1 0 -1 0 -1 0 -1 0 -1 0 -1 0 -1 0 -1 0 -1 0 -1 0 -1 0 -1 0 -1 0 -1 0 -1 0 -1 0 -1 0 -1 0 -1 0 -1 0 -1 0 -1 0 -1 0 -1 0 -1 0 -1 0 -1 0 -1 0 -1 0 -1 0 -1 0 -1 0 -1 0 -1 0 -1 0 -1 0 
  12 10 15 15 0
 0 0 0 0 0 0 0
2586 131072 0 0 0 0 
  0 0 0 0 0 0 0 0 

trp_regiment_fr20 Use {!}regiment_FR20 0 48 0 0 3 0 0
  -1 0 -1 0 -1 0 -1 0 -1 0 -1 0 -1 0 -1 0 -1 0 -1 0 -1 0 -1 0 -1 0 -1 0 -1 0 -1 0 -1 0 -1 0 -1 0 -1 0 -1 0 -1 0 -1 0 -1 0 -1 0 -1 0 -1 0 -1 0 -1 0 -1 0 -1 0 -1 0 -1 0 -1 0 -1 0 -1 0 -1 0 -1 0 -1 0 -1 0 -1 0 -1 0 -1 0 -1 0 -1 0 -1 0 -1 0 -1 0 -1 0 -1 0 -1 0 -1 0 -1 0 -1 0 -1 0 -1 0 -1 0 -1 0 -1 0 -1 0 -1 0 -1 0 -1 0 -1 0 
  12 10 15 15 0
 0 0 0 0 0 0 0
2586 131072 0 0 0 0 
  0 0 0 0 0 0 0 0 

trp_regiment_fr21 Use {!}regiment_FR21 0 48 0 0 3 0 0
  -1 0 -1 0 -1 0 -1 0 -1 0 -1 0 -1 0 -1 0 -1 0 -1 0 -1 0 -1 0 -1 0 -1 0 -1 0 -1 0 -1 0 -1 0 -1 0 -1 0 -1 0 -1 0 -1 0 -1 0 -1 0 -1 0 -1 0 -1 0 -1 0 -1 0 -1 0 -1 0 -1 0 -1 0 -1 0 -1 0 -1 0 -1 0 -1 0 -1 0 -1 0 -1 0 -1 0 -1 0 -1 0 -1 0 -1 0 -1 0 -1 0 -1 0 -1 0 -1 0 -1 0 -1 0 -1 0 -1 0 -1 0 -1 0 -1 0 -1 0 -1 0 -1 0 -1 0 -1 0 
  12 10 15 15 0
 0 0 0 0 0 0 0
2586 131072 0 0 0 0 
  0 0 0 0 0 0 0 0 

trp_regiment_fr22 Use {!}regiment_FR22 0 48 0 0 3 0 0
  -1 0 -1 0 -1 0 -1 0 -1 0 -1 0 -1 0 -1 0 -1 0 -1 0 -1 0 -1 0 -1 0 -1 0 -1 0 -1 0 -1 0 -1 0 -1 0 -1 0 -1 0 -1 0 -1 0 -1 0 -1 0 -1 0 -1 0 -1 0 -1 0 -1 0 -1 0 -1 0 -1 0 -1 0 -1 0 -1 0 -1 0 -1 0 -1 0 -1 0 -1 0 -1 0 -1 0 -1 0 -1 0 -1 0 -1 0 -1 0 -1 0 -1 0 -1 0 -1 0 -1 0 -1 0 -1 0 -1 0 -1 0 -1 0 -1 0 -1 0 -1 0 -1 0 -1 0 -1 0 
  12 10 15 15 0
 0 0 0 0 0 0 0
2586 131072 0 0 0 0 
  0 0 0 0 0 0 0 0 

trp_regiment_fr23 Use {!}regiment_FR23 0 48 0 0 3 0 0
  -1 0 -1 0 -1 0 -1 0 -1 0 -1 0 -1 0 -1 0 -1 0 -1 0 -1 0 -1 0 -1 0 -1 0 -1 0 -1 0 -1 0 -1 0 -1 0 -1 0 -1 0 -1 0 -1 0 -1 0 -1 0 -1 0 -1 0 -1 0 -1 0 -1 0 -1 0 -1 0 -1 0 -1 0 -1 0 -1 0 -1 0 -1 0 -1 0 -1 0 -1 0 -1 0 -1 0 -1 0 -1 0 -1 0 -1 0 -1 0 -1 0 -1 0 -1 0 -1 0 -1 0 -1 0 -1 0 -1 0 -1 0 -1 0 -1 0 -1 0 -1 0 -1 0 -1 0 -1 0 
  12 10 15 15 0
 0 0 0 0 0 0 0
2586 131072 0 0 0 0 
  0 0 0 0 0 0 0 0 

trp_regiment_fr24 Use {!}regiment_FR24 0 48 0 0 3 0 0
  -1 0 -1 0 -1 0 -1 0 -1 0 -1 0 -1 0 -1 0 -1 0 -1 0 -1 0 -1 0 -1 0 -1 0 -1 0 -1 0 -1 0 -1 0 -1 0 -1 0 -1 0 -1 0 -1 0 -1 0 -1 0 -1 0 -1 0 -1 0 -1 0 -1 0 -1 0 -1 0 -1 0 -1 0 -1 0 -1 0 -1 0 -1 0 -1 0 -1 0 -1 0 -1 0 -1 0 -1 0 -1 0 -1 0 -1 0 -1 0 -1 0 -1 0 -1 0 -1 0 -1 0 -1 0 -1 0 -1 0 -1 0 -1 0 -1 0 -1 0 -1 0 -1 0 -1 0 -1 0 
  12 10 15 15 0
 0 0 0 0 0 0 0
2586 131072 0 0 0 0 
  0 0 0 0 0 0 0 0 

trp_regiment_fr25 Use {!}regiment_FR25 0 48 0 0 3 0 0
  -1 0 -1 0 -1 0 -1 0 -1 0 -1 0 -1 0 -1 0 -1 0 -1 0 -1 0 -1 0 -1 0 -1 0 -1 0 -1 0 -1 0 -1 0 -1 0 -1 0 -1 0 -1 0 -1 0 -1 0 -1 0 -1 0 -1 0 -1 0 -1 0 -1 0 -1 0 -1 0 -1 0 -1 0 -1 0 -1 0 -1 0 -1 0 -1 0 -1 0 -1 0 -1 0 -1 0 -1 0 -1 0 -1 0 -1 0 -1 0 -1 0 -1 0 -1 0 -1 0 -1 0 -1 0 -1 0 -1 0 -1 0 -1 0 -1 0 -1 0 -1 0 -1 0 -1 0 -1 0 
  12 10 15 15 0
 0 0 0 0 0 0 0
2586 131072 0 0 0 0 
  0 0 0 0 0 0 0 0 

trp_regiment_uk1 Use {!}regiment_UK1 0 48 0 0 3 0 0
  -1 0 -1 0 -1 0 -1 0 -1 0 -1 0 -1 0 -1 0 -1 0 -1 0 -1 0 -1 0 -1 0 -1 0 -1 0 -1 0 -1 0 -1 0 -1 0 -1 0 -1 0 -1 0 -1 0 -1 0 -1 0 -1 0 -1 0 -1 0 -1 0 -1 0 -1 0 -1 0 -1 0 -1 0 -1 0 -1 0 -1 0 -1 0 -1 0 -1 0 -1 0 -1 0 -1 0 -1 0 -1 0 -1 0 -1 0 -1 0 -1 0 -1 0 -1 0 -1 0 -1 0 -1 0 -1 0 -1 0 -1 0 -1 0 -1 0 -1 0 -1 0 -1 0 -1 0 -1 0 
  12 10 15 15 0
 0 0 0 0 0 0 0
2586 131072 0 0 0 0 
  0 0 0 0 0 0 0 0 

trp_regiment_uk2 Use {!}regiment_UK2 0 48 0 0 3 0 0
  -1 0 -1 0 -1 0 -1 0 -1 0 -1 0 -1 0 -1 0 -1 0 -1 0 -1 0 -1 0 -1 0 -1 0 -1 0 -1 0 -1 0 -1 0 -1 0 -1 0 -1 0 -1 0 -1 0 -1 0 -1 0 -1 0 -1 0 -1 0 -1 0 -1 0 -1 0 -1 0 -1 0 -1 0 -1 0 -1 0 -1 0 -1 0 -1 0 -1 0 -1 0 -1 0 -1 0 -1 0 -1 0 -1 0 -1 0 -1 0 -1 0 -1 0 -1 0 -1 0 -1 0 -1 0 -1 0 -1 0 -1 0 -1 0 -1 0 -1 0 -1 0 -1 0 -1 0 -1 0 
  12 10 15 15 0
 0 0 0 0 0 0 0
2586 131072 0 0 0 0 
  0 0 0 0 0 0 0 0 

trp_regiment_uk3 Use {!}regiment_UK3 0 48 0 0 3 0 0
  -1 0 -1 0 -1 0 -1 0 -1 0 -1 0 -1 0 -1 0 -1 0 -1 0 -1 0 -1 0 -1 0 -1 0 -1 0 -1 0 -1 0 -1 0 -1 0 -1 0 -1 0 -1 0 -1 0 -1 0 -1 0 -1 0 -1 0 -1 0 -1 0 -1 0 -1 0 -1 0 -1 0 -1 0 -1 0 -1 0 -1 0 -1 0 -1 0 -1 0 -1 0 -1 0 -1 0 -1 0 -1 0 -1 0 -1 0 -1 0 -1 0 -1 0 -1 0 -1 0 -1 0 -1 0 -1 0 -1 0 -1 0 -1 0 -1 0 -1 0 -1 0 -1 0 -1 0 -1 0 
  12 10 15 15 0
 0 0 0 0 0 0 0
2586 131072 0 0 0 0 
  0 0 0 0 0 0 0 0 

trp_regiment_uk4 Use {!}regiment_UK4 0 48 0 0 3 0 0
  -1 0 -1 0 -1 0 -1 0 -1 0 -1 0 -1 0 -1 0 -1 0 -1 0 -1 0 -1 0 -1 0 -1 0 -1 0 -1 0 -1 0 -1 0 -1 0 -1 0 -1 0 -1 0 -1 0 -1 0 -1 0 -1 0 -1 0 -1 0 -1 0 -1 0 -1 0 -1 0 -1 0 -1 0 -1 0 -1 0 -1 0 -1 0 -1 0 -1 0 -1 0 -1 0 -1 0 -1 0 -1 0 -1 0 -1 0 -1 0 -1 0 -1 0 -1 0 -1 0 -1 0 -1 0 -1 0 -1 0 -1 0 -1 0 -1 0 -1 0 -1 0 -1 0 -1 0 -1 0 
  12 10 15 15 0
 0 0 0 0 0 0 0
2586 131072 0 0 0 0 
  0 0 0 0 0 0 0 0 

trp_regiment_uk5 Use {!}regiment_UK5 0 48 0 0 3 0 0
  -1 0 -1 0 -1 0 -1 0 -1 0 -1 0 -1 0 -1 0 -1 0 -1 0 -1 0 -1 0 -1 0 -1 0 -1 0 -1 0 -1 0 -1 0 -1 0 -1 0 -1 0 -1 0 -1 0 -1 0 -1 0 -1 0 -1 0 -1 0 -1 0 -1 0 -1 0 -1 0 -1 0 -1 0 -1 0 -1 0 -1 0 -1 0 -1 0 -1 0 -1 0 -1 0 -1 0 -1 0 -1 0 -1 0 -1 0 -1 0 -1 0 -1 0 -1 0 -1 0 -1 0 -1 0 -1 0 -1 0 -1 0 -1 0 -1 0 -1 0 -1 0 -1 0 -1 0 -1 0 
  12 10 15 15 0
 0 0 0 0 0 0 0
2586 131072 0 0 0 0 
  0 0 0 0 0 0 0 0 

trp_regiment_uk6 Use {!}regiment_UK6 0 48 0 0 3 0 0
  -1 0 -1 0 -1 0 -1 0 -1 0 -1 0 -1 0 -1 0 -1 0 -1 0 -1 0 -1 0 -1 0 -1 0 -1 0 -1 0 -1 0 -1 0 -1 0 -1 0 -1 0 -1 0 -1 0 -1 0 -1 0 -1 0 -1 0 -1 0 -1 0 -1 0 -1 0 -1 0 -1 0 -1 0 -1 0 -1 0 -1 0 -1 0 -1 0 -1 0 -1 0 -1 0 -1 0 -1 0 -1 0 -1 0 -1 0 -1 0 -1 0 -1 0 -1 0 -1 0 -1 0 -1 0 -1 0 -1 0 -1 0 -1 0 -1 0 -1 0 -1 0 -1 0 -1 0 -1 0 
  12 10 15 15 0
 0 0 0 0 0 0 0
2586 131072 0 0 0 0 
  0 0 0 0 0 0 0 0 

trp_regiment_uk7 Use {!}regiment_UK7 0 48 0 0 3 0 0
  -1 0 -1 0 -1 0 -1 0 -1 0 -1 0 -1 0 -1 0 -1 0 -1 0 -1 0 -1 0 -1 0 -1 0 -1 0 -1 0 -1 0 -1 0 -1 0 -1 0 -1 0 -1 0 -1 0 -1 0 -1 0 -1 0 -1 0 -1 0 -1 0 -1 0 -1 0 -1 0 -1 0 -1 0 -1 0 -1 0 -1 0 -1 0 -1 0 -1 0 -1 0 -1 0 -1 0 -1 0 -1 0 -1 0 -1 0 -1 0 -1 0 -1 0 -1 0 -1 0 -1 0 -1 0 -1 0 -1 0 -1 0 -1 0 -1 0 -1 0 -1 0 -1 0 -1 0 -1 0 
  12 10 15 15 0
 0 0 0 0 0 0 0
2586 131072 0 0 0 0 
  0 0 0 0 0 0 0 0 

trp_regiment_uk8 Use {!}regiment_UK8 0 48 0 0 3 0 0
  -1 0 -1 0 -1 0 -1 0 -1 0 -1 0 -1 0 -1 0 -1 0 -1 0 -1 0 -1 0 -1 0 -1 0 -1 0 -1 0 -1 0 -1 0 -1 0 -1 0 -1 0 -1 0 -1 0 -1 0 -1 0 -1 0 -1 0 -1 0 -1 0 -1 0 -1 0 -1 0 -1 0 -1 0 -1 0 -1 0 -1 0 -1 0 -1 0 -1 0 -1 0 -1 0 -1 0 -1 0 -1 0 -1 0 -1 0 -1 0 -1 0 -1 0 -1 0 -1 0 -1 0 -1 0 -1 0 -1 0 -1 0 -1 0 -1 0 -1 0 -1 0 -1 0 -1 0 -1 0 
  12 10 15 15 0
 0 0 0 0 0 0 0
2586 131072 0 0 0 0 
  0 0 0 0 0 0 0 0 

trp_regiment_uk9 Use {!}regiment_UK9 0 48 0 0 3 0 0
  -1 0 -1 0 -1 0 -1 0 -1 0 -1 0 -1 0 -1 0 -1 0 -1 0 -1 0 -1 0 -1 0 -1 0 -1 0 -1 0 -1 0 -1 0 -1 0 -1 0 -1 0 -1 0 -1 0 -1 0 -1 0 -1 0 -1 0 -1 0 -1 0 -1 0 -1 0 -1 0 -1 0 -1 0 -1 0 -1 0 -1 0 -1 0 -1 0 -1 0 -1 0 -1 0 -1 0 -1 0 -1 0 -1 0 -1 0 -1 0 -1 0 -1 0 -1 0 -1 0 -1 0 -1 0 -1 0 -1 0 -1 0 -1 0 -1 0 -1 0 -1 0 -1 0 -1 0 -1 0 
  12 10 15 15 0
 0 0 0 0 0 0 0
2586 131072 0 0 0 0 
  0 0 0 0 0 0 0 0 

trp_regiment_uk10 Use {!}regiment_UK10 0 48 0 0 3 0 0
  -1 0 -1 0 -1 0 -1 0 -1 0 -1 0 -1 0 -1 0 -1 0 -1 0 -1 0 -1 0 -1 0 -1 0 -1 0 -1 0 -1 0 -1 0 -1 0 -1 0 -1 0 -1 0 -1 0 -1 0 -1 0 -1 0 -1 0 -1 0 -1 0 -1 0 -1 0 -1 0 -1 0 -1 0 -1 0 -1 0 -1 0 -1 0 -1 0 -1 0 -1 0 -1 0 -1 0 -1 0 -1 0 -1 0 -1 0 -1 0 -1 0 -1 0 -1 0 -1 0 -1 0 -1 0 -1 0 -1 0 -1 0 -1 0 -1 0 -1 0 -1 0 -1 0 -1 0 -1 0 
  12 10 15 15 0
 0 0 0 0 0 0 0
2586 131072 0 0 0 0 
  0 0 0 0 0 0 0 0 

trp_regiment_uk11 Use {!}regiment_UK11 0 48 0 0 3 0 0
  -1 0 -1 0 -1 0 -1 0 -1 0 -1 0 -1 0 -1 0 -1 0 -1 0 -1 0 -1 0 -1 0 -1 0 -1 0 -1 0 -1 0 -1 0 -1 0 -1 0 -1 0 -1 0 -1 0 -1 0 -1 0 -1 0 -1 0 -1 0 -1 0 -1 0 -1 0 -1 0 -1 0 -1 0 -1 0 -1 0 -1 0 -1 0 -1 0 -1 0 -1 0 -1 0 -1 0 -1 0 -1 0 -1 0 -1 0 -1 0 -1 0 -1 0 -1 0 -1 0 -1 0 -1 0 -1 0 -1 0 -1 0 -1 0 -1 0 -1 0 -1 0 -1 0 -1 0 -1 0 
  12 10 15 15 0
 0 0 0 0 0 0 0
2586 131072 0 0 0 0 
  0 0 0 0 0 0 0 0 

trp_regiment_uk12 Use {!}regiment_UK12 0 48 0 0 3 0 0
  -1 0 -1 0 -1 0 -1 0 -1 0 -1 0 -1 0 -1 0 -1 0 -1 0 -1 0 -1 0 -1 0 -1 0 -1 0 -1 0 -1 0 -1 0 -1 0 -1 0 -1 0 -1 0 -1 0 -1 0 -1 0 -1 0 -1 0 -1 0 -1 0 -1 0 -1 0 -1 0 -1 0 -1 0 -1 0 -1 0 -1 0 -1 0 -1 0 -1 0 -1 0 -1 0 -1 0 -1 0 -1 0 -1 0 -1 0 -1 0 -1 0 -1 0 -1 0 -1 0 -1 0 -1 0 -1 0 -1 0 -1 0 -1 0 -1 0 -1 0 -1 0 -1 0 -1 0 -1 0 
  12 10 15 15 0
 0 0 0 0 0 0 0
2586 131072 0 0 0 0 
  0 0 0 0 0 0 0 0 

trp_regiment_uk13 Use {!}regiment_UK13 0 48 0 0 3 0 0
  -1 0 -1 0 -1 0 -1 0 -1 0 -1 0 -1 0 -1 0 -1 0 -1 0 -1 0 -1 0 -1 0 -1 0 -1 0 -1 0 -1 0 -1 0 -1 0 -1 0 -1 0 -1 0 -1 0 -1 0 -1 0 -1 0 -1 0 -1 0 -1 0 -1 0 -1 0 -1 0 -1 0 -1 0 -1 0 -1 0 -1 0 -1 0 -1 0 -1 0 -1 0 -1 0 -1 0 -1 0 -1 0 -1 0 -1 0 -1 0 -1 0 -1 0 -1 0 -1 0 -1 0 -1 0 -1 0 -1 0 -1 0 -1 0 -1 0 -1 0 -1 0 -1 0 -1 0 -1 0 
  12 10 15 15 0
 0 0 0 0 0 0 0
2586 131072 0 0 0 0 
  0 0 0 0 0 0 0 0 

trp_regiment_uk14 Use {!}regiment_UK14 0 48 0 0 3 0 0
  -1 0 -1 0 -1 0 -1 0 -1 0 -1 0 -1 0 -1 0 -1 0 -1 0 -1 0 -1 0 -1 0 -1 0 -1 0 -1 0 -1 0 -1 0 -1 0 -1 0 -1 0 -1 0 -1 0 -1 0 -1 0 -1 0 -1 0 -1 0 -1 0 -1 0 -1 0 -1 0 -1 0 -1 0 -1 0 -1 0 -1 0 -1 0 -1 0 -1 0 -1 0 -1 0 -1 0 -1 0 -1 0 -1 0 -1 0 -1 0 -1 0 -1 0 -1 0 -1 0 -1 0 -1 0 -1 0 -1 0 -1 0 -1 0 -1 0 -1 0 -1 0 -1 0 -1 0 -1 0 
  12 10 15 15 0
 0 0 0 0 0 0 0
2586 131072 0 0 0 0 
  0 0 0 0 0 0 0 0 

trp_regiment_uk15 Use {!}regiment_UK15 0 48 0 0 3 0 0
  -1 0 -1 0 -1 0 -1 0 -1 0 -1 0 -1 0 -1 0 -1 0 -1 0 -1 0 -1 0 -1 0 -1 0 -1 0 -1 0 -1 0 -1 0 -1 0 -1 0 -1 0 -1 0 -1 0 -1 0 -1 0 -1 0 -1 0 -1 0 -1 0 -1 0 -1 0 -1 0 -1 0 -1 0 -1 0 -1 0 -1 0 -1 0 -1 0 -1 0 -1 0 -1 0 -1 0 -1 0 -1 0 -1 0 -1 0 -1 0 -1 0 -1 0 -1 0 -1 0 -1 0 -1 0 -1 0 -1 0 -1 0 -1 0 -1 0 -1 0 -1 0 -1 0 -1 0 -1 0 
  12 10 15 15 0
 0 0 0 0 0 0 0
2586 131072 0 0 0 0 
  0 0 0 0 0 0 0 0 

trp_regiment_uk16 Use {!}regiment_UK16 0 48 0 0 3 0 0
  -1 0 -1 0 -1 0 -1 0 -1 0 -1 0 -1 0 -1 0 -1 0 -1 0 -1 0 -1 0 -1 0 -1 0 -1 0 -1 0 -1 0 -1 0 -1 0 -1 0 -1 0 -1 0 -1 0 -1 0 -1 0 -1 0 -1 0 -1 0 -1 0 -1 0 -1 0 -1 0 -1 0 -1 0 -1 0 -1 0 -1 0 -1 0 -1 0 -1 0 -1 0 -1 0 -1 0 -1 0 -1 0 -1 0 -1 0 -1 0 -1 0 -1 0 -1 0 -1 0 -1 0 -1 0 -1 0 -1 0 -1 0 -1 0 -1 0 -1 0 -1 0 -1 0 -1 0 -1 0 
  12 10 15 15 0
 0 0 0 0 0 0 0
2586 131072 0 0 0 0 
  0 0 0 0 0 0 0 0 

trp_regiment_uk17 Use {!}regiment_UK17 0 48 0 0 3 0 0
  -1 0 -1 0 -1 0 -1 0 -1 0 -1 0 -1 0 -1 0 -1 0 -1 0 -1 0 -1 0 -1 0 -1 0 -1 0 -1 0 -1 0 -1 0 -1 0 -1 0 -1 0 -1 0 -1 0 -1 0 -1 0 -1 0 -1 0 -1 0 -1 0 -1 0 -1 0 -1 0 -1 0 -1 0 -1 0 -1 0 -1 0 -1 0 -1 0 -1 0 -1 0 -1 0 -1 0 -1 0 -1 0 -1 0 -1 0 -1 0 -1 0 -1 0 -1 0 -1 0 -1 0 -1 0 -1 0 -1 0 -1 0 -1 0 -1 0 -1 0 -1 0 -1 0 -1 0 -1 0 
  12 10 15 15 0
 0 0 0 0 0 0 0
2586 131072 0 0 0 0 
  0 0 0 0 0 0 0 0 

trp_regiment_uk18 Use {!}regiment_UK18 0 48 0 0 3 0 0
  -1 0 -1 0 -1 0 -1 0 -1 0 -1 0 -1 0 -1 0 -1 0 -1 0 -1 0 -1 0 -1 0 -1 0 -1 0 -1 0 -1 0 -1 0 -1 0 -1 0 -1 0 -1 0 -1 0 -1 0 -1 0 -1 0 -1 0 -1 0 -1 0 -1 0 -1 0 -1 0 -1 0 -1 0 -1 0 -1 0 -1 0 -1 0 -1 0 -1 0 -1 0 -1 0 -1 0 -1 0 -1 0 -1 0 -1 0 -1 0 -1 0 -1 0 -1 0 -1 0 -1 0 -1 0 -1 0 -1 0 -1 0 -1 0 -1 0 -1 0 -1 0 -1 0 -1 0 -1 0 
  12 10 15 15 0
 0 0 0 0 0 0 0
2586 131072 0 0 0 0 
  0 0 0 0 0 0 0 0 

trp_regiment_uk19 Use {!}regiment_UK19 0 48 0 0 3 0 0
  -1 0 -1 0 -1 0 -1 0 -1 0 -1 0 -1 0 -1 0 -1 0 -1 0 -1 0 -1 0 -1 0 -1 0 -1 0 -1 0 -1 0 -1 0 -1 0 -1 0 -1 0 -1 0 -1 0 -1 0 -1 0 -1 0 -1 0 -1 0 -1 0 -1 0 -1 0 -1 0 -1 0 -1 0 -1 0 -1 0 -1 0 -1 0 -1 0 -1 0 -1 0 -1 0 -1 0 -1 0 -1 0 -1 0 -1 0 -1 0 -1 0 -1 0 -1 0 -1 0 -1 0 -1 0 -1 0 -1 0 -1 0 -1 0 -1 0 -1 0 -1 0 -1 0 -1 0 -1 0 
  12 10 15 15 0
 0 0 0 0 0 0 0
2586 131072 0 0 0 0 
  0 0 0 0 0 0 0 0 

trp_regiment_uk20 Use {!}regiment_UK20 0 48 0 0 3 0 0
  -1 0 -1 0 -1 0 -1 0 -1 0 -1 0 -1 0 -1 0 -1 0 -1 0 -1 0 -1 0 -1 0 -1 0 -1 0 -1 0 -1 0 -1 0 -1 0 -1 0 -1 0 -1 0 -1 0 -1 0 -1 0 -1 0 -1 0 -1 0 -1 0 -1 0 -1 0 -1 0 -1 0 -1 0 -1 0 -1 0 -1 0 -1 0 -1 0 -1 0 -1 0 -1 0 -1 0 -1 0 -1 0 -1 0 -1 0 -1 0 -1 0 -1 0 -1 0 -1 0 -1 0 -1 0 -1 0 -1 0 -1 0 -1 0 -1 0 -1 0 -1 0 -1 0 -1 0 -1 0 
  12 10 15 15 0
 0 0 0 0 0 0 0
2586 131072 0 0 0 0 
  0 0 0 0 0 0 0 0 

trp_regiment_uk21 Use {!}regiment_UK21 0 48 0 0 3 0 0
  -1 0 -1 0 -1 0 -1 0 -1 0 -1 0 -1 0 -1 0 -1 0 -1 0 -1 0 -1 0 -1 0 -1 0 -1 0 -1 0 -1 0 -1 0 -1 0 -1 0 -1 0 -1 0 -1 0 -1 0 -1 0 -1 0 -1 0 -1 0 -1 0 -1 0 -1 0 -1 0 -1 0 -1 0 -1 0 -1 0 -1 0 -1 0 -1 0 -1 0 -1 0 -1 0 -1 0 -1 0 -1 0 -1 0 -1 0 -1 0 -1 0 -1 0 -1 0 -1 0 -1 0 -1 0 -1 0 -1 0 -1 0 -1 0 -1 0 -1 0 -1 0 -1 0 -1 0 -1 0 
  12 10 15 15 0
 0 0 0 0 0 0 0
2586 131072 0 0 0 0 
  0 0 0 0 0 0 0 0 

trp_regiment_uk22 Use {!}regiment_UK22 0 48 0 0 3 0 0
  -1 0 -1 0 -1 0 -1 0 -1 0 -1 0 -1 0 -1 0 -1 0 -1 0 -1 0 -1 0 -1 0 -1 0 -1 0 -1 0 -1 0 -1 0 -1 0 -1 0 -1 0 -1 0 -1 0 -1 0 -1 0 -1 0 -1 0 -1 0 -1 0 -1 0 -1 0 -1 0 -1 0 -1 0 -1 0 -1 0 -1 0 -1 0 -1 0 -1 0 -1 0 -1 0 -1 0 -1 0 -1 0 -1 0 -1 0 -1 0 -1 0 -1 0 -1 0 -1 0 -1 0 -1 0 -1 0 -1 0 -1 0 -1 0 -1 0 -1 0 -1 0 -1 0 -1 0 -1 0 
  12 10 15 15 0
 0 0 0 0 0 0 0
2586 131072 0 0 0 0 
  0 0 0 0 0 0 0 0 

trp_regiment_uk23 Use {!}regiment_UK23 0 48 0 0 3 0 0
  -1 0 -1 0 -1 0 -1 0 -1 0 -1 0 -1 0 -1 0 -1 0 -1 0 -1 0 -1 0 -1 0 -1 0 -1 0 -1 0 -1 0 -1 0 -1 0 -1 0 -1 0 -1 0 -1 0 -1 0 -1 0 -1 0 -1 0 -1 0 -1 0 -1 0 -1 0 -1 0 -1 0 -1 0 -1 0 -1 0 -1 0 -1 0 -1 0 -1 0 -1 0 -1 0 -1 0 -1 0 -1 0 -1 0 -1 0 -1 0 -1 0 -1 0 -1 0 -1 0 -1 0 -1 0 -1 0 -1 0 -1 0 -1 0 -1 0 -1 0 -1 0 -1 0 -1 0 -1 0 
  12 10 15 15 0
 0 0 0 0 0 0 0
2586 131072 0 0 0 0 
  0 0 0 0 0 0 0 0 

trp_regiment_uk24 Use {!}regiment_UK24 0 48 0 0 3 0 0
  -1 0 -1 0 -1 0 -1 0 -1 0 -1 0 -1 0 -1 0 -1 0 -1 0 -1 0 -1 0 -1 0 -1 0 -1 0 -1 0 -1 0 -1 0 -1 0 -1 0 -1 0 -1 0 -1 0 -1 0 -1 0 -1 0 -1 0 -1 0 -1 0 -1 0 -1 0 -1 0 -1 0 -1 0 -1 0 -1 0 -1 0 -1 0 -1 0 -1 0 -1 0 -1 0 -1 0 -1 0 -1 0 -1 0 -1 0 -1 0 -1 0 -1 0 -1 0 -1 0 -1 0 -1 0 -1 0 -1 0 -1 0 -1 0 -1 0 -1 0 -1 0 -1 0 -1 0 -1 0 
  12 10 15 15 0
 0 0 0 0 0 0 0
2586 131072 0 0 0 0 
  0 0 0 0 0 0 0 0 

trp_regiment_uk25 Use {!}regiment_UK25 0 48 0 0 3 0 0
  -1 0 -1 0 -1 0 -1 0 -1 0 -1 0 -1 0 -1 0 -1 0 -1 0 -1 0 -1 0 -1 0 -1 0 -1 0 -1 0 -1 0 -1 0 -1 0 -1 0 -1 0 -1 0 -1 0 -1 0 -1 0 -1 0 -1 0 -1 0 -1 0 -1 0 -1 0 -1 0 -1 0 -1 0 -1 0 -1 0 -1 0 -1 0 -1 0 -1 0 -1 0 -1 0 -1 0 -1 0 -1 0 -1 0 -1 0 -1 0 -1 0 -1 0 -1 0 -1 0 -1 0 -1 0 -1 0 -1 0 -1 0 -1 0 -1 0 -1 0 -1 0 -1 0 -1 0 -1 0 
  12 10 15 15 0
 0 0 0 0 0 0 0
2586 131072 0 0 0 0 
  0 0 0 0 0 0 0 0 

trp_regiment_au1 Use {!}regiment_AU1 0 48 0 0 3 0 0
  -1 0 -1 0 -1 0 -1 0 -1 0 -1 0 -1 0 -1 0 -1 0 -1 0 -1 0 -1 0 -1 0 -1 0 -1 0 -1 0 -1 0 -1 0 -1 0 -1 0 -1 0 -1 0 -1 0 -1 0 -1 0 -1 0 -1 0 -1 0 -1 0 -1 0 -1 0 -1 0 -1 0 -1 0 -1 0 -1 0 -1 0 -1 0 -1 0 -1 0 -1 0 -1 0 -1 0 -1 0 -1 0 -1 0 -1 0 -1 0 -1 0 -1 0 -1 0 -1 0 -1 0 -1 0 -1 0 -1 0 -1 0 -1 0 -1 0 -1 0 -1 0 -1 0 -1 0 -1 0 
  12 10 15 15 0
 0 0 0 0 0 0 0
2586 131072 0 0 0 0 
  0 0 0 0 0 0 0 0 

trp_regiment_au2 Use {!}regiment_AU2 0 48 0 0 3 0 0
  -1 0 -1 0 -1 0 -1 0 -1 0 -1 0 -1 0 -1 0 -1 0 -1 0 -1 0 -1 0 -1 0 -1 0 -1 0 -1 0 -1 0 -1 0 -1 0 -1 0 -1 0 -1 0 -1 0 -1 0 -1 0 -1 0 -1 0 -1 0 -1 0 -1 0 -1 0 -1 0 -1 0 -1 0 -1 0 -1 0 -1 0 -1 0 -1 0 -1 0 -1 0 -1 0 -1 0 -1 0 -1 0 -1 0 -1 0 -1 0 -1 0 -1 0 -1 0 -1 0 -1 0 -1 0 -1 0 -1 0 -1 0 -1 0 -1 0 -1 0 -1 0 -1 0 -1 0 -1 0 
  12 10 15 15 0
 0 0 0 0 0 0 0
2586 131072 0 0 0 0 
  0 0 0 0 0 0 0 0 

trp_regiment_au3 Use {!}regiment_AU3 0 48 0 0 3 0 0
  -1 0 -1 0 -1 0 -1 0 -1 0 -1 0 -1 0 -1 0 -1 0 -1 0 -1 0 -1 0 -1 0 -1 0 -1 0 -1 0 -1 0 -1 0 -1 0 -1 0 -1 0 -1 0 -1 0 -1 0 -1 0 -1 0 -1 0 -1 0 -1 0 -1 0 -1 0 -1 0 -1 0 -1 0 -1 0 -1 0 -1 0 -1 0 -1 0 -1 0 -1 0 -1 0 -1 0 -1 0 -1 0 -1 0 -1 0 -1 0 -1 0 -1 0 -1 0 -1 0 -1 0 -1 0 -1 0 -1 0 -1 0 -1 0 -1 0 -1 0 -1 0 -1 0 -1 0 -1 0 
  12 10 15 15 0
 0 0 0 0 0 0 0
2586 131072 0 0 0 0 
  0 0 0 0 0 0 0 0 

trp_regiment_au4 Use {!}regiment_AU4 0 48 0 0 3 0 0
  -1 0 -1 0 -1 0 -1 0 -1 0 -1 0 -1 0 -1 0 -1 0 -1 0 -1 0 -1 0 -1 0 -1 0 -1 0 -1 0 -1 0 -1 0 -1 0 -1 0 -1 0 -1 0 -1 0 -1 0 -1 0 -1 0 -1 0 -1 0 -1 0 -1 0 -1 0 -1 0 -1 0 -1 0 -1 0 -1 0 -1 0 -1 0 -1 0 -1 0 -1 0 -1 0 -1 0 -1 0 -1 0 -1 0 -1 0 -1 0 -1 0 -1 0 -1 0 -1 0 -1 0 -1 0 -1 0 -1 0 -1 0 -1 0 -1 0 -1 0 -1 0 -1 0 -1 0 -1 0 
  12 10 15 15 0
 0 0 0 0 0 0 0
2586 131072 0 0 0 0 
  0 0 0 0 0 0 0 0 

trp_regiment_au5 Use {!}regiment_AU5 0 48 0 0 3 0 0
  -1 0 -1 0 -1 0 -1 0 -1 0 -1 0 -1 0 -1 0 -1 0 -1 0 -1 0 -1 0 -1 0 -1 0 -1 0 -1 0 -1 0 -1 0 -1 0 -1 0 -1 0 -1 0 -1 0 -1 0 -1 0 -1 0 -1 0 -1 0 -1 0 -1 0 -1 0 -1 0 -1 0 -1 0 -1 0 -1 0 -1 0 -1 0 -1 0 -1 0 -1 0 -1 0 -1 0 -1 0 -1 0 -1 0 -1 0 -1 0 -1 0 -1 0 -1 0 -1 0 -1 0 -1 0 -1 0 -1 0 -1 0 -1 0 -1 0 -1 0 -1 0 -1 0 -1 0 -1 0 
  12 10 15 15 0
 0 0 0 0 0 0 0
2586 131072 0 0 0 0 
  0 0 0 0 0 0 0 0 

trp_regiment_au6 Use {!}regiment_AU6 0 48 0 0 3 0 0
  -1 0 -1 0 -1 0 -1 0 -1 0 -1 0 -1 0 -1 0 -1 0 -1 0 -1 0 -1 0 -1 0 -1 0 -1 0 -1 0 -1 0 -1 0 -1 0 -1 0 -1 0 -1 0 -1 0 -1 0 -1 0 -1 0 -1 0 -1 0 -1 0 -1 0 -1 0 -1 0 -1 0 -1 0 -1 0 -1 0 -1 0 -1 0 -1 0 -1 0 -1 0 -1 0 -1 0 -1 0 -1 0 -1 0 -1 0 -1 0 -1 0 -1 0 -1 0 -1 0 -1 0 -1 0 -1 0 -1 0 -1 0 -1 0 -1 0 -1 0 -1 0 -1 0 -1 0 -1 0 
  12 10 15 15 0
 0 0 0 0 0 0 0
2586 131072 0 0 0 0 
  0 0 0 0 0 0 0 0 

trp_regiment_au7 Use {!}regiment_AU7 0 48 0 0 3 0 0
  -1 0 -1 0 -1 0 -1 0 -1 0 -1 0 -1 0 -1 0 -1 0 -1 0 -1 0 -1 0 -1 0 -1 0 -1 0 -1 0 -1 0 -1 0 -1 0 -1 0 -1 0 -1 0 -1 0 -1 0 -1 0 -1 0 -1 0 -1 0 -1 0 -1 0 -1 0 -1 0 -1 0 -1 0 -1 0 -1 0 -1 0 -1 0 -1 0 -1 0 -1 0 -1 0 -1 0 -1 0 -1 0 -1 0 -1 0 -1 0 -1 0 -1 0 -1 0 -1 0 -1 0 -1 0 -1 0 -1 0 -1 0 -1 0 -1 0 -1 0 -1 0 -1 0 -1 0 -1 0 
  12 10 15 15 0
 0 0 0 0 0 0 0
2586 131072 0 0 0 0 
  0 0 0 0 0 0 0 0 

trp_regiment_au8 Use {!}regiment_AU8 0 48 0 0 3 0 0
  -1 0 -1 0 -1 0 -1 0 -1 0 -1 0 -1 0 -1 0 -1 0 -1 0 -1 0 -1 0 -1 0 -1 0 -1 0 -1 0 -1 0 -1 0 -1 0 -1 0 -1 0 -1 0 -1 0 -1 0 -1 0 -1 0 -1 0 -1 0 -1 0 -1 0 -1 0 -1 0 -1 0 -1 0 -1 0 -1 0 -1 0 -1 0 -1 0 -1 0 -1 0 -1 0 -1 0 -1 0 -1 0 -1 0 -1 0 -1 0 -1 0 -1 0 -1 0 -1 0 -1 0 -1 0 -1 0 -1 0 -1 0 -1 0 -1 0 -1 0 -1 0 -1 0 -1 0 -1 0 
  12 10 15 15 0
 0 0 0 0 0 0 0
2586 131072 0 0 0 0 
  0 0 0 0 0 0 0 0 

trp_regiment_au9 Use {!}regiment_AU9 0 48 0 0 3 0 0
  -1 0 -1 0 -1 0 -1 0 -1 0 -1 0 -1 0 -1 0 -1 0 -1 0 -1 0 -1 0 -1 0 -1 0 -1 0 -1 0 -1 0 -1 0 -1 0 -1 0 -1 0 -1 0 -1 0 -1 0 -1 0 -1 0 -1 0 -1 0 -1 0 -1 0 -1 0 -1 0 -1 0 -1 0 -1 0 -1 0 -1 0 -1 0 -1 0 -1 0 -1 0 -1 0 -1 0 -1 0 -1 0 -1 0 -1 0 -1 0 -1 0 -1 0 -1 0 -1 0 -1 0 -1 0 -1 0 -1 0 -1 0 -1 0 -1 0 -1 0 -1 0 -1 0 -1 0 -1 0 
  12 10 15 15 0
 0 0 0 0 0 0 0
2586 131072 0 0 0 0 
  0 0 0 0 0 0 0 0 

trp_regiment_au10 Use {!}regiment_AU10 0 48 0 0 3 0 0
  -1 0 -1 0 -1 0 -1 0 -1 0 -1 0 -1 0 -1 0 -1 0 -1 0 -1 0 -1 0 -1 0 -1 0 -1 0 -1 0 -1 0 -1 0 -1 0 -1 0 -1 0 -1 0 -1 0 -1 0 -1 0 -1 0 -1 0 -1 0 -1 0 -1 0 -1 0 -1 0 -1 0 -1 0 -1 0 -1 0 -1 0 -1 0 -1 0 -1 0 -1 0 -1 0 -1 0 -1 0 -1 0 -1 0 -1 0 -1 0 -1 0 -1 0 -1 0 -1 0 -1 0 -1 0 -1 0 -1 0 -1 0 -1 0 -1 0 -1 0 -1 0 -1 0 -1 0 -1 0 
  12 10 15 15 0
 0 0 0 0 0 0 0
2586 131072 0 0 0 0 
  0 0 0 0 0 0 0 0 

trp_regiment_au11 Use {!}regiment_AU11 0 48 0 0 3 0 0
  -1 0 -1 0 -1 0 -1 0 -1 0 -1 0 -1 0 -1 0 -1 0 -1 0 -1 0 -1 0 -1 0 -1 0 -1 0 -1 0 -1 0 -1 0 -1 0 -1 0 -1 0 -1 0 -1 0 -1 0 -1 0 -1 0 -1 0 -1 0 -1 0 -1 0 -1 0 -1 0 -1 0 -1 0 -1 0 -1 0 -1 0 -1 0 -1 0 -1 0 -1 0 -1 0 -1 0 -1 0 -1 0 -1 0 -1 0 -1 0 -1 0 -1 0 -1 0 -1 0 -1 0 -1 0 -1 0 -1 0 -1 0 -1 0 -1 0 -1 0 -1 0 -1 0 -1 0 -1 0 
  12 10 15 15 0
 0 0 0 0 0 0 0
2586 131072 0 0 0 0 
  0 0 0 0 0 0 0 0 

trp_regiment_au12 Use {!}regiment_AU12 0 48 0 0 3 0 0
  -1 0 -1 0 -1 0 -1 0 -1 0 -1 0 -1 0 -1 0 -1 0 -1 0 -1 0 -1 0 -1 0 -1 0 -1 0 -1 0 -1 0 -1 0 -1 0 -1 0 -1 0 -1 0 -1 0 -1 0 -1 0 -1 0 -1 0 -1 0 -1 0 -1 0 -1 0 -1 0 -1 0 -1 0 -1 0 -1 0 -1 0 -1 0 -1 0 -1 0 -1 0 -1 0 -1 0 -1 0 -1 0 -1 0 -1 0 -1 0 -1 0 -1 0 -1 0 -1 0 -1 0 -1 0 -1 0 -1 0 -1 0 -1 0 -1 0 -1 0 -1 0 -1 0 -1 0 -1 0 
  12 10 15 15 0
 0 0 0 0 0 0 0
2586 131072 0 0 0 0 
  0 0 0 0 0 0 0 0 

trp_regiment_au13 Use {!}regiment_AU13 0 48 0 0 3 0 0
  -1 0 -1 0 -1 0 -1 0 -1 0 -1 0 -1 0 -1 0 -1 0 -1 0 -1 0 -1 0 -1 0 -1 0 -1 0 -1 0 -1 0 -1 0 -1 0 -1 0 -1 0 -1 0 -1 0 -1 0 -1 0 -1 0 -1 0 -1 0 -1 0 -1 0 -1 0 -1 0 -1 0 -1 0 -1 0 -1 0 -1 0 -1 0 -1 0 -1 0 -1 0 -1 0 -1 0 -1 0 -1 0 -1 0 -1 0 -1 0 -1 0 -1 0 -1 0 -1 0 -1 0 -1 0 -1 0 -1 0 -1 0 -1 0 -1 0 -1 0 -1 0 -1 0 -1 0 -1 0 
  12 10 15 15 0
 0 0 0 0 0 0 0
2586 131072 0 0 0 0 
  0 0 0 0 0 0 0 0 

trp_regiment_au14 Use {!}regiment_AU14 0 48 0 0 3 0 0
  -1 0 -1 0 -1 0 -1 0 -1 0 -1 0 -1 0 -1 0 -1 0 -1 0 -1 0 -1 0 -1 0 -1 0 -1 0 -1 0 -1 0 -1 0 -1 0 -1 0 -1 0 -1 0 -1 0 -1 0 -1 0 -1 0 -1 0 -1 0 -1 0 -1 0 -1 0 -1 0 -1 0 -1 0 -1 0 -1 0 -1 0 -1 0 -1 0 -1 0 -1 0 -1 0 -1 0 -1 0 -1 0 -1 0 -1 0 -1 0 -1 0 -1 0 -1 0 -1 0 -1 0 -1 0 -1 0 -1 0 -1 0 -1 0 -1 0 -1 0 -1 0 -1 0 -1 0 -1 0 
  12 10 15 15 0
 0 0 0 0 0 0 0
2586 131072 0 0 0 0 
  0 0 0 0 0 0 0 0 

trp_regiment_au15 Use {!}regiment_AU15 0 48 0 0 3 0 0
  -1 0 -1 0 -1 0 -1 0 -1 0 -1 0 -1 0 -1 0 -1 0 -1 0 -1 0 -1 0 -1 0 -1 0 -1 0 -1 0 -1 0 -1 0 -1 0 -1 0 -1 0 -1 0 -1 0 -1 0 -1 0 -1 0 -1 0 -1 0 -1 0 -1 0 -1 0 -1 0 -1 0 -1 0 -1 0 -1 0 -1 0 -1 0 -1 0 -1 0 -1 0 -1 0 -1 0 -1 0 -1 0 -1 0 -1 0 -1 0 -1 0 -1 0 -1 0 -1 0 -1 0 -1 0 -1 0 -1 0 -1 0 -1 0 -1 0 -1 0 -1 0 -1 0 -1 0 -1 0 
  12 10 15 15 0
 0 0 0 0 0 0 0
2586 131072 0 0 0 0 
  0 0 0 0 0 0 0 0 

trp_regiment_au16 Use {!}regiment_AU16 0 48 0 0 3 0 0
  -1 0 -1 0 -1 0 -1 0 -1 0 -1 0 -1 0 -1 0 -1 0 -1 0 -1 0 -1 0 -1 0 -1 0 -1 0 -1 0 -1 0 -1 0 -1 0 -1 0 -1 0 -1 0 -1 0 -1 0 -1 0 -1 0 -1 0 -1 0 -1 0 -1 0 -1 0 -1 0 -1 0 -1 0 -1 0 -1 0 -1 0 -1 0 -1 0 -1 0 -1 0 -1 0 -1 0 -1 0 -1 0 -1 0 -1 0 -1 0 -1 0 -1 0 -1 0 -1 0 -1 0 -1 0 -1 0 -1 0 -1 0 -1 0 -1 0 -1 0 -1 0 -1 0 -1 0 -1 0 
  12 10 15 15 0
 0 0 0 0 0 0 0
2586 131072 0 0 0 0 
  0 0 0 0 0 0 0 0 

trp_regiment_au17 Use {!}regiment_AU17 0 48 0 0 3 0 0
  -1 0 -1 0 -1 0 -1 0 -1 0 -1 0 -1 0 -1 0 -1 0 -1 0 -1 0 -1 0 -1 0 -1 0 -1 0 -1 0 -1 0 -1 0 -1 0 -1 0 -1 0 -1 0 -1 0 -1 0 -1 0 -1 0 -1 0 -1 0 -1 0 -1 0 -1 0 -1 0 -1 0 -1 0 -1 0 -1 0 -1 0 -1 0 -1 0 -1 0 -1 0 -1 0 -1 0 -1 0 -1 0 -1 0 -1 0 -1 0 -1 0 -1 0 -1 0 -1 0 -1 0 -1 0 -1 0 -1 0 -1 0 -1 0 -1 0 -1 0 -1 0 -1 0 -1 0 -1 0 
  12 10 15 15 0
 0 0 0 0 0 0 0
2586 131072 0 0 0 0 
  0 0 0 0 0 0 0 0 

trp_regiment_au18 Use {!}regiment_AU18 0 48 0 0 3 0 0
  -1 0 -1 0 -1 0 -1 0 -1 0 -1 0 -1 0 -1 0 -1 0 -1 0 -1 0 -1 0 -1 0 -1 0 -1 0 -1 0 -1 0 -1 0 -1 0 -1 0 -1 0 -1 0 -1 0 -1 0 -1 0 -1 0 -1 0 -1 0 -1 0 -1 0 -1 0 -1 0 -1 0 -1 0 -1 0 -1 0 -1 0 -1 0 -1 0 -1 0 -1 0 -1 0 -1 0 -1 0 -1 0 -1 0 -1 0 -1 0 -1 0 -1 0 -1 0 -1 0 -1 0 -1 0 -1 0 -1 0 -1 0 -1 0 -1 0 -1 0 -1 0 -1 0 -1 0 -1 0 
  12 10 15 15 0
 0 0 0 0 0 0 0
2586 131072 0 0 0 0 
  0 0 0 0 0 0 0 0 

trp_regiment_au19 Use {!}regiment_AU19 0 48 0 0 3 0 0
  -1 0 -1 0 -1 0 -1 0 -1 0 -1 0 -1 0 -1 0 -1 0 -1 0 -1 0 -1 0 -1 0 -1 0 -1 0 -1 0 -1 0 -1 0 -1 0 -1 0 -1 0 -1 0 -1 0 -1 0 -1 0 -1 0 -1 0 -1 0 -1 0 -1 0 -1 0 -1 0 -1 0 -1 0 -1 0 -1 0 -1 0 -1 0 -1 0 -1 0 -1 0 -1 0 -1 0 -1 0 -1 0 -1 0 -1 0 -1 0 -1 0 -1 0 -1 0 -1 0 -1 0 -1 0 -1 0 -1 0 -1 0 -1 0 -1 0 -1 0 -1 0 -1 0 -1 0 -1 0 
  12 10 15 15 0
 0 0 0 0 0 0 0
2586 131072 0 0 0 0 
  0 0 0 0 0 0 0 0 

trp_regiment_au20 Use {!}regiment_AU20 0 48 0 0 3 0 0
  -1 0 -1 0 -1 0 -1 0 -1 0 -1 0 -1 0 -1 0 -1 0 -1 0 -1 0 -1 0 -1 0 -1 0 -1 0 -1 0 -1 0 -1 0 -1 0 -1 0 -1 0 -1 0 -1 0 -1 0 -1 0 -1 0 -1 0 -1 0 -1 0 -1 0 -1 0 -1 0 -1 0 -1 0 -1 0 -1 0 -1 0 -1 0 -1 0 -1 0 -1 0 -1 0 -1 0 -1 0 -1 0 -1 0 -1 0 -1 0 -1 0 -1 0 -1 0 -1 0 -1 0 -1 0 -1 0 -1 0 -1 0 -1 0 -1 0 -1 0 -1 0 -1 0 -1 0 -1 0 
  12 10 15 15 0
 0 0 0 0 0 0 0
2586 131072 0 0 0 0 
  0 0 0 0 0 0 0 0 

trp_regiment_au21 Use {!}regiment_AU21 0 48 0 0 3 0 0
  -1 0 -1 0 -1 0 -1 0 -1 0 -1 0 -1 0 -1 0 -1 0 -1 0 -1 0 -1 0 -1 0 -1 0 -1 0 -1 0 -1 0 -1 0 -1 0 -1 0 -1 0 -1 0 -1 0 -1 0 -1 0 -1 0 -1 0 -1 0 -1 0 -1 0 -1 0 -1 0 -1 0 -1 0 -1 0 -1 0 -1 0 -1 0 -1 0 -1 0 -1 0 -1 0 -1 0 -1 0 -1 0 -1 0 -1 0 -1 0 -1 0 -1 0 -1 0 -1 0 -1 0 -1 0 -1 0 -1 0 -1 0 -1 0 -1 0 -1 0 -1 0 -1 0 -1 0 -1 0 
  12 10 15 15 0
 0 0 0 0 0 0 0
2586 131072 0 0 0 0 
  0 0 0 0 0 0 0 0 

trp_regiment_au22 Use {!}regiment_AU22 0 48 0 0 3 0 0
  -1 0 -1 0 -1 0 -1 0 -1 0 -1 0 -1 0 -1 0 -1 0 -1 0 -1 0 -1 0 -1 0 -1 0 -1 0 -1 0 -1 0 -1 0 -1 0 -1 0 -1 0 -1 0 -1 0 -1 0 -1 0 -1 0 -1 0 -1 0 -1 0 -1 0 -1 0 -1 0 -1 0 -1 0 -1 0 -1 0 -1 0 -1 0 -1 0 -1 0 -1 0 -1 0 -1 0 -1 0 -1 0 -1 0 -1 0 -1 0 -1 0 -1 0 -1 0 -1 0 -1 0 -1 0 -1 0 -1 0 -1 0 -1 0 -1 0 -1 0 -1 0 -1 0 -1 0 -1 0 
  12 10 15 15 0
 0 0 0 0 0 0 0
2586 131072 0 0 0 0 
  0 0 0 0 0 0 0 0 

trp_regiment_au23 Use {!}regiment_AU23 0 48 0 0 3 0 0
  -1 0 -1 0 -1 0 -1 0 -1 0 -1 0 -1 0 -1 0 -1 0 -1 0 -1 0 -1 0 -1 0 -1 0 -1 0 -1 0 -1 0 -1 0 -1 0 -1 0 -1 0 -1 0 -1 0 -1 0 -1 0 -1 0 -1 0 -1 0 -1 0 -1 0 -1 0 -1 0 -1 0 -1 0 -1 0 -1 0 -1 0 -1 0 -1 0 -1 0 -1 0 -1 0 -1 0 -1 0 -1 0 -1 0 -1 0 -1 0 -1 0 -1 0 -1 0 -1 0 -1 0 -1 0 -1 0 -1 0 -1 0 -1 0 -1 0 -1 0 -1 0 -1 0 -1 0 -1 0 
  12 10 15 15 0
 0 0 0 0 0 0 0
2586 131072 0 0 0 0 
  0 0 0 0 0 0 0 0 

trp_regiment_au24 Use {!}regiment_AU24 0 48 0 0 3 0 0
  -1 0 -1 0 -1 0 -1 0 -1 0 -1 0 -1 0 -1 0 -1 0 -1 0 -1 0 -1 0 -1 0 -1 0 -1 0 -1 0 -1 0 -1 0 -1 0 -1 0 -1 0 -1 0 -1 0 -1 0 -1 0 -1 0 -1 0 -1 0 -1 0 -1 0 -1 0 -1 0 -1 0 -1 0 -1 0 -1 0 -1 0 -1 0 -1 0 -1 0 -1 0 -1 0 -1 0 -1 0 -1 0 -1 0 -1 0 -1 0 -1 0 -1 0 -1 0 -1 0 -1 0 -1 0 -1 0 -1 0 -1 0 -1 0 -1 0 -1 0 -1 0 -1 0 -1 0 -1 0 
  12 10 15 15 0
 0 0 0 0 0 0 0
2586 131072 0 0 0 0 
  0 0 0 0 0 0 0 0 

trp_regiment_au25 Use {!}regiment_AU25 0 48 0 0 3 0 0
  -1 0 -1 0 -1 0 -1 0 -1 0 -1 0 -1 0 -1 0 -1 0 -1 0 -1 0 -1 0 -1 0 -1 0 -1 0 -1 0 -1 0 -1 0 -1 0 -1 0 -1 0 -1 0 -1 0 -1 0 -1 0 -1 0 -1 0 -1 0 -1 0 -1 0 -1 0 -1 0 -1 0 -1 0 -1 0 -1 0 -1 0 -1 0 -1 0 -1 0 -1 0 -1 0 -1 0 -1 0 -1 0 -1 0 -1 0 -1 0 -1 0 -1 0 -1 0 -1 0 -1 0 -1 0 -1 0 -1 0 -1 0 -1 0 -1 0 -1 0 -1 0 -1 0 -1 0 -1 0 
  12 10 15 15 0
 0 0 0 0 0 0 0
2586 131072 0 0 0 0 
  0 0 0 0 0 0 0 0 

trp_regiment_ru1 Use {!}regiment_RU1 0 48 0 0 3 0 0
  -1 0 -1 0 -1 0 -1 0 -1 0 -1 0 -1 0 -1 0 -1 0 -1 0 -1 0 -1 0 -1 0 -1 0 -1 0 -1 0 -1 0 -1 0 -1 0 -1 0 -1 0 -1 0 -1 0 -1 0 -1 0 -1 0 -1 0 -1 0 -1 0 -1 0 -1 0 -1 0 -1 0 -1 0 -1 0 -1 0 -1 0 -1 0 -1 0 -1 0 -1 0 -1 0 -1 0 -1 0 -1 0 -1 0 -1 0 -1 0 -1 0 -1 0 -1 0 -1 0 -1 0 -1 0 -1 0 -1 0 -1 0 -1 0 -1 0 -1 0 -1 0 -1 0 -1 0 -1 0 
  12 10 15 15 0
 0 0 0 0 0 0 0
2586 131072 0 0 0 0 
  0 0 0 0 0 0 0 0 

trp_regiment_ru2 Use {!}regiment_RU2 0 48 0 0 3 0 0
  -1 0 -1 0 -1 0 -1 0 -1 0 -1 0 -1 0 -1 0 -1 0 -1 0 -1 0 -1 0 -1 0 -1 0 -1 0 -1 0 -1 0 -1 0 -1 0 -1 0 -1 0 -1 0 -1 0 -1 0 -1 0 -1 0 -1 0 -1 0 -1 0 -1 0 -1 0 -1 0 -1 0 -1 0 -1 0 -1 0 -1 0 -1 0 -1 0 -1 0 -1 0 -1 0 -1 0 -1 0 -1 0 -1 0 -1 0 -1 0 -1 0 -1 0 -1 0 -1 0 -1 0 -1 0 -1 0 -1 0 -1 0 -1 0 -1 0 -1 0 -1 0 -1 0 -1 0 -1 0 
  12 10 15 15 0
 0 0 0 0 0 0 0
2586 131072 0 0 0 0 
  0 0 0 0 0 0 0 0 

trp_regiment_ru3 Use {!}regiment_RU3 0 48 0 0 3 0 0
  -1 0 -1 0 -1 0 -1 0 -1 0 -1 0 -1 0 -1 0 -1 0 -1 0 -1 0 -1 0 -1 0 -1 0 -1 0 -1 0 -1 0 -1 0 -1 0 -1 0 -1 0 -1 0 -1 0 -1 0 -1 0 -1 0 -1 0 -1 0 -1 0 -1 0 -1 0 -1 0 -1 0 -1 0 -1 0 -1 0 -1 0 -1 0 -1 0 -1 0 -1 0 -1 0 -1 0 -1 0 -1 0 -1 0 -1 0 -1 0 -1 0 -1 0 -1 0 -1 0 -1 0 -1 0 -1 0 -1 0 -1 0 -1 0 -1 0 -1 0 -1 0 -1 0 -1 0 -1 0 
  12 10 15 15 0
 0 0 0 0 0 0 0
2586 131072 0 0 0 0 
  0 0 0 0 0 0 0 0 

trp_regiment_ru4 Use {!}regiment_RU4 0 48 0 0 3 0 0
  -1 0 -1 0 -1 0 -1 0 -1 0 -1 0 -1 0 -1 0 -1 0 -1 0 -1 0 -1 0 -1 0 -1 0 -1 0 -1 0 -1 0 -1 0 -1 0 -1 0 -1 0 -1 0 -1 0 -1 0 -1 0 -1 0 -1 0 -1 0 -1 0 -1 0 -1 0 -1 0 -1 0 -1 0 -1 0 -1 0 -1 0 -1 0 -1 0 -1 0 -1 0 -1 0 -1 0 -1 0 -1 0 -1 0 -1 0 -1 0 -1 0 -1 0 -1 0 -1 0 -1 0 -1 0 -1 0 -1 0 -1 0 -1 0 -1 0 -1 0 -1 0 -1 0 -1 0 -1 0 
  12 10 15 15 0
 0 0 0 0 0 0 0
2586 131072 0 0 0 0 
  0 0 0 0 0 0 0 0 

trp_regiment_ru5 Use {!}regiment_RU5 0 48 0 0 3 0 0
  -1 0 -1 0 -1 0 -1 0 -1 0 -1 0 -1 0 -1 0 -1 0 -1 0 -1 0 -1 0 -1 0 -1 0 -1 0 -1 0 -1 0 -1 0 -1 0 -1 0 -1 0 -1 0 -1 0 -1 0 -1 0 -1 0 -1 0 -1 0 -1 0 -1 0 -1 0 -1 0 -1 0 -1 0 -1 0 -1 0 -1 0 -1 0 -1 0 -1 0 -1 0 -1 0 -1 0 -1 0 -1 0 -1 0 -1 0 -1 0 -1 0 -1 0 -1 0 -1 0 -1 0 -1 0 -1 0 -1 0 -1 0 -1 0 -1 0 -1 0 -1 0 -1 0 -1 0 -1 0 
  12 10 15 15 0
 0 0 0 0 0 0 0
2586 131072 0 0 0 0 
  0 0 0 0 0 0 0 0 

trp_regiment_ru6 Use {!}regiment_RU6 0 48 0 0 3 0 0
  -1 0 -1 0 -1 0 -1 0 -1 0 -1 0 -1 0 -1 0 -1 0 -1 0 -1 0 -1 0 -1 0 -1 0 -1 0 -1 0 -1 0 -1 0 -1 0 -1 0 -1 0 -1 0 -1 0 -1 0 -1 0 -1 0 -1 0 -1 0 -1 0 -1 0 -1 0 -1 0 -1 0 -1 0 -1 0 -1 0 -1 0 -1 0 -1 0 -1 0 -1 0 -1 0 -1 0 -1 0 -1 0 -1 0 -1 0 -1 0 -1 0 -1 0 -1 0 -1 0 -1 0 -1 0 -1 0 -1 0 -1 0 -1 0 -1 0 -1 0 -1 0 -1 0 -1 0 -1 0 
  12 10 15 15 0
 0 0 0 0 0 0 0
2586 131072 0 0 0 0 
  0 0 0 0 0 0 0 0 

trp_regiment_ru7 Use {!}regiment_RU7 0 48 0 0 3 0 0
  -1 0 -1 0 -1 0 -1 0 -1 0 -1 0 -1 0 -1 0 -1 0 -1 0 -1 0 -1 0 -1 0 -1 0 -1 0 -1 0 -1 0 -1 0 -1 0 -1 0 -1 0 -1 0 -1 0 -1 0 -1 0 -1 0 -1 0 -1 0 -1 0 -1 0 -1 0 -1 0 -1 0 -1 0 -1 0 -1 0 -1 0 -1 0 -1 0 -1 0 -1 0 -1 0 -1 0 -1 0 -1 0 -1 0 -1 0 -1 0 -1 0 -1 0 -1 0 -1 0 -1 0 -1 0 -1 0 -1 0 -1 0 -1 0 -1 0 -1 0 -1 0 -1 0 -1 0 -1 0 
  12 10 15 15 0
 0 0 0 0 0 0 0
2586 131072 0 0 0 0 
  0 0 0 0 0 0 0 0 

trp_regiment_ru8 Use {!}regiment_RU8 0 48 0 0 3 0 0
  -1 0 -1 0 -1 0 -1 0 -1 0 -1 0 -1 0 -1 0 -1 0 -1 0 -1 0 -1 0 -1 0 -1 0 -1 0 -1 0 -1 0 -1 0 -1 0 -1 0 -1 0 -1 0 -1 0 -1 0 -1 0 -1 0 -1 0 -1 0 -1 0 -1 0 -1 0 -1 0 -1 0 -1 0 -1 0 -1 0 -1 0 -1 0 -1 0 -1 0 -1 0 -1 0 -1 0 -1 0 -1 0 -1 0 -1 0 -1 0 -1 0 -1 0 -1 0 -1 0 -1 0 -1 0 -1 0 -1 0 -1 0 -1 0 -1 0 -1 0 -1 0 -1 0 -1 0 -1 0 
  12 10 15 15 0
 0 0 0 0 0 0 0
2586 131072 0 0 0 0 
  0 0 0 0 0 0 0 0 

trp_regiment_ru9 Use {!}regiment_RU9 0 48 0 0 3 0 0
  -1 0 -1 0 -1 0 -1 0 -1 0 -1 0 -1 0 -1 0 -1 0 -1 0 -1 0 -1 0 -1 0 -1 0 -1 0 -1 0 -1 0 -1 0 -1 0 -1 0 -1 0 -1 0 -1 0 -1 0 -1 0 -1 0 -1 0 -1 0 -1 0 -1 0 -1 0 -1 0 -1 0 -1 0 -1 0 -1 0 -1 0 -1 0 -1 0 -1 0 -1 0 -1 0 -1 0 -1 0 -1 0 -1 0 -1 0 -1 0 -1 0 -1 0 -1 0 -1 0 -1 0 -1 0 -1 0 -1 0 -1 0 -1 0 -1 0 -1 0 -1 0 -1 0 -1 0 -1 0 
  12 10 15 15 0
 0 0 0 0 0 0 0
2586 131072 0 0 0 0 
  0 0 0 0 0 0 0 0 

trp_regiment_ru10 Use {!}regiment_RU10 0 48 0 0 3 0 0
  -1 0 -1 0 -1 0 -1 0 -1 0 -1 0 -1 0 -1 0 -1 0 -1 0 -1 0 -1 0 -1 0 -1 0 -1 0 -1 0 -1 0 -1 0 -1 0 -1 0 -1 0 -1 0 -1 0 -1 0 -1 0 -1 0 -1 0 -1 0 -1 0 -1 0 -1 0 -1 0 -1 0 -1 0 -1 0 -1 0 -1 0 -1 0 -1 0 -1 0 -1 0 -1 0 -1 0 -1 0 -1 0 -1 0 -1 0 -1 0 -1 0 -1 0 -1 0 -1 0 -1 0 -1 0 -1 0 -1 0 -1 0 -1 0 -1 0 -1 0 -1 0 -1 0 -1 0 -1 0 
  12 10 15 15 0
 0 0 0 0 0 0 0
2586 131072 0 0 0 0 
  0 0 0 0 0 0 0 0 

trp_regiment_ru11 Use {!}regiment_RU11 0 48 0 0 3 0 0
  -1 0 -1 0 -1 0 -1 0 -1 0 -1 0 -1 0 -1 0 -1 0 -1 0 -1 0 -1 0 -1 0 -1 0 -1 0 -1 0 -1 0 -1 0 -1 0 -1 0 -1 0 -1 0 -1 0 -1 0 -1 0 -1 0 -1 0 -1 0 -1 0 -1 0 -1 0 -1 0 -1 0 -1 0 -1 0 -1 0 -1 0 -1 0 -1 0 -1 0 -1 0 -1 0 -1 0 -1 0 -1 0 -1 0 -1 0 -1 0 -1 0 -1 0 -1 0 -1 0 -1 0 -1 0 -1 0 -1 0 -1 0 -1 0 -1 0 -1 0 -1 0 -1 0 -1 0 -1 0 
  12 10 15 15 0
 0 0 0 0 0 0 0
2586 131072 0 0 0 0 
  0 0 0 0 0 0 0 0 

trp_regiment_ru12 Use {!}regiment_RU12 0 48 0 0 3 0 0
  -1 0 -1 0 -1 0 -1 0 -1 0 -1 0 -1 0 -1 0 -1 0 -1 0 -1 0 -1 0 -1 0 -1 0 -1 0 -1 0 -1 0 -1 0 -1 0 -1 0 -1 0 -1 0 -1 0 -1 0 -1 0 -1 0 -1 0 -1 0 -1 0 -1 0 -1 0 -1 0 -1 0 -1 0 -1 0 -1 0 -1 0 -1 0 -1 0 -1 0 -1 0 -1 0 -1 0 -1 0 -1 0 -1 0 -1 0 -1 0 -1 0 -1 0 -1 0 -1 0 -1 0 -1 0 -1 0 -1 0 -1 0 -1 0 -1 0 -1 0 -1 0 -1 0 -1 0 -1 0 
  12 10 15 15 0
 0 0 0 0 0 0 0
2586 131072 0 0 0 0 
  0 0 0 0 0 0 0 0 

trp_regiment_ru13 Use {!}regiment_RU13 0 48 0 0 3 0 0
  -1 0 -1 0 -1 0 -1 0 -1 0 -1 0 -1 0 -1 0 -1 0 -1 0 -1 0 -1 0 -1 0 -1 0 -1 0 -1 0 -1 0 -1 0 -1 0 -1 0 -1 0 -1 0 -1 0 -1 0 -1 0 -1 0 -1 0 -1 0 -1 0 -1 0 -1 0 -1 0 -1 0 -1 0 -1 0 -1 0 -1 0 -1 0 -1 0 -1 0 -1 0 -1 0 -1 0 -1 0 -1 0 -1 0 -1 0 -1 0 -1 0 -1 0 -1 0 -1 0 -1 0 -1 0 -1 0 -1 0 -1 0 -1 0 -1 0 -1 0 -1 0 -1 0 -1 0 -1 0 
  12 10 15 15 0
 0 0 0 0 0 0 0
2586 131072 0 0 0 0 
  0 0 0 0 0 0 0 0 

trp_regiment_ru14 Use {!}regiment_RU14 0 48 0 0 3 0 0
  -1 0 -1 0 -1 0 -1 0 -1 0 -1 0 -1 0 -1 0 -1 0 -1 0 -1 0 -1 0 -1 0 -1 0 -1 0 -1 0 -1 0 -1 0 -1 0 -1 0 -1 0 -1 0 -1 0 -1 0 -1 0 -1 0 -1 0 -1 0 -1 0 -1 0 -1 0 -1 0 -1 0 -1 0 -1 0 -1 0 -1 0 -1 0 -1 0 -1 0 -1 0 -1 0 -1 0 -1 0 -1 0 -1 0 -1 0 -1 0 -1 0 -1 0 -1 0 -1 0 -1 0 -1 0 -1 0 -1 0 -1 0 -1 0 -1 0 -1 0 -1 0 -1 0 -1 0 -1 0 
  12 10 15 15 0
 0 0 0 0 0 0 0
2586 131072 0 0 0 0 
  0 0 0 0 0 0 0 0 

trp_regiment_ru15 Use {!}regiment_RU15 0 48 0 0 3 0 0
  -1 0 -1 0 -1 0 -1 0 -1 0 -1 0 -1 0 -1 0 -1 0 -1 0 -1 0 -1 0 -1 0 -1 0 -1 0 -1 0 -1 0 -1 0 -1 0 -1 0 -1 0 -1 0 -1 0 -1 0 -1 0 -1 0 -1 0 -1 0 -1 0 -1 0 -1 0 -1 0 -1 0 -1 0 -1 0 -1 0 -1 0 -1 0 -1 0 -1 0 -1 0 -1 0 -1 0 -1 0 -1 0 -1 0 -1 0 -1 0 -1 0 -1 0 -1 0 -1 0 -1 0 -1 0 -1 0 -1 0 -1 0 -1 0 -1 0 -1 0 -1 0 -1 0 -1 0 -1 0 
  12 10 15 15 0
 0 0 0 0 0 0 0
2586 131072 0 0 0 0 
  0 0 0 0 0 0 0 0 

trp_regiment_ru16 Use {!}regiment_RU16 0 48 0 0 3 0 0
  -1 0 -1 0 -1 0 -1 0 -1 0 -1 0 -1 0 -1 0 -1 0 -1 0 -1 0 -1 0 -1 0 -1 0 -1 0 -1 0 -1 0 -1 0 -1 0 -1 0 -1 0 -1 0 -1 0 -1 0 -1 0 -1 0 -1 0 -1 0 -1 0 -1 0 -1 0 -1 0 -1 0 -1 0 -1 0 -1 0 -1 0 -1 0 -1 0 -1 0 -1 0 -1 0 -1 0 -1 0 -1 0 -1 0 -1 0 -1 0 -1 0 -1 0 -1 0 -1 0 -1 0 -1 0 -1 0 -1 0 -1 0 -1 0 -1 0 -1 0 -1 0 -1 0 -1 0 -1 0 
  12 10 15 15 0
 0 0 0 0 0 0 0
2586 131072 0 0 0 0 
  0 0 0 0 0 0 0 0 

trp_regiment_ru17 Use {!}regiment_RU17 0 48 0 0 3 0 0
  -1 0 -1 0 -1 0 -1 0 -1 0 -1 0 -1 0 -1 0 -1 0 -1 0 -1 0 -1 0 -1 0 -1 0 -1 0 -1 0 -1 0 -1 0 -1 0 -1 0 -1 0 -1 0 -1 0 -1 0 -1 0 -1 0 -1 0 -1 0 -1 0 -1 0 -1 0 -1 0 -1 0 -1 0 -1 0 -1 0 -1 0 -1 0 -1 0 -1 0 -1 0 -1 0 -1 0 -1 0 -1 0 -1 0 -1 0 -1 0 -1 0 -1 0 -1 0 -1 0 -1 0 -1 0 -1 0 -1 0 -1 0 -1 0 -1 0 -1 0 -1 0 -1 0 -1 0 -1 0 
  12 10 15 15 0
 0 0 0 0 0 0 0
2586 131072 0 0 0 0 
  0 0 0 0 0 0 0 0 

trp_regiment_ru18 Use {!}regiment_RU18 0 48 0 0 3 0 0
  -1 0 -1 0 -1 0 -1 0 -1 0 -1 0 -1 0 -1 0 -1 0 -1 0 -1 0 -1 0 -1 0 -1 0 -1 0 -1 0 -1 0 -1 0 -1 0 -1 0 -1 0 -1 0 -1 0 -1 0 -1 0 -1 0 -1 0 -1 0 -1 0 -1 0 -1 0 -1 0 -1 0 -1 0 -1 0 -1 0 -1 0 -1 0 -1 0 -1 0 -1 0 -1 0 -1 0 -1 0 -1 0 -1 0 -1 0 -1 0 -1 0 -1 0 -1 0 -1 0 -1 0 -1 0 -1 0 -1 0 -1 0 -1 0 -1 0 -1 0 -1 0 -1 0 -1 0 -1 0 
  12 10 15 15 0
 0 0 0 0 0 0 0
2586 131072 0 0 0 0 
  0 0 0 0 0 0 0 0 

trp_regiment_ru19 Use {!}regiment_RU19 0 48 0 0 3 0 0
  -1 0 -1 0 -1 0 -1 0 -1 0 -1 0 -1 0 -1 0 -1 0 -1 0 -1 0 -1 0 -1 0 -1 0 -1 0 -1 0 -1 0 -1 0 -1 0 -1 0 -1 0 -1 0 -1 0 -1 0 -1 0 -1 0 -1 0 -1 0 -1 0 -1 0 -1 0 -1 0 -1 0 -1 0 -1 0 -1 0 -1 0 -1 0 -1 0 -1 0 -1 0 -1 0 -1 0 -1 0 -1 0 -1 0 -1 0 -1 0 -1 0 -1 0 -1 0 -1 0 -1 0 -1 0 -1 0 -1 0 -1 0 -1 0 -1 0 -1 0 -1 0 -1 0 -1 0 -1 0 
  12 10 15 15 0
 0 0 0 0 0 0 0
2586 131072 0 0 0 0 
  0 0 0 0 0 0 0 0 

trp_regiment_ru20 Use {!}regiment_RU20 0 48 0 0 3 0 0
  -1 0 -1 0 -1 0 -1 0 -1 0 -1 0 -1 0 -1 0 -1 0 -1 0 -1 0 -1 0 -1 0 -1 0 -1 0 -1 0 -1 0 -1 0 -1 0 -1 0 -1 0 -1 0 -1 0 -1 0 -1 0 -1 0 -1 0 -1 0 -1 0 -1 0 -1 0 -1 0 -1 0 -1 0 -1 0 -1 0 -1 0 -1 0 -1 0 -1 0 -1 0 -1 0 -1 0 -1 0 -1 0 -1 0 -1 0 -1 0 -1 0 -1 0 -1 0 -1 0 -1 0 -1 0 -1 0 -1 0 -1 0 -1 0 -1 0 -1 0 -1 0 -1 0 -1 0 -1 0 
  12 10 15 15 0
 0 0 0 0 0 0 0
2586 131072 0 0 0 0 
  0 0 0 0 0 0 0 0 

trp_regiment_ru21 Use {!}regiment_RU21 0 48 0 0 3 0 0
  -1 0 -1 0 -1 0 -1 0 -1 0 -1 0 -1 0 -1 0 -1 0 -1 0 -1 0 -1 0 -1 0 -1 0 -1 0 -1 0 -1 0 -1 0 -1 0 -1 0 -1 0 -1 0 -1 0 -1 0 -1 0 -1 0 -1 0 -1 0 -1 0 -1 0 -1 0 -1 0 -1 0 -1 0 -1 0 -1 0 -1 0 -1 0 -1 0 -1 0 -1 0 -1 0 -1 0 -1 0 -1 0 -1 0 -1 0 -1 0 -1 0 -1 0 -1 0 -1 0 -1 0 -1 0 -1 0 -1 0 -1 0 -1 0 -1 0 -1 0 -1 0 -1 0 -1 0 -1 0 
  12 10 15 15 0
 0 0 0 0 0 0 0
2586 131072 0 0 0 0 
  0 0 0 0 0 0 0 0 

trp_regiment_ru22 Use {!}regiment_RU22 0 48 0 0 3 0 0
  -1 0 -1 0 -1 0 -1 0 -1 0 -1 0 -1 0 -1 0 -1 0 -1 0 -1 0 -1 0 -1 0 -1 0 -1 0 -1 0 -1 0 -1 0 -1 0 -1 0 -1 0 -1 0 -1 0 -1 0 -1 0 -1 0 -1 0 -1 0 -1 0 -1 0 -1 0 -1 0 -1 0 -1 0 -1 0 -1 0 -1 0 -1 0 -1 0 -1 0 -1 0 -1 0 -1 0 -1 0 -1 0 -1 0 -1 0 -1 0 -1 0 -1 0 -1 0 -1 0 -1 0 -1 0 -1 0 -1 0 -1 0 -1 0 -1 0 -1 0 -1 0 -1 0 -1 0 -1 0 
  12 10 15 15 0
 0 0 0 0 0 0 0
2586 131072 0 0 0 0 
  0 0 0 0 0 0 0 0 

trp_regiment_ru23 Use {!}regiment_RU23 0 48 0 0 3 0 0
  -1 0 -1 0 -1 0 -1 0 -1 0 -1 0 -1 0 -1 0 -1 0 -1 0 -1 0 -1 0 -1 0 -1 0 -1 0 -1 0 -1 0 -1 0 -1 0 -1 0 -1 0 -1 0 -1 0 -1 0 -1 0 -1 0 -1 0 -1 0 -1 0 -1 0 -1 0 -1 0 -1 0 -1 0 -1 0 -1 0 -1 0 -1 0 -1 0 -1 0 -1 0 -1 0 -1 0 -1 0 -1 0 -1 0 -1 0 -1 0 -1 0 -1 0 -1 0 -1 0 -1 0 -1 0 -1 0 -1 0 -1 0 -1 0 -1 0 -1 0 -1 0 -1 0 -1 0 -1 0 
  12 10 15 15 0
 0 0 0 0 0 0 0
2586 131072 0 0 0 0 
  0 0 0 0 0 0 0 0 

trp_regiment_ru24 Use {!}regiment_RU24 0 48 0 0 3 0 0
  -1 0 -1 0 -1 0 -1 0 -1 0 -1 0 -1 0 -1 0 -1 0 -1 0 -1 0 -1 0 -1 0 -1 0 -1 0 -1 0 -1 0 -1 0 -1 0 -1 0 -1 0 -1 0 -1 0 -1 0 -1 0 -1 0 -1 0 -1 0 -1 0 -1 0 -1 0 -1 0 -1 0 -1 0 -1 0 -1 0 -1 0 -1 0 -1 0 -1 0 -1 0 -1 0 -1 0 -1 0 -1 0 -1 0 -1 0 -1 0 -1 0 -1 0 -1 0 -1 0 -1 0 -1 0 -1 0 -1 0 -1 0 -1 0 -1 0 -1 0 -1 0 -1 0 -1 0 -1 0 
  12 10 15 15 0
 0 0 0 0 0 0 0
2586 131072 0 0 0 0 
  0 0 0 0 0 0 0 0 

trp_regiment_ru25 Use {!}regiment_RU25 0 48 0 0 3 0 0
  -1 0 -1 0 -1 0 -1 0 -1 0 -1 0 -1 0 -1 0 -1 0 -1 0 -1 0 -1 0 -1 0 -1 0 -1 0 -1 0 -1 0 -1 0 -1 0 -1 0 -1 0 -1 0 -1 0 -1 0 -1 0 -1 0 -1 0 -1 0 -1 0 -1 0 -1 0 -1 0 -1 0 -1 0 -1 0 -1 0 -1 0 -1 0 -1 0 -1 0 -1 0 -1 0 -1 0 -1 0 -1 0 -1 0 -1 0 -1 0 -1 0 -1 0 -1 0 -1 0 -1 0 -1 0 -1 0 -1 0 -1 0 -1 0 -1 0 -1 0 -1 0 -1 0 -1 0 -1 0 
  12 10 15 15 0
 0 0 0 0 0 0 0
2586 131072 0 0 0 0 
  0 0 0 0 0 0 0 0 

trp_regiment_pr1 Use {!}regiment_PR1 0 48 0 0 3 0 0
  -1 0 -1 0 -1 0 -1 0 -1 0 -1 0 -1 0 -1 0 -1 0 -1 0 -1 0 -1 0 -1 0 -1 0 -1 0 -1 0 -1 0 -1 0 -1 0 -1 0 -1 0 -1 0 -1 0 -1 0 -1 0 -1 0 -1 0 -1 0 -1 0 -1 0 -1 0 -1 0 -1 0 -1 0 -1 0 -1 0 -1 0 -1 0 -1 0 -1 0 -1 0 -1 0 -1 0 -1 0 -1 0 -1 0 -1 0 -1 0 -1 0 -1 0 -1 0 -1 0 -1 0 -1 0 -1 0 -1 0 -1 0 -1 0 -1 0 -1 0 -1 0 -1 0 -1 0 -1 0 
  12 10 15 15 0
 0 0 0 0 0 0 0
2586 131072 0 0 0 0 
  0 0 0 0 0 0 0 0 

trp_regiment_pr2 Use {!}regiment_PR2 0 48 0 0 3 0 0
  -1 0 -1 0 -1 0 -1 0 -1 0 -1 0 -1 0 -1 0 -1 0 -1 0 -1 0 -1 0 -1 0 -1 0 -1 0 -1 0 -1 0 -1 0 -1 0 -1 0 -1 0 -1 0 -1 0 -1 0 -1 0 -1 0 -1 0 -1 0 -1 0 -1 0 -1 0 -1 0 -1 0 -1 0 -1 0 -1 0 -1 0 -1 0 -1 0 -1 0 -1 0 -1 0 -1 0 -1 0 -1 0 -1 0 -1 0 -1 0 -1 0 -1 0 -1 0 -1 0 -1 0 -1 0 -1 0 -1 0 -1 0 -1 0 -1 0 -1 0 -1 0 -1 0 -1 0 -1 0 
  12 10 15 15 0
 0 0 0 0 0 0 0
2586 131072 0 0 0 0 
  0 0 0 0 0 0 0 0 

trp_regiment_pr3 Use {!}regiment_PR3 0 48 0 0 3 0 0
  -1 0 -1 0 -1 0 -1 0 -1 0 -1 0 -1 0 -1 0 -1 0 -1 0 -1 0 -1 0 -1 0 -1 0 -1 0 -1 0 -1 0 -1 0 -1 0 -1 0 -1 0 -1 0 -1 0 -1 0 -1 0 -1 0 -1 0 -1 0 -1 0 -1 0 -1 0 -1 0 -1 0 -1 0 -1 0 -1 0 -1 0 -1 0 -1 0 -1 0 -1 0 -1 0 -1 0 -1 0 -1 0 -1 0 -1 0 -1 0 -1 0 -1 0 -1 0 -1 0 -1 0 -1 0 -1 0 -1 0 -1 0 -1 0 -1 0 -1 0 -1 0 -1 0 -1 0 -1 0 
  12 10 15 15 0
 0 0 0 0 0 0 0
2586 131072 0 0 0 0 
  0 0 0 0 0 0 0 0 

trp_regiment_pr4 Use {!}regiment_PR4 0 48 0 0 3 0 0
  -1 0 -1 0 -1 0 -1 0 -1 0 -1 0 -1 0 -1 0 -1 0 -1 0 -1 0 -1 0 -1 0 -1 0 -1 0 -1 0 -1 0 -1 0 -1 0 -1 0 -1 0 -1 0 -1 0 -1 0 -1 0 -1 0 -1 0 -1 0 -1 0 -1 0 -1 0 -1 0 -1 0 -1 0 -1 0 -1 0 -1 0 -1 0 -1 0 -1 0 -1 0 -1 0 -1 0 -1 0 -1 0 -1 0 -1 0 -1 0 -1 0 -1 0 -1 0 -1 0 -1 0 -1 0 -1 0 -1 0 -1 0 -1 0 -1 0 -1 0 -1 0 -1 0 -1 0 -1 0 
  12 10 15 15 0
 0 0 0 0 0 0 0
2586 131072 0 0 0 0 
  0 0 0 0 0 0 0 0 

trp_regiment_pr5 Use {!}regiment_PR5 0 48 0 0 3 0 0
  -1 0 -1 0 -1 0 -1 0 -1 0 -1 0 -1 0 -1 0 -1 0 -1 0 -1 0 -1 0 -1 0 -1 0 -1 0 -1 0 -1 0 -1 0 -1 0 -1 0 -1 0 -1 0 -1 0 -1 0 -1 0 -1 0 -1 0 -1 0 -1 0 -1 0 -1 0 -1 0 -1 0 -1 0 -1 0 -1 0 -1 0 -1 0 -1 0 -1 0 -1 0 -1 0 -1 0 -1 0 -1 0 -1 0 -1 0 -1 0 -1 0 -1 0 -1 0 -1 0 -1 0 -1 0 -1 0 -1 0 -1 0 -1 0 -1 0 -1 0 -1 0 -1 0 -1 0 -1 0 
  12 10 15 15 0
 0 0 0 0 0 0 0
2586 131072 0 0 0 0 
  0 0 0 0 0 0 0 0 

trp_regiment_pr6 Use {!}regiment_PR6 0 48 0 0 3 0 0
  -1 0 -1 0 -1 0 -1 0 -1 0 -1 0 -1 0 -1 0 -1 0 -1 0 -1 0 -1 0 -1 0 -1 0 -1 0 -1 0 -1 0 -1 0 -1 0 -1 0 -1 0 -1 0 -1 0 -1 0 -1 0 -1 0 -1 0 -1 0 -1 0 -1 0 -1 0 -1 0 -1 0 -1 0 -1 0 -1 0 -1 0 -1 0 -1 0 -1 0 -1 0 -1 0 -1 0 -1 0 -1 0 -1 0 -1 0 -1 0 -1 0 -1 0 -1 0 -1 0 -1 0 -1 0 -1 0 -1 0 -1 0 -1 0 -1 0 -1 0 -1 0 -1 0 -1 0 -1 0 
  12 10 15 15 0
 0 0 0 0 0 0 0
2586 131072 0 0 0 0 
  0 0 0 0 0 0 0 0 

trp_regiment_pr7 Use {!}regiment_PR7 0 48 0 0 3 0 0
  -1 0 -1 0 -1 0 -1 0 -1 0 -1 0 -1 0 -1 0 -1 0 -1 0 -1 0 -1 0 -1 0 -1 0 -1 0 -1 0 -1 0 -1 0 -1 0 -1 0 -1 0 -1 0 -1 0 -1 0 -1 0 -1 0 -1 0 -1 0 -1 0 -1 0 -1 0 -1 0 -1 0 -1 0 -1 0 -1 0 -1 0 -1 0 -1 0 -1 0 -1 0 -1 0 -1 0 -1 0 -1 0 -1 0 -1 0 -1 0 -1 0 -1 0 -1 0 -1 0 -1 0 -1 0 -1 0 -1 0 -1 0 -1 0 -1 0 -1 0 -1 0 -1 0 -1 0 -1 0 
  12 10 15 15 0
 0 0 0 0 0 0 0
2586 131072 0 0 0 0 
  0 0 0 0 0 0 0 0 

trp_regiment_pr8 Use {!}regiment_PR8 0 48 0 0 3 0 0
  -1 0 -1 0 -1 0 -1 0 -1 0 -1 0 -1 0 -1 0 -1 0 -1 0 -1 0 -1 0 -1 0 -1 0 -1 0 -1 0 -1 0 -1 0 -1 0 -1 0 -1 0 -1 0 -1 0 -1 0 -1 0 -1 0 -1 0 -1 0 -1 0 -1 0 -1 0 -1 0 -1 0 -1 0 -1 0 -1 0 -1 0 -1 0 -1 0 -1 0 -1 0 -1 0 -1 0 -1 0 -1 0 -1 0 -1 0 -1 0 -1 0 -1 0 -1 0 -1 0 -1 0 -1 0 -1 0 -1 0 -1 0 -1 0 -1 0 -1 0 -1 0 -1 0 -1 0 -1 0 
  12 10 15 15 0
 0 0 0 0 0 0 0
2586 131072 0 0 0 0 
  0 0 0 0 0 0 0 0 

trp_regiment_pr9 Use {!}regiment_PR9 0 48 0 0 3 0 0
  -1 0 -1 0 -1 0 -1 0 -1 0 -1 0 -1 0 -1 0 -1 0 -1 0 -1 0 -1 0 -1 0 -1 0 -1 0 -1 0 -1 0 -1 0 -1 0 -1 0 -1 0 -1 0 -1 0 -1 0 -1 0 -1 0 -1 0 -1 0 -1 0 -1 0 -1 0 -1 0 -1 0 -1 0 -1 0 -1 0 -1 0 -1 0 -1 0 -1 0 -1 0 -1 0 -1 0 -1 0 -1 0 -1 0 -1 0 -1 0 -1 0 -1 0 -1 0 -1 0 -1 0 -1 0 -1 0 -1 0 -1 0 -1 0 -1 0 -1 0 -1 0 -1 0 -1 0 -1 0 
  12 10 15 15 0
 0 0 0 0 0 0 0
2586 131072 0 0 0 0 
  0 0 0 0 0 0 0 0 

trp_regiment_pr10 Use {!}regiment_PR10 0 48 0 0 3 0 0
  -1 0 -1 0 -1 0 -1 0 -1 0 -1 0 -1 0 -1 0 -1 0 -1 0 -1 0 -1 0 -1 0 -1 0 -1 0 -1 0 -1 0 -1 0 -1 0 -1 0 -1 0 -1 0 -1 0 -1 0 -1 0 -1 0 -1 0 -1 0 -1 0 -1 0 -1 0 -1 0 -1 0 -1 0 -1 0 -1 0 -1 0 -1 0 -1 0 -1 0 -1 0 -1 0 -1 0 -1 0 -1 0 -1 0 -1 0 -1 0 -1 0 -1 0 -1 0 -1 0 -1 0 -1 0 -1 0 -1 0 -1 0 -1 0 -1 0 -1 0 -1 0 -1 0 -1 0 -1 0 
  12 10 15 15 0
 0 0 0 0 0 0 0
2586 131072 0 0 0 0 
  0 0 0 0 0 0 0 0 

trp_regiment_pr11 Use {!}regiment_PR11 0 48 0 0 3 0 0
  -1 0 -1 0 -1 0 -1 0 -1 0 -1 0 -1 0 -1 0 -1 0 -1 0 -1 0 -1 0 -1 0 -1 0 -1 0 -1 0 -1 0 -1 0 -1 0 -1 0 -1 0 -1 0 -1 0 -1 0 -1 0 -1 0 -1 0 -1 0 -1 0 -1 0 -1 0 -1 0 -1 0 -1 0 -1 0 -1 0 -1 0 -1 0 -1 0 -1 0 -1 0 -1 0 -1 0 -1 0 -1 0 -1 0 -1 0 -1 0 -1 0 -1 0 -1 0 -1 0 -1 0 -1 0 -1 0 -1 0 -1 0 -1 0 -1 0 -1 0 -1 0 -1 0 -1 0 -1 0 
  12 10 15 15 0
 0 0 0 0 0 0 0
2586 131072 0 0 0 0 
  0 0 0 0 0 0 0 0 

trp_regiment_pr12 Use {!}regiment_PR12 0 48 0 0 3 0 0
  -1 0 -1 0 -1 0 -1 0 -1 0 -1 0 -1 0 -1 0 -1 0 -1 0 -1 0 -1 0 -1 0 -1 0 -1 0 -1 0 -1 0 -1 0 -1 0 -1 0 -1 0 -1 0 -1 0 -1 0 -1 0 -1 0 -1 0 -1 0 -1 0 -1 0 -1 0 -1 0 -1 0 -1 0 -1 0 -1 0 -1 0 -1 0 -1 0 -1 0 -1 0 -1 0 -1 0 -1 0 -1 0 -1 0 -1 0 -1 0 -1 0 -1 0 -1 0 -1 0 -1 0 -1 0 -1 0 -1 0 -1 0 -1 0 -1 0 -1 0 -1 0 -1 0 -1 0 -1 0 
  12 10 15 15 0
 0 0 0 0 0 0 0
2586 131072 0 0 0 0 
  0 0 0 0 0 0 0 0 

trp_regiment_pr13 Use {!}regiment_PR13 0 48 0 0 3 0 0
  -1 0 -1 0 -1 0 -1 0 -1 0 -1 0 -1 0 -1 0 -1 0 -1 0 -1 0 -1 0 -1 0 -1 0 -1 0 -1 0 -1 0 -1 0 -1 0 -1 0 -1 0 -1 0 -1 0 -1 0 -1 0 -1 0 -1 0 -1 0 -1 0 -1 0 -1 0 -1 0 -1 0 -1 0 -1 0 -1 0 -1 0 -1 0 -1 0 -1 0 -1 0 -1 0 -1 0 -1 0 -1 0 -1 0 -1 0 -1 0 -1 0 -1 0 -1 0 -1 0 -1 0 -1 0 -1 0 -1 0 -1 0 -1 0 -1 0 -1 0 -1 0 -1 0 -1 0 -1 0 
  12 10 15 15 0
 0 0 0 0 0 0 0
2586 131072 0 0 0 0 
  0 0 0 0 0 0 0 0 

trp_regiment_pr14 Use {!}regiment_PR14 0 48 0 0 3 0 0
  -1 0 -1 0 -1 0 -1 0 -1 0 -1 0 -1 0 -1 0 -1 0 -1 0 -1 0 -1 0 -1 0 -1 0 -1 0 -1 0 -1 0 -1 0 -1 0 -1 0 -1 0 -1 0 -1 0 -1 0 -1 0 -1 0 -1 0 -1 0 -1 0 -1 0 -1 0 -1 0 -1 0 -1 0 -1 0 -1 0 -1 0 -1 0 -1 0 -1 0 -1 0 -1 0 -1 0 -1 0 -1 0 -1 0 -1 0 -1 0 -1 0 -1 0 -1 0 -1 0 -1 0 -1 0 -1 0 -1 0 -1 0 -1 0 -1 0 -1 0 -1 0 -1 0 -1 0 -1 0 
  12 10 15 15 0
 0 0 0 0 0 0 0
2586 131072 0 0 0 0 
  0 0 0 0 0 0 0 0 

trp_regiment_pr15 Use {!}regiment_PR15 0 48 0 0 3 0 0
  -1 0 -1 0 -1 0 -1 0 -1 0 -1 0 -1 0 -1 0 -1 0 -1 0 -1 0 -1 0 -1 0 -1 0 -1 0 -1 0 -1 0 -1 0 -1 0 -1 0 -1 0 -1 0 -1 0 -1 0 -1 0 -1 0 -1 0 -1 0 -1 0 -1 0 -1 0 -1 0 -1 0 -1 0 -1 0 -1 0 -1 0 -1 0 -1 0 -1 0 -1 0 -1 0 -1 0 -1 0 -1 0 -1 0 -1 0 -1 0 -1 0 -1 0 -1 0 -1 0 -1 0 -1 0 -1 0 -1 0 -1 0 -1 0 -1 0 -1 0 -1 0 -1 0 -1 0 -1 0 
  12 10 15 15 0
 0 0 0 0 0 0 0
2586 131072 0 0 0 0 
  0 0 0 0 0 0 0 0 

trp_regiment_pr16 Use {!}regiment_PR16 0 48 0 0 3 0 0
  -1 0 -1 0 -1 0 -1 0 -1 0 -1 0 -1 0 -1 0 -1 0 -1 0 -1 0 -1 0 -1 0 -1 0 -1 0 -1 0 -1 0 -1 0 -1 0 -1 0 -1 0 -1 0 -1 0 -1 0 -1 0 -1 0 -1 0 -1 0 -1 0 -1 0 -1 0 -1 0 -1 0 -1 0 -1 0 -1 0 -1 0 -1 0 -1 0 -1 0 -1 0 -1 0 -1 0 -1 0 -1 0 -1 0 -1 0 -1 0 -1 0 -1 0 -1 0 -1 0 -1 0 -1 0 -1 0 -1 0 -1 0 -1 0 -1 0 -1 0 -1 0 -1 0 -1 0 -1 0 
  12 10 15 15 0
 0 0 0 0 0 0 0
2586 131072 0 0 0 0 
  0 0 0 0 0 0 0 0 

trp_regiment_pr17 Use {!}regiment_PR17 0 48 0 0 3 0 0
  -1 0 -1 0 -1 0 -1 0 -1 0 -1 0 -1 0 -1 0 -1 0 -1 0 -1 0 -1 0 -1 0 -1 0 -1 0 -1 0 -1 0 -1 0 -1 0 -1 0 -1 0 -1 0 -1 0 -1 0 -1 0 -1 0 -1 0 -1 0 -1 0 -1 0 -1 0 -1 0 -1 0 -1 0 -1 0 -1 0 -1 0 -1 0 -1 0 -1 0 -1 0 -1 0 -1 0 -1 0 -1 0 -1 0 -1 0 -1 0 -1 0 -1 0 -1 0 -1 0 -1 0 -1 0 -1 0 -1 0 -1 0 -1 0 -1 0 -1 0 -1 0 -1 0 -1 0 -1 0 
  12 10 15 15 0
 0 0 0 0 0 0 0
2586 131072 0 0 0 0 
  0 0 0 0 0 0 0 0 

trp_regiment_pr18 Use {!}regiment_PR18 0 48 0 0 3 0 0
  -1 0 -1 0 -1 0 -1 0 -1 0 -1 0 -1 0 -1 0 -1 0 -1 0 -1 0 -1 0 -1 0 -1 0 -1 0 -1 0 -1 0 -1 0 -1 0 -1 0 -1 0 -1 0 -1 0 -1 0 -1 0 -1 0 -1 0 -1 0 -1 0 -1 0 -1 0 -1 0 -1 0 -1 0 -1 0 -1 0 -1 0 -1 0 -1 0 -1 0 -1 0 -1 0 -1 0 -1 0 -1 0 -1 0 -1 0 -1 0 -1 0 -1 0 -1 0 -1 0 -1 0 -1 0 -1 0 -1 0 -1 0 -1 0 -1 0 -1 0 -1 0 -1 0 -1 0 -1 0 
  12 10 15 15 0
 0 0 0 0 0 0 0
2586 131072 0 0 0 0 
  0 0 0 0 0 0 0 0 

trp_regiment_pr19 Use {!}regiment_PR19 0 48 0 0 3 0 0
  -1 0 -1 0 -1 0 -1 0 -1 0 -1 0 -1 0 -1 0 -1 0 -1 0 -1 0 -1 0 -1 0 -1 0 -1 0 -1 0 -1 0 -1 0 -1 0 -1 0 -1 0 -1 0 -1 0 -1 0 -1 0 -1 0 -1 0 -1 0 -1 0 -1 0 -1 0 -1 0 -1 0 -1 0 -1 0 -1 0 -1 0 -1 0 -1 0 -1 0 -1 0 -1 0 -1 0 -1 0 -1 0 -1 0 -1 0 -1 0 -1 0 -1 0 -1 0 -1 0 -1 0 -1 0 -1 0 -1 0 -1 0 -1 0 -1 0 -1 0 -1 0 -1 0 -1 0 -1 0 
  12 10 15 15 0
 0 0 0 0 0 0 0
2586 131072 0 0 0 0 
  0 0 0 0 0 0 0 0 

trp_regiment_pr20 Use {!}regiment_PR20 0 48 0 0 3 0 0
  -1 0 -1 0 -1 0 -1 0 -1 0 -1 0 -1 0 -1 0 -1 0 -1 0 -1 0 -1 0 -1 0 -1 0 -1 0 -1 0 -1 0 -1 0 -1 0 -1 0 -1 0 -1 0 -1 0 -1 0 -1 0 -1 0 -1 0 -1 0 -1 0 -1 0 -1 0 -1 0 -1 0 -1 0 -1 0 -1 0 -1 0 -1 0 -1 0 -1 0 -1 0 -1 0 -1 0 -1 0 -1 0 -1 0 -1 0 -1 0 -1 0 -1 0 -1 0 -1 0 -1 0 -1 0 -1 0 -1 0 -1 0 -1 0 -1 0 -1 0 -1 0 -1 0 -1 0 -1 0 
  12 10 15 15 0
 0 0 0 0 0 0 0
2586 131072 0 0 0 0 
  0 0 0 0 0 0 0 0 

trp_regiment_pr21 Use {!}regiment_PR21 0 48 0 0 3 0 0
  -1 0 -1 0 -1 0 -1 0 -1 0 -1 0 -1 0 -1 0 -1 0 -1 0 -1 0 -1 0 -1 0 -1 0 -1 0 -1 0 -1 0 -1 0 -1 0 -1 0 -1 0 -1 0 -1 0 -1 0 -1 0 -1 0 -1 0 -1 0 -1 0 -1 0 -1 0 -1 0 -1 0 -1 0 -1 0 -1 0 -1 0 -1 0 -1 0 -1 0 -1 0 -1 0 -1 0 -1 0 -1 0 -1 0 -1 0 -1 0 -1 0 -1 0 -1 0 -1 0 -1 0 -1 0 -1 0 -1 0 -1 0 -1 0 -1 0 -1 0 -1 0 -1 0 -1 0 -1 0 
  12 10 15 15 0
 0 0 0 0 0 0 0
2586 131072 0 0 0 0 
  0 0 0 0 0 0 0 0 

trp_regiment_pr22 Use {!}regiment_PR22 0 48 0 0 3 0 0
  -1 0 -1 0 -1 0 -1 0 -1 0 -1 0 -1 0 -1 0 -1 0 -1 0 -1 0 -1 0 -1 0 -1 0 -1 0 -1 0 -1 0 -1 0 -1 0 -1 0 -1 0 -1 0 -1 0 -1 0 -1 0 -1 0 -1 0 -1 0 -1 0 -1 0 -1 0 -1 0 -1 0 -1 0 -1 0 -1 0 -1 0 -1 0 -1 0 -1 0 -1 0 -1 0 -1 0 -1 0 -1 0 -1 0 -1 0 -1 0 -1 0 -1 0 -1 0 -1 0 -1 0 -1 0 -1 0 -1 0 -1 0 -1 0 -1 0 -1 0 -1 0 -1 0 -1 0 -1 0 
  12 10 15 15 0
 0 0 0 0 0 0 0
2586 131072 0 0 0 0 
  0 0 0 0 0 0 0 0 

trp_regiment_pr23 Use {!}regiment_PR23 0 48 0 0 3 0 0
  -1 0 -1 0 -1 0 -1 0 -1 0 -1 0 -1 0 -1 0 -1 0 -1 0 -1 0 -1 0 -1 0 -1 0 -1 0 -1 0 -1 0 -1 0 -1 0 -1 0 -1 0 -1 0 -1 0 -1 0 -1 0 -1 0 -1 0 -1 0 -1 0 -1 0 -1 0 -1 0 -1 0 -1 0 -1 0 -1 0 -1 0 -1 0 -1 0 -1 0 -1 0 -1 0 -1 0 -1 0 -1 0 -1 0 -1 0 -1 0 -1 0 -1 0 -1 0 -1 0 -1 0 -1 0 -1 0 -1 0 -1 0 -1 0 -1 0 -1 0 -1 0 -1 0 -1 0 -1 0 
  12 10 15 15 0
 0 0 0 0 0 0 0
2586 131072 0 0 0 0 
  0 0 0 0 0 0 0 0 

trp_regiment_pr24 Use {!}regiment_PR24 0 48 0 0 3 0 0
  -1 0 -1 0 -1 0 -1 0 -1 0 -1 0 -1 0 -1 0 -1 0 -1 0 -1 0 -1 0 -1 0 -1 0 -1 0 -1 0 -1 0 -1 0 -1 0 -1 0 -1 0 -1 0 -1 0 -1 0 -1 0 -1 0 -1 0 -1 0 -1 0 -1 0 -1 0 -1 0 -1 0 -1 0 -1 0 -1 0 -1 0 -1 0 -1 0 -1 0 -1 0 -1 0 -1 0 -1 0 -1 0 -1 0 -1 0 -1 0 -1 0 -1 0 -1 0 -1 0 -1 0 -1 0 -1 0 -1 0 -1 0 -1 0 -1 0 -1 0 -1 0 -1 0 -1 0 -1 0 
  12 10 15 15 0
 0 0 0 0 0 0 0
2586 131072 0 0 0 0 
  0 0 0 0 0 0 0 0 

trp_regiment_pr25 Use {!}regiment_PR25 0 48 0 0 3 0 0
  -1 0 -1 0 -1 0 -1 0 -1 0 -1 0 -1 0 -1 0 -1 0 -1 0 -1 0 -1 0 -1 0 -1 0 -1 0 -1 0 -1 0 -1 0 -1 0 -1 0 -1 0 -1 0 -1 0 -1 0 -1 0 -1 0 -1 0 -1 0 -1 0 -1 0 -1 0 -1 0 -1 0 -1 0 -1 0 -1 0 -1 0 -1 0 -1 0 -1 0 -1 0 -1 0 -1 0 -1 0 -1 0 -1 0 -1 0 -1 0 -1 0 -1 0 -1 0 -1 0 -1 0 -1 0 -1 0 -1 0 -1 0 -1 0 -1 0 -1 0 -1 0 -1 0 -1 0 -1 0 
  12 10 15 15 0
 0 0 0 0 0 0 0
2586 131072 0 0 0 0 
  0 0 0 0 0 0 0 0 

trp_regiment_rh1 Use {!}regiment_RH1 0 48 0 0 3 0 0
  -1 0 -1 0 -1 0 -1 0 -1 0 -1 0 -1 0 -1 0 -1 0 -1 0 -1 0 -1 0 -1 0 -1 0 -1 0 -1 0 -1 0 -1 0 -1 0 -1 0 -1 0 -1 0 -1 0 -1 0 -1 0 -1 0 -1 0 -1 0 -1 0 -1 0 -1 0 -1 0 -1 0 -1 0 -1 0 -1 0 -1 0 -1 0 -1 0 -1 0 -1 0 -1 0 -1 0 -1 0 -1 0 -1 0 -1 0 -1 0 -1 0 -1 0 -1 0 -1 0 -1 0 -1 0 -1 0 -1 0 -1 0 -1 0 -1 0 -1 0 -1 0 -1 0 -1 0 -1 0 
  12 10 15 15 0
 0 0 0 0 0 0 0
2586 131072 0 0 0 0 
  0 0 0 0 0 0 0 0 

trp_regiment_rh2 Use {!}regiment_RH2 0 48 0 0 3 0 0
  -1 0 -1 0 -1 0 -1 0 -1 0 -1 0 -1 0 -1 0 -1 0 -1 0 -1 0 -1 0 -1 0 -1 0 -1 0 -1 0 -1 0 -1 0 -1 0 -1 0 -1 0 -1 0 -1 0 -1 0 -1 0 -1 0 -1 0 -1 0 -1 0 -1 0 -1 0 -1 0 -1 0 -1 0 -1 0 -1 0 -1 0 -1 0 -1 0 -1 0 -1 0 -1 0 -1 0 -1 0 -1 0 -1 0 -1 0 -1 0 -1 0 -1 0 -1 0 -1 0 -1 0 -1 0 -1 0 -1 0 -1 0 -1 0 -1 0 -1 0 -1 0 -1 0 -1 0 -1 0 
  12 10 15 15 0
 0 0 0 0 0 0 0
2586 131072 0 0 0 0 
  0 0 0 0 0 0 0 0 

trp_regiment_rh3 Use {!}regiment_RH3 0 48 0 0 3 0 0
  -1 0 -1 0 -1 0 -1 0 -1 0 -1 0 -1 0 -1 0 -1 0 -1 0 -1 0 -1 0 -1 0 -1 0 -1 0 -1 0 -1 0 -1 0 -1 0 -1 0 -1 0 -1 0 -1 0 -1 0 -1 0 -1 0 -1 0 -1 0 -1 0 -1 0 -1 0 -1 0 -1 0 -1 0 -1 0 -1 0 -1 0 -1 0 -1 0 -1 0 -1 0 -1 0 -1 0 -1 0 -1 0 -1 0 -1 0 -1 0 -1 0 -1 0 -1 0 -1 0 -1 0 -1 0 -1 0 -1 0 -1 0 -1 0 -1 0 -1 0 -1 0 -1 0 -1 0 -1 0 
  12 10 15 15 0
 0 0 0 0 0 0 0
2586 131072 0 0 0 0 
  0 0 0 0 0 0 0 0 

trp_regiment_rh4 Use {!}regiment_RH4 0 48 0 0 3 0 0
  -1 0 -1 0 -1 0 -1 0 -1 0 -1 0 -1 0 -1 0 -1 0 -1 0 -1 0 -1 0 -1 0 -1 0 -1 0 -1 0 -1 0 -1 0 -1 0 -1 0 -1 0 -1 0 -1 0 -1 0 -1 0 -1 0 -1 0 -1 0 -1 0 -1 0 -1 0 -1 0 -1 0 -1 0 -1 0 -1 0 -1 0 -1 0 -1 0 -1 0 -1 0 -1 0 -1 0 -1 0 -1 0 -1 0 -1 0 -1 0 -1 0 -1 0 -1 0 -1 0 -1 0 -1 0 -1 0 -1 0 -1 0 -1 0 -1 0 -1 0 -1 0 -1 0 -1 0 -1 0 
  12 10 15 15 0
 0 0 0 0 0 0 0
2586 131072 0 0 0 0 
  0 0 0 0 0 0 0 0 

trp_regiment_rh5 Use {!}regiment_RH5 0 48 0 0 3 0 0
  -1 0 -1 0 -1 0 -1 0 -1 0 -1 0 -1 0 -1 0 -1 0 -1 0 -1 0 -1 0 -1 0 -1 0 -1 0 -1 0 -1 0 -1 0 -1 0 -1 0 -1 0 -1 0 -1 0 -1 0 -1 0 -1 0 -1 0 -1 0 -1 0 -1 0 -1 0 -1 0 -1 0 -1 0 -1 0 -1 0 -1 0 -1 0 -1 0 -1 0 -1 0 -1 0 -1 0 -1 0 -1 0 -1 0 -1 0 -1 0 -1 0 -1 0 -1 0 -1 0 -1 0 -1 0 -1 0 -1 0 -1 0 -1 0 -1 0 -1 0 -1 0 -1 0 -1 0 -1 0 
  12 10 15 15 0
 0 0 0 0 0 0 0
2586 131072 0 0 0 0 
  0 0 0 0 0 0 0 0 

trp_regiment_rh6 Use {!}regiment_RH6 0 48 0 0 3 0 0
  -1 0 -1 0 -1 0 -1 0 -1 0 -1 0 -1 0 -1 0 -1 0 -1 0 -1 0 -1 0 -1 0 -1 0 -1 0 -1 0 -1 0 -1 0 -1 0 -1 0 -1 0 -1 0 -1 0 -1 0 -1 0 -1 0 -1 0 -1 0 -1 0 -1 0 -1 0 -1 0 -1 0 -1 0 -1 0 -1 0 -1 0 -1 0 -1 0 -1 0 -1 0 -1 0 -1 0 -1 0 -1 0 -1 0 -1 0 -1 0 -1 0 -1 0 -1 0 -1 0 -1 0 -1 0 -1 0 -1 0 -1 0 -1 0 -1 0 -1 0 -1 0 -1 0 -1 0 -1 0 
  12 10 15 15 0
 0 0 0 0 0 0 0
2586 131072 0 0 0 0 
  0 0 0 0 0 0 0 0 

trp_regiment_rh7 Use {!}regiment_RH7 0 48 0 0 3 0 0
  -1 0 -1 0 -1 0 -1 0 -1 0 -1 0 -1 0 -1 0 -1 0 -1 0 -1 0 -1 0 -1 0 -1 0 -1 0 -1 0 -1 0 -1 0 -1 0 -1 0 -1 0 -1 0 -1 0 -1 0 -1 0 -1 0 -1 0 -1 0 -1 0 -1 0 -1 0 -1 0 -1 0 -1 0 -1 0 -1 0 -1 0 -1 0 -1 0 -1 0 -1 0 -1 0 -1 0 -1 0 -1 0 -1 0 -1 0 -1 0 -1 0 -1 0 -1 0 -1 0 -1 0 -1 0 -1 0 -1 0 -1 0 -1 0 -1 0 -1 0 -1 0 -1 0 -1 0 -1 0 
  12 10 15 15 0
 0 0 0 0 0 0 0
2586 131072 0 0 0 0 
  0 0 0 0 0 0 0 0 

trp_regiment_rh8 Use {!}regiment_RH8 0 48 0 0 3 0 0
  -1 0 -1 0 -1 0 -1 0 -1 0 -1 0 -1 0 -1 0 -1 0 -1 0 -1 0 -1 0 -1 0 -1 0 -1 0 -1 0 -1 0 -1 0 -1 0 -1 0 -1 0 -1 0 -1 0 -1 0 -1 0 -1 0 -1 0 -1 0 -1 0 -1 0 -1 0 -1 0 -1 0 -1 0 -1 0 -1 0 -1 0 -1 0 -1 0 -1 0 -1 0 -1 0 -1 0 -1 0 -1 0 -1 0 -1 0 -1 0 -1 0 -1 0 -1 0 -1 0 -1 0 -1 0 -1 0 -1 0 -1 0 -1 0 -1 0 -1 0 -1 0 -1 0 -1 0 -1 0 
  12 10 15 15 0
 0 0 0 0 0 0 0
2586 131072 0 0 0 0 
  0 0 0 0 0 0 0 0 

trp_regiment_rh9 Use {!}regiment_RH9 0 48 0 0 3 0 0
  -1 0 -1 0 -1 0 -1 0 -1 0 -1 0 -1 0 -1 0 -1 0 -1 0 -1 0 -1 0 -1 0 -1 0 -1 0 -1 0 -1 0 -1 0 -1 0 -1 0 -1 0 -1 0 -1 0 -1 0 -1 0 -1 0 -1 0 -1 0 -1 0 -1 0 -1 0 -1 0 -1 0 -1 0 -1 0 -1 0 -1 0 -1 0 -1 0 -1 0 -1 0 -1 0 -1 0 -1 0 -1 0 -1 0 -1 0 -1 0 -1 0 -1 0 -1 0 -1 0 -1 0 -1 0 -1 0 -1 0 -1 0 -1 0 -1 0 -1 0 -1 0 -1 0 -1 0 -1 0 
  12 10 15 15 0
 0 0 0 0 0 0 0
2586 131072 0 0 0 0 
  0 0 0 0 0 0 0 0 

trp_regiment_rh10 Use {!}regiment_RH10 0 48 0 0 3 0 0
  -1 0 -1 0 -1 0 -1 0 -1 0 -1 0 -1 0 -1 0 -1 0 -1 0 -1 0 -1 0 -1 0 -1 0 -1 0 -1 0 -1 0 -1 0 -1 0 -1 0 -1 0 -1 0 -1 0 -1 0 -1 0 -1 0 -1 0 -1 0 -1 0 -1 0 -1 0 -1 0 -1 0 -1 0 -1 0 -1 0 -1 0 -1 0 -1 0 -1 0 -1 0 -1 0 -1 0 -1 0 -1 0 -1 0 -1 0 -1 0 -1 0 -1 0 -1 0 -1 0 -1 0 -1 0 -1 0 -1 0 -1 0 -1 0 -1 0 -1 0 -1 0 -1 0 -1 0 -1 0 
  12 10 15 15 0
 0 0 0 0 0 0 0
2586 131072 0 0 0 0 
  0 0 0 0 0 0 0 0 

trp_regiment_rh11 Use {!}regiment_RH11 0 48 0 0 3 0 0
  -1 0 -1 0 -1 0 -1 0 -1 0 -1 0 -1 0 -1 0 -1 0 -1 0 -1 0 -1 0 -1 0 -1 0 -1 0 -1 0 -1 0 -1 0 -1 0 -1 0 -1 0 -1 0 -1 0 -1 0 -1 0 -1 0 -1 0 -1 0 -1 0 -1 0 -1 0 -1 0 -1 0 -1 0 -1 0 -1 0 -1 0 -1 0 -1 0 -1 0 -1 0 -1 0 -1 0 -1 0 -1 0 -1 0 -1 0 -1 0 -1 0 -1 0 -1 0 -1 0 -1 0 -1 0 -1 0 -1 0 -1 0 -1 0 -1 0 -1 0 -1 0 -1 0 -1 0 -1 0 
  12 10 15 15 0
 0 0 0 0 0 0 0
2586 131072 0 0 0 0 
  0 0 0 0 0 0 0 0 

trp_regiment_rh12 Use {!}regiment_RH12 0 48 0 0 3 0 0
  -1 0 -1 0 -1 0 -1 0 -1 0 -1 0 -1 0 -1 0 -1 0 -1 0 -1 0 -1 0 -1 0 -1 0 -1 0 -1 0 -1 0 -1 0 -1 0 -1 0 -1 0 -1 0 -1 0 -1 0 -1 0 -1 0 -1 0 -1 0 -1 0 -1 0 -1 0 -1 0 -1 0 -1 0 -1 0 -1 0 -1 0 -1 0 -1 0 -1 0 -1 0 -1 0 -1 0 -1 0 -1 0 -1 0 -1 0 -1 0 -1 0 -1 0 -1 0 -1 0 -1 0 -1 0 -1 0 -1 0 -1 0 -1 0 -1 0 -1 0 -1 0 -1 0 -1 0 -1 0 
  12 10 15 15 0
 0 0 0 0 0 0 0
2586 131072 0 0 0 0 
  0 0 0 0 0 0 0 0 

trp_regiment_rh13 Use {!}regiment_RH13 0 48 0 0 3 0 0
  -1 0 -1 0 -1 0 -1 0 -1 0 -1 0 -1 0 -1 0 -1 0 -1 0 -1 0 -1 0 -1 0 -1 0 -1 0 -1 0 -1 0 -1 0 -1 0 -1 0 -1 0 -1 0 -1 0 -1 0 -1 0 -1 0 -1 0 -1 0 -1 0 -1 0 -1 0 -1 0 -1 0 -1 0 -1 0 -1 0 -1 0 -1 0 -1 0 -1 0 -1 0 -1 0 -1 0 -1 0 -1 0 -1 0 -1 0 -1 0 -1 0 -1 0 -1 0 -1 0 -1 0 -1 0 -1 0 -1 0 -1 0 -1 0 -1 0 -1 0 -1 0 -1 0 -1 0 -1 0 
  12 10 15 15 0
 0 0 0 0 0 0 0
2586 131072 0 0 0 0 
  0 0 0 0 0 0 0 0 

trp_regiment_rh14 Use {!}regiment_RH14 0 48 0 0 3 0 0
  -1 0 -1 0 -1 0 -1 0 -1 0 -1 0 -1 0 -1 0 -1 0 -1 0 -1 0 -1 0 -1 0 -1 0 -1 0 -1 0 -1 0 -1 0 -1 0 -1 0 -1 0 -1 0 -1 0 -1 0 -1 0 -1 0 -1 0 -1 0 -1 0 -1 0 -1 0 -1 0 -1 0 -1 0 -1 0 -1 0 -1 0 -1 0 -1 0 -1 0 -1 0 -1 0 -1 0 -1 0 -1 0 -1 0 -1 0 -1 0 -1 0 -1 0 -1 0 -1 0 -1 0 -1 0 -1 0 -1 0 -1 0 -1 0 -1 0 -1 0 -1 0 -1 0 -1 0 -1 0 
  12 10 15 15 0
 0 0 0 0 0 0 0
2586 131072 0 0 0 0 
  0 0 0 0 0 0 0 0 

trp_regiment_rh15 Use {!}regiment_RH15 0 48 0 0 3 0 0
  -1 0 -1 0 -1 0 -1 0 -1 0 -1 0 -1 0 -1 0 -1 0 -1 0 -1 0 -1 0 -1 0 -1 0 -1 0 -1 0 -1 0 -1 0 -1 0 -1 0 -1 0 -1 0 -1 0 -1 0 -1 0 -1 0 -1 0 -1 0 -1 0 -1 0 -1 0 -1 0 -1 0 -1 0 -1 0 -1 0 -1 0 -1 0 -1 0 -1 0 -1 0 -1 0 -1 0 -1 0 -1 0 -1 0 -1 0 -1 0 -1 0 -1 0 -1 0 -1 0 -1 0 -1 0 -1 0 -1 0 -1 0 -1 0 -1 0 -1 0 -1 0 -1 0 -1 0 -1 0 
  12 10 15 15 0
 0 0 0 0 0 0 0
2586 131072 0 0 0 0 
  0 0 0 0 0 0 0 0 

trp_regiment_rh16 Use {!}regiment_RH16 0 48 0 0 3 0 0
  -1 0 -1 0 -1 0 -1 0 -1 0 -1 0 -1 0 -1 0 -1 0 -1 0 -1 0 -1 0 -1 0 -1 0 -1 0 -1 0 -1 0 -1 0 -1 0 -1 0 -1 0 -1 0 -1 0 -1 0 -1 0 -1 0 -1 0 -1 0 -1 0 -1 0 -1 0 -1 0 -1 0 -1 0 -1 0 -1 0 -1 0 -1 0 -1 0 -1 0 -1 0 -1 0 -1 0 -1 0 -1 0 -1 0 -1 0 -1 0 -1 0 -1 0 -1 0 -1 0 -1 0 -1 0 -1 0 -1 0 -1 0 -1 0 -1 0 -1 0 -1 0 -1 0 -1 0 -1 0 
  12 10 15 15 0
 0 0 0 0 0 0 0
2586 131072 0 0 0 0 
  0 0 0 0 0 0 0 0 

trp_regiment_rh17 Use {!}regiment_RH17 0 48 0 0 3 0 0
  -1 0 -1 0 -1 0 -1 0 -1 0 -1 0 -1 0 -1 0 -1 0 -1 0 -1 0 -1 0 -1 0 -1 0 -1 0 -1 0 -1 0 -1 0 -1 0 -1 0 -1 0 -1 0 -1 0 -1 0 -1 0 -1 0 -1 0 -1 0 -1 0 -1 0 -1 0 -1 0 -1 0 -1 0 -1 0 -1 0 -1 0 -1 0 -1 0 -1 0 -1 0 -1 0 -1 0 -1 0 -1 0 -1 0 -1 0 -1 0 -1 0 -1 0 -1 0 -1 0 -1 0 -1 0 -1 0 -1 0 -1 0 -1 0 -1 0 -1 0 -1 0 -1 0 -1 0 -1 0 
  12 10 15 15 0
 0 0 0 0 0 0 0
2586 131072 0 0 0 0 
  0 0 0 0 0 0 0 0 

trp_regiment_rh18 Use {!}regiment_RH18 0 48 0 0 3 0 0
  -1 0 -1 0 -1 0 -1 0 -1 0 -1 0 -1 0 -1 0 -1 0 -1 0 -1 0 -1 0 -1 0 -1 0 -1 0 -1 0 -1 0 -1 0 -1 0 -1 0 -1 0 -1 0 -1 0 -1 0 -1 0 -1 0 -1 0 -1 0 -1 0 -1 0 -1 0 -1 0 -1 0 -1 0 -1 0 -1 0 -1 0 -1 0 -1 0 -1 0 -1 0 -1 0 -1 0 -1 0 -1 0 -1 0 -1 0 -1 0 -1 0 -1 0 -1 0 -1 0 -1 0 -1 0 -1 0 -1 0 -1 0 -1 0 -1 0 -1 0 -1 0 -1 0 -1 0 -1 0 
  12 10 15 15 0
 0 0 0 0 0 0 0
2586 131072 0 0 0 0 
  0 0 0 0 0 0 0 0 

trp_regiment_rh19 Use {!}regiment_RH19 0 48 0 0 3 0 0
  -1 0 -1 0 -1 0 -1 0 -1 0 -1 0 -1 0 -1 0 -1 0 -1 0 -1 0 -1 0 -1 0 -1 0 -1 0 -1 0 -1 0 -1 0 -1 0 -1 0 -1 0 -1 0 -1 0 -1 0 -1 0 -1 0 -1 0 -1 0 -1 0 -1 0 -1 0 -1 0 -1 0 -1 0 -1 0 -1 0 -1 0 -1 0 -1 0 -1 0 -1 0 -1 0 -1 0 -1 0 -1 0 -1 0 -1 0 -1 0 -1 0 -1 0 -1 0 -1 0 -1 0 -1 0 -1 0 -1 0 -1 0 -1 0 -1 0 -1 0 -1 0 -1 0 -1 0 -1 0 
  12 10 15 15 0
 0 0 0 0 0 0 0
2586 131072 0 0 0 0 
  0 0 0 0 0 0 0 0 

trp_regiment_rh20 Use {!}regiment_RH20 0 48 0 0 3 0 0
  -1 0 -1 0 -1 0 -1 0 -1 0 -1 0 -1 0 -1 0 -1 0 -1 0 -1 0 -1 0 -1 0 -1 0 -1 0 -1 0 -1 0 -1 0 -1 0 -1 0 -1 0 -1 0 -1 0 -1 0 -1 0 -1 0 -1 0 -1 0 -1 0 -1 0 -1 0 -1 0 -1 0 -1 0 -1 0 -1 0 -1 0 -1 0 -1 0 -1 0 -1 0 -1 0 -1 0 -1 0 -1 0 -1 0 -1 0 -1 0 -1 0 -1 0 -1 0 -1 0 -1 0 -1 0 -1 0 -1 0 -1 0 -1 0 -1 0 -1 0 -1 0 -1 0 -1 0 -1 0 
  12 10 15 15 0
 0 0 0 0 0 0 0
2586 131072 0 0 0 0 
  0 0 0 0 0 0 0 0 

trp_regiment_rh21 Use {!}regiment_RH21 0 48 0 0 3 0 0
  -1 0 -1 0 -1 0 -1 0 -1 0 -1 0 -1 0 -1 0 -1 0 -1 0 -1 0 -1 0 -1 0 -1 0 -1 0 -1 0 -1 0 -1 0 -1 0 -1 0 -1 0 -1 0 -1 0 -1 0 -1 0 -1 0 -1 0 -1 0 -1 0 -1 0 -1 0 -1 0 -1 0 -1 0 -1 0 -1 0 -1 0 -1 0 -1 0 -1 0 -1 0 -1 0 -1 0 -1 0 -1 0 -1 0 -1 0 -1 0 -1 0 -1 0 -1 0 -1 0 -1 0 -1 0 -1 0 -1 0 -1 0 -1 0 -1 0 -1 0 -1 0 -1 0 -1 0 -1 0 
  12 10 15 15 0
 0 0 0 0 0 0 0
2586 131072 0 0 0 0 
  0 0 0 0 0 0 0 0 

trp_regiment_rh22 Use {!}regiment_RH22 0 48 0 0 3 0 0
  -1 0 -1 0 -1 0 -1 0 -1 0 -1 0 -1 0 -1 0 -1 0 -1 0 -1 0 -1 0 -1 0 -1 0 -1 0 -1 0 -1 0 -1 0 -1 0 -1 0 -1 0 -1 0 -1 0 -1 0 -1 0 -1 0 -1 0 -1 0 -1 0 -1 0 -1 0 -1 0 -1 0 -1 0 -1 0 -1 0 -1 0 -1 0 -1 0 -1 0 -1 0 -1 0 -1 0 -1 0 -1 0 -1 0 -1 0 -1 0 -1 0 -1 0 -1 0 -1 0 -1 0 -1 0 -1 0 -1 0 -1 0 -1 0 -1 0 -1 0 -1 0 -1 0 -1 0 -1 0 
  12 10 15 15 0
 0 0 0 0 0 0 0
2586 131072 0 0 0 0 
  0 0 0 0 0 0 0 0 

trp_regiment_rh23 Use {!}regiment_RH23 0 48 0 0 3 0 0
  -1 0 -1 0 -1 0 -1 0 -1 0 -1 0 -1 0 -1 0 -1 0 -1 0 -1 0 -1 0 -1 0 -1 0 -1 0 -1 0 -1 0 -1 0 -1 0 -1 0 -1 0 -1 0 -1 0 -1 0 -1 0 -1 0 -1 0 -1 0 -1 0 -1 0 -1 0 -1 0 -1 0 -1 0 -1 0 -1 0 -1 0 -1 0 -1 0 -1 0 -1 0 -1 0 -1 0 -1 0 -1 0 -1 0 -1 0 -1 0 -1 0 -1 0 -1 0 -1 0 -1 0 -1 0 -1 0 -1 0 -1 0 -1 0 -1 0 -1 0 -1 0 -1 0 -1 0 -1 0 
  12 10 15 15 0
 0 0 0 0 0 0 0
2586 131072 0 0 0 0 
  0 0 0 0 0 0 0 0 

trp_regiment_rh24 Use {!}regiment_RH24 0 48 0 0 3 0 0
  -1 0 -1 0 -1 0 -1 0 -1 0 -1 0 -1 0 -1 0 -1 0 -1 0 -1 0 -1 0 -1 0 -1 0 -1 0 -1 0 -1 0 -1 0 -1 0 -1 0 -1 0 -1 0 -1 0 -1 0 -1 0 -1 0 -1 0 -1 0 -1 0 -1 0 -1 0 -1 0 -1 0 -1 0 -1 0 -1 0 -1 0 -1 0 -1 0 -1 0 -1 0 -1 0 -1 0 -1 0 -1 0 -1 0 -1 0 -1 0 -1 0 -1 0 -1 0 -1 0 -1 0 -1 0 -1 0 -1 0 -1 0 -1 0 -1 0 -1 0 -1 0 -1 0 -1 0 -1 0 
  12 10 15 15 0
 0 0 0 0 0 0 0
2586 131072 0 0 0 0 
  0 0 0 0 0 0 0 0 

trp_regiment_rh25 Use {!}regiment_RH25 0 48 0 0 3 0 0
  -1 0 -1 0 -1 0 -1 0 -1 0 -1 0 -1 0 -1 0 -1 0 -1 0 -1 0 -1 0 -1 0 -1 0 -1 0 -1 0 -1 0 -1 0 -1 0 -1 0 -1 0 -1 0 -1 0 -1 0 -1 0 -1 0 -1 0 -1 0 -1 0 -1 0 -1 0 -1 0 -1 0 -1 0 -1 0 -1 0 -1 0 -1 0 -1 0 -1 0 -1 0 -1 0 -1 0 -1 0 -1 0 -1 0 -1 0 -1 0 -1 0 -1 0 -1 0 -1 0 -1 0 -1 0 -1 0 -1 0 -1 0 -1 0 -1 0 -1 0 -1 0 -1 0 -1 0 -1 0 
  12 10 15 15 0
 0 0 0 0 0 0 0
2586 131072 0 0 0 0 
  0 0 0 0 0 0 0 0 

trp_regiment_ot1 Use {!}regiment_OT1 0 48 0 0 3 0 0
  -1 0 -1 0 -1 0 -1 0 -1 0 -1 0 -1 0 -1 0 -1 0 -1 0 -1 0 -1 0 -1 0 -1 0 -1 0 -1 0 -1 0 -1 0 -1 0 -1 0 -1 0 -1 0 -1 0 -1 0 -1 0 -1 0 -1 0 -1 0 -1 0 -1 0 -1 0 -1 0 -1 0 -1 0 -1 0 -1 0 -1 0 -1 0 -1 0 -1 0 -1 0 -1 0 -1 0 -1 0 -1 0 -1 0 -1 0 -1 0 -1 0 -1 0 -1 0 -1 0 -1 0 -1 0 -1 0 -1 0 -1 0 -1 0 -1 0 -1 0 -1 0 -1 0 -1 0 -1 0 
  12 10 15 15 0
 0 0 0 0 0 0 0
2586 131072 0 0 0 0 
  0 0 0 0 0 0 0 0 

trp_regiment_ot2 Use {!}regiment_OT2 0 48 0 0 3 0 0
  -1 0 -1 0 -1 0 -1 0 -1 0 -1 0 -1 0 -1 0 -1 0 -1 0 -1 0 -1 0 -1 0 -1 0 -1 0 -1 0 -1 0 -1 0 -1 0 -1 0 -1 0 -1 0 -1 0 -1 0 -1 0 -1 0 -1 0 -1 0 -1 0 -1 0 -1 0 -1 0 -1 0 -1 0 -1 0 -1 0 -1 0 -1 0 -1 0 -1 0 -1 0 -1 0 -1 0 -1 0 -1 0 -1 0 -1 0 -1 0 -1 0 -1 0 -1 0 -1 0 -1 0 -1 0 -1 0 -1 0 -1 0 -1 0 -1 0 -1 0 -1 0 -1 0 -1 0 -1 0 
  12 10 15 15 0
 0 0 0 0 0 0 0
2586 131072 0 0 0 0 
  0 0 0 0 0 0 0 0 

trp_regiment_ot3 Use {!}regiment_OT3 0 48 0 0 3 0 0
  -1 0 -1 0 -1 0 -1 0 -1 0 -1 0 -1 0 -1 0 -1 0 -1 0 -1 0 -1 0 -1 0 -1 0 -1 0 -1 0 -1 0 -1 0 -1 0 -1 0 -1 0 -1 0 -1 0 -1 0 -1 0 -1 0 -1 0 -1 0 -1 0 -1 0 -1 0 -1 0 -1 0 -1 0 -1 0 -1 0 -1 0 -1 0 -1 0 -1 0 -1 0 -1 0 -1 0 -1 0 -1 0 -1 0 -1 0 -1 0 -1 0 -1 0 -1 0 -1 0 -1 0 -1 0 -1 0 -1 0 -1 0 -1 0 -1 0 -1 0 -1 0 -1 0 -1 0 -1 0 
  12 10 15 15 0
 0 0 0 0 0 0 0
2586 131072 0 0 0 0 
  0 0 0 0 0 0 0 0 

trp_regiment_ot4 Use {!}regiment_OT4 0 48 0 0 3 0 0
  -1 0 -1 0 -1 0 -1 0 -1 0 -1 0 -1 0 -1 0 -1 0 -1 0 -1 0 -1 0 -1 0 -1 0 -1 0 -1 0 -1 0 -1 0 -1 0 -1 0 -1 0 -1 0 -1 0 -1 0 -1 0 -1 0 -1 0 -1 0 -1 0 -1 0 -1 0 -1 0 -1 0 -1 0 -1 0 -1 0 -1 0 -1 0 -1 0 -1 0 -1 0 -1 0 -1 0 -1 0 -1 0 -1 0 -1 0 -1 0 -1 0 -1 0 -1 0 -1 0 -1 0 -1 0 -1 0 -1 0 -1 0 -1 0 -1 0 -1 0 -1 0 -1 0 -1 0 -1 0 
  12 10 15 15 0
 0 0 0 0 0 0 0
2586 131072 0 0 0 0 
  0 0 0 0 0 0 0 0 

trp_regiment_ot5 Use {!}regiment_OT5 0 48 0 0 3 0 0
  -1 0 -1 0 -1 0 -1 0 -1 0 -1 0 -1 0 -1 0 -1 0 -1 0 -1 0 -1 0 -1 0 -1 0 -1 0 -1 0 -1 0 -1 0 -1 0 -1 0 -1 0 -1 0 -1 0 -1 0 -1 0 -1 0 -1 0 -1 0 -1 0 -1 0 -1 0 -1 0 -1 0 -1 0 -1 0 -1 0 -1 0 -1 0 -1 0 -1 0 -1 0 -1 0 -1 0 -1 0 -1 0 -1 0 -1 0 -1 0 -1 0 -1 0 -1 0 -1 0 -1 0 -1 0 -1 0 -1 0 -1 0 -1 0 -1 0 -1 0 -1 0 -1 0 -1 0 -1 0 
  12 10 15 15 0
 0 0 0 0 0 0 0
2586 131072 0 0 0 0 
  0 0 0 0 0 0 0 0 

trp_regiment_ot6 Use {!}regiment_OT6 0 48 0 0 3 0 0
  -1 0 -1 0 -1 0 -1 0 -1 0 -1 0 -1 0 -1 0 -1 0 -1 0 -1 0 -1 0 -1 0 -1 0 -1 0 -1 0 -1 0 -1 0 -1 0 -1 0 -1 0 -1 0 -1 0 -1 0 -1 0 -1 0 -1 0 -1 0 -1 0 -1 0 -1 0 -1 0 -1 0 -1 0 -1 0 -1 0 -1 0 -1 0 -1 0 -1 0 -1 0 -1 0 -1 0 -1 0 -1 0 -1 0 -1 0 -1 0 -1 0 -1 0 -1 0 -1 0 -1 0 -1 0 -1 0 -1 0 -1 0 -1 0 -1 0 -1 0 -1 0 -1 0 -1 0 -1 0 
  12 10 15 15 0
 0 0 0 0 0 0 0
2586 131072 0 0 0 0 
  0 0 0 0 0 0 0 0 

trp_regiment_ot7 Use {!}regiment_OT7 0 48 0 0 3 0 0
  -1 0 -1 0 -1 0 -1 0 -1 0 -1 0 -1 0 -1 0 -1 0 -1 0 -1 0 -1 0 -1 0 -1 0 -1 0 -1 0 -1 0 -1 0 -1 0 -1 0 -1 0 -1 0 -1 0 -1 0 -1 0 -1 0 -1 0 -1 0 -1 0 -1 0 -1 0 -1 0 -1 0 -1 0 -1 0 -1 0 -1 0 -1 0 -1 0 -1 0 -1 0 -1 0 -1 0 -1 0 -1 0 -1 0 -1 0 -1 0 -1 0 -1 0 -1 0 -1 0 -1 0 -1 0 -1 0 -1 0 -1 0 -1 0 -1 0 -1 0 -1 0 -1 0 -1 0 -1 0 
  12 10 15 15 0
 0 0 0 0 0 0 0
2586 131072 0 0 0 0 
  0 0 0 0 0 0 0 0 

trp_regiment_ot8 Use {!}regiment_OT8 0 48 0 0 3 0 0
  -1 0 -1 0 -1 0 -1 0 -1 0 -1 0 -1 0 -1 0 -1 0 -1 0 -1 0 -1 0 -1 0 -1 0 -1 0 -1 0 -1 0 -1 0 -1 0 -1 0 -1 0 -1 0 -1 0 -1 0 -1 0 -1 0 -1 0 -1 0 -1 0 -1 0 -1 0 -1 0 -1 0 -1 0 -1 0 -1 0 -1 0 -1 0 -1 0 -1 0 -1 0 -1 0 -1 0 -1 0 -1 0 -1 0 -1 0 -1 0 -1 0 -1 0 -1 0 -1 0 -1 0 -1 0 -1 0 -1 0 -1 0 -1 0 -1 0 -1 0 -1 0 -1 0 -1 0 -1 0 
  12 10 15 15 0
 0 0 0 0 0 0 0
2586 131072 0 0 0 0 
  0 0 0 0 0 0 0 0 

trp_regiment_ot9 Use {!}regiment_OT9 0 48 0 0 3 0 0
  -1 0 -1 0 -1 0 -1 0 -1 0 -1 0 -1 0 -1 0 -1 0 -1 0 -1 0 -1 0 -1 0 -1 0 -1 0 -1 0 -1 0 -1 0 -1 0 -1 0 -1 0 -1 0 -1 0 -1 0 -1 0 -1 0 -1 0 -1 0 -1 0 -1 0 -1 0 -1 0 -1 0 -1 0 -1 0 -1 0 -1 0 -1 0 -1 0 -1 0 -1 0 -1 0 -1 0 -1 0 -1 0 -1 0 -1 0 -1 0 -1 0 -1 0 -1 0 -1 0 -1 0 -1 0 -1 0 -1 0 -1 0 -1 0 -1 0 -1 0 -1 0 -1 0 -1 0 -1 0 
  12 10 15 15 0
 0 0 0 0 0 0 0
2586 131072 0 0 0 0 
  0 0 0 0 0 0 0 0 

trp_regiment_ot10 Use {!}regiment_OT10 0 48 0 0 3 0 0
  -1 0 -1 0 -1 0 -1 0 -1 0 -1 0 -1 0 -1 0 -1 0 -1 0 -1 0 -1 0 -1 0 -1 0 -1 0 -1 0 -1 0 -1 0 -1 0 -1 0 -1 0 -1 0 -1 0 -1 0 -1 0 -1 0 -1 0 -1 0 -1 0 -1 0 -1 0 -1 0 -1 0 -1 0 -1 0 -1 0 -1 0 -1 0 -1 0 -1 0 -1 0 -1 0 -1 0 -1 0 -1 0 -1 0 -1 0 -1 0 -1 0 -1 0 -1 0 -1 0 -1 0 -1 0 -1 0 -1 0 -1 0 -1 0 -1 0 -1 0 -1 0 -1 0 -1 0 -1 0 
  12 10 15 15 0
 0 0 0 0 0 0 0
2586 131072 0 0 0 0 
  0 0 0 0 0 0 0 0 

trp_regiment_ot11 Use {!}regiment_OT11 0 48 0 0 3 0 0
  -1 0 -1 0 -1 0 -1 0 -1 0 -1 0 -1 0 -1 0 -1 0 -1 0 -1 0 -1 0 -1 0 -1 0 -1 0 -1 0 -1 0 -1 0 -1 0 -1 0 -1 0 -1 0 -1 0 -1 0 -1 0 -1 0 -1 0 -1 0 -1 0 -1 0 -1 0 -1 0 -1 0 -1 0 -1 0 -1 0 -1 0 -1 0 -1 0 -1 0 -1 0 -1 0 -1 0 -1 0 -1 0 -1 0 -1 0 -1 0 -1 0 -1 0 -1 0 -1 0 -1 0 -1 0 -1 0 -1 0 -1 0 -1 0 -1 0 -1 0 -1 0 -1 0 -1 0 -1 0 
  12 10 15 15 0
 0 0 0 0 0 0 0
2586 131072 0 0 0 0 
  0 0 0 0 0 0 0 0 

trp_regiment_ot12 Use {!}regiment_OT12 0 48 0 0 3 0 0
  -1 0 -1 0 -1 0 -1 0 -1 0 -1 0 -1 0 -1 0 -1 0 -1 0 -1 0 -1 0 -1 0 -1 0 -1 0 -1 0 -1 0 -1 0 -1 0 -1 0 -1 0 -1 0 -1 0 -1 0 -1 0 -1 0 -1 0 -1 0 -1 0 -1 0 -1 0 -1 0 -1 0 -1 0 -1 0 -1 0 -1 0 -1 0 -1 0 -1 0 -1 0 -1 0 -1 0 -1 0 -1 0 -1 0 -1 0 -1 0 -1 0 -1 0 -1 0 -1 0 -1 0 -1 0 -1 0 -1 0 -1 0 -1 0 -1 0 -1 0 -1 0 -1 0 -1 0 -1 0 
  12 10 15 15 0
 0 0 0 0 0 0 0
2586 131072 0 0 0 0 
  0 0 0 0 0 0 0 0 

trp_regiment_ot13 Use {!}regiment_OT13 0 48 0 0 3 0 0
  -1 0 -1 0 -1 0 -1 0 -1 0 -1 0 -1 0 -1 0 -1 0 -1 0 -1 0 -1 0 -1 0 -1 0 -1 0 -1 0 -1 0 -1 0 -1 0 -1 0 -1 0 -1 0 -1 0 -1 0 -1 0 -1 0 -1 0 -1 0 -1 0 -1 0 -1 0 -1 0 -1 0 -1 0 -1 0 -1 0 -1 0 -1 0 -1 0 -1 0 -1 0 -1 0 -1 0 -1 0 -1 0 -1 0 -1 0 -1 0 -1 0 -1 0 -1 0 -1 0 -1 0 -1 0 -1 0 -1 0 -1 0 -1 0 -1 0 -1 0 -1 0 -1 0 -1 0 -1 0 
  12 10 15 15 0
 0 0 0 0 0 0 0
2586 131072 0 0 0 0 
  0 0 0 0 0 0 0 0 

trp_regiment_ot14 Use {!}regiment_OT14 0 48 0 0 3 0 0
  -1 0 -1 0 -1 0 -1 0 -1 0 -1 0 -1 0 -1 0 -1 0 -1 0 -1 0 -1 0 -1 0 -1 0 -1 0 -1 0 -1 0 -1 0 -1 0 -1 0 -1 0 -1 0 -1 0 -1 0 -1 0 -1 0 -1 0 -1 0 -1 0 -1 0 -1 0 -1 0 -1 0 -1 0 -1 0 -1 0 -1 0 -1 0 -1 0 -1 0 -1 0 -1 0 -1 0 -1 0 -1 0 -1 0 -1 0 -1 0 -1 0 -1 0 -1 0 -1 0 -1 0 -1 0 -1 0 -1 0 -1 0 -1 0 -1 0 -1 0 -1 0 -1 0 -1 0 -1 0 
  12 10 15 15 0
 0 0 0 0 0 0 0
2586 131072 0 0 0 0 
  0 0 0 0 0 0 0 0 

trp_regiment_ot15 Use {!}regiment_OT15 0 48 0 0 3 0 0
  -1 0 -1 0 -1 0 -1 0 -1 0 -1 0 -1 0 -1 0 -1 0 -1 0 -1 0 -1 0 -1 0 -1 0 -1 0 -1 0 -1 0 -1 0 -1 0 -1 0 -1 0 -1 0 -1 0 -1 0 -1 0 -1 0 -1 0 -1 0 -1 0 -1 0 -1 0 -1 0 -1 0 -1 0 -1 0 -1 0 -1 0 -1 0 -1 0 -1 0 -1 0 -1 0 -1 0 -1 0 -1 0 -1 0 -1 0 -1 0 -1 0 -1 0 -1 0 -1 0 -1 0 -1 0 -1 0 -1 0 -1 0 -1 0 -1 0 -1 0 -1 0 -1 0 -1 0 -1 0 
  12 10 15 15 0
 0 0 0 0 0 0 0
2586 131072 0 0 0 0 
  0 0 0 0 0 0 0 0 

trp_regiment_ot16 Use {!}regiment_OT16 0 48 0 0 3 0 0
  -1 0 -1 0 -1 0 -1 0 -1 0 -1 0 -1 0 -1 0 -1 0 -1 0 -1 0 -1 0 -1 0 -1 0 -1 0 -1 0 -1 0 -1 0 -1 0 -1 0 -1 0 -1 0 -1 0 -1 0 -1 0 -1 0 -1 0 -1 0 -1 0 -1 0 -1 0 -1 0 -1 0 -1 0 -1 0 -1 0 -1 0 -1 0 -1 0 -1 0 -1 0 -1 0 -1 0 -1 0 -1 0 -1 0 -1 0 -1 0 -1 0 -1 0 -1 0 -1 0 -1 0 -1 0 -1 0 -1 0 -1 0 -1 0 -1 0 -1 0 -1 0 -1 0 -1 0 -1 0 
  12 10 15 15 0
 0 0 0 0 0 0 0
2586 131072 0 0 0 0 
  0 0 0 0 0 0 0 0 

trp_regiment_ot17 Use {!}regiment_OT17 0 48 0 0 3 0 0
  -1 0 -1 0 -1 0 -1 0 -1 0 -1 0 -1 0 -1 0 -1 0 -1 0 -1 0 -1 0 -1 0 -1 0 -1 0 -1 0 -1 0 -1 0 -1 0 -1 0 -1 0 -1 0 -1 0 -1 0 -1 0 -1 0 -1 0 -1 0 -1 0 -1 0 -1 0 -1 0 -1 0 -1 0 -1 0 -1 0 -1 0 -1 0 -1 0 -1 0 -1 0 -1 0 -1 0 -1 0 -1 0 -1 0 -1 0 -1 0 -1 0 -1 0 -1 0 -1 0 -1 0 -1 0 -1 0 -1 0 -1 0 -1 0 -1 0 -1 0 -1 0 -1 0 -1 0 -1 0 
  12 10 15 15 0
 0 0 0 0 0 0 0
2586 131072 0 0 0 0 
  0 0 0 0 0 0 0 0 

trp_regiment_ot18 Use {!}regiment_OT18 0 48 0 0 3 0 0
  -1 0 -1 0 -1 0 -1 0 -1 0 -1 0 -1 0 -1 0 -1 0 -1 0 -1 0 -1 0 -1 0 -1 0 -1 0 -1 0 -1 0 -1 0 -1 0 -1 0 -1 0 -1 0 -1 0 -1 0 -1 0 -1 0 -1 0 -1 0 -1 0 -1 0 -1 0 -1 0 -1 0 -1 0 -1 0 -1 0 -1 0 -1 0 -1 0 -1 0 -1 0 -1 0 -1 0 -1 0 -1 0 -1 0 -1 0 -1 0 -1 0 -1 0 -1 0 -1 0 -1 0 -1 0 -1 0 -1 0 -1 0 -1 0 -1 0 -1 0 -1 0 -1 0 -1 0 -1 0 
  12 10 15 15 0
 0 0 0 0 0 0 0
2586 131072 0 0 0 0 
  0 0 0 0 0 0 0 0 

trp_regiment_ot19 Use {!}regiment_OT19 0 48 0 0 3 0 0
  -1 0 -1 0 -1 0 -1 0 -1 0 -1 0 -1 0 -1 0 -1 0 -1 0 -1 0 -1 0 -1 0 -1 0 -1 0 -1 0 -1 0 -1 0 -1 0 -1 0 -1 0 -1 0 -1 0 -1 0 -1 0 -1 0 -1 0 -1 0 -1 0 -1 0 -1 0 -1 0 -1 0 -1 0 -1 0 -1 0 -1 0 -1 0 -1 0 -1 0 -1 0 -1 0 -1 0 -1 0 -1 0 -1 0 -1 0 -1 0 -1 0 -1 0 -1 0 -1 0 -1 0 -1 0 -1 0 -1 0 -1 0 -1 0 -1 0 -1 0 -1 0 -1 0 -1 0 -1 0 
  12 10 15 15 0
 0 0 0 0 0 0 0
2586 131072 0 0 0 0 
  0 0 0 0 0 0 0 0 

trp_regiment_ot20 Use {!}regiment_OT20 0 48 0 0 3 0 0
  -1 0 -1 0 -1 0 -1 0 -1 0 -1 0 -1 0 -1 0 -1 0 -1 0 -1 0 -1 0 -1 0 -1 0 -1 0 -1 0 -1 0 -1 0 -1 0 -1 0 -1 0 -1 0 -1 0 -1 0 -1 0 -1 0 -1 0 -1 0 -1 0 -1 0 -1 0 -1 0 -1 0 -1 0 -1 0 -1 0 -1 0 -1 0 -1 0 -1 0 -1 0 -1 0 -1 0 -1 0 -1 0 -1 0 -1 0 -1 0 -1 0 -1 0 -1 0 -1 0 -1 0 -1 0 -1 0 -1 0 -1 0 -1 0 -1 0 -1 0 -1 0 -1 0 -1 0 -1 0 
  12 10 15 15 0
 0 0 0 0 0 0 0
2586 131072 0 0 0 0 
  0 0 0 0 0 0 0 0 

trp_regiment_ot21 Use {!}regiment_OT21 0 48 0 0 3 0 0
  -1 0 -1 0 -1 0 -1 0 -1 0 -1 0 -1 0 -1 0 -1 0 -1 0 -1 0 -1 0 -1 0 -1 0 -1 0 -1 0 -1 0 -1 0 -1 0 -1 0 -1 0 -1 0 -1 0 -1 0 -1 0 -1 0 -1 0 -1 0 -1 0 -1 0 -1 0 -1 0 -1 0 -1 0 -1 0 -1 0 -1 0 -1 0 -1 0 -1 0 -1 0 -1 0 -1 0 -1 0 -1 0 -1 0 -1 0 -1 0 -1 0 -1 0 -1 0 -1 0 -1 0 -1 0 -1 0 -1 0 -1 0 -1 0 -1 0 -1 0 -1 0 -1 0 -1 0 -1 0 
  12 10 15 15 0
 0 0 0 0 0 0 0
2586 131072 0 0 0 0 
  0 0 0 0 0 0 0 0 

trp_regiment_ot22 Use {!}regiment_OT22 0 48 0 0 3 0 0
  -1 0 -1 0 -1 0 -1 0 -1 0 -1 0 -1 0 -1 0 -1 0 -1 0 -1 0 -1 0 -1 0 -1 0 -1 0 -1 0 -1 0 -1 0 -1 0 -1 0 -1 0 -1 0 -1 0 -1 0 -1 0 -1 0 -1 0 -1 0 -1 0 -1 0 -1 0 -1 0 -1 0 -1 0 -1 0 -1 0 -1 0 -1 0 -1 0 -1 0 -1 0 -1 0 -1 0 -1 0 -1 0 -1 0 -1 0 -1 0 -1 0 -1 0 -1 0 -1 0 -1 0 -1 0 -1 0 -1 0 -1 0 -1 0 -1 0 -1 0 -1 0 -1 0 -1 0 -1 0 
  12 10 15 15 0
 0 0 0 0 0 0 0
2586 131072 0 0 0 0 
  0 0 0 0 0 0 0 0 

trp_regiment_ot23 Use {!}regiment_OT23 0 48 0 0 3 0 0
  -1 0 -1 0 -1 0 -1 0 -1 0 -1 0 -1 0 -1 0 -1 0 -1 0 -1 0 -1 0 -1 0 -1 0 -1 0 -1 0 -1 0 -1 0 -1 0 -1 0 -1 0 -1 0 -1 0 -1 0 -1 0 -1 0 -1 0 -1 0 -1 0 -1 0 -1 0 -1 0 -1 0 -1 0 -1 0 -1 0 -1 0 -1 0 -1 0 -1 0 -1 0 -1 0 -1 0 -1 0 -1 0 -1 0 -1 0 -1 0 -1 0 -1 0 -1 0 -1 0 -1 0 -1 0 -1 0 -1 0 -1 0 -1 0 -1 0 -1 0 -1 0 -1 0 -1 0 -1 0 
  12 10 15 15 0
 0 0 0 0 0 0 0
2586 131072 0 0 0 0 
  0 0 0 0 0 0 0 0 

trp_regiment_ot24 Use {!}regiment_OT24 0 48 0 0 3 0 0
  -1 0 -1 0 -1 0 -1 0 -1 0 -1 0 -1 0 -1 0 -1 0 -1 0 -1 0 -1 0 -1 0 -1 0 -1 0 -1 0 -1 0 -1 0 -1 0 -1 0 -1 0 -1 0 -1 0 -1 0 -1 0 -1 0 -1 0 -1 0 -1 0 -1 0 -1 0 -1 0 -1 0 -1 0 -1 0 -1 0 -1 0 -1 0 -1 0 -1 0 -1 0 -1 0 -1 0 -1 0 -1 0 -1 0 -1 0 -1 0 -1 0 -1 0 -1 0 -1 0 -1 0 -1 0 -1 0 -1 0 -1 0 -1 0 -1 0 -1 0 -1 0 -1 0 -1 0 -1 0 
  12 10 15 15 0
 0 0 0 0 0 0 0
2586 131072 0 0 0 0 
  0 0 0 0 0 0 0 0 

trp_regiment_ot25 Use {!}regiment_OT25 0 48 0 0 3 0 0
  -1 0 -1 0 -1 0 -1 0 -1 0 -1 0 -1 0 -1 0 -1 0 -1 0 -1 0 -1 0 -1 0 -1 0 -1 0 -1 0 -1 0 -1 0 -1 0 -1 0 -1 0 -1 0 -1 0 -1 0 -1 0 -1 0 -1 0 -1 0 -1 0 -1 0 -1 0 -1 0 -1 0 -1 0 -1 0 -1 0 -1 0 -1 0 -1 0 -1 0 -1 0 -1 0 -1 0 -1 0 -1 0 -1 0 -1 0 -1 0 -1 0 -1 0 -1 0 -1 0 -1 0 -1 0 -1 0 -1 0 -1 0 -1 0 -1 0 -1 0 -1 0 -1 0 -1 0 -1 0 
  12 10 15 15 0
 0 0 0 0 0 0 0
2586 131072 0 0 0 0 
  0 0 0 0 0 0 0 0 

trp_regiment_it1 Use {!}regiment_IT1 0 48 0 0 3 0 0
  -1 0 -1 0 -1 0 -1 0 -1 0 -1 0 -1 0 -1 0 -1 0 -1 0 -1 0 -1 0 -1 0 -1 0 -1 0 -1 0 -1 0 -1 0 -1 0 -1 0 -1 0 -1 0 -1 0 -1 0 -1 0 -1 0 -1 0 -1 0 -1 0 -1 0 -1 0 -1 0 -1 0 -1 0 -1 0 -1 0 -1 0 -1 0 -1 0 -1 0 -1 0 -1 0 -1 0 -1 0 -1 0 -1 0 -1 0 -1 0 -1 0 -1 0 -1 0 -1 0 -1 0 -1 0 -1 0 -1 0 -1 0 -1 0 -1 0 -1 0 -1 0 -1 0 -1 0 -1 0 
  12 10 15 15 0
 0 0 0 0 0 0 0
2586 131072 0 0 0 0 
  0 0 0 0 0 0 0 0 

trp_regiment_it2 Use {!}regiment_IT2 0 48 0 0 3 0 0
  -1 0 -1 0 -1 0 -1 0 -1 0 -1 0 -1 0 -1 0 -1 0 -1 0 -1 0 -1 0 -1 0 -1 0 -1 0 -1 0 -1 0 -1 0 -1 0 -1 0 -1 0 -1 0 -1 0 -1 0 -1 0 -1 0 -1 0 -1 0 -1 0 -1 0 -1 0 -1 0 -1 0 -1 0 -1 0 -1 0 -1 0 -1 0 -1 0 -1 0 -1 0 -1 0 -1 0 -1 0 -1 0 -1 0 -1 0 -1 0 -1 0 -1 0 -1 0 -1 0 -1 0 -1 0 -1 0 -1 0 -1 0 -1 0 -1 0 -1 0 -1 0 -1 0 -1 0 -1 0 
  12 10 15 15 0
 0 0 0 0 0 0 0
2586 131072 0 0 0 0 
  0 0 0 0 0 0 0 0 

trp_regiment_it3 Use {!}regiment_IT3 0 48 0 0 3 0 0
  -1 0 -1 0 -1 0 -1 0 -1 0 -1 0 -1 0 -1 0 -1 0 -1 0 -1 0 -1 0 -1 0 -1 0 -1 0 -1 0 -1 0 -1 0 -1 0 -1 0 -1 0 -1 0 -1 0 -1 0 -1 0 -1 0 -1 0 -1 0 -1 0 -1 0 -1 0 -1 0 -1 0 -1 0 -1 0 -1 0 -1 0 -1 0 -1 0 -1 0 -1 0 -1 0 -1 0 -1 0 -1 0 -1 0 -1 0 -1 0 -1 0 -1 0 -1 0 -1 0 -1 0 -1 0 -1 0 -1 0 -1 0 -1 0 -1 0 -1 0 -1 0 -1 0 -1 0 -1 0 
  12 10 15 15 0
 0 0 0 0 0 0 0
2586 131072 0 0 0 0 
  0 0 0 0 0 0 0 0 

trp_regiment_it4 Use {!}regiment_IT4 0 48 0 0 3 0 0
  -1 0 -1 0 -1 0 -1 0 -1 0 -1 0 -1 0 -1 0 -1 0 -1 0 -1 0 -1 0 -1 0 -1 0 -1 0 -1 0 -1 0 -1 0 -1 0 -1 0 -1 0 -1 0 -1 0 -1 0 -1 0 -1 0 -1 0 -1 0 -1 0 -1 0 -1 0 -1 0 -1 0 -1 0 -1 0 -1 0 -1 0 -1 0 -1 0 -1 0 -1 0 -1 0 -1 0 -1 0 -1 0 -1 0 -1 0 -1 0 -1 0 -1 0 -1 0 -1 0 -1 0 -1 0 -1 0 -1 0 -1 0 -1 0 -1 0 -1 0 -1 0 -1 0 -1 0 -1 0 
  12 10 15 15 0
 0 0 0 0 0 0 0
2586 131072 0 0 0 0 
  0 0 0 0 0 0 0 0 

trp_regiment_it5 Use {!}regiment_IT5 0 48 0 0 3 0 0
  -1 0 -1 0 -1 0 -1 0 -1 0 -1 0 -1 0 -1 0 -1 0 -1 0 -1 0 -1 0 -1 0 -1 0 -1 0 -1 0 -1 0 -1 0 -1 0 -1 0 -1 0 -1 0 -1 0 -1 0 -1 0 -1 0 -1 0 -1 0 -1 0 -1 0 -1 0 -1 0 -1 0 -1 0 -1 0 -1 0 -1 0 -1 0 -1 0 -1 0 -1 0 -1 0 -1 0 -1 0 -1 0 -1 0 -1 0 -1 0 -1 0 -1 0 -1 0 -1 0 -1 0 -1 0 -1 0 -1 0 -1 0 -1 0 -1 0 -1 0 -1 0 -1 0 -1 0 -1 0 
  12 10 15 15 0
 0 0 0 0 0 0 0
2586 131072 0 0 0 0 
  0 0 0 0 0 0 0 0 

trp_regiment_it6 Use {!}regiment_IT6 0 48 0 0 3 0 0
  -1 0 -1 0 -1 0 -1 0 -1 0 -1 0 -1 0 -1 0 -1 0 -1 0 -1 0 -1 0 -1 0 -1 0 -1 0 -1 0 -1 0 -1 0 -1 0 -1 0 -1 0 -1 0 -1 0 -1 0 -1 0 -1 0 -1 0 -1 0 -1 0 -1 0 -1 0 -1 0 -1 0 -1 0 -1 0 -1 0 -1 0 -1 0 -1 0 -1 0 -1 0 -1 0 -1 0 -1 0 -1 0 -1 0 -1 0 -1 0 -1 0 -1 0 -1 0 -1 0 -1 0 -1 0 -1 0 -1 0 -1 0 -1 0 -1 0 -1 0 -1 0 -1 0 -1 0 -1 0 
  12 10 15 15 0
 0 0 0 0 0 0 0
2586 131072 0 0 0 0 
  0 0 0 0 0 0 0 0 

trp_regiment_it7 Use {!}regiment_IT7 0 48 0 0 3 0 0
  -1 0 -1 0 -1 0 -1 0 -1 0 -1 0 -1 0 -1 0 -1 0 -1 0 -1 0 -1 0 -1 0 -1 0 -1 0 -1 0 -1 0 -1 0 -1 0 -1 0 -1 0 -1 0 -1 0 -1 0 -1 0 -1 0 -1 0 -1 0 -1 0 -1 0 -1 0 -1 0 -1 0 -1 0 -1 0 -1 0 -1 0 -1 0 -1 0 -1 0 -1 0 -1 0 -1 0 -1 0 -1 0 -1 0 -1 0 -1 0 -1 0 -1 0 -1 0 -1 0 -1 0 -1 0 -1 0 -1 0 -1 0 -1 0 -1 0 -1 0 -1 0 -1 0 -1 0 -1 0 
  12 10 15 15 0
 0 0 0 0 0 0 0
2586 131072 0 0 0 0 
  0 0 0 0 0 0 0 0 

trp_regiment_it8 Use {!}regiment_IT8 0 48 0 0 3 0 0
  -1 0 -1 0 -1 0 -1 0 -1 0 -1 0 -1 0 -1 0 -1 0 -1 0 -1 0 -1 0 -1 0 -1 0 -1 0 -1 0 -1 0 -1 0 -1 0 -1 0 -1 0 -1 0 -1 0 -1 0 -1 0 -1 0 -1 0 -1 0 -1 0 -1 0 -1 0 -1 0 -1 0 -1 0 -1 0 -1 0 -1 0 -1 0 -1 0 -1 0 -1 0 -1 0 -1 0 -1 0 -1 0 -1 0 -1 0 -1 0 -1 0 -1 0 -1 0 -1 0 -1 0 -1 0 -1 0 -1 0 -1 0 -1 0 -1 0 -1 0 -1 0 -1 0 -1 0 -1 0 
  12 10 15 15 0
 0 0 0 0 0 0 0
2586 131072 0 0 0 0 
  0 0 0 0 0 0 0 0 

trp_regiment_it9 Use {!}regiment_IT9 0 48 0 0 3 0 0
  -1 0 -1 0 -1 0 -1 0 -1 0 -1 0 -1 0 -1 0 -1 0 -1 0 -1 0 -1 0 -1 0 -1 0 -1 0 -1 0 -1 0 -1 0 -1 0 -1 0 -1 0 -1 0 -1 0 -1 0 -1 0 -1 0 -1 0 -1 0 -1 0 -1 0 -1 0 -1 0 -1 0 -1 0 -1 0 -1 0 -1 0 -1 0 -1 0 -1 0 -1 0 -1 0 -1 0 -1 0 -1 0 -1 0 -1 0 -1 0 -1 0 -1 0 -1 0 -1 0 -1 0 -1 0 -1 0 -1 0 -1 0 -1 0 -1 0 -1 0 -1 0 -1 0 -1 0 -1 0 
  12 10 15 15 0
 0 0 0 0 0 0 0
2586 131072 0 0 0 0 
  0 0 0 0 0 0 0 0 

trp_regiment_it10 Use {!}regiment_IT10 0 48 0 0 3 0 0
  -1 0 -1 0 -1 0 -1 0 -1 0 -1 0 -1 0 -1 0 -1 0 -1 0 -1 0 -1 0 -1 0 -1 0 -1 0 -1 0 -1 0 -1 0 -1 0 -1 0 -1 0 -1 0 -1 0 -1 0 -1 0 -1 0 -1 0 -1 0 -1 0 -1 0 -1 0 -1 0 -1 0 -1 0 -1 0 -1 0 -1 0 -1 0 -1 0 -1 0 -1 0 -1 0 -1 0 -1 0 -1 0 -1 0 -1 0 -1 0 -1 0 -1 0 -1 0 -1 0 -1 0 -1 0 -1 0 -1 0 -1 0 -1 0 -1 0 -1 0 -1 0 -1 0 -1 0 -1 0 
  12 10 15 15 0
 0 0 0 0 0 0 0
2586 131072 0 0 0 0 
  0 0 0 0 0 0 0 0 

trp_regiment_it11 Use {!}regiment_IT11 0 48 0 0 3 0 0
  -1 0 -1 0 -1 0 -1 0 -1 0 -1 0 -1 0 -1 0 -1 0 -1 0 -1 0 -1 0 -1 0 -1 0 -1 0 -1 0 -1 0 -1 0 -1 0 -1 0 -1 0 -1 0 -1 0 -1 0 -1 0 -1 0 -1 0 -1 0 -1 0 -1 0 -1 0 -1 0 -1 0 -1 0 -1 0 -1 0 -1 0 -1 0 -1 0 -1 0 -1 0 -1 0 -1 0 -1 0 -1 0 -1 0 -1 0 -1 0 -1 0 -1 0 -1 0 -1 0 -1 0 -1 0 -1 0 -1 0 -1 0 -1 0 -1 0 -1 0 -1 0 -1 0 -1 0 -1 0 
  12 10 15 15 0
 0 0 0 0 0 0 0
2586 131072 0 0 0 0 
  0 0 0 0 0 0 0 0 

trp_regiment_it12 Use {!}regiment_IT12 0 48 0 0 3 0 0
  -1 0 -1 0 -1 0 -1 0 -1 0 -1 0 -1 0 -1 0 -1 0 -1 0 -1 0 -1 0 -1 0 -1 0 -1 0 -1 0 -1 0 -1 0 -1 0 -1 0 -1 0 -1 0 -1 0 -1 0 -1 0 -1 0 -1 0 -1 0 -1 0 -1 0 -1 0 -1 0 -1 0 -1 0 -1 0 -1 0 -1 0 -1 0 -1 0 -1 0 -1 0 -1 0 -1 0 -1 0 -1 0 -1 0 -1 0 -1 0 -1 0 -1 0 -1 0 -1 0 -1 0 -1 0 -1 0 -1 0 -1 0 -1 0 -1 0 -1 0 -1 0 -1 0 -1 0 -1 0 
  12 10 15 15 0
 0 0 0 0 0 0 0
2586 131072 0 0 0 0 
  0 0 0 0 0 0 0 0 

trp_regiment_it13 Use {!}regiment_IT13 0 48 0 0 3 0 0
  -1 0 -1 0 -1 0 -1 0 -1 0 -1 0 -1 0 -1 0 -1 0 -1 0 -1 0 -1 0 -1 0 -1 0 -1 0 -1 0 -1 0 -1 0 -1 0 -1 0 -1 0 -1 0 -1 0 -1 0 -1 0 -1 0 -1 0 -1 0 -1 0 -1 0 -1 0 -1 0 -1 0 -1 0 -1 0 -1 0 -1 0 -1 0 -1 0 -1 0 -1 0 -1 0 -1 0 -1 0 -1 0 -1 0 -1 0 -1 0 -1 0 -1 0 -1 0 -1 0 -1 0 -1 0 -1 0 -1 0 -1 0 -1 0 -1 0 -1 0 -1 0 -1 0 -1 0 -1 0 
  12 10 15 15 0
 0 0 0 0 0 0 0
2586 131072 0 0 0 0 
  0 0 0 0 0 0 0 0 

trp_regiment_it14 Use {!}regiment_IT14 0 48 0 0 3 0 0
  -1 0 -1 0 -1 0 -1 0 -1 0 -1 0 -1 0 -1 0 -1 0 -1 0 -1 0 -1 0 -1 0 -1 0 -1 0 -1 0 -1 0 -1 0 -1 0 -1 0 -1 0 -1 0 -1 0 -1 0 -1 0 -1 0 -1 0 -1 0 -1 0 -1 0 -1 0 -1 0 -1 0 -1 0 -1 0 -1 0 -1 0 -1 0 -1 0 -1 0 -1 0 -1 0 -1 0 -1 0 -1 0 -1 0 -1 0 -1 0 -1 0 -1 0 -1 0 -1 0 -1 0 -1 0 -1 0 -1 0 -1 0 -1 0 -1 0 -1 0 -1 0 -1 0 -1 0 -1 0 
  12 10 15 15 0
 0 0 0 0 0 0 0
2586 131072 0 0 0 0 
  0 0 0 0 0 0 0 0 

trp_regiment_it15 Use {!}regiment_IT15 0 48 0 0 3 0 0
  -1 0 -1 0 -1 0 -1 0 -1 0 -1 0 -1 0 -1 0 -1 0 -1 0 -1 0 -1 0 -1 0 -1 0 -1 0 -1 0 -1 0 -1 0 -1 0 -1 0 -1 0 -1 0 -1 0 -1 0 -1 0 -1 0 -1 0 -1 0 -1 0 -1 0 -1 0 -1 0 -1 0 -1 0 -1 0 -1 0 -1 0 -1 0 -1 0 -1 0 -1 0 -1 0 -1 0 -1 0 -1 0 -1 0 -1 0 -1 0 -1 0 -1 0 -1 0 -1 0 -1 0 -1 0 -1 0 -1 0 -1 0 -1 0 -1 0 -1 0 -1 0 -1 0 -1 0 -1 0 
  12 10 15 15 0
 0 0 0 0 0 0 0
2586 131072 0 0 0 0 
  0 0 0 0 0 0 0 0 

trp_regiment_it16 Use {!}regiment_IT16 0 48 0 0 3 0 0
  -1 0 -1 0 -1 0 -1 0 -1 0 -1 0 -1 0 -1 0 -1 0 -1 0 -1 0 -1 0 -1 0 -1 0 -1 0 -1 0 -1 0 -1 0 -1 0 -1 0 -1 0 -1 0 -1 0 -1 0 -1 0 -1 0 -1 0 -1 0 -1 0 -1 0 -1 0 -1 0 -1 0 -1 0 -1 0 -1 0 -1 0 -1 0 -1 0 -1 0 -1 0 -1 0 -1 0 -1 0 -1 0 -1 0 -1 0 -1 0 -1 0 -1 0 -1 0 -1 0 -1 0 -1 0 -1 0 -1 0 -1 0 -1 0 -1 0 -1 0 -1 0 -1 0 -1 0 -1 0 
  12 10 15 15 0
 0 0 0 0 0 0 0
2586 131072 0 0 0 0 
  0 0 0 0 0 0 0 0 

trp_regiment_it17 Use {!}regiment_IT17 0 48 0 0 3 0 0
  -1 0 -1 0 -1 0 -1 0 -1 0 -1 0 -1 0 -1 0 -1 0 -1 0 -1 0 -1 0 -1 0 -1 0 -1 0 -1 0 -1 0 -1 0 -1 0 -1 0 -1 0 -1 0 -1 0 -1 0 -1 0 -1 0 -1 0 -1 0 -1 0 -1 0 -1 0 -1 0 -1 0 -1 0 -1 0 -1 0 -1 0 -1 0 -1 0 -1 0 -1 0 -1 0 -1 0 -1 0 -1 0 -1 0 -1 0 -1 0 -1 0 -1 0 -1 0 -1 0 -1 0 -1 0 -1 0 -1 0 -1 0 -1 0 -1 0 -1 0 -1 0 -1 0 -1 0 -1 0 
  12 10 15 15 0
 0 0 0 0 0 0 0
2586 131072 0 0 0 0 
  0 0 0 0 0 0 0 0 

trp_regiment_it18 Use {!}regiment_IT18 0 48 0 0 3 0 0
  -1 0 -1 0 -1 0 -1 0 -1 0 -1 0 -1 0 -1 0 -1 0 -1 0 -1 0 -1 0 -1 0 -1 0 -1 0 -1 0 -1 0 -1 0 -1 0 -1 0 -1 0 -1 0 -1 0 -1 0 -1 0 -1 0 -1 0 -1 0 -1 0 -1 0 -1 0 -1 0 -1 0 -1 0 -1 0 -1 0 -1 0 -1 0 -1 0 -1 0 -1 0 -1 0 -1 0 -1 0 -1 0 -1 0 -1 0 -1 0 -1 0 -1 0 -1 0 -1 0 -1 0 -1 0 -1 0 -1 0 -1 0 -1 0 -1 0 -1 0 -1 0 -1 0 -1 0 -1 0 
  12 10 15 15 0
 0 0 0 0 0 0 0
2586 131072 0 0 0 0 
  0 0 0 0 0 0 0 0 

trp_regiment_it19 Use {!}regiment_IT19 0 48 0 0 3 0 0
  -1 0 -1 0 -1 0 -1 0 -1 0 -1 0 -1 0 -1 0 -1 0 -1 0 -1 0 -1 0 -1 0 -1 0 -1 0 -1 0 -1 0 -1 0 -1 0 -1 0 -1 0 -1 0 -1 0 -1 0 -1 0 -1 0 -1 0 -1 0 -1 0 -1 0 -1 0 -1 0 -1 0 -1 0 -1 0 -1 0 -1 0 -1 0 -1 0 -1 0 -1 0 -1 0 -1 0 -1 0 -1 0 -1 0 -1 0 -1 0 -1 0 -1 0 -1 0 -1 0 -1 0 -1 0 -1 0 -1 0 -1 0 -1 0 -1 0 -1 0 -1 0 -1 0 -1 0 -1 0 
  12 10 15 15 0
 0 0 0 0 0 0 0
2586 131072 0 0 0 0 
  0 0 0 0 0 0 0 0 

trp_regiment_it20 Use {!}regiment_IT20 0 48 0 0 3 0 0
  -1 0 -1 0 -1 0 -1 0 -1 0 -1 0 -1 0 -1 0 -1 0 -1 0 -1 0 -1 0 -1 0 -1 0 -1 0 -1 0 -1 0 -1 0 -1 0 -1 0 -1 0 -1 0 -1 0 -1 0 -1 0 -1 0 -1 0 -1 0 -1 0 -1 0 -1 0 -1 0 -1 0 -1 0 -1 0 -1 0 -1 0 -1 0 -1 0 -1 0 -1 0 -1 0 -1 0 -1 0 -1 0 -1 0 -1 0 -1 0 -1 0 -1 0 -1 0 -1 0 -1 0 -1 0 -1 0 -1 0 -1 0 -1 0 -1 0 -1 0 -1 0 -1 0 -1 0 -1 0 
  12 10 15 15 0
 0 0 0 0 0 0 0
2586 131072 0 0 0 0 
  0 0 0 0 0 0 0 0 

trp_regiment_it21 Use {!}regiment_IT21 0 48 0 0 3 0 0
  -1 0 -1 0 -1 0 -1 0 -1 0 -1 0 -1 0 -1 0 -1 0 -1 0 -1 0 -1 0 -1 0 -1 0 -1 0 -1 0 -1 0 -1 0 -1 0 -1 0 -1 0 -1 0 -1 0 -1 0 -1 0 -1 0 -1 0 -1 0 -1 0 -1 0 -1 0 -1 0 -1 0 -1 0 -1 0 -1 0 -1 0 -1 0 -1 0 -1 0 -1 0 -1 0 -1 0 -1 0 -1 0 -1 0 -1 0 -1 0 -1 0 -1 0 -1 0 -1 0 -1 0 -1 0 -1 0 -1 0 -1 0 -1 0 -1 0 -1 0 -1 0 -1 0 -1 0 -1 0 
  12 10 15 15 0
 0 0 0 0 0 0 0
2586 131072 0 0 0 0 
  0 0 0 0 0 0 0 0 

trp_regiment_it22 Use {!}regiment_IT22 0 48 0 0 3 0 0
  -1 0 -1 0 -1 0 -1 0 -1 0 -1 0 -1 0 -1 0 -1 0 -1 0 -1 0 -1 0 -1 0 -1 0 -1 0 -1 0 -1 0 -1 0 -1 0 -1 0 -1 0 -1 0 -1 0 -1 0 -1 0 -1 0 -1 0 -1 0 -1 0 -1 0 -1 0 -1 0 -1 0 -1 0 -1 0 -1 0 -1 0 -1 0 -1 0 -1 0 -1 0 -1 0 -1 0 -1 0 -1 0 -1 0 -1 0 -1 0 -1 0 -1 0 -1 0 -1 0 -1 0 -1 0 -1 0 -1 0 -1 0 -1 0 -1 0 -1 0 -1 0 -1 0 -1 0 -1 0 
  12 10 15 15 0
 0 0 0 0 0 0 0
2586 131072 0 0 0 0 
  0 0 0 0 0 0 0 0 

trp_regiment_it23 Use {!}regiment_IT23 0 48 0 0 3 0 0
  -1 0 -1 0 -1 0 -1 0 -1 0 -1 0 -1 0 -1 0 -1 0 -1 0 -1 0 -1 0 -1 0 -1 0 -1 0 -1 0 -1 0 -1 0 -1 0 -1 0 -1 0 -1 0 -1 0 -1 0 -1 0 -1 0 -1 0 -1 0 -1 0 -1 0 -1 0 -1 0 -1 0 -1 0 -1 0 -1 0 -1 0 -1 0 -1 0 -1 0 -1 0 -1 0 -1 0 -1 0 -1 0 -1 0 -1 0 -1 0 -1 0 -1 0 -1 0 -1 0 -1 0 -1 0 -1 0 -1 0 -1 0 -1 0 -1 0 -1 0 -1 0 -1 0 -1 0 -1 0 
  12 10 15 15 0
 0 0 0 0 0 0 0
2586 131072 0 0 0 0 
  0 0 0 0 0 0 0 0 

trp_regiment_it24 Use {!}regiment_IT24 0 48 0 0 3 0 0
  -1 0 -1 0 -1 0 -1 0 -1 0 -1 0 -1 0 -1 0 -1 0 -1 0 -1 0 -1 0 -1 0 -1 0 -1 0 -1 0 -1 0 -1 0 -1 0 -1 0 -1 0 -1 0 -1 0 -1 0 -1 0 -1 0 -1 0 -1 0 -1 0 -1 0 -1 0 -1 0 -1 0 -1 0 -1 0 -1 0 -1 0 -1 0 -1 0 -1 0 -1 0 -1 0 -1 0 -1 0 -1 0 -1 0 -1 0 -1 0 -1 0 -1 0 -1 0 -1 0 -1 0 -1 0 -1 0 -1 0 -1 0 -1 0 -1 0 -1 0 -1 0 -1 0 -1 0 -1 0 
  12 10 15 15 0
 0 0 0 0 0 0 0
2586 131072 0 0 0 0 
  0 0 0 0 0 0 0 0 

trp_regiment_it25 Use {!}regiment_IT25 0 48 0 0 3 0 0
  -1 0 -1 0 -1 0 -1 0 -1 0 -1 0 -1 0 -1 0 -1 0 -1 0 -1 0 -1 0 -1 0 -1 0 -1 0 -1 0 -1 0 -1 0 -1 0 -1 0 -1 0 -1 0 -1 0 -1 0 -1 0 -1 0 -1 0 -1 0 -1 0 -1 0 -1 0 -1 0 -1 0 -1 0 -1 0 -1 0 -1 0 -1 0 -1 0 -1 0 -1 0 -1 0 -1 0 -1 0 -1 0 -1 0 -1 0 -1 0 -1 0 -1 0 -1 0 -1 0 -1 0 -1 0 -1 0 -1 0 -1 0 -1 0 -1 0 -1 0 -1 0 -1 0 -1 0 -1 0 
  12 10 15 15 0
 0 0 0 0 0 0 0
2586 131072 0 0 0 0 
  0 0 0 0 0 0 0 0 

trp_regiment_es1 Use {!}regiment_ES1 0 48 0 0 3 0 0
  -1 0 -1 0 -1 0 -1 0 -1 0 -1 0 -1 0 -1 0 -1 0 -1 0 -1 0 -1 0 -1 0 -1 0 -1 0 -1 0 -1 0 -1 0 -1 0 -1 0 -1 0 -1 0 -1 0 -1 0 -1 0 -1 0 -1 0 -1 0 -1 0 -1 0 -1 0 -1 0 -1 0 -1 0 -1 0 -1 0 -1 0 -1 0 -1 0 -1 0 -1 0 -1 0 -1 0 -1 0 -1 0 -1 0 -1 0 -1 0 -1 0 -1 0 -1 0 -1 0 -1 0 -1 0 -1 0 -1 0 -1 0 -1 0 -1 0 -1 0 -1 0 -1 0 -1 0 -1 0 
  12 10 15 15 0
 0 0 0 0 0 0 0
2586 131072 0 0 0 0 
  0 0 0 0 0 0 0 0 

trp_regiment_es2 Use {!}regiment_ES2 0 48 0 0 3 0 0
  -1 0 -1 0 -1 0 -1 0 -1 0 -1 0 -1 0 -1 0 -1 0 -1 0 -1 0 -1 0 -1 0 -1 0 -1 0 -1 0 -1 0 -1 0 -1 0 -1 0 -1 0 -1 0 -1 0 -1 0 -1 0 -1 0 -1 0 -1 0 -1 0 -1 0 -1 0 -1 0 -1 0 -1 0 -1 0 -1 0 -1 0 -1 0 -1 0 -1 0 -1 0 -1 0 -1 0 -1 0 -1 0 -1 0 -1 0 -1 0 -1 0 -1 0 -1 0 -1 0 -1 0 -1 0 -1 0 -1 0 -1 0 -1 0 -1 0 -1 0 -1 0 -1 0 -1 0 -1 0 
  12 10 15 15 0
 0 0 0 0 0 0 0
2586 131072 0 0 0 0 
  0 0 0 0 0 0 0 0 

trp_regiment_es3 Use {!}regiment_ES3 0 48 0 0 3 0 0
  -1 0 -1 0 -1 0 -1 0 -1 0 -1 0 -1 0 -1 0 -1 0 -1 0 -1 0 -1 0 -1 0 -1 0 -1 0 -1 0 -1 0 -1 0 -1 0 -1 0 -1 0 -1 0 -1 0 -1 0 -1 0 -1 0 -1 0 -1 0 -1 0 -1 0 -1 0 -1 0 -1 0 -1 0 -1 0 -1 0 -1 0 -1 0 -1 0 -1 0 -1 0 -1 0 -1 0 -1 0 -1 0 -1 0 -1 0 -1 0 -1 0 -1 0 -1 0 -1 0 -1 0 -1 0 -1 0 -1 0 -1 0 -1 0 -1 0 -1 0 -1 0 -1 0 -1 0 -1 0 
  12 10 15 15 0
 0 0 0 0 0 0 0
2586 131072 0 0 0 0 
  0 0 0 0 0 0 0 0 

trp_regiment_es4 Use {!}regiment_ES4 0 48 0 0 3 0 0
  -1 0 -1 0 -1 0 -1 0 -1 0 -1 0 -1 0 -1 0 -1 0 -1 0 -1 0 -1 0 -1 0 -1 0 -1 0 -1 0 -1 0 -1 0 -1 0 -1 0 -1 0 -1 0 -1 0 -1 0 -1 0 -1 0 -1 0 -1 0 -1 0 -1 0 -1 0 -1 0 -1 0 -1 0 -1 0 -1 0 -1 0 -1 0 -1 0 -1 0 -1 0 -1 0 -1 0 -1 0 -1 0 -1 0 -1 0 -1 0 -1 0 -1 0 -1 0 -1 0 -1 0 -1 0 -1 0 -1 0 -1 0 -1 0 -1 0 -1 0 -1 0 -1 0 -1 0 -1 0 
  12 10 15 15 0
 0 0 0 0 0 0 0
2586 131072 0 0 0 0 
  0 0 0 0 0 0 0 0 

trp_regiment_es5 Use {!}regiment_ES5 0 48 0 0 3 0 0
  -1 0 -1 0 -1 0 -1 0 -1 0 -1 0 -1 0 -1 0 -1 0 -1 0 -1 0 -1 0 -1 0 -1 0 -1 0 -1 0 -1 0 -1 0 -1 0 -1 0 -1 0 -1 0 -1 0 -1 0 -1 0 -1 0 -1 0 -1 0 -1 0 -1 0 -1 0 -1 0 -1 0 -1 0 -1 0 -1 0 -1 0 -1 0 -1 0 -1 0 -1 0 -1 0 -1 0 -1 0 -1 0 -1 0 -1 0 -1 0 -1 0 -1 0 -1 0 -1 0 -1 0 -1 0 -1 0 -1 0 -1 0 -1 0 -1 0 -1 0 -1 0 -1 0 -1 0 -1 0 
  12 10 15 15 0
 0 0 0 0 0 0 0
2586 131072 0 0 0 0 
  0 0 0 0 0 0 0 0 

trp_regiment_es6 Use {!}regiment_ES6 0 48 0 0 3 0 0
  -1 0 -1 0 -1 0 -1 0 -1 0 -1 0 -1 0 -1 0 -1 0 -1 0 -1 0 -1 0 -1 0 -1 0 -1 0 -1 0 -1 0 -1 0 -1 0 -1 0 -1 0 -1 0 -1 0 -1 0 -1 0 -1 0 -1 0 -1 0 -1 0 -1 0 -1 0 -1 0 -1 0 -1 0 -1 0 -1 0 -1 0 -1 0 -1 0 -1 0 -1 0 -1 0 -1 0 -1 0 -1 0 -1 0 -1 0 -1 0 -1 0 -1 0 -1 0 -1 0 -1 0 -1 0 -1 0 -1 0 -1 0 -1 0 -1 0 -1 0 -1 0 -1 0 -1 0 -1 0 
  12 10 15 15 0
 0 0 0 0 0 0 0
2586 131072 0 0 0 0 
  0 0 0 0 0 0 0 0 

trp_regiment_es7 Use {!}regiment_ES7 0 48 0 0 3 0 0
  -1 0 -1 0 -1 0 -1 0 -1 0 -1 0 -1 0 -1 0 -1 0 -1 0 -1 0 -1 0 -1 0 -1 0 -1 0 -1 0 -1 0 -1 0 -1 0 -1 0 -1 0 -1 0 -1 0 -1 0 -1 0 -1 0 -1 0 -1 0 -1 0 -1 0 -1 0 -1 0 -1 0 -1 0 -1 0 -1 0 -1 0 -1 0 -1 0 -1 0 -1 0 -1 0 -1 0 -1 0 -1 0 -1 0 -1 0 -1 0 -1 0 -1 0 -1 0 -1 0 -1 0 -1 0 -1 0 -1 0 -1 0 -1 0 -1 0 -1 0 -1 0 -1 0 -1 0 -1 0 
  12 10 15 15 0
 0 0 0 0 0 0 0
2586 131072 0 0 0 0 
  0 0 0 0 0 0 0 0 

trp_regiment_es8 Use {!}regiment_ES8 0 48 0 0 3 0 0
  -1 0 -1 0 -1 0 -1 0 -1 0 -1 0 -1 0 -1 0 -1 0 -1 0 -1 0 -1 0 -1 0 -1 0 -1 0 -1 0 -1 0 -1 0 -1 0 -1 0 -1 0 -1 0 -1 0 -1 0 -1 0 -1 0 -1 0 -1 0 -1 0 -1 0 -1 0 -1 0 -1 0 -1 0 -1 0 -1 0 -1 0 -1 0 -1 0 -1 0 -1 0 -1 0 -1 0 -1 0 -1 0 -1 0 -1 0 -1 0 -1 0 -1 0 -1 0 -1 0 -1 0 -1 0 -1 0 -1 0 -1 0 -1 0 -1 0 -1 0 -1 0 -1 0 -1 0 -1 0 
  12 10 15 15 0
 0 0 0 0 0 0 0
2586 131072 0 0 0 0 
  0 0 0 0 0 0 0 0 

trp_regiment_es9 Use {!}regiment_ES9 0 48 0 0 3 0 0
  -1 0 -1 0 -1 0 -1 0 -1 0 -1 0 -1 0 -1 0 -1 0 -1 0 -1 0 -1 0 -1 0 -1 0 -1 0 -1 0 -1 0 -1 0 -1 0 -1 0 -1 0 -1 0 -1 0 -1 0 -1 0 -1 0 -1 0 -1 0 -1 0 -1 0 -1 0 -1 0 -1 0 -1 0 -1 0 -1 0 -1 0 -1 0 -1 0 -1 0 -1 0 -1 0 -1 0 -1 0 -1 0 -1 0 -1 0 -1 0 -1 0 -1 0 -1 0 -1 0 -1 0 -1 0 -1 0 -1 0 -1 0 -1 0 -1 0 -1 0 -1 0 -1 0 -1 0 -1 0 
  12 10 15 15 0
 0 0 0 0 0 0 0
2586 131072 0 0 0 0 
  0 0 0 0 0 0 0 0 

trp_regiment_es10 Use {!}regiment_ES10 0 48 0 0 3 0 0
  -1 0 -1 0 -1 0 -1 0 -1 0 -1 0 -1 0 -1 0 -1 0 -1 0 -1 0 -1 0 -1 0 -1 0 -1 0 -1 0 -1 0 -1 0 -1 0 -1 0 -1 0 -1 0 -1 0 -1 0 -1 0 -1 0 -1 0 -1 0 -1 0 -1 0 -1 0 -1 0 -1 0 -1 0 -1 0 -1 0 -1 0 -1 0 -1 0 -1 0 -1 0 -1 0 -1 0 -1 0 -1 0 -1 0 -1 0 -1 0 -1 0 -1 0 -1 0 -1 0 -1 0 -1 0 -1 0 -1 0 -1 0 -1 0 -1 0 -1 0 -1 0 -1 0 -1 0 -1 0 
  12 10 15 15 0
 0 0 0 0 0 0 0
2586 131072 0 0 0 0 
  0 0 0 0 0 0 0 0 

trp_regiment_es11 Use {!}regiment_ES11 0 48 0 0 3 0 0
  -1 0 -1 0 -1 0 -1 0 -1 0 -1 0 -1 0 -1 0 -1 0 -1 0 -1 0 -1 0 -1 0 -1 0 -1 0 -1 0 -1 0 -1 0 -1 0 -1 0 -1 0 -1 0 -1 0 -1 0 -1 0 -1 0 -1 0 -1 0 -1 0 -1 0 -1 0 -1 0 -1 0 -1 0 -1 0 -1 0 -1 0 -1 0 -1 0 -1 0 -1 0 -1 0 -1 0 -1 0 -1 0 -1 0 -1 0 -1 0 -1 0 -1 0 -1 0 -1 0 -1 0 -1 0 -1 0 -1 0 -1 0 -1 0 -1 0 -1 0 -1 0 -1 0 -1 0 -1 0 
  12 10 15 15 0
 0 0 0 0 0 0 0
2586 131072 0 0 0 0 
  0 0 0 0 0 0 0 0 

trp_regiment_es12 Use {!}regiment_ES12 0 48 0 0 3 0 0
  -1 0 -1 0 -1 0 -1 0 -1 0 -1 0 -1 0 -1 0 -1 0 -1 0 -1 0 -1 0 -1 0 -1 0 -1 0 -1 0 -1 0 -1 0 -1 0 -1 0 -1 0 -1 0 -1 0 -1 0 -1 0 -1 0 -1 0 -1 0 -1 0 -1 0 -1 0 -1 0 -1 0 -1 0 -1 0 -1 0 -1 0 -1 0 -1 0 -1 0 -1 0 -1 0 -1 0 -1 0 -1 0 -1 0 -1 0 -1 0 -1 0 -1 0 -1 0 -1 0 -1 0 -1 0 -1 0 -1 0 -1 0 -1 0 -1 0 -1 0 -1 0 -1 0 -1 0 -1 0 
  12 10 15 15 0
 0 0 0 0 0 0 0
2586 131072 0 0 0 0 
  0 0 0 0 0 0 0 0 

trp_regiment_es13 Use {!}regiment_ES13 0 48 0 0 3 0 0
  -1 0 -1 0 -1 0 -1 0 -1 0 -1 0 -1 0 -1 0 -1 0 -1 0 -1 0 -1 0 -1 0 -1 0 -1 0 -1 0 -1 0 -1 0 -1 0 -1 0 -1 0 -1 0 -1 0 -1 0 -1 0 -1 0 -1 0 -1 0 -1 0 -1 0 -1 0 -1 0 -1 0 -1 0 -1 0 -1 0 -1 0 -1 0 -1 0 -1 0 -1 0 -1 0 -1 0 -1 0 -1 0 -1 0 -1 0 -1 0 -1 0 -1 0 -1 0 -1 0 -1 0 -1 0 -1 0 -1 0 -1 0 -1 0 -1 0 -1 0 -1 0 -1 0 -1 0 -1 0 
  12 10 15 15 0
 0 0 0 0 0 0 0
2586 131072 0 0 0 0 
  0 0 0 0 0 0 0 0 

trp_regiment_es14 Use {!}regiment_ES14 0 48 0 0 3 0 0
  -1 0 -1 0 -1 0 -1 0 -1 0 -1 0 -1 0 -1 0 -1 0 -1 0 -1 0 -1 0 -1 0 -1 0 -1 0 -1 0 -1 0 -1 0 -1 0 -1 0 -1 0 -1 0 -1 0 -1 0 -1 0 -1 0 -1 0 -1 0 -1 0 -1 0 -1 0 -1 0 -1 0 -1 0 -1 0 -1 0 -1 0 -1 0 -1 0 -1 0 -1 0 -1 0 -1 0 -1 0 -1 0 -1 0 -1 0 -1 0 -1 0 -1 0 -1 0 -1 0 -1 0 -1 0 -1 0 -1 0 -1 0 -1 0 -1 0 -1 0 -1 0 -1 0 -1 0 -1 0 
  12 10 15 15 0
 0 0 0 0 0 0 0
2586 131072 0 0 0 0 
  0 0 0 0 0 0 0 0 

trp_regiment_es15 Use {!}regiment_ES15 0 48 0 0 3 0 0
  -1 0 -1 0 -1 0 -1 0 -1 0 -1 0 -1 0 -1 0 -1 0 -1 0 -1 0 -1 0 -1 0 -1 0 -1 0 -1 0 -1 0 -1 0 -1 0 -1 0 -1 0 -1 0 -1 0 -1 0 -1 0 -1 0 -1 0 -1 0 -1 0 -1 0 -1 0 -1 0 -1 0 -1 0 -1 0 -1 0 -1 0 -1 0 -1 0 -1 0 -1 0 -1 0 -1 0 -1 0 -1 0 -1 0 -1 0 -1 0 -1 0 -1 0 -1 0 -1 0 -1 0 -1 0 -1 0 -1 0 -1 0 -1 0 -1 0 -1 0 -1 0 -1 0 -1 0 -1 0 
  12 10 15 15 0
 0 0 0 0 0 0 0
2586 131072 0 0 0 0 
  0 0 0 0 0 0 0 0 

trp_regiment_es16 Use {!}regiment_ES16 0 48 0 0 3 0 0
  -1 0 -1 0 -1 0 -1 0 -1 0 -1 0 -1 0 -1 0 -1 0 -1 0 -1 0 -1 0 -1 0 -1 0 -1 0 -1 0 -1 0 -1 0 -1 0 -1 0 -1 0 -1 0 -1 0 -1 0 -1 0 -1 0 -1 0 -1 0 -1 0 -1 0 -1 0 -1 0 -1 0 -1 0 -1 0 -1 0 -1 0 -1 0 -1 0 -1 0 -1 0 -1 0 -1 0 -1 0 -1 0 -1 0 -1 0 -1 0 -1 0 -1 0 -1 0 -1 0 -1 0 -1 0 -1 0 -1 0 -1 0 -1 0 -1 0 -1 0 -1 0 -1 0 -1 0 -1 0 
  12 10 15 15 0
 0 0 0 0 0 0 0
2586 131072 0 0 0 0 
  0 0 0 0 0 0 0 0 

trp_regiment_es17 Use {!}regiment_ES17 0 48 0 0 3 0 0
  -1 0 -1 0 -1 0 -1 0 -1 0 -1 0 -1 0 -1 0 -1 0 -1 0 -1 0 -1 0 -1 0 -1 0 -1 0 -1 0 -1 0 -1 0 -1 0 -1 0 -1 0 -1 0 -1 0 -1 0 -1 0 -1 0 -1 0 -1 0 -1 0 -1 0 -1 0 -1 0 -1 0 -1 0 -1 0 -1 0 -1 0 -1 0 -1 0 -1 0 -1 0 -1 0 -1 0 -1 0 -1 0 -1 0 -1 0 -1 0 -1 0 -1 0 -1 0 -1 0 -1 0 -1 0 -1 0 -1 0 -1 0 -1 0 -1 0 -1 0 -1 0 -1 0 -1 0 -1 0 
  12 10 15 15 0
 0 0 0 0 0 0 0
2586 131072 0 0 0 0 
  0 0 0 0 0 0 0 0 

trp_regiment_es18 Use {!}regiment_ES18 0 48 0 0 3 0 0
  -1 0 -1 0 -1 0 -1 0 -1 0 -1 0 -1 0 -1 0 -1 0 -1 0 -1 0 -1 0 -1 0 -1 0 -1 0 -1 0 -1 0 -1 0 -1 0 -1 0 -1 0 -1 0 -1 0 -1 0 -1 0 -1 0 -1 0 -1 0 -1 0 -1 0 -1 0 -1 0 -1 0 -1 0 -1 0 -1 0 -1 0 -1 0 -1 0 -1 0 -1 0 -1 0 -1 0 -1 0 -1 0 -1 0 -1 0 -1 0 -1 0 -1 0 -1 0 -1 0 -1 0 -1 0 -1 0 -1 0 -1 0 -1 0 -1 0 -1 0 -1 0 -1 0 -1 0 -1 0 
  12 10 15 15 0
 0 0 0 0 0 0 0
2586 131072 0 0 0 0 
  0 0 0 0 0 0 0 0 

trp_regiment_es19 Use {!}regiment_ES19 0 48 0 0 3 0 0
  -1 0 -1 0 -1 0 -1 0 -1 0 -1 0 -1 0 -1 0 -1 0 -1 0 -1 0 -1 0 -1 0 -1 0 -1 0 -1 0 -1 0 -1 0 -1 0 -1 0 -1 0 -1 0 -1 0 -1 0 -1 0 -1 0 -1 0 -1 0 -1 0 -1 0 -1 0 -1 0 -1 0 -1 0 -1 0 -1 0 -1 0 -1 0 -1 0 -1 0 -1 0 -1 0 -1 0 -1 0 -1 0 -1 0 -1 0 -1 0 -1 0 -1 0 -1 0 -1 0 -1 0 -1 0 -1 0 -1 0 -1 0 -1 0 -1 0 -1 0 -1 0 -1 0 -1 0 -1 0 
  12 10 15 15 0
 0 0 0 0 0 0 0
2586 131072 0 0 0 0 
  0 0 0 0 0 0 0 0 

trp_regiment_es20 Use {!}regiment_ES20 0 48 0 0 3 0 0
  -1 0 -1 0 -1 0 -1 0 -1 0 -1 0 -1 0 -1 0 -1 0 -1 0 -1 0 -1 0 -1 0 -1 0 -1 0 -1 0 -1 0 -1 0 -1 0 -1 0 -1 0 -1 0 -1 0 -1 0 -1 0 -1 0 -1 0 -1 0 -1 0 -1 0 -1 0 -1 0 -1 0 -1 0 -1 0 -1 0 -1 0 -1 0 -1 0 -1 0 -1 0 -1 0 -1 0 -1 0 -1 0 -1 0 -1 0 -1 0 -1 0 -1 0 -1 0 -1 0 -1 0 -1 0 -1 0 -1 0 -1 0 -1 0 -1 0 -1 0 -1 0 -1 0 -1 0 -1 0 
  12 10 15 15 0
 0 0 0 0 0 0 0
2586 131072 0 0 0 0 
  0 0 0 0 0 0 0 0 

trp_regiment_es21 Use {!}regiment_ES21 0 48 0 0 3 0 0
  -1 0 -1 0 -1 0 -1 0 -1 0 -1 0 -1 0 -1 0 -1 0 -1 0 -1 0 -1 0 -1 0 -1 0 -1 0 -1 0 -1 0 -1 0 -1 0 -1 0 -1 0 -1 0 -1 0 -1 0 -1 0 -1 0 -1 0 -1 0 -1 0 -1 0 -1 0 -1 0 -1 0 -1 0 -1 0 -1 0 -1 0 -1 0 -1 0 -1 0 -1 0 -1 0 -1 0 -1 0 -1 0 -1 0 -1 0 -1 0 -1 0 -1 0 -1 0 -1 0 -1 0 -1 0 -1 0 -1 0 -1 0 -1 0 -1 0 -1 0 -1 0 -1 0 -1 0 -1 0 
  12 10 15 15 0
 0 0 0 0 0 0 0
2586 131072 0 0 0 0 
  0 0 0 0 0 0 0 0 

trp_regiment_es22 Use {!}regiment_ES22 0 48 0 0 3 0 0
  -1 0 -1 0 -1 0 -1 0 -1 0 -1 0 -1 0 -1 0 -1 0 -1 0 -1 0 -1 0 -1 0 -1 0 -1 0 -1 0 -1 0 -1 0 -1 0 -1 0 -1 0 -1 0 -1 0 -1 0 -1 0 -1 0 -1 0 -1 0 -1 0 -1 0 -1 0 -1 0 -1 0 -1 0 -1 0 -1 0 -1 0 -1 0 -1 0 -1 0 -1 0 -1 0 -1 0 -1 0 -1 0 -1 0 -1 0 -1 0 -1 0 -1 0 -1 0 -1 0 -1 0 -1 0 -1 0 -1 0 -1 0 -1 0 -1 0 -1 0 -1 0 -1 0 -1 0 -1 0 
  12 10 15 15 0
 0 0 0 0 0 0 0
2586 131072 0 0 0 0 
  0 0 0 0 0 0 0 0 

trp_regiment_es23 Use {!}regiment_ES23 0 48 0 0 3 0 0
  -1 0 -1 0 -1 0 -1 0 -1 0 -1 0 -1 0 -1 0 -1 0 -1 0 -1 0 -1 0 -1 0 -1 0 -1 0 -1 0 -1 0 -1 0 -1 0 -1 0 -1 0 -1 0 -1 0 -1 0 -1 0 -1 0 -1 0 -1 0 -1 0 -1 0 -1 0 -1 0 -1 0 -1 0 -1 0 -1 0 -1 0 -1 0 -1 0 -1 0 -1 0 -1 0 -1 0 -1 0 -1 0 -1 0 -1 0 -1 0 -1 0 -1 0 -1 0 -1 0 -1 0 -1 0 -1 0 -1 0 -1 0 -1 0 -1 0 -1 0 -1 0 -1 0 -1 0 -1 0 
  12 10 15 15 0
 0 0 0 0 0 0 0
2586 131072 0 0 0 0 
  0 0 0 0 0 0 0 0 

trp_regiment_es24 Use {!}regiment_ES24 0 48 0 0 3 0 0
  -1 0 -1 0 -1 0 -1 0 -1 0 -1 0 -1 0 -1 0 -1 0 -1 0 -1 0 -1 0 -1 0 -1 0 -1 0 -1 0 -1 0 -1 0 -1 0 -1 0 -1 0 -1 0 -1 0 -1 0 -1 0 -1 0 -1 0 -1 0 -1 0 -1 0 -1 0 -1 0 -1 0 -1 0 -1 0 -1 0 -1 0 -1 0 -1 0 -1 0 -1 0 -1 0 -1 0 -1 0 -1 0 -1 0 -1 0 -1 0 -1 0 -1 0 -1 0 -1 0 -1 0 -1 0 -1 0 -1 0 -1 0 -1 0 -1 0 -1 0 -1 0 -1 0 -1 0 -1 0 
  12 10 15 15 0
 0 0 0 0 0 0 0
2586 131072 0 0 0 0 
  0 0 0 0 0 0 0 0 

trp_regiment_es25 Use {!}regiment_ES25 0 48 0 0 3 0 0
  -1 0 -1 0 -1 0 -1 0 -1 0 -1 0 -1 0 -1 0 -1 0 -1 0 -1 0 -1 0 -1 0 -1 0 -1 0 -1 0 -1 0 -1 0 -1 0 -1 0 -1 0 -1 0 -1 0 -1 0 -1 0 -1 0 -1 0 -1 0 -1 0 -1 0 -1 0 -1 0 -1 0 -1 0 -1 0 -1 0 -1 0 -1 0 -1 0 -1 0 -1 0 -1 0 -1 0 -1 0 -1 0 -1 0 -1 0 -1 0 -1 0 -1 0 -1 0 -1 0 -1 0 -1 0 -1 0 -1 0 -1 0 -1 0 -1 0 -1 0 -1 0 -1 0 -1 0 -1 0 
  12 10 15 15 0
 0 0 0 0 0 0 0
2586 131072 0 0 0 0 
  0 0 0 0 0 0 0 0 

trp_regiment_end Use {!}regiment_end 0 48 0 0 3 0 0
  -1 0 -1 0 -1 0 -1 0 -1 0 -1 0 -1 0 -1 0 -1 0 -1 0 -1 0 -1 0 -1 0 -1 0 -1 0 -1 0 -1 0 -1 0 -1 0 -1 0 -1 0 -1 0 -1 0 -1 0 -1 0 -1 0 -1 0 -1 0 -1 0 -1 0 -1 0 -1 0 -1 0 -1 0 -1 0 -1 0 -1 0 -1 0 -1 0 -1 0 -1 0 -1 0 -1 0 -1 0 -1 0 -1 0 -1 0 -1 0 -1 0 -1 0 -1 0 -1 0 -1 0 -1 0 -1 0 -1 0 -1 0 -1 0 -1 0 -1 0 -1 0 -1 0 -1 0 -1 0 
  12 10 15 15 0
 0 0 0 0 0 0 0
2586 131072 0 0 0 0 
  0 0 0 0 0 0 0 0 

trp_grid Use {!}grid 0 48 0 0 3 0 0
  -1 0 -1 0 -1 0 -1 0 -1 0 -1 0 -1 0 -1 0 -1 0 -1 0 -1 0 -1 0 -1 0 -1 0 -1 0 -1 0 -1 0 -1 0 -1 0 -1 0 -1 0 -1 0 -1 0 -1 0 -1 0 -1 0 -1 0 -1 0 -1 0 -1 0 -1 0 -1 0 -1 0 -1 0 -1 0 -1 0 -1 0 -1 0 -1 0 -1 0 -1 0 -1 0 -1 0 -1 0 -1 0 -1 0 -1 0 -1 0 -1 0 -1 0 -1 0 -1 0 -1 0 -1 0 -1 0 -1 0 -1 0 -1 0 -1 0 -1 0 -1 0 -1 0 -1 0 -1 0 
  12 10 15 15 0
 0 0 0 0 0 0 0
2586 131072 0 0 0 0 
  0 0 0 0 0 0 0 0 

trp_grid_p Use {!}grid_p 0 48 0 0 3 0 0
  -1 0 -1 0 -1 0 -1 0 -1 0 -1 0 -1 0 -1 0 -1 0 -1 0 -1 0 -1 0 -1 0 -1 0 -1 0 -1 0 -1 0 -1 0 -1 0 -1 0 -1 0 -1 0 -1 0 -1 0 -1 0 -1 0 -1 0 -1 0 -1 0 -1 0 -1 0 -1 0 -1 0 -1 0 -1 0 -1 0 -1 0 -1 0 -1 0 -1 0 -1 0 -1 0 -1 0 -1 0 -1 0 -1 0 -1 0 -1 0 -1 0 -1 0 -1 0 -1 0 -1 0 -1 0 -1 0 -1 0 -1 0 -1 0 -1 0 -1 0 -1 0 -1 0 -1 0 -1 0 
  12 10 15 15 0
 0 0 0 0 0 0 0
2586 131072 0 0 0 0 
  0 0 0 0 0 0 0 0 

trp_quick_battle_troop_britain_1 Arthur_Wellesley General 0 16 0 0 6 0 0
  562 0 1714 0 1383 0 1854 0 87 0 1819 0 398 0 -1 0 -1 0 -1 0 -1 0 -1 0 -1 0 -1 0 -1 0 -1 0 -1 0 -1 0 -1 0 -1 0 -1 0 -1 0 -1 0 -1 0 -1 0 -1 0 -1 0 -1 0 -1 0 -1 0 -1 0 -1 0 -1 0 -1 0 -1 0 -1 0 -1 0 -1 0 -1 0 -1 0 -1 0 -1 0 -1 0 -1 0 -1 0 -1 0 -1 0 -1 0 -1 0 -1 0 -1 0 -1 0 -1 0 -1 0 -1 0 -1 0 -1 0 -1 0 -1 0 -1 0 -1 0 -1 0 -1 0 -1 0 
  12 10 15 15 20
 130 5 30 5 30 5 30
2586 131072 0 6 667648 0 
  34359738369 1315051091194281984 1835136 0 50465891015 7916447985573822463 2031036 0 

trp_quick_battle_troop_france_1 Napoleon_Bonaparte Emperor 0 16 0 0 7 0 0
  427 0 1641 0 1249 0 87 0 1838 0 1819 0 398 0 -1 0 -1 0 -1 0 -1 0 -1 0 -1 0 -1 0 -1 0 -1 0 -1 0 -1 0 -1 0 -1 0 -1 0 -1 0 -1 0 -1 0 -1 0 -1 0 -1 0 -1 0 -1 0 -1 0 -1 0 -1 0 -1 0 -1 0 -1 0 -1 0 -1 0 -1 0 -1 0 -1 0 -1 0 -1 0 -1 0 -1 0 -1 0 -1 0 -1 0 -1 0 -1 0 -1 0 -1 0 -1 0 -1 0 -1 0 -1 0 -1 0 -1 0 -1 0 -1 0 -1 0 -1 0 -1 0 -1 0 -1 0 
  12 10 15 15 20
 130 5 30 5 30 5 30
2586 131072 0 6 667648 0 
  34359738369 1315051091194281984 1835136 0 50465891015 7916447985573822463 2031036 0 

trp_quick_battle_troop_prussia_1 Gebhard_von_Blucher General 0 16 0 0 8 0 0
  642 0 1733 0 1407 0 95 0 1866 0 1819 0 398 0 -1 0 -1 0 -1 0 -1 0 -1 0 -1 0 -1 0 -1 0 -1 0 -1 0 -1 0 -1 0 -1 0 -1 0 -1 0 -1 0 -1 0 -1 0 -1 0 -1 0 -1 0 -1 0 -1 0 -1 0 -1 0 -1 0 -1 0 -1 0 -1 0 -1 0 -1 0 -1 0 -1 0 -1 0 -1 0 -1 0 -1 0 -1 0 -1 0 -1 0 -1 0 -1 0 -1 0 -1 0 -1 0 -1 0 -1 0 -1 0 -1 0 -1 0 -1 0 -1 0 -1 0 -1 0 -1 0 -1 0 -1 0 
  12 10 15 15 20
 130 5 30 5 30 5 30
2586 131072 0 6 667648 0 
  34359738369 1315051091194281984 1835136 0 50465891015 7916447985573822463 2031036 0 

trp_quick_battle_troop_russia_1 Mikhail_Kutuzov General 0 16 0 0 9 0 0
  733 0 1678 0 1163 0 95 0 1887 0 1819 0 398 0 -1 0 -1 0 -1 0 -1 0 -1 0 -1 0 -1 0 -1 0 -1 0 -1 0 -1 0 -1 0 -1 0 -1 0 -1 0 -1 0 -1 0 -1 0 -1 0 -1 0 -1 0 -1 0 -1 0 -1 0 -1 0 -1 0 -1 0 -1 0 -1 0 -1 0 -1 0 -1 0 -1 0 -1 0 -1 0 -1 0 -1 0 -1 0 -1 0 -1 0 -1 0 -1 0 -1 0 -1 0 -1 0 -1 0 -1 0 -1 0 -1 0 -1 0 -1 0 -1 0 -1 0 -1 0 -1 0 -1 0 -1 0 
  12 10 15 15 20
 130 5 30 5 30 5 30
2586 131072 0 6 667648 0 
  34359738369 1315051091194281984 1835136 0 50465891015 7916447985573822463 2031036 0 

trp_quick_battle_troop_austria_1 Karl_Philipp General 0 133170176 0 0 10 0 0
  837 0 1701 0 1316 0 111 0 1895 0 1819 0 398 0 -1 0 -1 0 -1 0 -1 0 -1 0 -1 0 -1 0 -1 0 -1 0 -1 0 -1 0 -1 0 -1 0 -1 0 -1 0 -1 0 -1 0 -1 0 -1 0 -1 0 -1 0 -1 0 -1 0 -1 0 -1 0 -1 0 -1 0 -1 0 -1 0 -1 0 -1 0 -1 0 -1 0 -1 0 -1 0 -1 0 -1 0 -1 0 -1 0 -1 0 -1 0 -1 0 -1 0 -1 0 -1 0 -1 0 -1 0 -1 0 -1 0 -1 0 -1 0 -1 0 -1 0 -1 0 -1 0 -1 0 -1 0 
  12 10 15 15 20
 130 5 30 5 30 5 30
2586 131072 0 6 667648 0 
  34359738369 1315051091194281984 1835136 0 50465891015 7916447985573822463 2031036 0 

trp_quick_battle_troop_rhine_1 Friedrich_August General 0 133170176 0 0 11 0 0
  427 0 1641 0 1249 0 87 0 1838 0 1819 0 398 0 -1 0 -1 0 -1 0 -1 0 -1 0 -1 0 -1 0 -1 0 -1 0 -1 0 -1 0 -1 0 -1 0 -1 0 -1 0 -1 0 -1 0 -1 0 -1 0 -1 0 -1 0 -1 0 -1 0 -1 0 -1 0 -1 0 -1 0 -1 0 -1 0 -1 0 -1 0 -1 0 -1 0 -1 0 -1 0 -1 0 -1 0 -1 0 -1 0 -1 0 -1 0 -1 0 -1 0 -1 0 -1 0 -1 0 -1 0 -1 0 -1 0 -1 0 -1 0 -1 0 -1 0 -1 0 -1 0 -1 0 -1 0 
  12 10 15 15 20
 130 5 30 5 30 5 30
2586 131072 0 6 339968 0 
  34359738369 1315051091194281984 1835136 0 50465891015 7916447985573822463 2031036 0 

trp_quick_battle_troops_end {!}quick_battle_troops_end {!}quick_battle_troops_end 0 0 0 0 10 0 0
  -1 0 -1 0 -1 0 -1 0 -1 0 -1 0 -1 0 -1 0 -1 0 -1 0 -1 0 -1 0 -1 0 -1 0 -1 0 -1 0 -1 0 -1 0 -1 0 -1 0 -1 0 -1 0 -1 0 -1 0 -1 0 -1 0 -1 0 -1 0 -1 0 -1 0 -1 0 -1 0 -1 0 -1 0 -1 0 -1 0 -1 0 -1 0 -1 0 -1 0 -1 0 -1 0 -1 0 -1 0 -1 0 -1 0 -1 0 -1 0 -1 0 -1 0 -1 0 -1 0 -1 0 -1 0 -1 0 -1 0 -1 0 -1 0 -1 0 -1 0 -1 0 -1 0 -1 0 -1 0 
  0 0 0 0 0
 0 0 0 0 0 0 0
0 0 0 0 0 0 
  0 0 0 0 0 0 0 0 

trp_companion_1 Raphael_Martin Raphael_Martin 0 268435472 0 0 1 0 0
  421 0 1639 0 1216 0 156 0 59 0 88 0 -1 0 -1 0 -1 0 -1 0 -1 0 -1 0 -1 0 -1 0 -1 0 -1 0 -1 0 -1 0 -1 0 -1 0 -1 0 -1 0 -1 0 -1 0 -1 0 -1 0 -1 0 -1 0 -1 0 -1 0 -1 0 -1 0 -1 0 -1 0 -1 0 -1 0 -1 0 -1 0 -1 0 -1 0 -1 0 -1 0 -1 0 -1 0 -1 0 -1 0 -1 0 -1 0 -1 0 -1 0 -1 0 -1 0 -1 0 -1 0 -1 0 -1 0 -1 0 -1 0 -1 0 -1 0 -1 0 -1 0 -1 0 -1 0 
  12 10 15 15 20
 50 5 130 5 150 5 30
2586 131072 0 48 208896 0 
  68401501379 4943828932472017514 968460 0 0 0 0 0 

trp_companion_2 Clement_Bernard Clement_Bernard 0 268435472 0 0 1 0 0
  421 0 1639 0 1216 0 156 0 59 0 88 0 -1 0 -1 0 -1 0 -1 0 -1 0 -1 0 -1 0 -1 0 -1 0 -1 0 -1 0 -1 0 -1 0 -1 0 -1 0 -1 0 -1 0 -1 0 -1 0 -1 0 -1 0 -1 0 -1 0 -1 0 -1 0 -1 0 -1 0 -1 0 -1 0 -1 0 -1 0 -1 0 -1 0 -1 0 -1 0 -1 0 -1 0 -1 0 -1 0 -1 0 -1 0 -1 0 -1 0 -1 0 -1 0 -1 0 -1 0 -1 0 -1 0 -1 0 -1 0 -1 0 -1 0 -1 0 -1 0 -1 0 -1 0 -1 0 
  12 10 15 15 20
 50 5 130 5 150 5 30
2586 131072 0 48 208896 0 
  67864117389 5015893796532037779 1398626 0 0 0 0 0 

trp_companion_3 Maxim_Munnig_Schmidt Maxime_Petit 0 268435472 0 0 1 0 0
  421 0 1639 0 1216 0 156 0 59 0 88 0 -1 0 -1 0 -1 0 -1 0 -1 0 -1 0 -1 0 -1 0 -1 0 -1 0 -1 0 -1 0 -1 0 -1 0 -1 0 -1 0 -1 0 -1 0 -1 0 -1 0 -1 0 -1 0 -1 0 -1 0 -1 0 -1 0 -1 0 -1 0 -1 0 -1 0 -1 0 -1 0 -1 0 -1 0 -1 0 -1 0 -1 0 -1 0 -1 0 -1 0 -1 0 -1 0 -1 0 -1 0 -1 0 -1 0 -1 0 -1 0 -1 0 -1 0 -1 0 -1 0 -1 0 -1 0 -1 0 -1 0 -1 0 -1 0 
  12 10 15 15 20
 50 5 130 5 150 5 30
2586 131072 0 48 208896 0 
  34259080340 3969200377035663574 399083 0 0 0 0 0 

trp_companion_4 Alexandre_Durand Alexandre_Durand 0 268435472 0 0 1 0 0
  421 0 1639 0 1216 0 156 0 59 0 88 0 -1 0 -1 0 -1 0 -1 0 -1 0 -1 0 -1 0 -1 0 -1 0 -1 0 -1 0 -1 0 -1 0 -1 0 -1 0 -1 0 -1 0 -1 0 -1 0 -1 0 -1 0 -1 0 -1 0 -1 0 -1 0 -1 0 -1 0 -1 0 -1 0 -1 0 -1 0 -1 0 -1 0 -1 0 -1 0 -1 0 -1 0 -1 0 -1 0 -1 0 -1 0 -1 0 -1 0 -1 0 -1 0 -1 0 -1 0 -1 0 -1 0 -1 0 -1 0 -1 0 -1 0 -1 0 -1 0 -1 0 -1 0 -1 0 
  12 10 15 15 20
 50 5 130 5 150 5 30
2586 131072 0 48 208896 0 
  33672937735 2816626858749278644 992398 0 0 0 0 0 

trp_companion_5 Antoine_Richard Antoine_Richard 0 268435472 0 0 1 0 0
  421 0 1639 0 1216 0 156 0 59 0 88 0 -1 0 -1 0 -1 0 -1 0 -1 0 -1 0 -1 0 -1 0 -1 0 -1 0 -1 0 -1 0 -1 0 -1 0 -1 0 -1 0 -1 0 -1 0 -1 0 -1 0 -1 0 -1 0 -1 0 -1 0 -1 0 -1 0 -1 0 -1 0 -1 0 -1 0 -1 0 -1 0 -1 0 -1 0 -1 0 -1 0 -1 0 -1 0 -1 0 -1 0 -1 0 -1 0 -1 0 -1 0 -1 0 -1 0 -1 0 -1 0 -1 0 -1 0 -1 0 -1 0 -1 0 -1 0 -1 0 -1 0 -1 0 -1 0 
  12 10 15 15 20
 50 5 130 5 150 5 30
2586 131072 0 48 208896 0 
  33773589890 2944349387667420318 308506 0 0 0 0 0 

trp_companion_6 Alexis_Moreau Alexis_Moreau 0 268435472 0 0 1 0 0
  421 0 1639 0 1216 0 156 0 59 0 88 0 -1 0 -1 0 -1 0 -1 0 -1 0 -1 0 -1 0 -1 0 -1 0 -1 0 -1 0 -1 0 -1 0 -1 0 -1 0 -1 0 -1 0 -1 0 -1 0 -1 0 -1 0 -1 0 -1 0 -1 0 -1 0 -1 0 -1 0 -1 0 -1 0 -1 0 -1 0 -1 0 -1 0 -1 0 -1 0 -1 0 -1 0 -1 0 -1 0 -1 0 -1 0 -1 0 -1 0 -1 0 -1 0 -1 0 -1 0 -1 0 -1 0 -1 0 -1 0 -1 0 -1 0 -1 0 -1 0 -1 0 -1 0 -1 0 
  12 10 15 15 20
 50 5 130 5 150 5 30
2586 131072 0 48 208896 0 
  34091316619 5269151170820124021 837827 0 0 0 0 0 

trp_companion_7 Jules_Dubois Jules_Dubois 0 268435472 0 0 1 0 0
  421 0 1639 0 1216 0 156 0 59 0 88 0 -1 0 -1 0 -1 0 -1 0 -1 0 -1 0 -1 0 -1 0 -1 0 -1 0 -1 0 -1 0 -1 0 -1 0 -1 0 -1 0 -1 0 -1 0 -1 0 -1 0 -1 0 -1 0 -1 0 -1 0 -1 0 -1 0 -1 0 -1 0 -1 0 -1 0 -1 0 -1 0 -1 0 -1 0 -1 0 -1 0 -1 0 -1 0 -1 0 -1 0 -1 0 -1 0 -1 0 -1 0 -1 0 -1 0 -1 0 -1 0 -1 0 -1 0 -1 0 -1 0 -1 0 -1 0 -1 0 -1 0 -1 0 -1 0 
  12 10 15 15 20
 50 5 130 5 150 5 30
2586 131072 0 48 208896 0 
  10368598663 2692419861288141586 1158364 0 0 0 0 0 

trp_companion_8 Matteo_Robert Matteo_Robert 0 268435472 0 0 1 0 0
  421 0 1639 0 1216 0 156 0 59 0 88 0 -1 0 -1 0 -1 0 -1 0 -1 0 -1 0 -1 0 -1 0 -1 0 -1 0 -1 0 -1 0 -1 0 -1 0 -1 0 -1 0 -1 0 -1 0 -1 0 -1 0 -1 0 -1 0 -1 0 -1 0 -1 0 -1 0 -1 0 -1 0 -1 0 -1 0 -1 0 -1 0 -1 0 -1 0 -1 0 -1 0 -1 0 -1 0 -1 0 -1 0 -1 0 -1 0 -1 0 -1 0 -1 0 -1 0 -1 0 -1 0 -1 0 -1 0 -1 0 -1 0 -1 0 -1 0 -1 0 -1 0 -1 0 -1 0 
  12 10 15 15 20
 50 5 130 5 150 5 30
2586 131072 0 48 208896 0 
  62395523657 7830184045196990645 646940 0 0 0 0 0 

trp_companion_9 Julien_Laurent Julien_Laurent 0 268435472 0 0 1 0 0
  421 0 1639 0 1216 0 156 0 59 0 88 0 -1 0 -1 0 -1 0 -1 0 -1 0 -1 0 -1 0 -1 0 -1 0 -1 0 -1 0 -1 0 -1 0 -1 0 -1 0 -1 0 -1 0 -1 0 -1 0 -1 0 -1 0 -1 0 -1 0 -1 0 -1 0 -1 0 -1 0 -1 0 -1 0 -1 0 -1 0 -1 0 -1 0 -1 0 -1 0 -1 0 -1 0 -1 0 -1 0 -1 0 -1 0 -1 0 -1 0 -1 0 -1 0 -1 0 -1 0 -1 0 -1 0 -1 0 -1 0 -1 0 -1 0 -1 0 -1 0 -1 0 -1 0 -1 0 
  12 10 15 15 20
 50 5 130 5 150 5 30
2586 131072 0 48 208896 0 
  62345187778 3860277343714162955 1198795 0 0 0 0 0 

trp_companion_10 Samuel_Simon Samuel_Simon 0 268435472 0 0 1 0 0
  421 0 1639 0 1216 0 156 0 59 0 88 0 -1 0 -1 0 -1 0 -1 0 -1 0 -1 0 -1 0 -1 0 -1 0 -1 0 -1 0 -1 0 -1 0 -1 0 -1 0 -1 0 -1 0 -1 0 -1 0 -1 0 -1 0 -1 0 -1 0 -1 0 -1 0 -1 0 -1 0 -1 0 -1 0 -1 0 -1 0 -1 0 -1 0 -1 0 -1 0 -1 0 -1 0 -1 0 -1 0 -1 0 -1 0 -1 0 -1 0 -1 0 -1 0 -1 0 -1 0 -1 0 -1 0 -1 0 -1 0 -1 0 -1 0 -1 0 -1 0 -1 0 -1 0 -1 0 
  12 10 15 15 20
 50 5 130 5 150 5 30
2586 131072 0 48 208896 0 
  39460557513 3932920325148879469 1193250 0 0 0 0 0 

trp_companion_11 Noe_Michel Noe_Michel 0 268435472 0 0 1 0 0
  421 0 1639 0 1216 0 156 0 59 0 88 0 -1 0 -1 0 -1 0 -1 0 -1 0 -1 0 -1 0 -1 0 -1 0 -1 0 -1 0 -1 0 -1 0 -1 0 -1 0 -1 0 -1 0 -1 0 -1 0 -1 0 -1 0 -1 0 -1 0 -1 0 -1 0 -1 0 -1 0 -1 0 -1 0 -1 0 -1 0 -1 0 -1 0 -1 0 -1 0 -1 0 -1 0 -1 0 -1 0 -1 0 -1 0 -1 0 -1 0 -1 0 -1 0 -1 0 -1 0 -1 0 -1 0 -1 0 -1 0 -1 0 -1 0 -1 0 -1 0 -1 0 -1 0 -1 0 
  12 10 15 15 20
 50 5 130 5 150 5 30
2586 131072 0 48 208896 0 
  57697108035 2530052899821182186 935123 0 0 0 0 0 

trp_companion_12 Corentin_Leroy Corentin_Leroy 0 268435472 0 0 1 0 0
  421 0 1639 0 1216 0 156 0 59 0 88 0 -1 0 -1 0 -1 0 -1 0 -1 0 -1 0 -1 0 -1 0 -1 0 -1 0 -1 0 -1 0 -1 0 -1 0 -1 0 -1 0 -1 0 -1 0 -1 0 -1 0 -1 0 -1 0 -1 0 -1 0 -1 0 -1 0 -1 0 -1 0 -1 0 -1 0 -1 0 -1 0 -1 0 -1 0 -1 0 -1 0 -1 0 -1 0 -1 0 -1 0 -1 0 -1 0 -1 0 -1 0 -1 0 -1 0 -1 0 -1 0 -1 0 -1 0 -1 0 -1 0 -1 0 -1 0 -1 0 -1 0 -1 0 -1 0 
  12 10 15 15 20
 50 5 130 5 150 5 30
2586 131072 0 48 208896 0 
  303056328 6117102932023351606 706371 0 0 0 0 0 

trp_companion_13 Jeremy_Garcia Jeremy_Garcia 0 268435472 0 0 1 0 0
  421 0 1639 0 1216 0 156 0 59 0 88 0 -1 0 -1 0 -1 0 -1 0 -1 0 -1 0 -1 0 -1 0 -1 0 -1 0 -1 0 -1 0 -1 0 -1 0 -1 0 -1 0 -1 0 -1 0 -1 0 -1 0 -1 0 -1 0 -1 0 -1 0 -1 0 -1 0 -1 0 -1 0 -1 0 -1 0 -1 0 -1 0 -1 0 -1 0 -1 0 -1 0 -1 0 -1 0 -1 0 -1 0 -1 0 -1 0 -1 0 -1 0 -1 0 -1 0 -1 0 -1 0 -1 0 -1 0 -1 0 -1 0 -1 0 -1 0 -1 0 -1 0 -1 0 -1 0 
  12 10 15 15 20
 50 5 130 5 150 5 30
2586 131072 0 48 208896 0 
  553918601 3389914928100066965 1156398 0 0 0 0 0 

trp_companion_14 Charles_Lefebvre Charles_Lefebvre 0 268435472 0 0 1 0 0
  421 0 1639 0 1216 0 156 0 59 0 88 0 -1 0 -1 0 -1 0 -1 0 -1 0 -1 0 -1 0 -1 0 -1 0 -1 0 -1 0 -1 0 -1 0 -1 0 -1 0 -1 0 -1 0 -1 0 -1 0 -1 0 -1 0 -1 0 -1 0 -1 0 -1 0 -1 0 -1 0 -1 0 -1 0 -1 0 -1 0 -1 0 -1 0 -1 0 -1 0 -1 0 -1 0 -1 0 -1 0 -1 0 -1 0 -1 0 -1 0 -1 0 -1 0 -1 0 -1 0 -1 0 -1 0 -1 0 -1 0 -1 0 -1 0 -1 0 -1 0 -1 0 -1 0 -1 0 
  12 10 15 15 20
 50 5 130 5 150 5 30
2586 131072 0 48 208896 0 
  739255426 4947637704754542883 832884 0 0 0 0 0 

trp_companion_15 Eliott_Roux Eliott_Roux 0 268435472 0 0 1 0 0
  421 0 1639 0 1216 0 156 0 59 0 88 0 -1 0 -1 0 -1 0 -1 0 -1 0 -1 0 -1 0 -1 0 -1 0 -1 0 -1 0 -1 0 -1 0 -1 0 -1 0 -1 0 -1 0 -1 0 -1 0 -1 0 -1 0 -1 0 -1 0 -1 0 -1 0 -1 0 -1 0 -1 0 -1 0 -1 0 -1 0 -1 0 -1 0 -1 0 -1 0 -1 0 -1 0 -1 0 -1 0 -1 0 -1 0 -1 0 -1 0 -1 0 -1 0 -1 0 -1 0 -1 0 -1 0 -1 0 -1 0 -1 0 -1 0 -1 0 -1 0 -1 0 -1 0 -1 0 
  12 10 15 15 20
 50 5 130 5 150 5 30
2586 131072 0 48 208896 0 
  19529204172 4945882747280774380 1034330 0 0 0 0 0 

trp_companion_16 Theo_David Theo_David 0 268435472 0 0 1 0 0
  425 0 1640 0 1193 0 21 0 156 0 81 0 1956 0 -1 0 -1 0 -1 0 -1 0 -1 0 -1 0 -1 0 -1 0 -1 0 -1 0 -1 0 -1 0 -1 0 -1 0 -1 0 -1 0 -1 0 -1 0 -1 0 -1 0 -1 0 -1 0 -1 0 -1 0 -1 0 -1 0 -1 0 -1 0 -1 0 -1 0 -1 0 -1 0 -1 0 -1 0 -1 0 -1 0 -1 0 -1 0 -1 0 -1 0 -1 0 -1 0 -1 0 -1 0 -1 0 -1 0 -1 0 -1 0 -1 0 -1 0 -1 0 -1 0 -1 0 -1 0 -1 0 -1 0 -1 0 
  12 10 15 15 20
 110 5 30 5 125 5 30
2586 131072 0 5 208896 0 
  49761244357 6477420205012800206 1104172 0 0 0 0 0 

trp_companion_17 Romain_Bertrand Romain_Bertrand 0 268435472 0 0 1 0 0
  425 0 1640 0 1193 0 21 0 156 0 81 0 1956 0 -1 0 -1 0 -1 0 -1 0 -1 0 -1 0 -1 0 -1 0 -1 0 -1 0 -1 0 -1 0 -1 0 -1 0 -1 0 -1 0 -1 0 -1 0 -1 0 -1 0 -1 0 -1 0 -1 0 -1 0 -1 0 -1 0 -1 0 -1 0 -1 0 -1 0 -1 0 -1 0 -1 0 -1 0 -1 0 -1 0 -1 0 -1 0 -1 0 -1 0 -1 0 -1 0 -1 0 -1 0 -1 0 -1 0 -1 0 -1 0 -1 0 -1 0 -1 0 -1 0 -1 0 -1 0 -1 0 -1 0 -1 0 
  12 10 15 15 20
 110 5 30 5 125 5 30
2586 131072 0 5 208896 0 
  50331928008 1472259502525340885 1259332 0 0 0 0 0 

trp_companion_18 Quentin_Fournier Quentin_Fournier 0 268435472 0 0 1 0 0
  425 0 1640 0 1193 0 21 0 156 0 81 0 1956 0 -1 0 -1 0 -1 0 -1 0 -1 0 -1 0 -1 0 -1 0 -1 0 -1 0 -1 0 -1 0 -1 0 -1 0 -1 0 -1 0 -1 0 -1 0 -1 0 -1 0 -1 0 -1 0 -1 0 -1 0 -1 0 -1 0 -1 0 -1 0 -1 0 -1 0 -1 0 -1 0 -1 0 -1 0 -1 0 -1 0 -1 0 -1 0 -1 0 -1 0 -1 0 -1 0 -1 0 -1 0 -1 0 -1 0 -1 0 -1 0 -1 0 -1 0 -1 0 -1 0 -1 0 -1 0 -1 0 -1 0 -1 0 
  12 10 15 15 20
 110 5 30 5 125 5 30
2586 131072 0 5 208896 0 
  50063754192 6282927862778800273 1387859 0 0 0 0 0 

trp_companion_19 Girard_Baptiste Girard_Baptiste 0 268435472 0 0 1 0 0
  425 0 1640 0 1193 0 21 0 156 0 81 0 1956 0 -1 0 -1 0 -1 0 -1 0 -1 0 -1 0 -1 0 -1 0 -1 0 -1 0 -1 0 -1 0 -1 0 -1 0 -1 0 -1 0 -1 0 -1 0 -1 0 -1 0 -1 0 -1 0 -1 0 -1 0 -1 0 -1 0 -1 0 -1 0 -1 0 -1 0 -1 0 -1 0 -1 0 -1 0 -1 0 -1 0 -1 0 -1 0 -1 0 -1 0 -1 0 -1 0 -1 0 -1 0 -1 0 -1 0 -1 0 -1 0 -1 0 -1 0 -1 0 -1 0 -1 0 -1 0 -1 0 -1 0 -1 0 
  12 10 15 15 20
 110 5 30 5 125 5 30
2586 131072 0 5 208896 0 
  59123712403 5272991989432281234 901973 0 0 0 0 0 

trp_companion_20 Valentin_Bonnet Valentin_Bonnet 0 268435472 0 0 1 0 0
  425 0 1640 0 1193 0 21 0 156 0 81 0 1956 0 -1 0 -1 0 -1 0 -1 0 -1 0 -1 0 -1 0 -1 0 -1 0 -1 0 -1 0 -1 0 -1 0 -1 0 -1 0 -1 0 -1 0 -1 0 -1 0 -1 0 -1 0 -1 0 -1 0 -1 0 -1 0 -1 0 -1 0 -1 0 -1 0 -1 0 -1 0 -1 0 -1 0 -1 0 -1 0 -1 0 -1 0 -1 0 -1 0 -1 0 -1 0 -1 0 -1 0 -1 0 -1 0 -1 0 -1 0 -1 0 -1 0 -1 0 -1 0 -1 0 -1 0 -1 0 -1 0 -1 0 -1 0 
  12 10 15 15 20
 110 5 30 5 125 5 30
2586 131072 0 5 208896 0 
  67713123406 6578221622072559340 595685 0 0 0 0 0 

trp_companion_21 Nico_Kamps Nicolas_Morel 0 268435472 0 0 1 0 0
  425 0 1640 0 1193 0 21 0 156 0 81 0 1956 0 -1 0 -1 0 -1 0 -1 0 -1 0 -1 0 -1 0 -1 0 -1 0 -1 0 -1 0 -1 0 -1 0 -1 0 -1 0 -1 0 -1 0 -1 0 -1 0 -1 0 -1 0 -1 0 -1 0 -1 0 -1 0 -1 0 -1 0 -1 0 -1 0 -1 0 -1 0 -1 0 -1 0 -1 0 -1 0 -1 0 -1 0 -1 0 -1 0 -1 0 -1 0 -1 0 -1 0 -1 0 -1 0 -1 0 -1 0 -1 0 -1 0 -1 0 -1 0 -1 0 -1 0 -1 0 -1 0 -1 0 -1 0 
  12 10 15 15 20
 110 5 30 5 125 5 30
2586 131072 0 5 208896 0 
  58099520582 4272560746334742229 1619237 0 0 0 0 0 

trp_companion_22 Mael_Rousseau Mael_Rousseau 0 268435472 0 0 1 0 0
  425 0 1640 0 1193 0 21 0 156 0 81 0 1956 0 -1 0 -1 0 -1 0 -1 0 -1 0 -1 0 -1 0 -1 0 -1 0 -1 0 -1 0 -1 0 -1 0 -1 0 -1 0 -1 0 -1 0 -1 0 -1 0 -1 0 -1 0 -1 0 -1 0 -1 0 -1 0 -1 0 -1 0 -1 0 -1 0 -1 0 -1 0 -1 0 -1 0 -1 0 -1 0 -1 0 -1 0 -1 0 -1 0 -1 0 -1 0 -1 0 -1 0 -1 0 -1 0 -1 0 -1 0 -1 0 -1 0 -1 0 -1 0 -1 0 -1 0 -1 0 -1 0 -1 0 -1 0 
  12 10 15 15 20
 110 5 30 5 125 5 30
2586 131072 0 5 208896 0 
  58753814800 3270830182070826332 1465516 0 0 0 0 0 

trp_companion_23 Pierre_Lambert Pierre_Lambert 0 268435472 0 0 1 0 0
  425 0 1640 0 1193 0 21 0 156 0 81 0 1956 0 -1 0 -1 0 -1 0 -1 0 -1 0 -1 0 -1 0 -1 0 -1 0 -1 0 -1 0 -1 0 -1 0 -1 0 -1 0 -1 0 -1 0 -1 0 -1 0 -1 0 -1 0 -1 0 -1 0 -1 0 -1 0 -1 0 -1 0 -1 0 -1 0 -1 0 -1 0 -1 0 -1 0 -1 0 -1 0 -1 0 -1 0 -1 0 -1 0 -1 0 -1 0 -1 0 -1 0 -1 0 -1 0 -1 0 -1 0 -1 0 -1 0 -1 0 -1 0 -1 0 -1 0 -1 0 -1 0 -1 0 -1 0 
  12 10 15 15 20
 110 5 30 5 125 5 30
2586 131072 0 5 208896 0 
  40651473935 2965992438993662707 1223404 0 0 0 0 0 

trp_companion_24 Marius_Blanc Marius_Blanc 0 268435472 0 0 1 0 0
  425 0 1640 0 1193 0 21 0 156 0 81 0 1956 0 -1 0 -1 0 -1 0 -1 0 -1 0 -1 0 -1 0 -1 0 -1 0 -1 0 -1 0 -1 0 -1 0 -1 0 -1 0 -1 0 -1 0 -1 0 -1 0 -1 0 -1 0 -1 0 -1 0 -1 0 -1 0 -1 0 -1 0 -1 0 -1 0 -1 0 -1 0 -1 0 -1 0 -1 0 -1 0 -1 0 -1 0 -1 0 -1 0 -1 0 -1 0 -1 0 -1 0 -1 0 -1 0 -1 0 -1 0 -1 0 -1 0 -1 0 -1 0 -1 0 -1 0 -1 0 -1 0 -1 0 -1 0 
  12 10 15 15 20
 110 5 30 5 125 5 30
2586 131072 0 5 208896 0 
  40752652359 2809807148732278555 901770 0 0 0 0 0 

trp_companion_25 Remi_Thomas Remi_Thomas 0 268435472 0 0 1 0 0
  425 0 1640 0 1193 0 21 0 156 0 81 0 1956 0 -1 0 -1 0 -1 0 -1 0 -1 0 -1 0 -1 0 -1 0 -1 0 -1 0 -1 0 -1 0 -1 0 -1 0 -1 0 -1 0 -1 0 -1 0 -1 0 -1 0 -1 0 -1 0 -1 0 -1 0 -1 0 -1 0 -1 0 -1 0 -1 0 -1 0 -1 0 -1 0 -1 0 -1 0 -1 0 -1 0 -1 0 -1 0 -1 0 -1 0 -1 0 -1 0 -1 0 -1 0 -1 0 -1 0 -1 0 -1 0 -1 0 -1 0 -1 0 -1 0 -1 0 -1 0 -1 0 -1 0 -1 0 
  12 10 15 15 20
 110 5 30 5 125 5 30
2586 131072 0 5 208896 0 
  19696473164 6404763213062113187 599628 0 0 0 0 0 

trp_companion_26 Benjamin_Aguillon Benjamin_Aguillon 0 268435472 0 0 1 0 0
  425 0 1640 0 1193 0 21 0 156 0 81 0 1956 0 -1 0 -1 0 -1 0 -1 0 -1 0 -1 0 -1 0 -1 0 -1 0 -1 0 -1 0 -1 0 -1 0 -1 0 -1 0 -1 0 -1 0 -1 0 -1 0 -1 0 -1 0 -1 0 -1 0 -1 0 -1 0 -1 0 -1 0 -1 0 -1 0 -1 0 -1 0 -1 0 -1 0 -1 0 -1 0 -1 0 -1 0 -1 0 -1 0 -1 0 -1 0 -1 0 -1 0 -1 0 -1 0 -1 0 -1 0 -1 0 -1 0 -1 0 -1 0 -1 0 -1 0 -1 0 -1 0 -1 0 -1 0 
  12 10 15 15 20
 110 5 30 5 125 5 30
2586 131072 0 5 208896 0 
  56489947400 4962244777768766195 923404 0 0 0 0 0 

trp_companion_27 Maxence_Beauregard Maxence_Beauregard 0 268435472 0 0 1 0 0
  425 0 1640 0 1193 0 21 0 156 0 81 0 1956 0 -1 0 -1 0 -1 0 -1 0 -1 0 -1 0 -1 0 -1 0 -1 0 -1 0 -1 0 -1 0 -1 0 -1 0 -1 0 -1 0 -1 0 -1 0 -1 0 -1 0 -1 0 -1 0 -1 0 -1 0 -1 0 -1 0 -1 0 -1 0 -1 0 -1 0 -1 0 -1 0 -1 0 -1 0 -1 0 -1 0 -1 0 -1 0 -1 0 -1 0 -1 0 -1 0 -1 0 -1 0 -1 0 -1 0 -1 0 -1 0 -1 0 -1 0 -1 0 -1 0 -1 0 -1 0 -1 0 -1 0 -1 0 
  12 10 15 15 20
 110 5 30 5 125 5 30
2586 131072 0 5 208896 0 
  32296944456 4982791844440232653 646317 0 0 0 0 0 

trp_companion_28 Axel_Lemieux Axel_Lemieux 0 268435472 0 0 1 0 0
  425 0 1640 0 1193 0 21 0 156 0 81 0 1956 0 -1 0 -1 0 -1 0 -1 0 -1 0 -1 0 -1 0 -1 0 -1 0 -1 0 -1 0 -1 0 -1 0 -1 0 -1 0 -1 0 -1 0 -1 0 -1 0 -1 0 -1 0 -1 0 -1 0 -1 0 -1 0 -1 0 -1 0 -1 0 -1 0 -1 0 -1 0 -1 0 -1 0 -1 0 -1 0 -1 0 -1 0 -1 0 -1 0 -1 0 -1 0 -1 0 -1 0 -1 0 -1 0 -1 0 -1 0 -1 0 -1 0 -1 0 -1 0 -1 0 -1 0 -1 0 -1 0 -1 0 -1 0 
  12 10 15 15 20
 110 5 30 5 125 5 30
2586 131072 0 5 208896 0 
  32515310534 6242881014097086228 631459 0 0 0 0 0 

trp_companion_29 Jules_Plantier Jules_Plantier 0 268435472 0 0 1 0 0
  425 0 1640 0 1193 0 21 0 156 0 81 0 1956 0 -1 0 -1 0 -1 0 -1 0 -1 0 -1 0 -1 0 -1 0 -1 0 -1 0 -1 0 -1 0 -1 0 -1 0 -1 0 -1 0 -1 0 -1 0 -1 0 -1 0 -1 0 -1 0 -1 0 -1 0 -1 0 -1 0 -1 0 -1 0 -1 0 -1 0 -1 0 -1 0 -1 0 -1 0 -1 0 -1 0 -1 0 -1 0 -1 0 -1 0 -1 0 -1 0 -1 0 -1 0 -1 0 -1 0 -1 0 -1 0 -1 0 -1 0 -1 0 -1 0 -1 0 -1 0 -1 0 -1 0 -1 0 
  12 10 15 15 20
 110 5 30 5 125 5 30
2586 131072 0 5 208896 0 
  58838484047 5254981912615274903 636572 0 0 0 0 0 

trp_companion_30 Martin_Roche Martin_Roche 0 268435472 0 0 1 0 0
  425 0 1640 0 1193 0 21 0 156 0 81 0 1956 0 -1 0 -1 0 -1 0 -1 0 -1 0 -1 0 -1 0 -1 0 -1 0 -1 0 -1 0 -1 0 -1 0 -1 0 -1 0 -1 0 -1 0 -1 0 -1 0 -1 0 -1 0 -1 0 -1 0 -1 0 -1 0 -1 0 -1 0 -1 0 -1 0 -1 0 -1 0 -1 0 -1 0 -1 0 -1 0 -1 0 -1 0 -1 0 -1 0 -1 0 -1 0 -1 0 -1 0 -1 0 -1 0 -1 0 -1 0 -1 0 -1 0 -1 0 -1 0 -1 0 -1 0 -1 0 -1 0 -1 0 -1 0 
  12 10 15 15 20
 110 5 30 5 125 5 30
2586 131072 0 5 208896 0 
  58938893074 1555208797581294790 1775260 0 0 0 0 0 

trp_companions_end companions_end companions_end 0 268435472 0 0 1 0 0
  1210 0 89 0 1956 0 -1 0 -1 0 -1 0 -1 0 -1 0 -1 0 -1 0 -1 0 -1 0 -1 0 -1 0 -1 0 -1 0 -1 0 -1 0 -1 0 -1 0 -1 0 -1 0 -1 0 -1 0 -1 0 -1 0 -1 0 -1 0 -1 0 -1 0 -1 0 -1 0 -1 0 -1 0 -1 0 -1 0 -1 0 -1 0 -1 0 -1 0 -1 0 -1 0 -1 0 -1 0 -1 0 -1 0 -1 0 -1 0 -1 0 -1 0 -1 0 -1 0 -1 0 -1 0 -1 0 -1 0 -1 0 -1 0 -1 0 -1 0 -1 0 -1 0 -1 0 -1 0 
  12 10 15 15 20
 150 5 30 5 30 5 30
2586 131072 0 6 208896 0 
  58938893074 1555208797581294790 1775260 0 0 0 0 0 

trp_walker_french_infantry Infantryman Infantry 0 133169152 0 0 1 0 0
  421 0 1639 0 1216 0 156 0 59 0 -1 0 -1 0 -1 0 -1 0 -1 0 -1 0 -1 0 -1 0 -1 0 -1 0 -1 0 -1 0 -1 0 -1 0 -1 0 -1 0 -1 0 -1 0 -1 0 -1 0 -1 0 -1 0 -1 0 -1 0 -1 0 -1 0 -1 0 -1 0 -1 0 -1 0 -1 0 -1 0 -1 0 -1 0 -1 0 -1 0 -1 0 -1 0 -1 0 -1 0 -1 0 -1 0 -1 0 -1 0 -1 0 -1 0 -1 0 -1 0 -1 0 -1 0 -1 0 -1 0 -1 0 -1 0 -1 0 -1 0 -1 0 -1 0 -1 0 
  12 10 15 15 20
 50 5 130 5 120 5 30
2586 131072 0 48 208896 0 
  34359738369 1315051091194281984 1835136 0 50465891015 7916447985573822463 2031036 0 

trp_walker_french_voltigeur Voltigeur Voltigeurs 0 133169152 0 0 1 0 0
  417 0 1639 0 1638 0 1228 0 156 0 59 0 88 0 -1 0 -1 0 -1 0 -1 0 -1 0 -1 0 -1 0 -1 0 -1 0 -1 0 -1 0 -1 0 -1 0 -1 0 -1 0 -1 0 -1 0 -1 0 -1 0 -1 0 -1 0 -1 0 -1 0 -1 0 -1 0 -1 0 -1 0 -1 0 -1 0 -1 0 -1 0 -1 0 -1 0 -1 0 -1 0 -1 0 -1 0 -1 0 -1 0 -1 0 -1 0 -1 0 -1 0 -1 0 -1 0 -1 0 -1 0 -1 0 -1 0 -1 0 -1 0 -1 0 -1 0 -1 0 -1 0 -1 0 -1 0 
  15 15 15 15 20
 50 5 90 5 150 5 30
2586 131072 0 48 135168 0 
  34359738369 1315051091194281984 1835136 0 50465891015 7916447985573822463 2031036 0 

trp_walker_french_hussar Hussar Hussars 0 133170176 0 0 1 0 0
  725 0 1674 0 1210 0 89 0 -1 0 -1 0 -1 0 -1 0 -1 0 -1 0 -1 0 -1 0 -1 0 -1 0 -1 0 -1 0 -1 0 -1 0 -1 0 -1 0 -1 0 -1 0 -1 0 -1 0 -1 0 -1 0 -1 0 -1 0 -1 0 -1 0 -1 0 -1 0 -1 0 -1 0 -1 0 -1 0 -1 0 -1 0 -1 0 -1 0 -1 0 -1 0 -1 0 -1 0 -1 0 -1 0 -1 0 -1 0 -1 0 -1 0 -1 0 -1 0 -1 0 -1 0 -1 0 -1 0 -1 0 -1 0 -1 0 -1 0 -1 0 -1 0 -1 0 -1 0 
  12 10 15 15 20
 130 5 30 5 30 5 30
2586 131072 0 4 208896 0 
  34359738369 1315051091194281984 1835136 0 50465891015 7916447985573822463 2031036 0 

trp_walker_french_officer Officer officers 0 133169152 0 0 1 0 0
  419 0 1639 0 1247 0 84 0 157 0 3 0 5 0 1819 0 -1 0 -1 0 -1 0 -1 0 -1 0 -1 0 -1 0 -1 0 -1 0 -1 0 -1 0 -1 0 -1 0 -1 0 -1 0 -1 0 -1 0 -1 0 -1 0 -1 0 -1 0 -1 0 -1 0 -1 0 -1 0 -1 0 -1 0 -1 0 -1 0 -1 0 -1 0 -1 0 -1 0 -1 0 -1 0 -1 0 -1 0 -1 0 -1 0 -1 0 -1 0 -1 0 -1 0 -1 0 -1 0 -1 0 -1 0 -1 0 -1 0 -1 0 -1 0 -1 0 -1 0 -1 0 -1 0 -1 0 
  15 15 15 15 20
 80 5 80 5 50 5 30
2586 131072 0 48 208896 0 
  34359738369 1315051091194281984 1835136 0 50465891015 7916447985573822463 2031036 0 

trp_walker_messenger Messenger Messenger 0 133169152 0 0 1 0 0
  433 0 1639 0 -1 0 -1 0 -1 0 -1 0 -1 0 -1 0 -1 0 -1 0 -1 0 -1 0 -1 0 -1 0 -1 0 -1 0 -1 0 -1 0 -1 0 -1 0 -1 0 -1 0 -1 0 -1 0 -1 0 -1 0 -1 0 -1 0 -1 0 -1 0 -1 0 -1 0 -1 0 -1 0 -1 0 -1 0 -1 0 -1 0 -1 0 -1 0 -1 0 -1 0 -1 0 -1 0 -1 0 -1 0 -1 0 -1 0 -1 0 -1 0 -1 0 -1 0 -1 0 -1 0 -1 0 -1 0 -1 0 -1 0 -1 0 -1 0 -1 0 -1 0 -1 0 -1 0 
  12 10 15 15 20
 50 5 130 5 120 5 30
2586 131072 0 48 208896 0 
  34359738369 1315051091194281984 1835136 0 50465891015 7916447985573822463 2031036 0 

trp_walker_peasant_male Peasant Peasants 0 133169152 0 0 1 0 0
  755 0 756 0 1680 0 1681 0 1175 0 1176 0 1177 0 1178 0 1179 0 -1 0 -1 0 -1 0 -1 0 -1 0 -1 0 -1 0 -1 0 -1 0 -1 0 -1 0 -1 0 -1 0 -1 0 -1 0 -1 0 -1 0 -1 0 -1 0 -1 0 -1 0 -1 0 -1 0 -1 0 -1 0 -1 0 -1 0 -1 0 -1 0 -1 0 -1 0 -1 0 -1 0 -1 0 -1 0 -1 0 -1 0 -1 0 -1 0 -1 0 -1 0 -1 0 -1 0 -1 0 -1 0 -1 0 -1 0 -1 0 -1 0 -1 0 -1 0 -1 0 -1 0 -1 0 -1 0 
  12 10 15 15 4
 60 60 60 60 60 60 0
2586 131072 0 0 0 0 
  34359738369 1315051091194281984 1835136 0 51522851334 5615707260354297855 2031609 0 

trp_walker_peasant_female Peasant Peasants 0 133169153 0 0 1 0 0
  -1 0 -1 0 -1 0 -1 0 -1 0 -1 0 -1 0 -1 0 -1 0 -1 0 -1 0 -1 0 -1 0 -1 0 -1 0 -1 0 -1 0 -1 0 -1 0 -1 0 -1 0 -1 0 -1 0 -1 0 -1 0 -1 0 -1 0 -1 0 -1 0 -1 0 -1 0 -1 0 -1 0 -1 0 -1 0 -1 0 -1 0 -1 0 -1 0 -1 0 -1 0 -1 0 -1 0 -1 0 -1 0 -1 0 -1 0 -1 0 -1 0 -1 0 -1 0 -1 0 -1 0 -1 0 -1 0 -1 0 -1 0 -1 0 -1 0 -1 0 -1 0 -1 0 -1 0 -1 0 
  12 10 15 15 4
 60 60 60 60 60 60 0
2586 131072 0 0 0 0 
  4009754626 4025217206549832466 1980187 0 21659398148 517159428360349451 1955497 0 

trp_walkers_end walkers_end walkers_end 0 16 0 0 1 0 0
  -1 0 -1 0 -1 0 -1 0 -1 0 -1 0 -1 0 -1 0 -1 0 -1 0 -1 0 -1 0 -1 0 -1 0 -1 0 -1 0 -1 0 -1 0 -1 0 -1 0 -1 0 -1 0 -1 0 -1 0 -1 0 -1 0 -1 0 -1 0 -1 0 -1 0 -1 0 -1 0 -1 0 -1 0 -1 0 -1 0 -1 0 -1 0 -1 0 -1 0 -1 0 -1 0 -1 0 -1 0 -1 0 -1 0 -1 0 -1 0 -1 0 -1 0 -1 0 -1 0 -1 0 -1 0 -1 0 -1 0 -1 0 -1 0 -1 0 -1 0 -1 0 -1 0 -1 0 -1 0 
  12 10 15 15 2
 20 20 20 20 20 20 0
0 655360 0 0 0 0 
  0 0 0 0 0 0 0 0 

trp_camp_armorer Tailor {!}Armorer 0 36880 0 0 1 0 0
  1640 0 1248 0 88 0 -1 0 -1 0 -1 0 -1 0 -1 0 -1 0 -1 0 -1 0 -1 0 -1 0 -1 0 -1 0 -1 0 -1 0 -1 0 -1 0 -1 0 -1 0 -1 0 -1 0 -1 0 -1 0 -1 0 -1 0 -1 0 -1 0 -1 0 -1 0 -1 0 -1 0 -1 0 -1 0 -1 0 -1 0 -1 0 -1 0 -1 0 -1 0 -1 0 -1 0 -1 0 -1 0 -1 0 -1 0 -1 0 -1 0 -1 0 -1 0 -1 0 -1 0 -1 0 -1 0 -1 0 -1 0 -1 0 -1 0 -1 0 -1 0 -1 0 -1 0 -1 0 
  12 10 15 15 2
 20 20 20 20 20 20 0
0 655360 0 0 0 0 
  0 0 1835008 0 55817827083 7905747460180148223 2031614 0 

trp_camp_weaponsmith Weapon_Merchant {!}Weaponsmith 0 36880 0 0 1 0 0
  1640 0 1248 0 88 0 -1 0 -1 0 -1 0 -1 0 -1 0 -1 0 -1 0 -1 0 -1 0 -1 0 -1 0 -1 0 -1 0 -1 0 -1 0 -1 0 -1 0 -1 0 -1 0 -1 0 -1 0 -1 0 -1 0 -1 0 -1 0 -1 0 -1 0 -1 0 -1 0 -1 0 -1 0 -1 0 -1 0 -1 0 -1 0 -1 0 -1 0 -1 0 -1 0 -1 0 -1 0 -1 0 -1 0 -1 0 -1 0 -1 0 -1 0 -1 0 -1 0 -1 0 -1 0 -1 0 -1 0 -1 0 -1 0 -1 0 -1 0 -1 0 -1 0 -1 0 -1 0 
  12 10 15 15 5
 20 20 20 20 20 20 0
0 655360 0 0 0 0 
  0 0 1835008 0 55817827083 7905747460180148223 2031614 0 

trp_camp_horse_merchant Horse_Merchant {!}Horse_Merchant 0 36880 0 0 1 0 0
  1640 0 1248 0 88 0 -1 0 -1 0 -1 0 -1 0 -1 0 -1 0 -1 0 -1 0 -1 0 -1 0 -1 0 -1 0 -1 0 -1 0 -1 0 -1 0 -1 0 -1 0 -1 0 -1 0 -1 0 -1 0 -1 0 -1 0 -1 0 -1 0 -1 0 -1 0 -1 0 -1 0 -1 0 -1 0 -1 0 -1 0 -1 0 -1 0 -1 0 -1 0 -1 0 -1 0 -1 0 -1 0 -1 0 -1 0 -1 0 -1 0 -1 0 -1 0 -1 0 -1 0 -1 0 -1 0 -1 0 -1 0 -1 0 -1 0 -1 0 -1 0 -1 0 -1 0 -1 0 
  12 10 15 15 5
 20 20 20 20 20 20 0
0 655360 0 0 0 0 
  17179869185 1315051091194281984 1835136 0 68702720518 5615707260354297855 2031609 0 

trp_merchants_end merchants_end merchants_end 0 16 0 0 1 0 0
  -1 0 -1 0 -1 0 -1 0 -1 0 -1 0 -1 0 -1 0 -1 0 -1 0 -1 0 -1 0 -1 0 -1 0 -1 0 -1 0 -1 0 -1 0 -1 0 -1 0 -1 0 -1 0 -1 0 -1 0 -1 0 -1 0 -1 0 -1 0 -1 0 -1 0 -1 0 -1 0 -1 0 -1 0 -1 0 -1 0 -1 0 -1 0 -1 0 -1 0 -1 0 -1 0 -1 0 -1 0 -1 0 -1 0 -1 0 -1 0 -1 0 -1 0 -1 0 -1 0 -1 0 -1 0 -1 0 -1 0 -1 0 -1 0 -1 0 -1 0 -1 0 -1 0 -1 0 -1 0 
  12 10 15 15 2
 20 20 20 20 20 20 0
0 655360 0 0 0 0 
  0 0 0 0 0 0 0 0 
