trp_multiplayer_profile_troop_male|ehhhhhhh wtf
trp_multiplayer_profile_troop_male_pl|multiplayer profile troop male
trp_multiplayer_profile_troop_female|multiplayer profile troop female
trp_multiplayer_profile_troop_female_pl|multiplayer profile troop female
trp_temp_troop|Temp Troop
trp_temp_troop_pl|Temp Troop
trp_british_infantry_ai|British Linieninfanterie
trp_british_infantry_ai_pl|Linieninfanterie
trp_british_infantry2_ai|German Linieninfanterie
trp_british_infantry2_ai_pl|German Linieninfanterie
trp_british_highlander_ai|British Highland Infantry
trp_british_highlander_ai_pl|Highland Infantry
trp_british_foot_guard_ai|British Foot Guard
trp_british_foot_guard_ai_pl|Garde zu Fuß
trp_british_light_infantry_ai|British Leichte Infanterie
trp_british_light_infantry_ai_pl|Leichte Infanterie
trp_british_rifle_ai|British Jäger
trp_british_rifle_ai_pl|Jäger
trp_british_hussar_ai|British Husar
trp_british_hussar_ai_pl|Husars
trp_british_light_dragoon_ai|British Light Dragoon
trp_british_light_dragoon_ai_pl|Light Dragoner
trp_british_dragoon_ai|British Dragoon
trp_british_dragoon_ai_pl|Heavy Dragoner
trp_british_horseguard_ai|British Horse Guard
trp_british_horseguard_ai_pl|Horse Guards
trp_british_ship_ai|British Sailor
trp_british_ship_ai_pl|Sailors
trp_british_ship_marine_ai|British Marine
trp_british_ship_marine_ai_pl|Marines
trp_british_arty_ai|British Artillerist
trp_british_arty_ai_pl|Artillerie
trp_british_arty_alt_ai|British Artillerist
trp_british_arty_alt_ai_pl|Artillerie
trp_british_rocket_ai|British Rocketeer
trp_british_rocket_ai_pl|Artillerie
trp_french_infantry_ai|French Linieninfanterie
trp_french_infantry_ai_pl|Linieninfanterie
trp_french_infantry2_ai|French Grenadier
trp_french_infantry2_ai_pl|Grenadiere
trp_french_infantry_vistula_ai|Polish Linieninfanterie
trp_french_infantry_vistula_ai_pl|Polish Linieninfanterie
trp_french_old_guard_ai|French Grenadier Guard
trp_french_old_guard_ai_pl|Grenadier Guards
trp_french_voltigeur_ai|French Voltigeur
trp_french_voltigeur_ai_pl|Voltigeurs
trp_french_guard_light_ai|French Voltigeur
trp_french_guard_light_ai_pl|Voltigeurs
trp_french_hussar_ai|French Husar
trp_french_hussar_ai_pl|Husar
trp_french_lancer_ai|Polish Lanzenreiter
trp_french_lancer_ai_pl|Lanzenreiter
trp_french_dragoon_ai|French Dragoon
trp_french_dragoon_ai_pl|Dragoner
trp_french_cuirassier_ai|French Cuirassier
trp_french_cuirassier_ai_pl|Kürassiere
trp_french_carabineer_ai|French Carabinier
trp_french_carabineer_ai_pl|Carabiniers
trp_french_grenadier_a_cheval_ai|French Horse Grenadier
trp_french_grenadier_a_cheval_ai_pl|Grenadier auf Pferd
trp_french_ship_ai|French Sailor
trp_french_ship_ai_pl|Sailors
trp_french_ship_marine_ai|French Marine
trp_french_ship_marine_ai_pl|Marines
trp_french_arty_ai|French Artillerist
trp_french_arty_ai_pl|Artillerie
trp_french_arty_alt_ai|French Artillerist
trp_french_arty_alt_ai_pl|Artillerie
trp_prussian_infantry_ai|Prussian Linieninfanterie
trp_prussian_infantry_ai_pl|Linieninfanterie (Brandenburg)
trp_prussian_infantry2_ai|Prussian Linieninfanterie
trp_prussian_infantry2_ai_pl|Linieninfanterie (Rhen)
trp_prussian_infantry_kurmark_ai|Prussian Landwehr
trp_prussian_infantry_kurmark_ai_pl|Landwehr
trp_prussian_infantry_freikorps_ai|Prussian Freikorps
trp_prussian_infantry_freikorps_ai_pl|Freikorps
trp_prussian_infantry_15_ai|Prussian Foot Guard
trp_prussian_infantry_15_ai_pl|Garde zu Fuß
trp_prussian_infantry_rifle_ai|Prussian Jaeger
trp_prussian_infantry_rifle_ai_pl|Jäger
trp_prussian_dragoon_ai|Prussian Dragoon
trp_prussian_dragoon_ai_pl|Dragoner
trp_prussian_hussar_ai|Prussian Husar
trp_prussian_hussar_ai_pl|Husar
trp_prussian_landwehr_cav_ai|Prussian Lanzenreiter
trp_prussian_landwehr_cav_ai_pl|Lanzenreiter
trp_prussian_cuirassier_ai|Prussian Cuirassier
trp_prussian_cuirassier_ai_pl|Kürassiere
trp_prussian_arty_ai|Prussian Artillerist
trp_prussian_arty_ai_pl|Artillerie
trp_prussian_arty_alt_ai|Prussian Artillerist
trp_prussian_arty_alt_ai_pl|Artillerie
trp_russian_partizan_ai|Russian Partisan
trp_russian_partizan_ai_pl|Partisans
trp_russian_opol_ai|Russian Militia
trp_russian_opol_ai_pl|Miliz
trp_russian_infantry_ai|Russian Linieninfanterie
trp_russian_infantry_ai_pl|Linieninfanterie
trp_russian_grenadier_ai|Russian Grenadier
trp_russian_grenadier_ai_pl|Grenadiere
trp_russian_foot_guard_ai|Russian Foot Guard
trp_russian_foot_guard_ai_pl|Garde zu Fuß
trp_russian_infantry_rifle_ai|Russian Jaeger
trp_russian_infantry_rifle_ai_pl|Jäger
trp_russian_hussar_ai|Russian Husar
trp_russian_hussar_ai_pl|Husar
trp_russian_uhlan_ai|Russian Uhlan
trp_russian_uhlan_ai_pl|Uhlans
trp_russian_cossack_ai|Russian Cossack
trp_russian_cossack_ai_pl|Cossacke
trp_russian_dragoon_ai|Russian Dragoon
trp_russian_dragoon_ai_pl|Dragoner
trp_russian_horse_guard_ai|Russian Cavalry Guard
trp_russian_horse_guard_ai_pl|Cavalry Guards
trp_russian_arty_ai|Russian Artillerist
trp_russian_arty_ai_pl|Artillerie
trp_russian_arty_alt_ai|Russian Artillerist
trp_russian_arty_alt_ai_pl|Artillerie
trp_austrian_infantry_ai|Austrian Linieninfanterie
trp_austrian_infantry_ai_pl|Linieninfanterie
trp_austrian_infantry2_ai|Hungarian Linieninfanterie
trp_austrian_infantry2_ai_pl|Linieninfanterie
trp_austrian_grenzer_ai|Austrian Grenzer
trp_austrian_grenzer_ai_pl|Grenzer
trp_austrian_grenadier_ai|Hungarian Grenadier
trp_austrian_grenadier_ai_pl|Grenadiere
trp_austrian_infantry_rifle_ai|Austrian Jaeger
trp_austrian_infantry_rifle_ai_pl|Jäger
trp_austrian_hussar_ai|Austrian Husar
trp_austrian_hussar_ai_pl|Husar
trp_austrian_uhlan_ai|Austrian Uhlan
trp_austrian_uhlan_ai_pl|Uhlane
trp_austrian_light_horse_ai|Austrian Chevauleger
trp_austrian_light_horse_ai_pl|Chevaulegers
trp_austrian_dragoon_ai|Austrian Dragoon
trp_austrian_dragoon_ai_pl|Dragoner
trp_austrian_cuirassier_ai|Austrian Cuirassier
trp_austrian_cuirassier_ai_pl|Kürassiere
trp_austrian_arty_ai|Austrian Artillerist
trp_austrian_arty_ai_pl|Artillerie
trp_austrian_arty_alt_ai|Austrian Artillerist
trp_austrian_arty_alt_ai_pl|Artillerie
trp_rhine_infantry_bavaria_ai|Bayerische Linieninfanterie 
trp_rhine_infantry_bavaria_ai_pl|Bayerische Linieninfanterie 
trp_rhine_infantry_wurttemberg_ai|Wurttemberger Linieninfanterie 
trw_rhine_infantry_wurttemberg_ai_pl|Württemberger Linieninfanterie 
trp_rhine_infantry_saxony_ai|Sächsische Linieninfanterie 
trp_rhine_infantry_saxony_ai_pl|Sächsische Linieninfanterie 
trp_rhine_infantry_wurttemberg2_ai|Württemberger Grenadier 
trp_rhine_infantry_wurttemberg2_ai_pl|Württemberger Grenadiere 
trp_rhine_grenadier_guard_ai|Westfälischer Grenadierwächter 
trp_rhine_grenadier_guard_ai_pl|Grenadierwachen 
trp_rhine_light_infantry_hessen_ai|Hessische leichte Infanterie 
trp_rhine_light_infantry_hessen_ai_pl|Leichte Infanterie 
trp_rhine_light_infantry_bavaria_ai|Bayerischer Kampfschütze 
trp_rhine_light_infantry_bavaria_ai_pl|Schütze 
trp_rhine_mounted_jaeger_ai|Nassauer berittener Jäger 
trp_rhine_mounted_jaeger_ai_pl|Berittene Jäger 
trp_rhine_uhlan_ai|Sächsischer Ulan 
trp_rhine_uhlan_ai_pl|Ulanen 
trp_rhine_light_dragoon_ai|Badner Leichter Dragoon 
trp_rhine_light_dragoon_ai_pl|Leichte Dragoner 
trp_rhine_cuirassier_ai|Westfälischer Kürassier 
trp_rhine_cuirassier_ai_pl|Kürassiere 
trp_rhine_garde_du_corps_ai|Sächsische Pferdewache 
trp_rhine_garde_du_corps_ai_pl|Horse Guards 
trp_rhine_arty_ai|Bayerischer Artillerist 
trp_rhine_arty_ai_pl|Artillerie (Kanone) 
trp_rhine_arty_alt_ai|Bayerischer Artillerist 
trp_rhine_arty_alt_ai_pl|Artillerie (Haubitze) 
trp_austrian_11_ai_pl|Linieninfanterie
trp_austrian_11_ai|Austrian Linieninfanterie
trp_austrian_16_ai_pl|Grenadier
trp_austrian_16_ai|Austrian Grenadier
trp_austrian_24_ai_pl|Linieninfanterie
trp_austrian_24_ai|Austrian Linieninfanterie
trp_austrian_31_ai_pl|Linieninfanterie
trp_austrian_31_ai|Hungarian Linieninfanterie
trp_austrian_34_ai_pl|Linieninfanterie
trp_austrian_34_ai|Hungarian Linieninfanterie
trp_austrian_39_ai_pl|Linieninfanterie
trp_austrian_39_ai|Hungarian Linieninfanterie
trp_austrian_4_ai_pl|Linieninfanterie
trp_austrian_4_ai|Austrian Linieninfanterie
trp_austrian_51_ai_pl|Linieninfanterie
trp_austrian_51_ai|Hungarian Linieninfanterie
trp_austrian_56_ai_pl|Grenadier
trp_austrian_56_ai|Austrian Grenadier
trp_austrian_59_ai_pl|Linieninfanterie
trp_austrian_59_ai|Austrian Linieninfanterie
trp_austrian_cuirassier5_ai_pl|Kürassiere
trp_austrian_cuirassier5_ai|Austrian Kürassiere
trp_austrian_grenzer5_ai_pl|Grenzer
trp_austrian_grenzer5_ai|Austrian Grenzer
trp_austrian_horseart_ai_pl|Horse Artillerie
trp_austrian_horseart_ai|Austrian Horse Artillerie
trp_austrian_hussar12_ai_pl|Husar
trp_austrian_hussar12_ai|Austrian Husar
trp_brit_canadian_horsemen_ai_pl|Canadian Colonial Light Cavalry
trp_brit_canadian_horsemen_ai|Canadian Colonial Light Cavalry
trp_brit_canadian_infantry_ai_pl|Canadian Colonial Infanterie
trp_brit_canadian_infantry_ai|Canadian Colonial Infanterie
trp_brit_horseart_ai_pl|Royal Horse Artillerie
trp_brit_horseart_ai|Royal Horse Artillerie
trp_brit_indian_ai_pl|Indian Infanterie
trp_brit_indian_ai|Indian Infanterie
trp_british_foot_guard_ai_pl|British Foot Guard
trp_british_foot_guard_ai|British Foot Guard
trp_british_highlander78_ai_pl|British Linieninfanterie
trp_british_highlander78_ai|British Linieninfanterie
trp_british_hussar_ai_pl|British Husar
trp_british_hussar_ai|British Husar
trp_british_infantry14_ai_pl|British Linieninfanterie
trp_british_infantry14_ai|British Linieninfanterie
trp_french_corses_ai_pl|Corsican Rifle
trp_french_corses_ai|Corsican Rifle
trp_french_foot_dragoon_ai_pl|French Dragoner
trp_french_foot_dragoon_ai|French Dragoner
trp_french_gendarme_ai_pl|French Gendarme
trp_french_gendarme_ai|French Gendarme
trp_french_guard_marines_ai_pl|French Marine Guard
trp_french_guard_marines_ai|French Marine Guard
trp_french_horseart_ai_pl|French Horse Artillerie
trp_french_horseart_ai|French Horse Artillerie
trp_french_hussar5_ai_pl|French Husar
trp_french_hussar5_ai|French Husar
trp_french_infantry14_ai_pl|French Linieninfanterie
trp_french_infantry14_ai|French Linieninfanterie
trp_french_infantry3_ai_pl|French Linieninfanterie
trp_french_infantry3_ai|French Linieninfanterie
trp_french_infantry65_ai_pl|French Linieninfanterie
trp_french_infantry65_ai|French Linieninfanterie
trp_french_infantry_1er_ai_pl|French Linieninfanterie
trp_french_infantry_1er_ai|French Linieninfanterie
trp_french_infantry_swiss_ai_pl|Swiss Linieninfanterie
trp_french_infantry_swiss_ai|Swiss Linieninfanterie
trp_french_mounted_chasseur_ai_pl|French Mounted Chasseur
trp_french_mounted_chasseur_ai|French Mounted Chasseur
trp_nwe_rus_horse_arty_ai_pl|Russian Horse Artillerie
trp_nwe_rus_horse_arty_ai|Russian Horse Artillerie
trp_ottoman_arty_ai_pl|Ottoman artillery
trp_ottoman_arty_ai|Ottoman artillery
trp_ottoman_arty_alt_ai_pl|Ottoman Artillerie
trp_ottoman_arty_alt_ai|Ottoman Artillerie
trp_ottoman_arty_guard_ai_pl|Ottoman Artillerie Guard
trp_ottoman_arty_guard_ai|Ottoman Artillerie Guard
trp_ottoman_bashi_ai_pl|Bashi-bazouk
trp_ottoman_bashi_ai|Bashi-bazouk
trp_ottoman_camel_cav_ai_pl|Ottoman Light Camel Cavalry
trp_ottoman_camel_cav_ai|Ottoman Light Camel Cavalry
trp_ottoman_camel_heavy_cav_ai_pl|Ottoman Heavy Camel Cavalry
trp_ottoman_camel_heavy_cav_ai|Ottoman Heavy Camel Cavalry
trp_ottoman_cuirassier_ai_pl|Ottoman Kürassiere
trp_ottoman_cuirassier_ai|Ottoman Kürassiere
trp_ottoman_dragoon_ai_pl|Ottoman Dragoner
trp_ottoman_dragoon_ai|Ottoman Dragoner
trp_ottoman_heavy_cavalry_ai_pl|Mamluk
trp_ottoman_heavy_cavalry_ai|Mamluk
trp_ottoman_horseart_ai_pl|Ottoman Horse Artillerie
trp_ottoman_horseart_ai|Ottoman Horse Artillerie
trp_ottoman_horseart_guard_ai_pl|Ottoman Horse Artillerie Guard
trp_ottoman_horseart_guard_ai|Ottoman Horse Artillerie Guard
trp_ottoman_hussar_ai_pl|Ottoman Husar
trp_ottoman_hussar_ai|Ottoman Husar
trp_ottoman_jani_ai_pl|Ottoman Janissary
trp_ottoman_jani_ai|Ottoman Janissary
trp_ottoman_jani_istanbul_ai_pl|Ottoman Janissary
trp_ottoman_jani_istanbul_ai|Ottoman Janissary
trp_ottoman_lancer_ai_pl|Ottoman Lancer
trp_ottoman_lancer_ai|Ottoman Lancer
trp_ottoman_levend_ai_pl|Ottoman Linieninfanterie
trp_ottoman_levend_ai|Ottoman Linieninfanterie
trp_ottoman_libyan_ai_pl|Libyan Bedouin
trp_ottoman_libyan_ai|Libyan Bedouin
trp_ottoman_light_ai_pl|Albanian Light Infanterie
trp_ottoman_light_ai|Albanian Light Infanterie
trp_ottoman_rifle_ai_pl|Ottoman Rifleman
trp_ottoman_rifle_ai|Ottoman Rifleman
trp_ottoman_ship_ai_pl|Ship Crew
trp_ottoman_ship_ai|Ship Crew
trp_ottoman_ship_cannon_ai_pl|Ottoman Ship Crew
trp_ottoman_ship_cannon_ai|Ottoman Ship Crew
trp_ottoman_ship_marine_ai_pl|Ottoman Marine
trp_ottoman_ship_marine_ai|Ottoman Marine
trp_ottoman_subara_ai_pl|Ottoman Linieninfanterie
trp_ottoman_subara_ai|Ottoman Linieninfanterie
trp_ottoman_uskudar_ai_pl|Ottoman Linieninfanterie
trp_ottoman_uskudar_ai|Ottoman Linieninfanterie
trp_pruss_brun_ai_pl|Prussian Foot Guard
trp_pruss_brun_ai|Prussian Foot Guard
trp_pruss_cav_silesian_ai_pl|Prussian Kürassiere
trp_pruss_cav_silesian_ai|Prussian Kürassiere
trp_pruss_freiw_ai_pl|Prussian Jaeger
trp_pruss_freiw_ai|Prussian Jaeger
trp_pruss_horseart_ai_pl|Prussian Horse Artillerie
trp_pruss_horseart_ai|Prussian Horse Artillerie
trp_rhine_grenadier_guard2_ai_pl|Berg Grenadier Guard
trp_rhine_grenadier_guard2_ai|Berg Grenadier Guard
trp_rhine_horseart_ai_pl|Saxon Horse Artillerie
trp_rhine_horseart_ai|Saxon Horse Artillerie
trp_russian_butyrskiy_infantry_ai_pl|Russian Linieninfanterie
trp_russian_butyrskiy_infantry_ai|Russian Linieninfanterie
trp_russian_finnish_jaeger_ai_pl|Finnish Jaeger
trp_russian_finnish_jaeger_ai|Finnish Jaeger
trp_russian_glukhovskiy_cuirassier_ai_pl|Russian Kürassiere
trp_russian_glukhovskiy_cuirassier_ai|Russian Kürassiere
trp_russian_internal_guard_ai_pl|Russian Internal Guard
trp_russian_internal_guard_ai|Russian Internal Guard
trp_russian_litovski_guard_ai_pl|Russian Foot Guard
trp_russian_litovski_guard_ai|Russian Foot Guard
trp_british_foot_guard1_ai|1st Regiment of Garde zu Fuß
trp_british_foot_guard1_ai_pl|Garde zu Fuss
trp_british_hussar2_ai|2nd KGL Hussars
trp_british_hussar2_ai_pl|Husar
trp_prussian_infantry_2_ai|2. Infanterie-Regiment
trp_prussian_infantry_2_ai_pl|Linieninfanterie
trp_prussian_infantry12_ai|12. Brandenburgische Infanterie-Regiment
trp_prussian_infantry12_ai_pl|Linieninfanterie
trp_prussian_infantry14_ai|14. Westfalische Infanterie-Regiment
trp_prussian_infantry14_ai_pl|Linieninfanterie
trp_prussian_infantry18_ai|18. Infanterie-Regiment
trp_prussian_infantry18_ai_pl|Linieninfanterie
trp_prussian_infantry24_ai|24. Brandenburgische Infanterie-Regiment
trp_prussian_infantry24_ai_pl|Linieninfanterie
trp_prussian_infantry26_ai|26. Magdeburgische Infanterie-Regiment
trp_prussian_infantry26_ai_pl|Linieninfanterie
trp_prussian_infantry_elbe_ai|2. Elb-Landwehr-Regiment
trp_prussian_infantry_elbe_ai_pl|Linieninfanterie
trp_prussian_dragoon5_ai|5. Brandenburgische Dragoner-Regiment
trp_prussian_dragoon5_ai_pl|Dragoner
trp_prussian_hussar_mhr_ai|Magdeburgisches Husaren-Regiment Nr.10
trp_prussian_hussar_mhr_ai_pl|Husar
trp_austrian_32_ai|Infanterie Regiment Nr.32 Eszterházy
trp_austrian_32_ai_pl|Linieninfanterie
trp_italian_infantry1_ai|Italienische Linieninfanterie
trp_italian_infantry2_ai|Italienische Linieninfanterie
trp_italian_infantry3_ai|Italienische Linieninfanterie
trp_italian_infantry4_ai|Italienische Linieninfanterie
trp_italian_infantry5_ai|Italienische Linieninfanterie
trp_italian_foot_guard1_ai|Italienische Garde zu Fuß
trp_italian_foot_guard2_ai|Italienische Garde zu Fuß
trp_italian_foot_guard3_ai|Italienische Garde zu Fuß
trp_italian_light_ai|Italienische Leichte Infanterie
trp_italian_rifle_ai|Italienische Jäger
trp_italian_hussar1_ai|Italienische Husar
trp_italian_hussar2_ai|Italienische Husar
trp_italian_dragoon_ai|Italienische Dragoner
trp_italian_cuirassier1_ai|Italienische Horse Guard
trp_italian_cuirassier2_ai|Italienische Gendarme
trp_italian_arty_ai|Italienische Artillerie
trp_italian_arty_alt_ai|Italienische Artillerie
trp_italian_horseart_ai|Italienische Horse Artillerie
trp_italian_ship_marine_ai|Italienische Marine
trp_italian_ship_ai|Schiffscrew
trp_italian_infantry1_ai_pl|Linieninfanterie
trp_italian_infantry2_ai_pl|Linieninfanterie
trp_italian_infantry3_ai_pl|Linieninfanterie
trp_italian_infantry4_ai_pl|Linieninfanterie
trp_italian_infantry5_ai_pl|Linieninfanterie
trp_italian_foot_guard1_ai_pl|Garde zu Fuß
trp_italian_foot_guard2_ai_pl|Garde zu Fuß
trp_italian_foot_guard3_ai_pl|Garde zu Fuß
trp_italian_light_ai_pl|Leichte Infanterie
trp_italian_rifle_ai_pl|Jäger
trp_italian_hussar1_ai_pl|Husar
trp_italian_hussar2_ai_pl|Husar
trp_italian_dragoon_ai_pl|Dragoner
trp_italian_cuirassier1_ai_pl|Horse Guards
trp_italian_cuirassier2_ai_pl|Gendarme
trp_italian_arty_ai_pl|Artillerie (Kanone) 
trp_italian_arty_alt_ai_pl|Artillerie (Haubitze) 
trp_italian_horseart_ai_pl|Horse Artillerie
trp_italian_ship_marine_ai_pl|Marine
trp_italian_ship_ai_pl|Schiffscrew
trp_rhine_infantry_saxony2_ai|Sächsische Linieninfanterie 
trp_rhine_infantry_saxony2_ai_pl|Linieninfanterie
trp_rhine_westphalian_hussar_ai|Westfälischer Husar
trp_rhine_westphalian_hussar_ai_pl|Husar
trp_rhine_infantry_waldeck_ai|Waldeck Fürstentümer Linieninfanterie
trp_rhine_infantry_waldeck_ai_pl|Linieninfanterie
trp_rhine_wurt_guard_ai|Wurttemberger Garde zu Fuß
trp_rhine_wurt_guard_ai_pl|Garde zu Fuß
trp_russian_ship_marine_ai|Schiffscrew
trp_russian_ship_marine_ai_pl|Marine
trp_russian_ship_ai|Schiffscrew
trp_russian_ship_ai_pl|Schiffscrew
trp_british_infantry|33rd Regiment of Foot
trp_british_infantry_pl|Linieninfanterie
trp_british_infantry_nco|33rd Regiment of Foot
trp_british_infantry_nco_pl|Unteroffizier
trp_british_infantry_officer|33rd Regiment of Foot
trp_british_infantry_officer_pl|Offizier
trp_british_infantry_drum|33rd Regiment of Foot
trp_british_infantry_drum_pl|Trommler
trp_british_infantry_flute|33rd Regiment of Foot
trp_british_infantry_flute_pl|Flötenspieler
trp_british_infantry2|5th Line Battalion King's German Legion
trp_british_infantry2_pl|Linieninfanterie
trp_british_infantry2_nco|Kings German Legion 5th Battalion
trp_british_infantry2_nco_pl|Unteroffizier
trp_british_infantry2_officer|Kings German Legion 5th Battalion
trp_british_infantry2_officer_pl|Offizier
trp_british_infantry2_drum|Kings German Legion 5th Battalion
trp_british_infantry2_drum_pl|Trommler
trp_british_infantry2_flute|Kings German Legion 5th Battalion
trp_british_infantry2_flute_pl|Flötenspieler
trp_british_highlander|42nd Regiment of Foot (Black Watch)
trp_british_highlander_pl|Linieninfanterie
trp_british_highlander_nco|42nd Highland Regiment of Foot
trp_british_highlander_nco_pl|Unteroffizier
trp_british_highlander_officer|42nd Highland Regiment of Foot
trp_british_highlander_officer_pl|Offizier
trp_british_highlander_drum|42nd Highland Regiment of Foot
trp_british_highlander_drum_pl|Trommler
trp_british_highlander_pipes|42nd Highland Regiment of Foot
trp_british_highlander_pipes_pl|Piper
trp_british_foot_guard|Coldstream Regiment of Garde zu Fuß
trp_british_foot_guard_pl|Garde zu Fuss
trp_british_foot_guard_nco|2nd Regiment of Garde zu Fuß (Coldstream)
trp_british_foot_guard_nco_pl|Unteroffizier
trp_british_foot_guard_officer|2nd Regiment of Garde zu Fuß (Coldstream)
trp_british_foot_guard_officer_pl|Offizier
trp_british_foot_guard_drum|2nd Regiment of Garde zu Fuß (Coldstream)
trp_british_foot_guard_drum_pl|Trommler
trp_british_foot_guard_flute|2nd Regiment of Garde zu Fuß (Coldstream)
trp_british_foot_guard_flute_pl|Flötenspieler
trp_british_light_infantry|51st (2nd Yorkshire West Riding) Regiment of Foot
trp_british_light_infantry_pl|Leichte Infanterie
trp_british_light_infantry_nco|51st Regiment of Foot
trp_british_light_infantry_nco_pl|Unteroffizier
trp_british_light_infantry_officer|51st Regiment of Foot
trp_british_light_infantry_officer_pl|Offizier
trp_british_light_infantry_horn|51st Regiment of Foot
trp_british_light_infantry_horn_pl|Hornist
trp_british_rifle|95th Regiment of Foot (Rifles)
trp_british_rifle_pl|Jäger
trp_british_rifle_nco|95th Rifle Regiment of Foot
trp_british_rifle_nco_pl|Unteroffizier
trp_british_rifle_officer|95th Rifle Regiment of Foot
trp_british_rifle_officer_pl|Offizier
trp_british_rifle_horn|95th Rifle Regiment of Foot
trp_british_rifle_horn_pl|Hornist
trp_british_hussar|1st KGL Husars
trp_british_hussar_pl|Husar
trp_british_hussar_nco|1st KGL Husars
trp_british_hussar_nco_pl|Unteroffizier
trp_british_hussar_officer|1st KGL Husars
trp_british_hussar_officer_pl|Offizier
trp_british_hussar_trumpet|1st KGL Husars
trp_british_hussar_trumpet_pl|Hornist
trp_british_light_dragoon|23rd Leichte Dragoner
trp_british_light_dragoon_pl|Leichte Kavallerie
trp_british_light_dragoon_nco|23rd Leichte Dragoner
trp_british_light_dragoon_nco_pl|Unteroffizier
trp_british_light_dragoon_officer|23rd Leichte Dragoner
trp_british_light_dragoon_officer_pl|Offizier
trp_british_light_dragoon_trumpet|23rd Leichte Dragoner
trp_british_light_dragoon_trumpet_pl|Hornist
trp_british_dragoon|6th Dragoner
trp_british_dragoon_pl|Schwere Kavallerie
trp_british_dragoon_nco|6th Dragoner
trp_british_dragoon_nco_pl|Unteroffizier
trp_british_dragoon_officer|6th Dragoner
trp_british_dragoon_officer_pl|Offizier
trp_british_dragoon_trumpet|6th Dragoner
trp_british_dragoon_trumpet_pl|Hornist
trp_british_horseguard|Royal Horse Guards Blue
trp_british_horseguard_pl|Schwere Kavallerie
trp_british_horseguard_nco|Royal Horse Guards Blue
trp_british_horseguard_nco_pl|Unteroffizier
trp_british_horseguard_officer|Royal Horse Guards Blue
trp_british_horseguard_officer_pl|Offizier
trp_british_horseguard_trumpet|RoyalRoyal Horse Guards Blue
trp_british_horseguard_trumpet_pl|Hornist
trp_british_arty|Royal Foot Artillery
trp_british_arty_pl|Artillerie
trp_british_arty_guard|Artillery Guard
trp_british_arty_guard_pl|Artillery Guard
trp_british_arty_nco|Royal Foot Artillery
trp_british_arty_nco_pl|Artillerie Zug
trp_british_arty_officer|Royal Foot Artillery
trp_british_arty_officer_pl|Offizier
trp_british_rocket|2nd Rocket Troop
trp_british_rocket_pl|Artillerie
trp_british_medic|Surgeon
trp_british_medic_pl|Surgeon
trp_british_sapper|Sapper
trp_british_sapper_pl|Pionier
trp_british_ship|Schiffscrew
trp_british_ship_pl|Infanterie
trp_british_ship_cannon|Ship Crew
trp_british_ship_cannon_pl|Schiff Artillerie
trp_british_ship_marine|Schiffscrew
trp_british_ship_marine_pl|Marine, 1st Battalion - Royal Marines
trp_british_ship_captain|Schiffscrew
trp_british_ship_captain_pl|Post Captain, HMS Neptune
trp_wellington|Arthur Wellesley, Duke of Wellington
trp_wellington_pl|General
trp_french_infantry|45e Regiment d'Infanterie de ligne
trp_french_infantry_pl|Linieninfanterie
trp_french_infantry_nco|45e Regiment d'Infanterie de ligne
trp_french_infantry_nco_pl|Unteroffizier
trp_french_infantry_officer|45e Regiment d'Infanterie de ligne
trp_french_infantry_officer_pl|Offizier
trp_french_infantry_drum|45e Regiment d'Infanterie de ligne
trp_french_infantry_drum_pl|Trommler
trp_french_infantry_flute|45e Regiment d'Infanterie de ligne
trp_french_infantry_flute_pl|Flötenspieler
trp_french_infantry2|84e Regiment d'Infanterie de ligne
trp_french_infantry2_pl|Linieninfanterie
trp_french_infantry2_nco|84e Regiment d'Infanterie de ligne
trp_french_infantry2_nco_pl|Unteroffizier
trp_french_infantry2_officer|84e Regiment d'Infanterie de ligne
trp_french_infantry2_officer_pl|Offizier
trp_french_infantry2_drum|84e Regiment d'Infanterie de ligne
trp_french_infantry2_drum_pl|Trommler
trp_french_infantry2_flute|84e Regiment d'Infanterie de ligne
trp_french_infantry2_flute_pl|Flötenspieler
trp_french_infantry_vistula|Legion de la Vistule
trp_french_infantry_vistula_pl|Linieninfanterie
trp_french_infantry_vistula_nco|Legion de la Vistule
trp_french_infantry_vistula_nco_pl|Unteroffizier
trp_french_infantry_vistula_officer|Legion de la Vistule
trp_french_infantry_vistula_officer_pl|Offizier
trp_french_infantry_vistula_drum|Legion de la Vistule
trp_french_infantry_vistula_drum_pl|Trommler
trp_french_infantry_vistula_flute|Legion de la Vistule
trp_french_infantry_vistula_flute_pl|Flötenspieler
trp_french_old_guard|1er Regiment de Grenadiere de la Garde Imperiale
trp_french_old_guard_pl|Garde zu Fuss
trp_french_old_guard_nco|1er Regiment de Grenadiere de la Garde Imperiale
trp_french_old_guard_nco_pl|Unteroffizier
trp_french_old_guard_officer|1er Regiment de Grenadiere de la Garde Imperiale
trp_french_old_guard_officer_pl|Offizier
trp_french_old_guard_drum|1er Regiment de Grenadiere de la Garde Imperiale
trp_french_old_guard_drum_pl|Trommler
trp_french_old_guard_flute|1er Regiment de Grenadiere de la Garde Imperiale
trp_french_old_guard_flute_pl|Flötenspieler
trp_french_voltigeur|15eme Regiment d'Infanterie Legere
trp_french_voltigeur_pl|Leichte Infanterie
trp_french_voltigeur_flag_bearer|15eme Regiment d'Infanterie Legere
trp_french_voltigeur_nco_pl|Unteroffizier
trp_french_voltigeur_officer|15eme Regiment d'Infanterie Legere
trp_french_voltigeur_officer_pl|Offizier
trp_french_voltigeur_horn|15eme Regiment d'Infanterie Legere
trp_french_voltigeur_horn_pl|Hornist
trp_french_hussar|2e Regiment de Hussards
trp_french_hussar_pl|Husar
trp_french_hussar_nco|2e Regiment de Hussards
trp_french_hussar_nco_pl|Unteroffizier
trp_french_hussar_officer|2e Regiment de Hussards
trp_french_hussar_officer_pl|Offizier
trp_french_hussar_trumpet|2e Regiment de Hussards
trp_french_hussar_trumpet_pl|Trompetenspieler
trp_french_lancer|Regiment de Chevau-Legers Lanciers de la Garde
trp_french_lancer_pl|Lanzenreiter
trp_french_lancer_nco|Regiment de Chevau-Legers Lanciers de la Garde
trp_french_lancer_nco_pl|Unteroffizier
trp_french_lancer_officer|Regiment de Chevau-Legers Lanciers de la Garde
trp_french_lancer_officer_pl|Offizier
trp_french_lancer_trumpet|Regiment de Chevau-Legers Lanciers de la Garde
trp_french_lancer_trumpet_pl|Trompetenspieler
trp_french_dragoon|Regiment de Dragons de l'Imperatrice
trp_french_dragoon_pl|Dragoner
trp_french_dragoon_nco|Regiment de Dragons de l'Imperatrice
trp_french_dragoon_nco_pl|Unteroffizier
trp_french_dragoon_officer|Regiment de Dragons de l'Imperatrice
trp_french_dragoon_officer_pl|Offizier
trp_french_dragoon_trumpet|Regiment de Dragons de l'Imperatrice
trp_french_dragoon_trumpet_pl|Trompetenspieler
trp_french_cuirassier|9eme Regiment de Kürassiere
trp_french_cuirassier_pl|Kürassier
trp_french_cuirassier_nco|Kürassiere
trp_french_cuirassier_nco_pl|Unteroffizier
trp_french_cuirassier_officer|Kürassiere
trp_french_cuirassier_officer_pl|Offizier
trp_french_cuirassier_trumpet|Kürassiere
trp_french_cuirassier_trumpet_pl|Trompetenspieler
trp_french_carabineer|1er Regiment de Carabiniers
trp_french_carabineer_pl|Karabinier
trp_french_carabineer_nco|Carabineers
trp_french_carabineer_nco_pl|Unteroffizier
trp_french_carabineer_officer|Carabineers
trp_french_carabineer_officer_pl|Offizier
trp_french_carabineer_trumpet|Carabineers
trp_french_carabineer_trumpet_pl|Trompetenspieler
trp_french_grenadier_a_cheval|Regiment de Grenadiere a Cheval de la Garde
trp_french_grenadier_a_cheval_pl|Schwere Kavallerie
trp_french_grenadier_a_cheval_nco|Regiment de Grenadiere a Cheval de la Garde
trp_french_grenadier_a_cheval_nco_pl|Unteroffizier
trp_french_grenadier_a_cheval_officer|Regiment de Grenadiere a Cheval de la Garde
trp_french_grenadier_a_cheval_officer_pl|Offizier
trp_french_grenadier_a_cheval_trumpet|Regiment de Grenadiere a Cheval de la Garde
trp_french_grenadier_a_cheval_trumpet_pl|Trompetenspieler
trp_french_arty|L'Artillerie
trp_french_arty_pl|Artillerie
trp_french_arty_guard|Artillery Guard
trp_french_arty_guard_pl|Artillery Guard
trp_french_arty_nco|L'Artillerie
trp_french_arty_nco_pl|Artillerie Zug
trp_french_arty_officer|L'Artillerie
trp_french_arty_officer_pl|Offizier
trp_french_medic|Medecin de 2e classe
trp_french_medic_pl|Surgeon
trp_french_sapper|Sappeur
trp_french_sapper_pl|Pionier
trp_french_ship|Schiffscrew
trp_french_ship_pl|Infanterie
trp_french_ship_cannon|Schiffscrew
trp_french_ship_cannon_pl|Schiff Artillerie
trp_french_ship_marine|Schiffscrew
trp_french_ship_marine_pl|Marine, 24e Bataillon des Equipages
trp_french_ship_captain|Schiffscrew
trp_french_ship_captain_pl|Capitaine de Vaisseau, Intrepide
trp_napoleon|L'Empereur Napoleon Bonaparte
trp_napoleon_pl|General
trp_prussian_infantry|8. Brandenburgische Infanterie-Regiment
trp_prussian_infantry_pl|Linieninfanterie
trp_prussian_infantry_nco|8. Infanterie Regiment
trp_prussian_infantry_nco_pl|Unteroffizier
trp_prussian_infantry_officer|8. Infanterie Regiment
trp_prussian_infantry_officer_pl|Offizier
trp_prussian_infantry_drum|8. Infanterie Regiment
trp_prussian_infantry_drum_pl|Trommler
trp_prussian_infantry_flute|8. Infanterie Regiment
trp_prussian_infantry_flute_pl|Flötenspieler
trp_prussian_infantry2|23. Rheinische Infanterie-Regiment
trp_prussian_infantry2_pl|Linieninfanterie
trp_prussian_infantry2_nco|23. Rheinische Infanterie-Regiment
trp_prussian_infantry2_nco_pl|Unteroffizier
trp_prussian_infantry2_officer|23. Rheinische Infanterie-Regiment
trp_prussian_infantry2_officer_pl|Offizier
trp_prussian_infantry2_drum|23. Rheinische Infanterie-Regiment
trp_prussian_infantry2_drum_pl|Trommler
trp_prussian_infantry2_flute|23. Rheinische Infanterie-Regiment
trp_prussian_infantry2_flute_pl|Flötenspieler
trp_prussian_infantry_kurmark|3. Kurmarkische Landwehr-Regiment
trp_prussian_infantry_kurmark_pl|Linieninfanterie
trp_prussian_infantry_kurmark_nco|3. Kurmark Landwehr
trp_prussian_infantry_kurmark_nco_pl|Unteroffizier
trp_prussian_infantry_kurmark_officer|3. Kurmark Landwehr
trp_prussian_infantry_kurmark_officer_pl|Offizier
trp_prussian_infantry_kurmark_drum|3. Kurmark Landwehr
trp_prussian_infantry_kurmark_drum_pl|Trommler
trp_prussian_infantry_kurmark_flute|3. Kurmark Landwehr
trp_prussian_infantry_kurmark_flute_pl|Flötenspieler
trp_prussian_infantry_freikorps|Lutzowsches Freikorps
trp_prussian_infantry_freikorps_pl|Linieninfanterie
trp_prussian_infantry_freikorps_nco|Lutzowsches Freikorps
trp_prussian_infantry_freikorps_nco_pl|Unteroffizier
trp_prussian_infantry_freikorps_officer|Lutzowsches Freikorps
trp_prussian_infantry_freikorps_officer_pl|Offizier
trp_prussian_infantry_freikorps_drum|Lutzowsches Freikorps
trp_prussian_infantry_freikorps_drum_pl|Trommler
trp_prussian_infantry_freikorps_flute|Lutzowsches Freikorps
trp_prussian_infantry_freikorps_flute_pl|Flötenspieler
trp_prussian_infantry_15|1. Garde-Regiment zu Fuss
trp_prussian_infantry_15_pl|Garde zu Fuss
trp_prussian_infantry_15_nco|1. Garde-Regiment zu Fuss
trp_prussian_infantry_15_nco_pl|Unteroffizier
trp_prussian_infantry_15_officer|1. Garde-Regiment zu Fuss
trp_prussian_infantry_15_officer_pl|Offizier
trp_prussian_infantry_15_drum|1. Garde-Regiment zu Fuss
trp_prussian_infantry_15_drum_pl|Trommler
trp_prussian_infantry_15_flute|1. Garde-Regiment zu Fuss
trp_prussian_infantry_15_flute_pl|Flötenspieler
trp_prussian_infantry_rifle|Schlesische Schutzen
trp_prussian_infantry_rifle_pl|Jäger
trp_prussian_infantry_rifle_nco|Schlesische Jaeger
trp_prussian_infantry_rifle_nco_pl|Unteroffizier
trp_prussian_infantry_rifle_officer|Schlesische Jaeger
trp_prussian_infantry_rifle_officer_pl|Offizier
trp_prussian_infantry_rifle_horn|Schlesische Jaeger
trp_prussian_infantry_rifle_horn_pl|Hornist
trp_prussian_dragoon|6. Neumarkische Dragoner
trp_prussian_dragoon_pl|Dragoner
trp_prussian_dragoon_nco|6. Dragoner Regiment
trp_prussian_dragoon_nco_pl|Unteroffizier
trp_prussian_dragoon_officer|6. Dragoner Regiment
trp_prussian_dragoon_officer_pl|Offizier
trp_prussian_dragoon_trumpet|6. Dragoner Regiment
trp_prussian_dragoon_trumpet_pl|Trompetenspieler
trp_prussian_hussar|1. Leib-Husaren-Regiment (Totenkopfhusaren)
trp_prussian_hussar_pl|Husar
trp_prussian_hussar_nco|Death's Head Husar Regiment
trp_prussian_hussar_nco_pl|Unteroffizier
trp_prussian_hussar_officer|Death's Head Husar Regiment
trp_prussian_hussar_officer_pl|Offizier
trp_prussian_hussar_trumpet|Death's Head Husar Regiment
trp_prussian_hussar_trumpet_pl|Trompetenspieler
trp_prussian_landwehr_cav|Westfalische Landwehrkavallerie
trp_prussian_landwehr_cav_pl|Lanzenreiter
trp_prussian_landwehr_cav_nco|Westfalische Landwehrkavallerie
trp_prussian_landwehr_cav_nco_pl|Unteroffizier
trp_prussian_landwehr_cav_officer|Westfalische Landwehrkavallerie
trp_prussian_landwehr_cav_officer_pl|Offizier
trp_prussian_landwehr_cav_trumpet|Westfalische Landwehrkavallerie
trp_prussian_landwehr_cav_trumpet_pl|Trompetenspieler
trp_prussian_cuirassier|3. Brandenburgische Kurassier Regiment
trp_prussian_cuirassier_pl|Kürassiere
trp_prussian_cuirassier_nco|3. Brandenburgische Kurassier Regiment
trp_prussian_cuirassier_nco_pl|Unteroffizier
trp_prussian_cuirassier_officer|3. Brandenburgische Kurassier Regiment
trp_prussian_cuirassier_officer_pl|Offizier
trp_prussian_cuirassier_trumpet|3. Brandenburgische Kurassier Regiment
trp_prussian_cuirassier_trumpet_pl|Trompetenspieler
trp_prussian_arty|36. Regiment der Fussartillerie
trp_prussian_arty_pl|Artillerie
trp_prussian_arty_guard|Artillery Guard
trp_prussian_arty_guard_pl|Artillery Guard
trp_prussian_arty_nco|36. Regiment der Fussartillerie
trp_prussian_arty_nco_pl|Artillerie Zug
trp_prussian_arty_officer|36. Regiment der Fussartillerie
trp_prussian_arty_officer_pl|Offizier
trp_prussian_medic|Sanitaeter
trp_prussian_medic_pl|Surgeon
trp_prussian_sapper|4. Mansfelder Pionierskorps
trp_prussian_sapper_pl|Pionier
trp_prussian_blucher|Generalfeldmarschall Gebhard von Blucher
trp_prussian_blucher_pl|General
trp_russian_partizan|Partizani
trp_russian_partizan_pl|Partisan
trp_russian_opol|Sankt-Peterburzhskoye Opolcheniye
trp_russian_opol_pl|Miliz
trp_russian_opol_nco|St Petersburg Opolcheniye
trp_russian_opol_nco_pl|Unteroffizier
trp_russian_opol_officer|St Petersburg Opolcheniye
trp_russian_opol_officer_pl|Offizier
trp_russian_infantry|Simbirskiy Pehotniy Polk
trp_russian_infantry_pl|Linieninfanterie
trp_russian_infantry_nco|Simbirsk Infantry Regiment
trp_russian_infantry_nco_pl|Unteroffizier
trp_russian_infantry_officer|Simbirsk Infantry Regiment
trp_russian_infantry_officer_pl|Offizier
trp_russian_infantry_drum|Simbirsk Infantry Regiment
trp_russian_infantry_drum_pl|Trommler
trp_russian_infantry_flute|Simbirsk Infantry Regiment
trp_russian_infantry_flute_pl|Flötenspieler
trp_russian_grenadier|Pavlovskiy Grenaderskiy Polk
trp_russian_grenadier_pl|Linieninfanterie
trp_russian_grenadier_nco|Pavlovskiy Grenadier Regiment
trp_russian_grenadier_nco_pl|Unteroffizier
trp_russian_grenadier_officer|Pavlovskiy Grenadier Regiment
trp_russian_grenadier_officer_pl|Offizier
trp_russian_grenadier_drum|Pavlovskiy Grenadier Regiment
trp_russian_grenadier_drum_pl|Trommler
trp_russian_grenadier_flute|Pavlovskiy Grenadier Regiment
trp_russian_grenadier_flute_pl|Flötenspieler
trp_russian_foot_guard|Leib-Gvardii Preobrazhenskiy Polk
trp_russian_foot_guard_pl|Garde zu Fuss
trp_russian_foot_guard_nco|Preobrazhenskiy Guard Regiment
trp_russian_foot_guard_nco_pl|Unteroffizier
trp_russian_foot_guard_officer|Preobrazhenskiy Guard Regiment
trp_russian_foot_guard_officer_pl|Offizier
trp_russian_foot_guard_drum|Preobrazhenskiy Guard Regiment
trp_russian_foot_guard_drum_pl|Trommler
trp_russian_foot_guard_flute|Preobrazhenskiy Guard Regiment
trp_russian_foot_guard_flute_pl|Flötenspieler
trp_russian_infantry_rifle|21-y Yegerskiy Polk
trp_russian_infantry_rifle_pl|Jäger
trp_russian_infantry_rifle_nco|21st Jaeger Regiment
trp_russian_infantry_rifle_nco_pl|Unteroffizier
trp_russian_infantry_rifle_officer|21st Jaeger Regiment
trp_russian_infantry_rifle_officer_pl|Offizier
trp_russian_infantry_rifle_horn|21st Jaeger Regiment
trp_russian_infantry_rifle_horn_pl|Hornist
trp_russian_hussar|Sumskoy Gusarskiy Polk
trp_russian_hussar_pl|Husar
trp_russian_hussar_nco|Sumskiy Husar Regiment
trp_russian_hussar_nco_pl|Unteroffizier
trp_russian_hussar_officer|Sumskiy Husar Regiment
trp_russian_hussar_officer_pl|Offizier
trp_russian_hussar_trumpet|Sumskiy Husar Regiment
trp_russian_hussar_trumpet_pl|Trompetenspieler
trp_russian_uhlan|Litovskiy Ulanskiy Polk
trp_russian_uhlan_pl|Lanzenreiter
trp_russian_uhlan_nco|Lithuanian Uhlans
trp_russian_uhlan_nco_pl|Unteroffizier
trp_russian_uhlan_officer|Lithuanian Uhlans
trp_russian_uhlan_officer_pl|Officer
trp_russian_uhlan_trumpet|Lithuanian Uhlans
trp_russian_uhlan_trumpet_pl|Trumpeter
trp_russian_cossack|Donskoy Kazachiy Polk
trp_russian_cossack_pl|Lanzenreiter
trp_russian_cossack_nco|Don Cossacks
trp_russian_cossack_nco_pl|Unteroffizier
trp_russian_cossack_officer|Don Cossacks
trp_russian_cossack_officer_pl|Offizier
trp_russian_dragoon|Kievskiy Dragunskiy Polk
trp_russian_dragoon_pl|Dragoner
trp_russian_dragoon_nco|Kiev Dragoon Regiment
trp_russian_dragoon_nco_pl|Unteroffizier
trp_russian_dragoon_officer|Kiev Dragoon Regiment
trp_russian_dragoon_officer_pl|Offizier
trp_russian_dragoon_trumpet|Kiev Dragoon Regiment
trp_russian_dragoon_trumpet_pl|Trompetenspieler
trp_russian_horse_guard|Kavalergardskiy Polk
trp_russian_horse_guard_pl|Kürassiere
trp_russian_horse_guard_nco|Chevaliers-Gardes
trp_russian_horse_guard_nco_pl|Unteroffizier
trp_russian_horse_guard_officer|Chevaliers-Gardes
trp_russian_horse_guard_officer_pl|Offizier
trp_russian_horse_guard_trumpet|Chevaliers-Gardes
trp_russian_horse_guard_trumpet_pl|Trompetenspieler
trp_russian_arty|8-ya Batarejnaya Rota
trp_russian_arty_pl|Artillerie
trp_russian_arty_guard|Artillery Guard
trp_russian_arty_guard_pl|Artillery Guard
trp_russian_arty_nco|Artillerie
trp_russian_arty_nco_pl|Artillerie Zug
trp_russian_arty_officer|Artillerie
trp_russian_arty_officer_pl|Offizier
trp_russian_medic|Khirurg
trp_russian_medic_pl|Surgeon
trp_russian_sapper|Saper
trp_russian_sapper_pl|Pionier
trp_kutuzov|Feldmarshal Mikhail Kutuzov
trp_kutuzov_pl|General
trp_austrian_infantry|Infanterie Regiment Nr.14 Erzherzog Rudolf
trp_austrian_infantry_pl|Linieninfanterie
trp_austrian_infantry_nco|Infanterie Regiment Nr.14 Erzherzog Rudolf
trp_austrian_infantry_nco_pl|Unteroffizier
trp_austrian_infantry_officer|Infanterie Regiment Nr.14 Erzherzog Rudolf
trp_austrian_infantry_officer_pl|Offizier
trp_austrian_infantry_drum|Infanterie Regiment Nr.14 Erzherzog Rudolf
trp_austrian_infantry_drum_pl|Trommler
trp_austrian_infantry_flute|Infanterie Regiment Nr.14 Erzherzog Rudolf
trp_austrian_infantry_flute_pl|Flötenspieler
trp_austrian_infantry2|Infanterie Regiment Nr.62 Freiherr von Wacquant
trp_austrian_infantry2_pl|Linieninfanterie
trp_austrian_infantry2_nco|Infanterie Regiment Nr.62 Freiherr von Wacquant
trp_austrian_infantry2_nco_pl|Unteroffizier
trp_austrian_infantry2_officer|Infanterie Regiment Nr.62 Freiherr von Wacquant
trp_austrian_infantry2_officer_pl|Offizier
trp_austrian_infantry2_drum|Infanterie Regiment Nr.62 Freiherr von Wacquant
trp_austrian_infantry2_drum_pl|Trommler
trp_austrian_infantry2_flute|Infanterie Regiment Nr.62 Freiherr von Wacquant
trp_austrian_infantry2_flute_pl|Flötenspieler
trp_austrian_grenzer|Grenz Regiment Oguliner Nr. 3
trp_austrian_grenzer_pl|Line/Leichte Infanterie
trp_austrian_grenzer_nco|Grenz Regiment Oguliner Nr. 3
trp_austrian_grenzer_nco_pl|Unteroffizier
trp_austrian_grenzer_officer|Grenz Regiment Oguliner Nr. 3
trp_austrian_grenzer_officer_pl|Offizier
trp_austrian_grenzer_drum|Grenz Regiment Oguliner Nr. 3
trp_austrian_grenzer_drum_pl|Trommler
trp_austrian_grenzer_flute|Grenz Regiment Oguliner Nr. 3
trp_austrian_grenzer_flute_pl|Flötenspieler
trp_austrian_grenadier|Grenadier Battalion Purcell
trp_austrian_grenadier_pl|Garde zu Fuss
trp_austrian_grenadier_nco|Grenadier Battalion Purcell
trp_austrian_grenadier_nco_pl|Unteroffizier
trp_austrian_grenadier_officer|Grenadier Battalion Purcell
trp_austrian_grenadier_officer_pl|Offizier
trp_austrian_grenadier_drum|Grenadier Battalion Purcell
trp_austrian_grenadier_drum_pl|Trommler
trp_austrian_grenadier_flute|Grenadier Battalion Purcell
trp_austrian_grenadier_flute_pl|Flötenspieler
trp_austrian_infantry_rifle|Jaeger Battalion 2
trp_austrian_infantry_rifle_pl|Jäger
trp_austrian_infantry_rifle_nco|Jaeger Battalion 2
trp_austrian_infantry_rifle_nco_pl|Unteroffizier
trp_austrian_infantry_rifle_officer|Jaeger Battalion 2
trp_austrian_infantry_rifle_officer_pl|Offizier
trp_austrian_infantry_rifle_horn|Jaeger Battalion 2
trp_austrian_infantry_rifle_horn_pl|Hornist
trp_austrian_hussar|Husar Regiment Graf von Hessen-Homburg Nr. 4
trp_austrian_hussar_pl|Husar
trp_austrian_hussar_nco|Husar Regiment Graf von Hessen-Homburg Nr. 4
trp_austrian_hussar_nco_pl|Unteroffizier
trp_austrian_hussar_officer|Husar Regiment Graf von Hessen-Homburg Nr. 4
trp_austrian_hussar_officer_pl|Offizier
trp_austrian_hussar_trumpet|Husar Regiment Graf von Hessen-Homburg Nr. 4
trp_austrian_hussar_trumpet_pl|Trompetenspieler
trp_austrian_uhlan|Ulan Regiment Schwarzenberg Nr. 2
trp_austrian_uhlan_pl|Lanzenreiter
trp_austrian_uhlan_nco|Ulan Regiment Schwarzenberg Nr. 2
trp_austrian_uhlan_nco_pl|Unteroffizier
trp_austrian_uhlan_officer|Ulan Regiment Schwarzenberg Nr. 2
trp_austrian_uhlan_officer_pl|Offizier
trp_austrian_uhlan_trumpet|Ulan Regiment Schwarzenberg Nr. 2
trp_austrian_uhlan_trumpet_pl|Trompetenspieler
trp_austrian_light_horse|Chevauleger Regiment Furst von Hohenzollern Nr. 2
trp_austrian_light_horse_pl|Leichtes Kavallerie
trp_austrian_light_horse_nco|Chevauleger Regiment Furst von Hohenzollern Nr. 2
trp_austrian_light_horse_nco_pl|Unteroffizier
trp_austrian_light_horse_officer|Chevauleger Regiment Furst von Hohenzollern Nr. 2
trp_austrian_light_horse_officer_pl|Offizier
trp_austrian_light_horse_trumpet|Chevauleger Regiment Furst von Hohenzollern Nr. 2
trp_austrian_light_horse_trumpet_pl|Trompetenspieler
trp_austrian_dragoon|Dragoner Regiment Erzherzog Ferdinand Nr. 5
trp_austrian_dragoon_pl|Dragoner
trp_austrian_dragoon_nco|Dragoner Regiment Erzherzog Ferdinand Nr. 5
trp_austrian_dragoon_nco_pl|Unteroffizier
trp_austrian_dragoon_officer|Dragoner Regiment Erzherzog Ferdinand Nr. 5
trp_austrian_dragoon_officer_pl|Offizier
trp_austrian_dragoon_trumpet|Dragoner Regiment Erzherzog Ferdinand Nr. 5
trp_austrian_dragoon_trumpet_pl|Trompetenspieler
trp_austrian_cuirassier|Kurassier Regiment Kaiser Franz Nr. 1
trp_austrian_cuirassier_pl|Kürassiere
trp_austrian_cuirassier_nco|Kurassier Regiment Kaiser Franz Nr. 1
trp_austrian_cuirassier_nco_pl|Unteroffizier
trp_austrian_cuirassier_officer|Kurassier Regiment Kaiser Franz Nr. 1
trp_austrian_cuirassier_officer_pl|Offizier
trp_austrian_cuirassier_trumpet|Kurassier Regiment Kaiser Franz Nr. 1
trp_austrian_cuirassier_trumpet_pl|Trompetenspieler
trp_austrian_arty|Artillerie Regiment Prinz zu Lothringen Nr. 7
trp_austrian_arty_pl|Artillerie
trp_austrian_arty_guard|Artillery Guard
trp_austrian_arty_guard_pl|Artillery Guard
trp_austrian_arty_nco|Artillerie Regiment Prinz zu Lothringen Nr. 7
trp_austrian_arty_nco_pl|Artillerie Zug
trp_austrian_arty_officer|Artillerie Regiment Prinz zu Lothringen Nr. 7
trp_austrian_arty_officer_pl|Offizier
trp_austrian_medic|Sanitaeter
trp_austrian_medic_pl|Surgeon
trp_austrian_sapper|Pionier-Battalion Nr. 1
trp_austrian_sapper_pl|Pionier
trp_schwarzenberg|Karl Philipp, Furst zu Schwarzenberg
trp_schwarzenberg_pl|General
trp_rhine_infantry_bavaria|2. Infanterie-Regiment Kronprinz, Bayern 
trp_rhine_infantry_bavaria_pl|Linieninfanterie 
trp_rhine_infantry_bavaria_nco|Bayerische Linieninfanterie 
trp_rhine_infantry_bavaria_nco_pl|Unteroffizier
trp_rhine_infantry_bavaria_officer|Bayerische Linieninfanterie 
trp_rhine_infantry_bavaria_officer_pl|Offizier
trp_rhine_infantry_bavaria_drum|Bayerische Linieninfanterie 
trp_rhine_infantry_bavaria_drum_pl|Drummer 
trp_rhine_infantry_bavaria_flute|Bayerische Linieninfanterie 
trp_rhine_infantry_bavaria_flute_pl|Fifer 
trp_rhine_infantry_wurttemberg|Infanterie-Reg. Nr.2 Herzog Wilhelm, Württemberg 
trp_rhine_infantry_wurttemberg_pl|Linieninfanterie 
trp_rhine_infantry_wurttemberg_nco|Württemberger Linieninfanterie 
trp_rhine_infantry_wurttemberg_nco_pl|Unteroffizier
trp_rhine_infantry_wurttemberg_officer|Württemberger Linieninfanterie 
trp_rhine_infantry_wurttemberg_officer_pl|Offizier 
trp_rhine_infantry_wurttemberg_drum|Württemberger Linieninfanterie 
trp_rhine_infantry_wurttemberg_drum_pl|Schlagzeuger 
trp_rhine_infantry_wurttemberg_flute|Württemberger Linieninfanterie 
trp_rhine_infantry_wurttemberg_flute_pl|Fifer 
trp_rhine_infantry_saxony|Infanterie-Regiment Prinz Friedrich August, Sachsen 
trp_rhine_infantry_saxony_pl|Linieninfanterie 
trp_rhine_infantry_saxony_nco|Sächsische Linieninfanterie 
trp_rhine_infantry_saxony_nco_pl|Unteroffizier
trp_rhine_infantry_saxony_officer|Sächsische Linieninfanterie 
trp_rhine_infantry_saxony_officer_pl|Offizier 
trp_rhine_infantry_saxony_drum|Sächsische Linieninfanterie 
trp_rhine_infantry_saxony_drum_pl|Schlagzeuger 
trp_rhine_infantry_saxony_flute|Sächsische Linieninfanterie 
trp_rhine_infantry_saxony_flute_pl|Fifer 
trp_rhine_infantry_wurttemberg2|Infanterie-Reg. No.4 von Franquemont, Württemberg 
trp_rhine_infantry_wurttemberg2_pl|Linieninfanterie 
trp_rhine_infantry_wurttemberg2_nco|Württemberger Grenadier 
trp_rhine_infantry_wurttemberg2_nco_pl|Unteroffizier
trp_rhine_infantry_wurttemberg2_officer|Württemberger Grenadier 
trp_rhine_infantry_wurttemberg2_officer_pl|Offizier 
trp_rhine_infantry_wurttemberg2_drum|Württemberger Grenadier 
trp_rhine_infantry_wurttemberg2_drum_pl|Schlagzeuger 
trp_rhine_infantry_wurttemberg2_flute|Württemberger Grenadier 
trp_rhine_infantry_wurttemberg2_flute_pl|Fifer 
trp_rhine_grenadier_guard|Grenadiere de la Garde, Westphalen 
trp_rhine_grenadier_guard_pl|Fußschutz 
trp_rhine_grenadier_guard_nco|Westfälischer Grenadierwächter 
trp_rhine_grenadier_guard_nco_pl|Unteroffizier
trp_rhine_grenadier_guard_officer|Westfälischer Grenadierwächter 
trp_rhine_grenadier_guard_officer_pl|Offizier 
trp_rhine_grenadier_guard_drum|Westfälischer Grenadierwächter 
trp_rhine_grenadier_guard_drum_pl|Schlagzeuger 
trp_rhine_grenadier_guard_flute|Westfälischer Grenadierwächter 
trp_rhine_grenadier_guard_flute_pl|Fifer 
trp_rhine_light_infantry_hessen|Infanterie-Reg. Groß- und Erbprinz, Hessen-Darmstadt 
trp_rhine_light_infantry_hessen_pl|Leichte Infanterie 
trp_rhine_light_infantry_hessen_nco|Hessische Leichte Infanterie 
trp_rhine_light_infantry_hessen_nco_pl|Unteroffizier
trp_rhine_light_infantry_hessen_officer|Hessische Leichte Infanterie 
trp_rhine_light_infantry_hessen_officer_pl|Offizier 
trp_rhine_light_infantry_hessen_horn|Hessische Leichte Infanterie 
trp_rhine_light_infantry_hessen_horn_pl|Hornist 
trp_rhine_light_infantry_bavaria|7. Leichtes Infanterie-Bataillon, Bayern 
trp_rhine_light_infantry_bavaria_pl|Leichte Infanterie / Kampfschütze 
trp_rhine_light_infantry_bavaria_nco|Bayerischer Kampfschütze 
trp_rhine_light_infantry_bavaria_nco_pl|Unteroffizier
trp_rhine_light_infantry_bavaria_officer|Bayerischer Kampfschütze 
trp_rhine_light_infantry_bavaria_officer_pl|Offizier 
trp_rhine_light_infantry_bavaria_horn|Bayerischer Kampfschütze 
trp_rhine_light_infantry_bavaria_horn_pl|Hornist 
trp_rhine_mounted_jaeger|Reitende Jaeger, Nassau 
trp_rhine_mounted_jaeger_pl|Husar 
trp_rhine_mounted_jaeger_nco|Nassauer berittener Jäger 
trp_rhine_mounted_jaeger_nco_pl|Unteroffizier
trp_rhine_mounted_jaeger_officer|Nassauer Berittener Jäger 
trp_rhine_mounted_jaeger_officer_pl|Offizier 
trp_rhine_mounted_jaeger_trumpet|Nassauer berittener Jäger 
trp_rhine_mounted_jaeger_trumpet_pl|Trompeter 
trp_rhine_uhlan|Ulanen Regiment Prinz Clemens, Sachsen 
trp_rhine_uhlan_pl|Lancer 
trp_rhine_uhlan_nco|Sächsischer Ulan 
trp_rhine_uhlan_nco_pl|Unteroffizier
trp_rhine_uhlan_officer|Sächsischer Ulan 
trp_rhine_uhlan_officer_pl|Offizier 
trp_rhine_uhlan_trumpet|Sächsischer Ulan 
trp_rhine_uhlan_trumpet_pl|Trompeter 
trp_rhine_light_dragoon|Leichtes Dragoner-Regiment, Baden 
trp_rhine_light_dragoon_pl|Leichtes Pferd 
trp_rhine_light_dragoon_nco|Badner Leichter Dragoon 
trp_rhine_light_dragoon_nco_pl|Unteroffizier
trp_rhine_light_dragoon_officer|Badner Leichter Dragoon trp_rhine_light_dragoon_officer_pl|Offizier 
trp_rhine_light_dragoon_trumpet|Badner Leichter Dragoon 
trp_rhine_light_dragoon_trumpet_pl|Trompeter 
trp_rhine_cuirassier|1er Regiment de Cuirassiers, Westphalen 
trp_rhine_cuirassier_pl|Kürassier 
trp_rhine_cuirassier_nco|Westfälischer Kürassier 
trp_rhine_cuirassier_nco_pl|Unteroffizier 
trp_rhine_cuirassier_officer|Westfälischer Kürassier 
trp_rhine_cuirassier_officer_pl|Offizier 
trp_rhine_cuirassier_trumpet|Westfälischer Kürassier 
trp_rhine_cuirassier_trumpet_pl|Trompeter 
trp_rhine_garde_du_corps|Garde du Corp, Sachsen 
trp_rhine_garde_du_corps_pl|Schwere Kavallerie 
trp_rhine_garde_du_corps_nco|Sächsischer Pferdewächter 
trp_rhine_garde_du_corps_nco_pl|Unteroffizier
trp_rhine_garde_du_corps_officer|Saxon Horse Guard 
trp_rhine_garde_du_corps_officer_pl|Offizier 
trp_rhine_garde_du_corps_trumpet|Sächsische Pferdewache 
trp_rhine_garde_du_corps_trumpet_pl|Trompeter 
trp_rhine_arty|Artillerie-Regiment, Bayern 
trp_rhine_arty_pl|Artillerie 
trp_rhine_arty_guard|Artillerieschutz, Bayern 
trp_rhine_arty_guard_pl|Artillerieschutz 
trp_rhine_arty_nco|Bayerischer Artillerist 
trp_rhine_arty_nco_pl|Artilleriezug 
trp_rhine_arty_officer|Bayerischer Artillerist 
trp_rhine_arty_officer_pl|Offizier 
trp_rhine_medic|Medecin de 2e classe, Frankreich 
trp_rhine_medic_pl|Chirurg 
trp_rhine_sapper|Pioniere, Berg 
trp_rhine_sapper_pl|Ingenieur 
trp_friedrich_august|Friedrich August I., König von Sachsen 
trp_friedrich_august_pl|Kommandant 
trp_british_infantry_flag_bearer|33rd Regiment of Foot
trp_british_infantry2_flag_bearer|5th Line Battalion King's German Legion
trp_british_highlander_flag_bearer|42nd Regiment of Foot (Black Watch)
trp_british_foot_guard_flag_bearer|Coldstream Regiment of Garde zu Fuß
trp_british_light_infantry_flag_bearer|51st (2nd Yorkshire West Riding) Regiment of Foot
trp_british_rifle_flag_bearer|95th Regiment of Foot (Rifles)
trp_british_hussar_flag_bearer|1st KGL Husars
trp_british_light_dragoon_flag_bearer|23rd Leichte Dragoner
trp_british_dragoon_flag_bearer|6th Dragoner
trp_british_horseguard_flag_bearer|Royal Horse Guards Blue
trp_british_arty_flag_bearer|Royal Foot Artillery
trp_british_ship_flag_bearer|Schiffscrew
trp_french_infantry_flag_bearer|45e Regiment d'Infanterie de ligne
trp_french_infantry2_flag_bearer|84e Regiment d'Infanterie de ligne
trp_french_infantry_vistula_flag_bearer|Legion de la Vistule
trp_french_old_guard_flag_bearer|1er Regiment de Grenadiere de la Garde Imperiale
trp_french_voltigeur_flag_bearer|15eme Regiment d'Infanterie Legere
trp_french_hussar_flag_bearer|2e Regiment de Hussards
trp_french_lancer_flag_bearer|Regiment de Chevau-Legers Lanciers de la Garde
trp_french_dragoon_flag_bearer|Regiment de Dragons de l'Imperatrice
trp_french_cuirassier_flag_bearer|9eme Regiment de Kürassiere
trp_french_carabineer_flag_bearer|1er Regiment de Carabiniers
trp_french_grenadier_a_cheval_flag_bearer|Regiment de Grenadiere a Cheval de la Garde
trp_french_arty_flag_bearer|L'Artillerie
trp_french_ship_flag_bearer|Schiffscrew
trp_prussian_infantry_flag_bearer|8. Brandenburgische Infanterie-Regiment
trp_prussian_infantry2_flag_bearer|23. Rheinische Infanterie-Regiment
trp_prussian_infantry_kurmark_flag_bearer|3. Kurmarkische Landwehr-Regiment
trp_prussian_infantry_freikorps_flag_bearer|Lutzowsches Freikorps
trp_prussian_infantry_15_flag_bearer|1. Garde-Regiment zu Fuss
trp_prussian_infantry_rifle_flag_bearer|Schlesische Schutzen
trp_prussian_dragoon_flag_bearer|6. Neumarkische Dragoner
trp_prussian_hussar_flag_bearer|1. Leib-Husaren-Regiment (Totenkopfhusaren)
trp_prussian_landwehr_cav_flag_bearer|Westfalische Landwehrkavallerie
trp_prussian_cuirassier_flag_bearer|3. Brandenburgische Kurassier Regiment
trp_prussian_arty_flag_bearer|36. Regiment der Fussartillerie
trp_russian_opol_flag_bearer|Sankt-Peterburzhskoye Opolcheniye
trp_russian_infantry_flag_bearer|Simbirskiy Pehotniy Polk
trp_russian_grenadier_flag_bearer|Pavlovskiy Grenaderskiy Polk
trp_russian_foot_guard_flag_bearer|Leib-Gvardii Preobrazhenskiy Polk
trp_russian_infantry_rifle_flag_bearer|21-y Yegerskiy Polk
trp_russian_hussar_flag_bearer|Sumskoy Gusarskiy Polk
trp_russian_uhlan_flag_bearer|Litovskiy Ulanskiy Polk
trp_russian_cossack_flag_bearer|Donskoy Kazachiy Polk
trp_russian_dragoon_flag_bearer|Kievskiy Dragunskiy Polk
trp_russian_horse_guard_flag_bearer|Kavalergardskiy Polk
trp_russian_arty_flag_bearer|8-ya Batarejnaya Rota
trp_austrian_infantry_flag_bearer|Infanterie Regiment Nr.14 Erzherzog Rudolf
trp_austrian_infantry2_flag_bearer|Infanterie Regiment Nr.62 Freiherr von Wacquant
trp_austrian_grenzer_flag_bearer|Grenz Regiment Oguliner Nr. 3
trp_austrian_grenadier_flag_bearer|Grenadier Battalion Purcell
trp_austrian_infantry_rifle_flag_bearer|Jaeger Battalion 2
trp_austrian_hussar_flag_bearer|Husar Regiment Graf von Hessen-Homburg Nr. 4
trp_austrian_uhlan_flag_bearer|Ulan Regiment Schwarzenberg Nr. 2
trp_austrian_light_horse_flag_bearer|Chevauleger Regiment Furst von Hohenzollern Nr. 2
trp_austrian_dragoon_flag_bearer|Dragoner Regiment Erzherzog Ferdinand Nr. 5
trp_austrian_cuirassier_flag_bearer|Kurassier Regiment Kaiser Franz Nr. 1
trp_austrian_arty_flag_bearer|Artillerie Regiment Prinz zu Lothringen Nr. 7
trp_rhine_infantry_bavaria_flag_bearer|2. Infanterie-Regiment Kronprinz, Bayern 
trp_rhine_infantry_wurttemberg_flag_bearer|Infanterie-Reg. Nr.2 Herzog Wilhelm, Württemberg 
trp_rhine_infantry_saxony_flag_bearer|Infanterie-Regiment Prinz Friedrich August, Sachsen 
trp_rhine_infantry_wurttemberg2_flag_bearer|Infanterie-Reg. No.4 von Franquemont, Württemberg 
trp_rhine_grenadier_guard_flag_bearer|Grenadiere de la Garde, Westphalen 
trp_rhine_light_infantry_hessen_flag_bearer|Infanterie-Reg. Groß- und Erbprinz, Hessen-Darmstadt 
trp_rhine_light_infantry_bavaria_flag_bearer|7. Leichtes Infanterie-Bataillon, Bayern 
trp_rhine_mounted_jaeger_flag_bearer|Reitende Jaeger, Nassau 
trp_rhine_uhlan_flag_bearer|Ulanen Regiment Prinz Clemens, Sachsen 
trp_rhine_light_dragoon_flag_bearer|Leichtes Dragoner-Regiment, Baden 
trp_rhine_cuirassier_flag_bearer|1er Regiment de Cuirassiers, Westphalen 
trp_rhine_garde_du_corps_flag_bearer|Garde du Corp, Sachsen 
trp_rhine_arty_flag_bearer|Artillerie-Regiment, Bayern 
trp_british_infantry_flag_bearer_pl|Flaggenträger
trp_british_infantry2_flag_bearer_pl|Flaggenträger
trp_british_highlander_flag_bearer_pl|Flaggenträger
trp_british_foot_guard_flag_bearer_pl|Flaggenträger
trp_british_light_infantry_flag_bearer_pl|Flaggenträger
trp_british_rifle_flag_bearer_pl|Flaggenträger
trp_british_hussar_flag_bearer_pl|Flaggenträger
trp_british_light_dragoon_flag_bearer_pl|Flaggenträger
trp_british_dragoon_flag_bearer_pl|Flaggenträger
trp_british_horseguard_flag_bearer_pl|Flaggenträger
trp_british_arty_flag_bearer_pl|Flaggenträger
trp_british_ship_flag_bearer_pl|Flaggenträger
trp_french_infantry_flag_bearer_pl|Flaggenträger
trp_french_infantry2_flag_bearer_pl|Flaggenträger
trp_french_infantry_vistula_flag_bearer_pl|Flaggenträger
trp_french_old_guard_flag_bearer_pl|Flaggenträger
trp_french_voltigeur_flag_bearer_pl|Flaggenträger
trp_french_hussar_flag_bearer_pl|Flaggenträger
trp_french_lancer_flag_bearer_pl|Flaggenträger
trp_french_dragoon_flag_bearer_pl|Flaggenträger
trp_french_cuirassier_flag_bearer_pl|Flaggenträger
trp_french_carabineer_flag_bearer_pl|Flaggenträger
trp_french_grenadier_a_cheval_flag_bearer_pl|Flaggenträger
trp_french_arty_flag_bearer_pl|Flaggenträger
trp_french_ship_flag_bearer_pl|Flaggenträger
trp_prussian_infantry_flag_bearer_pl|Flaggenträger
trp_prussian_infantry2_flag_bearer_pl|Flaggenträger
trp_prussian_infantry_kurmark_flag_bearer_pl|Flaggenträger
trp_prussian_infantry_freikorps_flag_bearer_pl|Flaggenträger
trp_prussian_infantry_15_flag_bearer_pl|Flaggenträger
trp_prussian_infantry_rifle_flag_bearer_pl|Flaggenträger
trp_prussian_dragoon_flag_bearer_pl|Flaggenträger
trp_prussian_hussar_flag_bearer_pl|Flaggenträger
trp_prussian_landwehr_cav_flag_bearer_pl|Flaggenträger
trp_prussian_cuirassier_flag_bearer_pl|Flaggenträger
trp_prussian_arty_flag_bearer_pl|Flaggenträger
trp_pruss_brun_flag_bearer_pl|Flaggenträger
trp_pruss_freiw_flag_bearer_pl|Flaggenträger
trp_pruss_cav_silesian_flag_bearer_pl|Flaggenträger
trp_pruss_horseart_flag_bearer_pl|Flaggenträger
trp_russian_opol_flag_bearer_pl|Flaggenträger
trp_russian_infantry_flag_bearer_pl|Flaggenträger
trp_russian_grenadier_flag_bearer_pl|Flaggenträger
trp_russian_foot_guard_flag_bearer_pl|Flaggenträger
trp_russian_infantry_rifle_flag_bearer_pl|Flaggenträger
trp_russian_hussar_flag_bearer_pl|Flaggenträger
trp_russian_uhlan_flag_bearer_pl|Flaggenträger
trp_russian_cossack_flag_bearer_pl|Flaggenträger
trp_russian_dragoon_flag_bearer_pl|Flaggenträger
trp_russian_horse_guard_flag_bearer_pl|Flaggenträger
trp_russian_arty_flag_bearer_pl|Flaggenträger
trp_austrian_infantry_flag_bearer_pl|Flaggenträger
trp_austrian_infantry2_flag_bearer_pl|Flaggenträger
trp_austrian_grenzer_flag_bearer_pl|Flaggenträger
trp_austrian_grenadier_flag_bearer_pl|Flaggenträger
trp_austrian_infantry_rifle_flag_bearer_pl|Flaggenträger
trp_austrian_hussar_flag_bearer_pl|Flaggenträger
trp_austrian_uhlan_flag_bearer_pl|Flaggenträger
trp_austrian_light_horse_flag_bearer_pl|Flaggenträger
trp_austrian_dragoon_flag_bearer_pl|Flaggenträger
trp_austrian_cuirassier_flag_bearer_pl|Flaggenträger
trp_austrian_arty_flag_bearer_pl|Flaggenträger
trp_rhine_infantry_bavaria_flag_bearer_pl|Flaggenträger
trp_rhine_infantry_wurttemberg_flag_bearer_pl|Flaggenträger
trp_rhine_infantry_saxony_flag_bearer_pl|Flaggenträger
trp_rhine_infantry_wurttemberg2_flag_bearer_pl|Flaggenträger
trp_rhine_grenadier_guard_flag_bearer_pl|Flaggenträger
trp_rhine_light_infantry_hessen_flag_bearer_pl|Flaggenträger
trp_rhine_light_infantry_bavaria_flag_bearer_pl|Flaggenträger
trp_rhine_mounted_jaeger_flag_bearer_pl|Flaggenträger
trp_rhine_uhlan_flag_bearer_pl|Flaggenträger
trp_rhine_light_dragoon_flag_bearer_pl|Flaggenträger
trp_rhine_cuirassier_flag_bearer_pl|Flaggenträger
trp_rhine_garde_du_corps_flag_bearer_pl|Flaggenträger
trp_rhine_arty_flag_bearer_pl|Flaggenträger
trp_brit_canadian_infantry|Kanadische Kolonialinfanterie
trp_brit_canadian_infantry_pl|Linieninfanterie
trp_brit_canadian_infantry_flag_bearer|Kanadische Kolonialinfanterie
trp_brit_canadian_infantry_flag_bearer_pl|Flaggenträger
trp_brit_canadian_infantry_nco|Kanadische Kolonialinfanterie
trp_brit_canadian_infantry_nco_pl|Unteroffizier
trp_brit_canadian_infantry_officer|Kanadische Kolonialinfanterie
trp_brit_canadian_infantry_officer_pl|Offizier
trp_brit_canadian_infantry_drum|Kanadische Kolonialinfanterie
trp_brit_canadian_infantry_drum_pl|Trommler
trp_brit_canadian_infantry_flute|Kanadische Kolonialinfanterie
trp_brit_canadian_infantry_flute_pl|Flötenspieler
trp_british_infantry14|14th Regiment of Foot (The Buckinghamshire)
trp_british_infantry14_pl|Linieninfanterie
trp_british_infantry14_flag_bearer|14th Regiment of Foot (The Buckinghamshire)
trp_british_infantry14_flag_bearer_pl|Flaggenträger
trp_british_infantry14_nco|14th Regiment of Foot (The Buckinghamshire)
trp_british_infantry14_nco_pl|Unteroffizier
trp_british_infantry14_officer|14th Regiment of Foot (The Buckinghamshire)
trp_british_infantry14_officer_pl|Offizier
trp_british_infantry14_drum|14th Regiment of Foot (The Buckinghamshire)
trp_british_infantry14_drum_pl|Trommler
trp_british_infantry14_flute|14th Regiment of Foot (The Buckinghamshire)
trp_british_infantry14_flute_pl|Flötenspieler
trp_british_highlander78|78th Regiment of Foot (the Ross-shire Buffs)
trp_british_highlander78_pl|Linieninfanterie
trp_british_highlander78_flag_bearer|78th Regiment of Foot (the Ross-shire Buffs)
trp_british_highlander78_flag_bearer_pl|Flaggenträger
trp_british_highlander78_nco|78th Regiment of Foot (the Ross-shire Buffs)
trp_british_highlander78_nco_pl|Unteroffizier
trp_british_highlander78_officer|78th Regiment of Foot (the Ross-shire Buffs)
trp_british_highlander78_officer_pl|Offizier
trp_british_highlander78_drum|78th Regiment of Foot (the Ross-shire Buffs)
trp_british_highlander78_drum_pl|Trommler
trp_british_highlander78_pipes|78th Regiment of Foot (the Ross-shire Buffs)
trp_british_highlander78_pipes_pl|Piper
trp_brit_indian|5th West India Regiment of Foot
trp_brit_indian_pl|Garde zu Fuss
trp_brit_indian_flag_bearer|5th West India Regiment of Foot
trp_brit_indian_flag_bearer_pl|Flaggenträger
trp_brit_indian_nco|5th West India Regiment of Foot
trp_brit_indian_nco_pl|Unteroffizier
trp_brit_indian_officer|5th West India Regiment of Foot
trp_brit_indian_officer_pl|Offizier
trp_brit_indian_drum|5th West India Regiment of Foot
trp_brit_indian_drum_pl|Trommler
trp_brit_indian_flute|5th West India Regiment of Foot
trp_brit_indian_flute_pl|Flötenspieler
trp_brit_canadian_horsemen|Kanadische Kolonial-Leichtkavallerie
trp_brit_canadian_horsemen_pl|Husar
trp_brit_canadian_horsemen_flag_bearer|Kanadische Kolonial-Leichtkavallerie
trp_brit_canadian_horsemen_flag_bearer_pl|Flaggenträger
trp_brit_canadian_horsemen_nco|Kanadische Kolonial-Leichtkavallerie
trp_brit_canadian_horsemen_nco_pl|Unteroffizier
trp_brit_canadian_horsemen_officer|Kanadische Kolonial-Leichtkavallerie
trp_brit_canadian_horsemen_officer_pl|Offizier
trp_brit_canadian_horsemen_trumpet|Kanadische Kolonial-Leichtkavallerie
trp_brit_canadian_horsemen_trumpet_pl|Trompetenspieler
trp_brit_horseart|Königliche berittene Artillerie
trp_brit_horseart_pl|Berittene Artillerie
trp_brit_horseart_guard|Königliche berittene Artillerie
trp_brit_horseart_guard_pl|Artillery Guard
trp_brit_horseart_flag_bearer|Königliche berittene Artillerie
trp_brit_horseart_flag_bearer_pl|Flaggenträger
trp_brit_horseart_nco|Königliche berittene Artillerie
trp_brit_horseart_nco_pl|Artillerie Zug
trp_brit_horseart_officer|Königliche berittene Artillerie
trp_brit_horseart_officer_pl|Offizier
trp_french_infantry_swiss|4e Regiment d'Infanterie Suisse
trp_french_infantry_swiss_pl|Linieninfanterie
trp_french_infantry_swiss_flag_bearer|4e Regiment d'Infanterie Suisse
trp_french_infantry_swiss_flag_bearer_pl|Flaggenträger
trp_french_infantry_swiss_nco|4e Regiment d'Infanterie Suisse
trp_french_infantry_swiss_nco_pl|Unteroffizier
trp_french_infantry_swiss_officer|4e Regiment d'Infanterie Suisse
trp_french_infantry_swiss_officer_pl|Offizier
trp_french_infantry_swiss_drum|4e Regiment d'Infanterie Suisse
trp_french_infantry_swiss_drum_pl|Trommler
trp_french_infantry_swiss_flute|4e Regiment d'Infanterie Suisse
trp_french_infantry_swiss_flute_pl|Flötenspieler
trp_french_infantry_1er|1er Regiment d'Infanterie de ligne
trp_french_infantry_1er_pl|Linieninfanterie
trp_french_infantry_1er_flag_bearer|1er Regiment d'Infanterie de ligne
trp_french_infantry_1er_flag_bearer_pl|Flaggenträger
trp_french_infantry_1er_nco|1er Regiment d'Infanterie de ligne
trp_french_infantry_1er_nco_pl|Unteroffizier
trp_french_infantry_1er_officer|1er Regiment d'Infanterie de ligne
trp_french_infantry_1er_officer_pl|Offizier
trp_french_infantry_1er_drum|1er Regiment d'Infanterie de ligne
trp_french_infantry_1er_drum_pl|Trommler
trp_french_infantry_1er_flute|1er Regiment d'Infanterie de ligne
trp_french_infantry_1er_flute_pl|Flötenspieler
trp_french_infantry3|3e Regiment d'Infanterie de ligne
trp_french_infantry3_pl|Linieninfanterie
trp_french_infantry3_flag_bearer|3e Regiment d'Infanterie de ligne
trp_french_infantry3_flag_bearer_pl|Flaggenträger
trp_french_infantry3_nco|3e Regiment d'Infanterie de ligne
trp_french_infantry3_nco_pl|Unteroffizier
trp_french_infantry3_officer|3e Regiment d'Infanterie de ligne
trp_french_infantry3_officer_pl|Offizier
trp_french_infantry3_drum|3e Regiment d'Infanterie de ligne
trp_french_infantry3_drum_pl|Trommler
trp_french_infantry3_flute|3e Regiment d'Infanterie de ligne
trp_french_infantry3_flute_pl|Flötenspieler
trp_french_infantry14|14e Regiment d'Infanterie de ligne
trp_french_infantry14_pl|Linieninfanterie
trp_french_infantry14_flag_bearer|14e Regiment d'Infanterie de ligne
trp_french_infantry14_flag_bearer_pl|Flaggenträger
trp_french_infantry14_nco|14e Regiment d'Infanterie de ligne
trp_french_infantry14_nco_pl|Unteroffizier
trp_french_infantry14_officer|14e Regiment d'Infanterie de ligne
trp_french_infantry14_officer_pl|Offizier
trp_french_infantry14_drum|14e Regiment d'Infanterie de ligne
trp_french_infantry14_drum_pl|Trommler
trp_french_infantry14_flute|14e Regiment d'Infanterie de ligne
trp_french_infantry14_flute_pl|Flötenspieler
trp_french_infantry65|65e Regiment d'Infanterie de ligne
trp_french_infantry65_pl|Linieninfanterie
trp_french_infantry65_flag_bearer|65e Regiment d'Infanterie de ligne
trp_french_infantry65_flag_bearer_pl|Flaggenträger
trp_french_infantry65_nco|65e Regiment d'Infanterie de ligne
trp_french_infantry65_nco_pl|Unteroffizier
trp_french_infantry65_officer|65e Regiment d'Infanterie de ligne
trp_french_infantry65_officer_pl|Offizier
trp_french_infantry65_drum|65e Regiment d'Infanterie de ligne
trp_french_infantry65_drum_pl|Trommler
trp_french_infantry65_flute|65e Regiment d'Infanterie de ligne
trp_french_infantry65_flute_pl|Flötenspieler
trp_french_guard_marines|Regiment de Marins de la Garde Imperiale
trp_french_guard_marines_pl|Garde zu Fuss
trp_french_guard_marines_flag_bearer|Regiment de Marins de la Garde Imperiale
trp_french_guard_marines_flag_bearer_pl|Flaggenträger
trp_french_guard_marines_nco|Regiment de Marins de la Garde Imperiale
trp_french_guard_marines_nco_pl|Unteroffizier
trp_french_guard_marines_officer|Regiment de Marins de la Garde Imperiale
trp_french_guard_marines_officer_pl|Offizier
trp_french_guard_marines_drum|Regiment de Marins de la Garde Imperiale
trp_french_guard_marines_drum_pl|Trommler
trp_french_guard_marines_flute|Regiment de Marins de la Garde Imperiale
trp_french_guard_marines_flute_pl|Flötenspieler
trp_french_gendarme|Legion de la Gendarmerie Imperiale
trp_french_gendarme_pl|Garde zu Fuss
trp_french_gendarme_flag_bearer|Legion de la Gendarmerie Imperiale
trp_french_gendarme_flag_bearer_pl|Flaggenträger
trp_french_gendarme_nco|Legion de la Gendarmerie Imperiale
trp_french_gendarme_nco_pl|Unteroffizier
trp_french_gendarme_officer|Legion de la Gendarmerie Imperiale
trp_french_gendarme_officer_pl|Offizier
trp_french_gendarme_drum|Legion de la Gendarmerie Imperiale
trp_french_gendarme_drum_pl|Trommler
trp_french_gendarme_flute|Legion de la Gendarmerie Imperiale
trp_french_gendarme_flute_pl|Flötenspieler
trp_french_guard_light|1er Regiment de Voltigeurs de la Garde Imperiale
trp_french_guard_light_pl|Leichte Infanterie
trp_french_guard_light_flag_bearer|1er Regiment de Voltigeurs de la Garde Imperiale
trp_french_guard_light_flag_bearer_pl|Flaggenträger
trp_french_guard_light_nco|1er Regiment de Voltigeurs de la Garde Imperiale
trp_french_guard_light_nco_pl|Unteroffizier
trp_french_guard_light_officer|1er Regiment de Voltigeurs de la Garde Imperiale
trp_french_guard_light_officer_pl|Offizier
trp_french_guard_light_horn|1er Regiment de Voltigeurs de la Garde Imperiale
trp_french_guard_light_horn_pl|Hornist
trp_french_corses|Bataillon de Tirailleurs Corses
trp_french_corses_pl|Jäger
trp_french_corses_flag_bearer|Bataillon de Tirailleurs Corses
trp_french_corses_flag_bearer_pl|Flaggenträger
trp_french_corses_nco|Bataillon de Tirailleurs Corses
trp_french_corses_nco_pl|Unteroffizier
trp_french_corses_officer|Bataillon de Tirailleurs Corses
trp_french_corses_officer_pl|Offizier
trp_french_corses_horn|Bataillon de Tirailleurs Corses
trp_french_corses_horn_pl|Hornist
trp_french_foot_dragoon|28e Regiment de Dragons a Pied
trp_french_foot_dragoon_pl|Jäger
trp_french_foot_dragoon_flag_bearer|28e Regiment de Dragons a Pied
trp_french_foot_dragoon_flag_bearer_pl|Flaggenträger
trp_french_foot_dragoon_nco|28e Regiment de Dragons a Pied
trp_french_foot_dragoon_nco_pl|Unteroffizier
trp_french_foot_dragoon_officer|28e Regiment de Dragons a Pied
trp_french_foot_dragoon_officer_pl|Offizier
trp_french_foot_dragoon_horn|28e Regiment de Dragons a Pied
trp_french_foot_dragoon_horn_pl|Hornist
trp_french_hussar5|5e Regiment de Hussards
trp_french_hussar5_pl|Husar
trp_french_hussar5_flag_bearer|5e Regiment de Hussards
trp_french_hussar5_flag_bearer_pl|Flaggenträger
trp_french_hussar5_nco|5e Regiment de Hussards
trp_french_hussar5_nco_pl|Unteroffizier
trp_french_hussar5_officer|5e Regiment de Hussards
trp_french_hussar5_officer_pl|Offizier
trp_french_hussar5_trumpet|5e Regiment de Hussards
trp_french_hussar5_trumpet_pl|Trompetenspieler
trp_french_mounted_chasseur|Regiment de Chasseurs a Cheval de la Garde
trp_french_mounted_chasseur_pl|Dragoner
trp_french_mounted_chasseur_flag_bearer|Regiment de Chasseurs a Cheval de la Garde
trp_french_mounted_chasseur_flag_bearer_pl|Flaggenträger
trp_french_mounted_chasseur_nco|Regiment de Chasseurs a Cheval de la Garde
trp_french_mounted_chasseur_nco_pl|Unteroffizier
trp_french_mounted_chasseur_officer|Regiment de Chasseurs a Cheval de la Garde
trp_french_mounted_chasseur_officer_pl|Offizier
trp_french_mounted_chasseur_trumpet|Regiment de Chasseurs a Cheval de la Garde
trp_french_mounted_chasseur_trumpet_pl|Trompetenspieler
trp_french_horseart|Artillerie a cheval française
trp_french_horseart_pl|Berittene Artillerie
trp_french_horseart_guard|Artillerie a cheval française
trp_french_horseart_guard_pl|Artillery Guard
trp_french_horseart_flag_bearer|Artillerie a cheval française
trp_french_horseart_flag_bearer_pl|Flaggenträger
trp_french_horseart_nco|Artillerie a cheval française
trp_french_horseart_nco_pl|Artillerie Zug
trp_french_horseart_officer|Artillerie a cheval française
trp_french_horseart_officer_pl|Offizier
trp_pruss_brun|Brunswick Infanterie-Regiment
trp_pruss_brun_pl|Garde zu Fuss
trp_pruss_brun_flag_bearer|Brunswick Infanterie-Regiment
trp_pruss_brun_flag_bearer_pl|Flaggenträger
trp_pruss_brun_nco|Brunswick Infanterie-Regiment
trp_pruss_brun_nco_pl|Unteroffizier
trp_pruss_brun_officer|Brunswick Infanterie-Regiment
trp_pruss_brun_officer_pl|Offizier
trp_pruss_brun_drum|Brunswick Infanterie-Regiment
trp_pruss_brun_drum_pl|Trommler
trp_pruss_brun_flute|Brunswick Infanterie-Regiment
trp_pruss_brun_flute_pl|Flötenspieler
trp_pruss_freiw|1. Schlesische Landwehr, Freiwillige Jäger
trp_pruss_freiw_pl|Leichte Infanterie
trp_pruss_freiw_flag_bearer|1. Schlesische Landwehr, Freiwillige Jäger
trp_pruss_freiw_flag_bearer_pl|Flaggenträger
trp_pruss_freiw_nco|1. Schlesische Landwehr, Freiwillige Jäger
trp_pruss_freiw_nco_pl|Unteroffizier
trp_pruss_freiw_officer|1. Schlesische Landwehr, Freiwillige Jäger
trp_pruss_freiw_officer_pl|Offizier
trp_pruss_freiw_horn|1. Schlesische Landwehr, Freiwillige Jäger
trp_pruss_freiw_horn_pl|Hornist
trp_pruss_cav_silesian|1. Schlesische Kurassier Regiment
trp_pruss_cav_silesian_pl|Kürassier
trp_pruss_cav_silesian_flag_bearer|1. Schlesische Kurassier Regiment
trp_pruss_cav_silesian_flag_bearer_pl|Flaggenträger
trp_pruss_cav_silesian_nco|1. Schlesische Kurassier Regiment
trp_pruss_cav_silesian_nco_pl|Unteroffizier
trp_pruss_cav_silesian_officer|1. Schlesische Kurassier Regiment
trp_pruss_cav_silesian_officer_pl|Offizier
trp_pruss_cav_silesian_trumpet|1. Schlesische Kurassier Regiment
trp_pruss_cav_silesian_trumpet_pl|Trompetenspieler
trp_pruss_horseart|Reitende Batterie Nr.20
trp_pruss_horseart_pl|Berittene Artillerie
trp_pruss_horseart_guard|Reitende Batterie Nr.20
trp_pruss_horseart_guard_pl|Artillery Guard
trp_pruss_horseart_flag_bearer|Reitende Batterie Nr.20
trp_pruss_horseart_flag_bearer_pl|Flaggenträger
trp_pruss_horseart_nco|Reitende Batterie Nr.20
trp_pruss_horseart_nco_pl|Artillerie Zug
trp_pruss_horseart_officer|Reitende Batterie Nr.20
trp_pruss_horseart_officer_pl|Offizier
trp_russian_butyrskiy_infantry|Butyrskiy Pehotniy Polk
trp_russian_butyrskiy_infantry_pl|Linieninfanterie
trp_russian_butyrskiy_infantry_flag_bearer|Butyrskiy Pehotniy Polk
trp_russian_butyrskiy_infantry_flag_bearer_pl|Flaggenträger
trp_russian_butyrskiy_infantry_nco|Butyrskiy Pehotniy Polk
trp_russian_butyrskiy_infantry_nco_pl|Unteroffizier
trp_russian_butyrskiy_infantry_officer|Butyrskiy Pehotniy Polk
trp_russian_butyrskiy_infantry_officer_pl|Offizier
trp_russian_butyrskiy_infantry_drum|Butyrskiy Pehotniy Polk
trp_russian_butyrskiy_infantry_drum_pl|Trommler
trp_russian_butyrskiy_infantry_flute|Butyrskiy Pehotniy Polk
trp_russian_butyrskiy_infantry_flute_pl|Flötenspieler
trp_russian_internal_guard|Interne Schutzvorrichtung
trp_russian_internal_guard_pl|Linieninfanterie
trp_russian_internal_guard_flag_bearer|Interne Schutzvorrichtung
trp_russian_internal_guard_flag_bearer_pl|Flaggenträger
trp_russian_internal_guard_nco|Interne Schutzvorrichtung
trp_russian_internal_guard_nco_pl|Unteroffizier
trp_russian_internal_guard_officer|Interne Schutzvorrichtung
trp_russian_internal_guard_officer_pl|Offizier
trp_russian_internal_guard_drum|Interne Schutzvorrichtung
trp_russian_internal_guard_drum_pl|Trommler
trp_russian_internal_guard_flute|Interne Schutzvorrichtung
trp_russian_internal_guard_flute_pl|Flötenspieler
trp_russian_litovski_guard|Leib-Gvardii Litovskiy Polk
trp_russian_litovski_guard_pl|Garde zu Fuss
trp_russian_litovski_guard_flag_bearer|Leib-Gvardii Litovskiy Polk
trp_russian_litovski_guard_flag_bearer_pl|Flaggenträger
trp_russian_litovski_guard_nco|Leib-Gvardii Litovskiy Polk
trp_russian_litovski_guard_nco_pl|Unteroffizier
trp_russian_litovski_guard_officer|Leib-Gvardii Litovskiy Polk
trp_russian_litovski_guard_officer_pl|Offizier
trp_russian_litovski_guard_drum|Leib-Gvardii Litovskiy Polk
trp_russian_litovski_guard_drum_pl|Trommler
trp_russian_litovski_guard_flute|Leib-Gvardii Litovskiy Polk
trp_russian_litovski_guard_flute_pl|Flötenspieler
trp_russian_finnish_jaeger|Finlandskiy Leib-Yegerskiy Polk
trp_russian_finnish_jaeger_pl|Leichte Infanterie
trp_russian_finnish_jaeger_flag_bearer|Finlandskiy Leib-Yegerskiy Polk
trp_russian_finnish_jaeger_flag_bearer_pl|Flaggenträger
trp_russian_finnish_jaeger_nco|Finlandskiy Leib-Yegerskiy Polk
trp_russian_finnish_jaeger_nco_pl|Unteroffizier
trp_russian_finnish_jaeger_officer|Finlandskiy Leib-Yegerskiy Polk
trp_russian_finnish_jaeger_officer_pl|Offizier
trp_russian_finnish_jaeger_horn|Finlandskiy Leib-Yegerskiy Polk
trp_russian_finnish_jaeger_horn_pl|Hornist
trp_russian_glukhovskiy_cuirassier|Glukhovskiy Kirasirskiy Polk
trp_russian_glukhovskiy_cuirassier_pl|Kürassier
trp_russian_glukhovskiy_cuirassier_flag_bearer|Glukhovskiy Kirasirskiy Polk
trp_russian_glukhovskiy_cuirassier_flag_bearer_pl|Flaggenträger
trp_russian_glukhovskiy_cuirassier_nco|Glukhovskiy Kirasirskiy Polk
trp_russian_glukhovskiy_cuirassier_nco_pl|Unteroffizier
trp_russian_glukhovskiy_cuirassier_officer|Glukhovskiy Kirasirskiy Polk
trp_russian_glukhovskiy_cuirassier_officer_pl|Offizier
trp_russian_glukhovskiy_cuirassier_trumpet|Glukhovskiy Kirasirskiy Polk
trp_russian_glukhovskiy_cuirassier_trumpet_pl|Trompetenspieler
trp_nwe_rus_horse_arty|4-ya Konno-Artilleriyskaya Rota
trp_nwe_rus_horse_arty_pl|Berittene Artillerie
trp_nwe_rus_horse_arty_guard|4-ya Konno-Artilleriyskaya Rota
trp_nwe_rus_horse_arty_guard_pl|Artillery Guard
trp_nwe_rus_horse_arty_flag_bearer|4-ya Konno-Artilleriyskaya Rota
trp_nwe_rus_horse_arty_flag_bearer_pl|Flaggenträger
trp_nwe_rus_horse_arty_nco|4-ya Konno-Artilleriyskaya Rota
trp_nwe_rus_horse_arty_nco_pl|Artillerie Zug
trp_nwe_rus_horse_arty_officer|4-ya Konno-Artilleriyskaya Rota
trp_nwe_rus_horse_arty_officer_pl|Offizier
trp_austrian_4|Infanterie Regiment Nr.4 Hoch und Deutschmeister
trp_austrian_4_pl|Linieninfanterie
trp_austrian_4_flag_bearer|Infanterie Regiment Nr.4 Hoch und Deutschmeister
trp_austrian_4_flag_bearer_pl|Flaggenträger
trp_austrian_4_nco|Infanterie Regiment Nr.4 Hoch und Deutschmeister
trp_austrian_4_nco_pl|Unteroffizier
trp_austrian_4_officer|Infanterie Regiment Nr.4 Hoch und Deutschmeister
trp_austrian_4_officer_pl|Offizier
trp_austrian_4_drum|Infanterie Regiment Nr.4 Hoch und Deutschmeister
trp_austrian_4_drum_pl|Trommler
trp_austrian_4_flute|Infanterie Regiment Nr.4 Hoch und Deutschmeister
trp_austrian_4_flute_pl|Flötenspieler
trp_austrian_11|Infanterie Regiment Nr.11 Rainer
trp_austrian_11_pl|Linieninfanterie
trp_austrian_11_flag_bearer|Infanterie Regiment Nr.11 Rainer
trp_austrian_11_flag_bearer_pl|Flaggenträger
trp_austrian_11_nco|Infanterie Regiment Nr.11 Rainer
trp_austrian_11_nco_pl|Unteroffizier
trp_austrian_11_officer|Infanterie Regiment Nr.11 Rainer
trp_austrian_11_officer_pl|Offizier
trp_austrian_11_drum|Infanterie Regiment Nr.11 Rainer
trp_austrian_11_drum_pl|Trommler
trp_austrian_11_flute|Infanterie Regiment Nr.11 Rainer
trp_austrian_11_flute_pl|Flötenspieler
trp_austrian_24|Infanterie Regiment Nr.24 von Strauch
trp_austrian_24_pl|Linieninfanterie
trp_austrian_24_flag_bearer|Infanterie Regiment Nr.24 von Strauch
trp_austrian_24_flag_bearer_pl|Flaggenträger
trp_austrian_24_nco|Infanterie Regiment Nr.24 von Strauch
trp_austrian_24_nco_pl|Unteroffizier
trp_austrian_24_officer|Infanterie Regiment Nr.24 von Strauch
trp_austrian_24_officer_pl|Offizier
trp_austrian_24_drum|Infanterie Regiment Nr.24 von Strauch
trp_austrian_24_drum_pl|Trommler
trp_austrian_24_flute|Infanterie Regiment Nr.24 von Strauch
trp_austrian_24_flute_pl|Flötenspieler
trp_austrian_31|Infanterie Regiment Nr.31 Benjowsky
trp_austrian_31_pl|Linieninfanterie
trp_austrian_31_flag_bearer|Infanterie Regiment Nr.31 Benjowsky
trp_austrian_31_flag_bearer_pl|Flaggenträger
trp_austrian_31_nco|Infanterie Regiment Nr.31 Benjowsky
trp_austrian_31_nco_pl|Unteroffizier
trp_austrian_31_officer|Infanterie Regiment Nr.31 Benjowsky
trp_austrian_31_officer_pl|Offizier
trp_austrian_31_drum|Infanterie Regiment Nr.31 Benjowsky
trp_austrian_31_drum_pl|Trommler
trp_austrian_31_flute|Infanterie Regiment Nr.31 Benjowsky
trp_austrian_31_flute_pl|Flötenspieler
trp_austrian_34|Infanterie Regiment Nr.34 Freiherr von Davidovich
trp_austrian_34_pl|Linieninfanterie
trp_austrian_34_flag_bearer|Infanterie Regiment Nr.34 Freiherr von Davidovich
trp_austrian_34_flag_bearer_pl|Flaggenträger
trp_austrian_34_nco|Infanterie Regiment Nr.34 Freiherr von Davidovich
trp_austrian_34_nco_pl|Unteroffizier
trp_austrian_34_officer|Infanterie Regiment Nr.34 Freiherr von Davidovich
trp_austrian_34_officer_pl|Offizier
trp_austrian_34_drum|Infanterie Regiment Nr.34 Freiherr von Davidovich
trp_austrian_34_drum_pl|Trommler
trp_austrian_34_flute|Infanterie Regiment Nr.34 Freiherr von Davidovich
trp_austrian_34_flute_pl|Flötenspieler
trp_austrian_39|Infanterie Regiment Nr.39 Freiherr Duka
trp_austrian_39_pl|Linieninfanterie
trp_austrian_39_flag_bearer|Infanterie Regiment Nr.39 Freiherr Duka
trp_austrian_39_flag_bearer_pl|Flaggenträger
trp_austrian_39_nco|Infanterie Regiment Nr.39 Freiherr Duka
trp_austrian_39_nco_pl|Unteroffizier
trp_austrian_39_officer|Infanterie Regiment Nr.39 Freiherr Duka
trp_austrian_39_officer_pl|Offizier
trp_austrian_39_drum|Infanterie Regiment Nr.39 Freiherr Duka
trp_austrian_39_drum_pl|Trommler
trp_austrian_39_flute|Infanterie Regiment Nr.39 Freiherr Duka
trp_austrian_39_flute_pl|Flötenspieler
trp_austrian_51|Infanterie Regiment Nr.51 Splenyi 'Legion Infernale'
trp_austrian_51_pl|Linieninfanterie
trp_austrian_51_flag_bearer|Infanterie Regiment Nr.51 Splenyi 'Legion Infernale'
trp_austrian_51_flag_bearer_pl|Flaggenträger
trp_austrian_51_nco|Infanterie Regiment Nr.51 Splenyi 'Legion Infernale'
trp_austrian_51_nco_pl|Unteroffizier
trp_austrian_51_officer|Infanterie Regiment Nr.51 Splenyi 'Legion Infernale'
trp_austrian_51_officer_pl|Offizier
trp_austrian_51_drum|Infanterie Regiment Nr.51 Splenyi 'Legion Infernale'
trp_austrian_51_drum_pl|Trommler
trp_austrian_51_flute|Infanterie Regiment Nr.51 Splenyi 'Legion Infernale'
trp_austrian_51_flute_pl|Flötenspieler
trp_austrian_59|Infanterie Regiment Nr.59 Alexander von Jordis
trp_austrian_59_pl|Linieninfanterie
trp_austrian_59_flag_bearer|Infanterie Regiment Nr.59 Alexander von Jordis
trp_austrian_59_flag_bearer_pl|Flaggenträger
trp_austrian_59_nco|Infanterie Regiment Nr.59 Alexander von Jordis
trp_austrian_59_nco_pl|Unteroffizier
trp_austrian_59_officer|Infanterie Regiment Nr.59 Alexander von Jordis
trp_austrian_59_officer_pl|Offizier
trp_austrian_59_drum|Infanterie Regiment Nr.59 Alexander von Jordis
trp_austrian_59_drum_pl|Trommler
trp_austrian_59_flute|Infanterie Regiment Nr.59 Alexander von Jordis
trp_austrian_59_flute_pl|Flötenspieler
trp_austrian_16|Infanterie Regiment Nr.16 Lusignan
trp_austrian_16_pl|Garde zu Fuss
trp_austrian_16_flag_bearer|Infanterie Regiment Nr.16 Lusignan
trp_austrian_16_flag_bearer_pl|Flaggenträger
trp_austrian_16_nco|Infanterie Regiment Nr.16 Lusignan
trp_austrian_16_nco_pl|Unteroffizier
trp_austrian_16_officer|Infanterie Regiment Nr.16 Lusignan
trp_austrian_16_officer_pl|Offizier
trp_austrian_16_drum|Infanterie Regiment Nr.16 Lusignan
trp_austrian_16_drum_pl|Trommler
trp_austrian_16_flute|Infanterie Regiment Nr.16 Lusignan
trp_austrian_16_flute_pl|Flötenspieler
trp_austrian_56|Infanterie Regiment Nr.56 Graf Wenzel Colloredo
trp_austrian_56_pl|Garde zu Fuss
trp_austrian_56_flag_bearer|Infanterie Regiment Nr.56 Graf Wenzel Colloredo
trp_austrian_56_flag_bearer_pl|Flaggenträger
trp_austrian_56_nco|Infanterie Regiment Nr.56 Graf Wenzel Colloredo
trp_austrian_56_nco_pl|Unteroffizier
trp_austrian_56_officer|Infanterie Regiment Nr.56 Graf Wenzel Colloredo
trp_austrian_56_officer_pl|Offizier
trp_austrian_56_drum|Infanterie Regiment Nr.56 Graf Wenzel Colloredo
trp_austrian_56_drum_pl|Trommler
trp_austrian_56_flute|Infanterie Regiment Nr.56 Graf Wenzel Colloredo
trp_austrian_56_flute_pl|Flötenspieler
trp_austrian_grenzer5|Grenz Regiment Warasdiner-Kreuzer Nr.5
trp_austrian_grenzer5_pl|Leichte Infanterie
trp_austrian_grenzer5_flag_bearer|Grenz Regiment Warasdiner-Kreuzer Nr.5
trp_austrian_grenzer5_flag_bearer_pl|Flaggenträger
trp_austrian_grenzer5_nco|Grenz Regiment Warasdiner-Kreuzer Nr.5
trp_austrian_grenzer5_nco_pl|Unteroffizier
trp_austrian_grenzer5_officer|Grenz Regiment Warasdiner-Kreuzer Nr.5
trp_austrian_grenzer5_officer_pl|Offizier
trp_austrian_grenzer5_horn|Grenz Regiment Warasdiner-Kreuzer Nr.5
trp_austrian_grenzer5_horn_pl|Hornist
trp_austrian_hussar12|Husaren Regiment Palatin Nr. 12
trp_austrian_hussar12_pl|Husar
trp_austrian_hussar12_flag_bearer|Husar Regiment Nr.12 'Palatinal-Husaren'
trp_austrian_hussar12_flag_bearer_pl|Flaggenträger
trp_austrian_hussar12_nco|Husar Regiment Nr.12 'Palatinal-Husaren'
trp_austrian_hussar12_nco_pl|Unteroffizier
trp_austrian_hussar12_officer|Husar Regiment Nr.12 'Palatinal-Husaren'
trp_austrian_hussar12_officer_pl|Offizier
trp_austrian_hussar12_trumpet|Husar Regiment Nr.12 'Palatinal-Husaren'
trp_austrian_hussar12_trumpet_pl|Trompetenspieler
trp_austrian_cuirassier5|Kurassier Regiment Marquis Sommariva Nr.5
trp_austrian_cuirassier5_pl|Kürassier
trp_austrian_cuirassier5_flag_bearer|Kurassier Regiment Marquis Sommariva Nr.5
trp_austrian_cuirassier5_flag_bearer_pl|Flaggenträger
trp_austrian_cuirassier5_nco|Kurassier Regiment Marquis Sommariva Nr.5
trp_austrian_cuirassier5_nco_pl|Unteroffizier
trp_austrian_cuirassier5_officer|Kurassier Regiment Marquis Sommariva Nr.5
trp_austrian_cuirassier5_officer_pl|Offizier
trp_austrian_cuirassier5_trumpet|Kurassier Regiment Marquis Sommariva Nr.5
trp_austrian_cuirassier5_trumpet_pl|Trompetenspieler
trp_austrian_horseart|Kavallerie-Batterie
trp_austrian_horseart_pl|Berittene Artillerie
trp_austrian_horseart_guard|Kavallerie-Batterie
trp_austrian_horseart_guard_pl|Artillery Guard
trp_austrian_horseart_flag_bearer|Kavallerie-Batterie
trp_austrian_horseart_flag_bearer_pl|Flaggenträger
trp_austrian_horseart_nco|Kavallerie-Batterie
trp_austrian_horseart_nco_pl|Artillerie Zug
trp_austrian_horseart_officer|Kavallerie-Batterie
trp_austrian_horseart_officer_pl|Offizier
trp_rhine_grenadier_guard2|Grenadiers de la Garde, Berg
trp_rhine_grenadier_guard2_pl|Garde zu Fuss
trp_rhine_grenadier_guard2_flag_bearer|Grenadiers de la Garde, Berg
trp_rhine_grenadier_guard2_flag_bearer_pl|Flaggenträger
trp_rhine_grenadier_guard2_nco|Grenadiers de la Garde, Berg
trp_rhine_grenadier_guard2_nco_pl|Unteroffizier
trp_rhine_grenadier_guard2_officer|Grenadiers de la Garde, Berg
trp_rhine_grenadier_guard2_officer_pl|Offizier
trp_rhine_grenadier_guard2_drum|Grenadiers de la Garde, Berg
trp_rhine_grenadier_guard2_drum_pl|Trommler
trp_rhine_grenadier_guard2_flute|Grenadiers de la Garde, Berg
trp_rhine_grenadier_guard2_flute_pl|Flötenspieler
trp_rhine_horseart|Reitende Batterie, Sachsen
trp_rhine_horseart_pl|Berittene Artillerie
trp_rhine_horseart_guard|Reitende Batterie, Sachsen
trp_rhine_horseart_guard_pl|Artillery Guard
trp_rhine_horseart_flag_bearer|Reitende Batterie, Sachsen
trp_rhine_horseart_flag_bearer_pl|Flaggenträger
trp_rhine_horseart_nco|Reitende Batterie, Sachsen
trp_rhine_horseart_nco_pl|Artillerie Zug
trp_rhine_horseart_officer|Reitende Batterie, Sachsen
trp_rhine_horseart_officer_pl|Offizier
trp_ottoman_levend|Levend Çiftliği Alayı
trp_ottoman_levend_pl|Linieninfanterie
trp_ottoman_levend_flag_bearer|Levend Çiftliği Alayı
trp_ottoman_levend_flag_bearer_pl|Flaggenträger
trp_ottoman_levend_nco|Levend Çiftliği Alayı
trp_ottoman_levend_nco_pl|Unteroffizier
trp_ottoman_levend_officer|Levend Çiftliği Alayı
trp_ottoman_levend_officer_pl|Offizier
trp_ottoman_levend_drum|Levend Çiftliği Alayı
trp_ottoman_levend_drum_pl|Trommler
trp_ottoman_levend_flute|Levend Çiftliği Alayı
trp_ottoman_levend_flute_pl|Flötenspieler
trp_ottoman_uskudar|Üsküdar Alayı
trp_ottoman_uskudar_pl|Linieninfanterie
trp_ottoman_uskudar_flag_bearer|Üsküdar Alayı
trp_ottoman_uskudar_flag_bearer_pl|Flaggenträger
trp_ottoman_uskudar_nco|Üsküdar Alayı
trp_ottoman_uskudar_nco_pl|Unteroffizier
trp_ottoman_uskudar_officer|Üsküdar Alayı
trp_ottoman_uskudar_officer_pl|Offizier
trp_ottoman_uskudar_drum|Üsküdar Alayı
trp_ottoman_uskudar_drum_pl|Trommler
trp_ottoman_uskudar_flute|Üsküdar Alayı
trp_ottoman_uskudar_flute_pl|Flötenspieler
trp_ottoman_libyan|Libyan Bedouin
trp_ottoman_libyan_pl|Linieninfanterie
trp_ottoman_libyan_flag_bearer|Libyan Bedouin
trp_ottoman_libyan_flag_bearer_pl|Flaggenträger
trp_ottoman_libyan_nco|Libyan Bedouin
trp_ottoman_libyan_nco_pl|Unteroffizier
trp_ottoman_libyan_officer|Libyan Bedouin
trp_ottoman_libyan_officer_pl|Offizier
trp_ottoman_libyan_drum|Libyan Bedouin
trp_ottoman_libyan_drum_pl|Trommler
trp_ottoman_libyan_flute|Libyan Bedouin
trp_ottoman_libyan_flute_pl|Flötenspieler
trp_ottoman_subara|Şubara Neferi
trp_ottoman_subara_pl|Linieninfanterie
trp_ottoman_subara_flag_bearer|Şubara Neferi
trp_ottoman_subara_flag_bearer_pl|Flaggenträger
trp_ottoman_subara_nco|Şubara Neferi
trp_ottoman_subara_nco_pl|Unteroffizier
trp_ottoman_subara_officer|Şubara Neferi
trp_ottoman_subara_officer_pl|Offizier
trp_ottoman_subara_drum|Şubara Neferi
trp_ottoman_subara_drum_pl|Trommler
trp_ottoman_subara_flute|Şubara Neferi
trp_ottoman_subara_flute_pl|Flötenspieler
trp_ottoman_jani|Yeniçeri Ocağı - 1. Orta
trp_ottoman_jani_pl|Garde zu Fuss
trp_ottoman_jani_flag_bearer|Yeniçeri Ocağı - 1. Orta
trp_ottoman_jani_flag_bearer_pl|Flaggenträger
trp_ottoman_jani_nco|Yeniçeri Ocağı - 1. Orta
trp_ottoman_jani_nco_pl|Unteroffizier
trp_ottoman_jani_officer|Yeniçeri Ocağı - 1. Orta
trp_ottoman_jani_officer_pl|Offizier
trp_ottoman_jani_drum|Yeniçeri Ocağı - 1. Orta
trp_ottoman_jani_drum_pl|Trommler
trp_ottoman_jani_flute|Yeniçeri Ocağı - 1. Orta
trp_ottoman_jani_flute_pl|Flötenspieler
trp_ottoman_jani_istanbul|Yeniçeri Ocağı - İstanbul Ortası
trp_ottoman_jani_istanbul_pl|Garde zu Fuss
trp_ottoman_jani_istanbul_flag_bearer|Yeniçeri Ocağı - İstanbul Ortası
trp_ottoman_jani_istanbul_flag_bearer_pl|Flaggenträger
trp_ottoman_jani_istanbul_nco|Yeniçeri Ocağı - İstanbul Ortası
trp_ottoman_jani_istanbul_nco_pl|Unteroffizier
trp_ottoman_jani_istanbul_officer|Yeniçeri Ocağı - İstanbul Ortası
trp_ottoman_jani_istanbul_officer_pl|Offizier
trp_ottoman_jani_istanbul_drum|Yeniçeri Ocağı - İstanbul Ortası
trp_ottoman_jani_istanbul_drum_pl|Trommler
trp_ottoman_jani_istanbul_flute|Yeniçeri Ocağı - İstanbul Ortası
trp_ottoman_jani_istanbul_flute_pl|Flötenspieler
trp_ottoman_light|Arnavut Askerleri
trp_ottoman_light_pl|Leichte Infanterie
trp_ottoman_light_flag_bearer|Arnavut Askerleri
trp_ottoman_light_flag_bearer_pl|Flaggenträger
trp_ottoman_light_nco|Arnavut Askerleri
trp_ottoman_light_nco_pl|Unteroffizier
trp_ottoman_light_officer|Arnavut Askerleri
trp_ottoman_light_officer_pl|Offizier
trp_ottoman_light_horn|Arnavut Askerleri
trp_ottoman_light_horn_pl|Hornist
trp_ottoman_rifle|Laz Neferleri
trp_ottoman_rifle_pl|Jäger
trp_ottoman_rifle_flag_bearer|Laz Neferleri
trp_ottoman_rifle_flag_bearer_pl|Flaggenträger
trp_ottoman_rifle_nco|Laz Neferleri
trp_ottoman_rifle_nco_pl|Unteroffizier
trp_ottoman_rifle_officer|Laz Neferleri
trp_ottoman_rifle_officer_pl|Offizier
trp_ottoman_rifle_horn|Laz Neferleri
trp_ottoman_rifle_horn_pl|Hornist
trp_ottoman_hussar|Deliler
trp_ottoman_hussar_pl|Husar
trp_ottoman_hussar_flag_bearer|Deliler
trp_ottoman_hussar_flag_bearer_pl|Flaggenträger
trp_ottoman_hussar_nco|Deliler
trp_ottoman_hussar_nco_pl|Unteroffizier
trp_ottoman_hussar_officer|Deliler
trp_ottoman_hussar_officer_pl|Offizier
trp_ottoman_hussar_trumpet|Deliler
trp_ottoman_hussar_trumpet_pl|Trompetenspieler
trp_ottoman_camel_cav|Develi Süvarisi
trp_ottoman_camel_cav_pl|Leichte Kamelkavallerie
trp_ottoman_camel_cav_flag_bearer|Develi Süvarisi
trp_ottoman_camel_cav_flag_bearer_pl|Flaggenträger
trp_ottoman_camel_cav_nco|Develi Süvarisi
trp_ottoman_camel_cav_nco_pl|Unteroffizier
trp_ottoman_camel_cav_officer|Develi Süvarisi
trp_ottoman_camel_cav_officer_pl|Offizier
trp_ottoman_camel_cav_trumpet|Develi Süvarisi
trp_ottoman_camel_cav_trumpet_pl|Trompetenspieler
trp_ottoman_lancer|Sipahiler
trp_ottoman_lancer_pl|Lanzenreiter
trp_ottoman_lancer_flag_bearer|Sipahiler
trp_ottoman_lancer_flag_bearer_pl|Flaggenträger
trp_ottoman_lancer_nco|Sipahiler
trp_ottoman_lancer_nco_pl|Unteroffizier
trp_ottoman_lancer_officer|Sipahiler
trp_ottoman_lancer_officer_pl|Offizier
trp_ottoman_lancer_trumpet|Sipahiler
trp_ottoman_lancer_trumpet_pl|Trompetenspieler
trp_ottoman_dragoon|Sekban Süvarileri
trp_ottoman_dragoon_pl|Dragoner
trp_ottoman_dragoon_flag_bearer|Sekban Süvarileri
trp_ottoman_dragoon_flag_bearer_pl|Flaggenträger
trp_ottoman_dragoon_nco|Sekban Süvarileri
trp_ottoman_dragoon_nco_pl|Unteroffizier
trp_ottoman_dragoon_officer|Sekban Süvarileri
trp_ottoman_dragoon_officer_pl|Offizier
trp_ottoman_dragoon_trumpet|Sekban Süvarileri
trp_ottoman_dragoon_trumpet_pl|Trompetenspieler
trp_ottoman_cuirassier|Kapıkulu Sipahileri
trp_ottoman_cuirassier_pl|Kürassier
trp_ottoman_cuirassier_flag_bearer|Kapıkulu Sipahileri
trp_ottoman_cuirassier_flag_bearer_pl|Flaggenträger
trp_ottoman_cuirassier_nco|Kapıkulu Sipahileri
trp_ottoman_cuirassier_nco_pl|Unteroffizier
trp_ottoman_cuirassier_officer|Kapıkulu Sipahileri
trp_ottoman_cuirassier_officer_pl|Offizier
trp_ottoman_cuirassier_trumpet|Kapıkulu Sipahileri
trp_ottoman_cuirassier_trumpet_pl|Trompetenspieler
trp_ottoman_heavy_cavalry|Memlükler
trp_ottoman_heavy_cavalry_pl|Schwere Kavallerie
trp_ottoman_heavy_cavalry_flag_bearer|Memlükler
trp_ottoman_heavy_cavalry_flag_bearer_pl|Flaggenträger
trp_ottoman_heavy_cavalry_nco|Memlükler
trp_ottoman_heavy_cavalry_nco_pl|Unteroffizier
trp_ottoman_heavy_cavalry_officer|Memlükler
trp_ottoman_heavy_cavalry_officer_pl|Offizier
trp_ottoman_heavy_cavalry_trumpet|Memlükler
trp_ottoman_heavy_cavalry_trumpet_pl|Trompetenspieler
trp_ottoman_camel_heavy_cav|Develi Muhafızları
trp_ottoman_camel_heavy_cav_pl|Schwere Kamelkavallerie
trp_ottoman_camel_heavy_cav_flag_bearer|Develi Muhafızları
trp_ottoman_camel_heavy_cav_flag_bearer_pl|Flaggenträger
trp_ottoman_camel_heavy_cav_nco|Develi Muhafızları
trp_ottoman_camel_heavy_cav_nco_pl|Unteroffizier
trp_ottoman_camel_heavy_cav_officer|Develi Muhafızları
trp_ottoman_camel_heavy_cav_officer_pl|Offizier
trp_ottoman_camel_heavy_cav_trumpet|Develi Muhafızları
trp_ottoman_camel_heavy_cav_trumpet_pl|Trompetenspieler
trp_ottoman_arty|Topçu Ocağı
trp_ottoman_arty_pl|Fussartillerie
trp_ottoman_arty_guard|Topçu Ocağı
trp_ottoman_arty_guard_pl|Artillery Guard
trp_ottoman_arty_flag_bearer|Topçu Ocağı
trp_ottoman_arty_flag_bearer_pl|Flaggenträger
trp_ottoman_arty_nco|Topçu Ocağı
trp_ottoman_arty_nco_pl|Artillerie Zug
trp_ottoman_arty_officer|Topçu Ocağı
trp_ottoman_arty_officer_pl|Offizier
trp_ottoman_horseart|Süvari Topçuları
trp_ottoman_horseart_pl|Berittene Artillerie
trp_ottoman_horseart_guard|Süvari Topçuları
trp_ottoman_horseart_guard_pl|Artillery Guard
trp_ottoman_horseart_flag_bearer|Süvari Topçuları
trp_ottoman_horseart_flag_bearer_pl|Flaggenträger
trp_ottoman_horseart_nco|Süvari Topçuları
trp_ottoman_horseart_nco_pl|Artillerie Zug
trp_ottoman_horseart_officer|Süvari Topçuları
trp_ottoman_horseart_officer_pl|Offizier
trp_british_horse_sapper|Sapper
trp_british_horse_sapper_pl|Berittener Pionier
trp_french_horse_sapper|Sapeur
trp_french_horse_sapper_pl|Berittener Pionier
trp_prussian_horse_sapper|4. Mansfelder Pionierskorps
trp_prussian_horse_sapper_pl|Berittener Pionier
trp_russian_horse_sapper|Saper
trp_russian_horse_sapper_pl|Berittener Pionier
trp_austrian_horse_sapper|Pionier-Battalion Nr. 1
trp_austrian_horse_sapper_pl|Berittener Pionier
trp_rhine_horse_sapper|Pioniere, Berg
trp_rhine_horse_sapper_pl|Berittener Pionier
trp_ottoman_bashi|Başıbozuk
trp_ottoman_bashi_pl|Söldner
trp_ottoman_medic|Hekim
trp_ottoman_medic_pl|Surgeon
trp_ottoman_sapper|Lağımcı
trp_ottoman_sapper_pl|Pionier
trp_ottoman_horse_sapper|Lağımcı
trp_ottoman_horse_sapper_pl|Berittener Pionier
trp_ottoman_ship_marine|Leventler
trp_ottoman_ship_marine_pl|Marine
trp_ottoman_ship_flag_bearer|Schiffscrew
trp_ottoman_ship_flag_bearer_pl|Flaggenträger
trp_ottoman_ship|Schiffscrew
trp_ottoman_ship_pl|Infanterie
trp_ottoman_ship_cannon|Schiffscrew
trp_ottoman_ship_cannon_pl|Schiff Artillerie
trp_ottoman_ship_captain|Schiffscrew
trp_ottoman_ship_captain_pl|Captain
trp_ottoman_pasha|Cezzar Ahmet Paşa
trp_ottoman_pasha_pl|Commander
trp_british_foot_guard1|1st Regiment of Garde zu Fuß
trp_british_foot_guard1_pl|Garde zu Fuss
trp_british_foot_guard1_flag_bearer|1st Regiment of Garde zu Fuß
trp_british_foot_guard1_flag_bearer_pl|Flaggenträger
trp_british_foot_guard1_nco|1st Regiment of Garde zu Fuß
trp_british_foot_guard1_nco_pl|Unteroffizier
trp_british_foot_guard1_officer|1st Regiment of Garde zu Fuß
trp_british_foot_guard1_officer_pl|Offizier
trp_british_foot_guard1_drum|1st Regiment of Garde zu Fuß
trp_british_foot_guard1_drum_pl|Trommler
trp_british_foot_guard1_flute|1st Regiment of Garde zu Fuß
trp_british_foot_guard1_flute_pl|Flötenspieler
trp_british_hussar2|2nd KGL Hussars
trp_british_hussar2_pl|Husar
trp_british_hussar2_flag_bearer|2nd KGL Hussars
trp_british_hussar2_flag_bearer_pl|Flaggenträger
trp_british_hussar2_nco|2nd KGL Hussars
trp_british_hussar2_nco_pl|Unteroffizier
trp_british_hussar2_officer|2nd KGL Hussars
trp_british_hussar2_officer_pl|Offizier
trp_british_hussar2_trumpet|2nd KGL Hussars
trp_british_hussar2_trumpet_pl|Trompetenspieler
trp_prussian_infantry_2|2. Infanterie-Regiment
trp_prussian_infantry_2_pl|Linieninfanterie
trp_prussian_infantry_2_flag_bearer|2. Infanterie-Regiment
trp_prussian_infantry_2_flag_bearer_pl|Flaggenträger
trp_prussian_infantry_2_nco|2. Infanterie-Regiment
trp_prussian_infantry_2_nco_pl|Unteroffizier
trp_prussian_infantry_2_officer|2. Infanterie-Regiment
trp_prussian_infantry_2_officer_pl|Offizier
trp_prussian_infantry_2_drum|2. Infanterie-Regiment
trp_prussian_infantry_2_drum_pl|Trommler
trp_prussian_infantry_2_flute|2. Infanterie-Regiment
trp_prussian_infantry_2_flute_pl|Flötenspieler
trp_prussian_infantry12|12. Brandenburgische Infanterie-Regiment
trp_prussian_infantry12_pl|Linieninfanterie
trp_prussian_infantry12_flag_bearer|12. Brandenburgische Infanterie-Regiment
trp_prussian_infantry12_flag_bearer_pl|Flaggenträger
trp_prussian_infantry12_nco|12. Brandenburgische Infanterie-Regiment
trp_prussian_infantry12_nco_pl|Unteroffizier
trp_prussian_infantry12_officer|12. Brandenburgische Infanterie-Regiment
trp_prussian_infantry12_officer_pl|Offizier
trp_prussian_infantry12_drum|12. Brandenburgische Infanterie-Regiment
trp_prussian_infantry12_drum_pl|Trommler
trp_prussian_infantry12_flute|12. Brandenburgische Infanterie-Regiment
trp_prussian_infantry12_flute_pl|Flötenspieler
trp_prussian_infantry14|14. Westfalische Infanterie-Regiment
trp_prussian_infantry14_pl|Linieninfanterie
trp_prussian_infantry14_flag_bearer|14. Westfalische Infanterie-Regiment
trp_prussian_infantry14_flag_bearer_pl|Flaggenträger
trp_prussian_infantry14_nco|14. Westfalische Infanterie-Regiment
trp_prussian_infantry14_nco_pl|Unteroffizier
trp_prussian_infantry14_officer|14. Westfalische Infanterie-Regiment
trp_prussian_infantry14_officer_pl|Offizier
trp_prussian_infantry14_drum|14. Westfalische Infanterie-Regiment
trp_prussian_infantry14_drum_pl|Trommler
trp_prussian_infantry14_flute|14. Westfalische Infanterie-Regiment
trp_prussian_infantry14_flute_pl|Flötenspieler
trp_prussian_infantry18|18. Infanterie-Regiment
trp_prussian_infantry18_pl|Linieninfanterie
trp_prussian_infantry18_flag_bearer|18. Infanterie-Regiment
trp_prussian_infantry18_flag_bearer_pl|Flaggenträger
trp_prussian_infantry18_nco|18. Infanterie-Regiment
trp_prussian_infantry18_nco_pl|Unteroffizier
trp_prussian_infantry18_officer|18. Infanterie-Regiment
trp_prussian_infantry18_officer_pl|Offizier
trp_prussian_infantry18_drum|18. Infanterie-Regiment
trp_prussian_infantry18_drum_pl|Trommler
trp_prussian_infantry18_flute|18. Infanterie-Regiment
trp_prussian_infantry18_flute_pl|Flötenspieler
trp_prussian_infantry24|24. Brandenburgische Infanterie-Regiment
trp_prussian_infantry24_pl|Linieninfanterie
trp_prussian_infantry24_flag_bearer|24. Brandenburgische Infanterie-Regiment
trp_prussian_infantry24_flag_bearer_pl|Flaggenträger
trp_prussian_infantry24_nco|24. Brandenburgische Infanterie-Regiment
trp_prussian_infantry24_nco_pl|Unteroffizier
trp_prussian_infantry24_officer|24. Brandenburgische Infanterie-Regiment
trp_prussian_infantry24_officer_pl|Offizier
trp_prussian_infantry24_drum|24. Brandenburgische Infanterie-Regiment
trp_prussian_infantry24_drum_pl|Trommler
trp_prussian_infantry24_flute|24. Brandenburgische Infanterie-Regiment
trp_prussian_infantry24_flute_pl|Flötenspieler
trp_prussian_infantry26|26. Magdeburgische Infanterie-Regiment
trp_prussian_infantry26_pl|Linieninfanterie
trp_prussian_infantry26_flag_bearer|26. Magdeburgische Infanterie-Regiment
trp_prussian_infantry26_flag_bearer_pl|Flaggenträger
trp_prussian_infantry26_nco|26. Magdeburgische Infanterie-Regiment
trp_prussian_infantry26_nco_pl|Unteroffizier
trp_prussian_infantry26_officer|26. Magdeburgische Infanterie-Regiment
trp_prussian_infantry26_officer_pl|Offizier
trp_prussian_infantry26_drum|26. Magdeburgische Infanterie-Regiment
trp_prussian_infantry26_drum_pl|Trommler
trp_prussian_infantry26_flute|26. Magdeburgische Infanterie-Regiment
trp_prussian_infantry26_flute_pl|Flötenspieler
trp_prussian_infantry_elbe|2. Elb-Landwehr-Regiment
trp_prussian_infantry_elbe_pl|Linieninfanterie
trp_prussian_infantry_elbe_flag_bearer|2. Elb-Landwehr-Regiment
trp_prussian_infantry_elbe_flag_bearer_pl|Flaggenträger
trp_prussian_infantry_elbe_nco|2. Elb-Landwehr-Regiment
trp_prussian_infantry_elbe_nco_pl|Unteroffizier
trp_prussian_infantry_elbe_officer|2. Elb-Landwehr-Regiment
trp_prussian_infantry_elbe_officer_pl|Offizier
trp_prussian_infantry_elbe_drum|2. Elb-Landwehr-Regiment
trp_prussian_infantry_elbe_drum_pl|Trommler
trp_prussian_infantry_elbe_flute|2. Elb-Landwehr-Regiment
trp_prussian_infantry_elbe_flute_pl|Flötenspieler
trp_prussian_dragoon5|5. Brandenburgische Dragoner-Regiment
trp_prussian_dragoon5_pl|Dragoner
trp_prussian_dragoon5_flag_bearer|5. Brandenburgische Dragoner-Regiment
trp_prussian_dragoon5_flag_bearer_pl|Flaggenträger
trp_prussian_dragoon5_nco|5. Brandenburgische Dragoner-Regiment
trp_prussian_dragoon5_nco_pl|Unteroffizier
trp_prussian_dragoon5_officer|5. Brandenburgische Dragoner-Regiment
trp_prussian_dragoon5_officer_pl|Offizier
trp_prussian_dragoon5_trumpet|5. Brandenburgische Dragoner-Regiment
trp_prussian_dragoon5_trumpet_pl|Trompetenspieler
trp_prussian_hussar_mhr|Magdeburgisches Husaren-Regiment Nr.10
trp_prussian_hussar_mhr_pl|Husar
trp_prussian_hussar_mhr_flag_bearer|Magdeburgisches Husaren-Regiment Nr.10
trp_prussian_hussar_mhr_flag_bearer_pl|Flaggenträger
trp_prussian_hussar_mhr_nco|Magdeburgisches Husaren-Regiment Nr.10
trp_prussian_hussar_mhr_nco_pl|Unteroffizier
trp_prussian_hussar_mhr_officer|Magdeburgisches Husaren-Regiment Nr.10
trp_prussian_hussar_mhr_officer_pl|Offizier
trp_prussian_hussar_mhr_trumpet|Magdeburgisches Husaren-Regiment Nr.10
trp_prussian_hussar_mhr_trumpet_pl|Trompetenspieler
trp_prussian_hussar_mhr_elite|Magdeburgisches Husaren-Regiment Nr.10
trp_prussian_hussar_mhr_elite_pl|Freiwilliger Jäger
trp_austrian_32|Infanterie Regiment Nr.32 Eszterházy
trp_austrian_32_pl|Linieninfanterie
trp_austrian_32_flag_bearer|Infanterie Regiment Nr.32 Eszterházy
trp_austrian_32_flag_bearer_pl|Flaggenträger
trp_austrian_32_nco|Infanterie Regiment Nr.32 Eszterházy
trp_austrian_32_nco_pl|Unteroffizier
trp_austrian_32_officer|Infanterie Regiment Nr.32 Eszterházy
trp_austrian_32_officer_pl|Offizier
trp_austrian_32_drum|Infanterie Regiment Nr.32 Eszterházy
trp_austrian_32_drum_pl|Trommler
trp_austrian_32_flute|Infanterie Regiment Nr.32 Eszterházy
trp_austrian_32_flute_pl|Flötenspieler
trp_italian_infantry1|1° Reggimento di Fanteria di Linea 'Mantova'
trp_italian_infantry1_pl|Linieninfanterie
trp_italian_infantry1_flag_bearer|1° Reggimento di Fanteria di Linea 'Mantova'
trp_italian_infantry1_flag_bearer_pl|Flaggenträger
trp_italian_infantry1_nco|1° Reggimento di Fanteria di Linea 'Mantova'
trp_italian_infantry1_nco_pl|Unteroffizier
trp_italian_infantry1_officer|1° Reggimento di Fanteria di Linea 'Mantova'
trp_italian_infantry1_officer_pl|Offizier
trp_italian_infantry1_drum|1° Reggimento di Fanteria di Linea 'Mantova'
trp_italian_infantry1_drum_pl|Trommler
trp_italian_infantry1_flute|1° Reggimento di Fanteria di Linea 'Mantova'
trp_italian_infantry1_flute_pl|Flötenspieler
trp_italian_infantry2|2° Reggimento di Fanteria di Linea 'Ferrara'
trp_italian_infantry2_pl|Linieninfanterie
trp_italian_infantry2_flag_bearer|2° Reggimento di Fanteria di Linea 'Ferrara'
trp_italian_infantry2_flag_bearer_pl|Flaggenträger
trp_italian_infantry2_nco|2° Reggimento di Fanteria di Linea 'Ferrara'
trp_italian_infantry2_nco_pl|Unteroffizier
trp_italian_infantry2_officer|2° Reggimento di Fanteria di Linea 'Ferrara'
trp_italian_infantry2_officer_pl|Offizier
trp_italian_infantry2_drum|2° Reggimento di Fanteria di Linea 'Ferrara'
trp_italian_infantry2_drum_pl|Trommler
trp_italian_infantry2_flute|2° Reggimento di Fanteria di Linea 'Ferrara'
trp_italian_infantry2_flute_pl|Flötenspieler
trp_italian_infantry3|3° Reggimento di Fanteria di Linea 'Milano'
trp_italian_infantry3_pl|Linieninfanterie
trp_italian_infantry3_flag_bearer|3° Reggimento di Fanteria di Linea 'Milano'
trp_italian_infantry3_flag_bearer_pl|Flaggenträger
trp_italian_infantry3_nco|3° Reggimento di Fanteria di Linea 'Milano'
trp_italian_infantry3_nco_pl|Unteroffizier
trp_italian_infantry3_officer|3° Reggimento di Fanteria di Linea 'Milano'
trp_italian_infantry3_officer_pl|Offizier
trp_italian_infantry3_drum|3° Reggimento di Fanteria di Linea 'Milano'
trp_italian_infantry3_drum_pl|Trommler
trp_italian_infantry3_flute|3° Reggimento di Fanteria di Linea 'Milano'
trp_italian_infantry3_flute_pl|Flötenspieler
trp_italian_infantry4|Coscritti della Guardia Reale
trp_italian_infantry4_pl|Linieninfanterie
trp_italian_infantry4_flag_bearer|Coscritti della Guardia Reale
trp_italian_infantry4_flag_bearer_pl|Flaggenträger
trp_italian_infantry4_nco|Coscritti della Guardia Reale
trp_italian_infantry4_nco_pl|Unteroffizier
trp_italian_infantry4_officer|Coscritti della Guardia Reale
trp_italian_infantry4_officer_pl|Offizier
trp_italian_infantry4_drum|Coscritti della Guardia Reale
trp_italian_infantry4_drum_pl|Trommler
trp_italian_infantry4_flute|Coscritti della Guardia Reale
trp_italian_infantry4_flute_pl|Flötenspieler
trp_italian_infantry5|Reggimento Coloniale
trp_italian_infantry5_pl|Linieninfanterie
trp_italian_infantry5_flag_bearer|Reggimento Coloniale
trp_italian_infantry5_flag_bearer_pl|Flaggenträger
trp_italian_infantry5_nco|Reggimento Coloniale
trp_italian_infantry5_nco_pl|Unteroffizier
trp_italian_infantry5_officer|Reggimento Coloniale
trp_italian_infantry5_officer_pl|Offizier
trp_italian_infantry5_drum|Reggimento Coloniale
trp_italian_infantry5_drum_pl|Trommler
trp_italian_infantry5_flute|Reggimento Coloniale
trp_italian_infantry5_flute_pl|Flötenspieler
trp_italian_foot_guard1|Granatieri a Piedi Della Guardia Reale
trp_italian_foot_guard1_pl|Garde zu Fuss
trp_italian_foot_guard1_flag_bearer|Granatieri a Piedi Della Guardia Reale
trp_italian_foot_guard1_flag_bearer_pl|Flaggenträger
trp_italian_foot_guard1_nco|Granatieri a Piedi Della Guardia Reale
trp_italian_foot_guard1_nco_pl|Unteroffizier
trp_italian_foot_guard1_officer|Granatieri a Piedi Della Guardia Reale
trp_italian_foot_guard1_officer_pl|Offizier
trp_italian_foot_guard1_drum|Granatieri a Piedi Della Guardia Reale
trp_italian_foot_guard1_drum_pl|Trommler
trp_italian_foot_guard1_flute|Granatieri a Piedi Della Guardia Reale
trp_italian_foot_guard1_flute_pl|Flötenspieler
trp_italian_foot_guard2|Veliti Della Guardia Reale
trp_italian_foot_guard2_pl|Garde zu Fuss
trp_italian_foot_guard2_flag_bearer|Veliti Della Guardia Reale
trp_italian_foot_guard2_flag_bearer_pl|Flaggenträger
trp_italian_foot_guard2_nco|Veliti Della Guardia Reale
trp_italian_foot_guard2_nco_pl|Unteroffizier
trp_italian_foot_guard2_officer|Veliti Della Guardia Reale
trp_italian_foot_guard2_officer_pl|Offizier
trp_italian_foot_guard2_drum|Veliti Della Guardia Reale
trp_italian_foot_guard2_drum_pl|Trommler
trp_italian_foot_guard2_flute|Veliti Della Guardia Reale
trp_italian_foot_guard2_flute_pl|Flötenspieler
trp_italian_foot_guard3|Guardia Nazionale di Milano
trp_italian_foot_guard3_pl|Garde zu Fuss
trp_italian_foot_guard3_flag_bearer|Guardia Nazionale di Milano
trp_italian_foot_guard3_flag_bearer_pl|Flaggenträger
trp_italian_foot_guard3_nco|Guardia Nazionale di Milano
trp_italian_foot_guard3_nco_pl|Unteroffizier
trp_italian_foot_guard3_officer|Guardia Nazionale di Milano
trp_italian_foot_guard3_officer_pl|Offizier
trp_italian_foot_guard3_drum|Guardia Nazionale di Milano
trp_italian_foot_guard3_drum_pl|Trommler
trp_italian_foot_guard3_flute|Guardia Nazionale di Milano
trp_italian_foot_guard3_flute_pl|Flötenspieler
trp_italian_light|3° Reggimento di Fanteria Leggera 'Real Bresciano'
trp_italian_light_pl|Leichte Infanterie
trp_italian_light_flag_bearer|3° Reggimento di Fanteria Leggera 'Real Bresciano'
trp_italian_light_flag_bearer_pl|Flaggenträger
trp_italian_light_nco|3° Reggimento di Fanteria Leggera 'Real Bresciano'
trp_italian_light_nco_pl|Unteroffizier
trp_italian_light_officer|3° Reggimento di Fanteria Leggera 'Real Bresciano'
trp_italian_light_officer_pl|Offizier
trp_italian_light_horn|3° Reggimento di Fanteria Leggera 'Real Bresciano'
trp_italian_light_horn_pl|Hornist
trp_italian_rifle|Bersaglieri di Brescia
trp_italian_rifle_pl|Jäger
trp_italian_rifle_flag_bearer|Bersaglieri di Brescia
trp_italian_rifle_flag_bearer_pl|Flaggenträger
trp_italian_rifle_nco|Bersaglieri di Brescia
trp_italian_rifle_nco_pl|Unteroffizier
trp_italian_rifle_officer|Bersaglieri di Brescia
trp_italian_rifle_officer_pl|Offizier
trp_italian_rifle_horn|Bersaglieri di Brescia
trp_italian_rifle_horn_pl|Hornist
trp_italian_hussar1|1° Cacciatori a Cavallo 'Reale Italiano'
trp_italian_hussar1_pl|Husar
trp_italian_hussar1_flag_bearer|1° Cacciatori a Cavallo 'Reale Italiano'
trp_italian_hussar1_flag_bearer_pl|Flaggenträger
trp_italian_hussar1_nco|1° Cacciatori a Cavallo 'Reale Italiano'
trp_italian_hussar1_nco_pl|Unteroffizier
trp_italian_hussar1_officer|1° Cacciatori a Cavallo 'Reale Italiano'
trp_italian_hussar1_officer_pl|Offizier
trp_italian_hussar1_trumpet|1° Cacciatori a Cavallo 'Reale Italiano'
trp_italian_hussar1_trumpet_pl|Trompetenspieler
trp_italian_hussar2|2° Cacciatori a Cavallo 'Reale Prince'
trp_italian_hussar2_pl|Husar
trp_italian_hussar2_flag_bearer|2° Cacciatori a Cavallo 'Reale Prince'
trp_italian_hussar2_flag_bearer_pl|Flaggenträger
trp_italian_hussar2_nco|2° Cacciatori a Cavallo 'Reale Prince'
trp_italian_hussar2_nco_pl|Unteroffizier
trp_italian_hussar2_officer|2° Cacciatori a Cavallo 'Reale Prince'
trp_italian_hussar2_officer_pl|Offizier
trp_italian_hussar2_trumpet|2° Cacciatori a Cavallo 'Reale Prince'
trp_italian_hussar2_trumpet_pl|Trompetenspieler
trp_italian_dragoon|1° Reggimento Dragoni 'Regina'
trp_italian_dragoon_pl|Dragoner
trp_italian_dragoon_flag_bearer|1° Reggimento Dragoni 'Regina'
trp_italian_dragoon_flag_bearer_pl|Flaggenträger
trp_italian_dragoon_nco|1° Reggimento Dragoni 'Regina'
trp_italian_dragoon_nco_pl|Unteroffizier
trp_italian_dragoon_officer|1° Reggimento Dragoni 'Regina'
trp_italian_dragoon_officer_pl|Offizier
trp_italian_dragoon_trumpet|1° Reggimento Dragoni 'Regina'
trp_italian_dragoon_trumpet_pl|Trompetenspieler
trp_italian_cuirassier1|Guardia Reale d'Onore 'Brescia'
trp_italian_cuirassier1_pl|Schwere Kavallerie
trp_italian_cuirassier1_flag_bearer|Guardia Reale d'Onore 'Brescia'
trp_italian_cuirassier1_flag_bearer_pl|Flaggenträger
trp_italian_cuirassier1_nco|Guardia Reale d'Onore 'Brescia'
trp_italian_cuirassier1_nco_pl|Unteroffizier
trp_italian_cuirassier1_officer|Guardia Reale d'Onore 'Brescia'
trp_italian_cuirassier1_officer_pl|Offizier
trp_italian_cuirassier1_trumpet|Guardia Reale d'Onore 'Brescia'
trp_italian_cuirassier1_trumpet_pl|Trompetenspieler
trp_italian_cuirassier2|Gendarmeria Scelta Della Guardia Reale
trp_italian_cuirassier2_pl|Schwere Kavallerie
trp_italian_cuirassier2_flag_bearer|Gendarmeria Scelta Della Guardia Reale
trp_italian_cuirassier2_flag_bearer_pl|Flaggenträger
trp_italian_cuirassier2_nco|Gendarmeria Scelta Della Guardia Reale
trp_italian_cuirassier2_nco_pl|Unteroffizier
trp_italian_cuirassier2_officer|Gendarmeria Scelta Della Guardia Reale
trp_italian_cuirassier2_officer_pl|Offizier
trp_italian_cuirassier2_trumpet|Gendarmeria Scelta Della Guardia Reale
trp_italian_cuirassier2_trumpet_pl|Trompetenspieler
trp_italian_arty|Reggimento di Artiglieria a Piedi
trp_italian_arty_pl|Fussartillerie
trp_italian_arty_guard|Reggimento di Artiglieria a Piedi
trp_italian_arty_guard_pl|Artillery Guard
trp_italian_arty_flag_bearer|Reggimento di Artiglieria a Piedi
trp_italian_arty_flag_bearer_pl|Flaggenträger
trp_italian_arty_nco|Reggimento di Artiglieria a Piedi
trp_italian_arty_nco_pl|Artillerie Zug
trp_italian_arty_officer|Reggimento di Artiglieria a Piedi
trp_italian_arty_officer_pl|Offizier
trp_italian_horseart|Reggimento di Artiglieria a Cavallo
trp_italian_horseart_pl|Berittene Artillerie
trp_italian_horseart_guard|Reggimento di Artiglieria a Cavallo
trp_italian_horseart_guard_pl|Artillery Guard
trp_italian_horseart_flag_bearer|Reggimento di Artiglieria a Cavallo
trp_italian_horseart_flag_bearer_pl|Flaggenträger
trp_italian_horseart_nco|Reggimento di Artiglieria a Cavallo
trp_italian_horseart_nco_pl|Artillerie Zug
trp_italian_horseart_officer|Reggimento di Artiglieria a Cavallo
trp_italian_horseart_officer_pl|Offizier
trp_italian_medic|Farmacista
trp_italian_medic_pl|Surgeon
trp_italian_sapper|Zappatori
trp_italian_sapper_pl|Pionier
trp_italian_horse_sapper|Zappatori
trp_italian_horse_sapper_pl|Berittener Pionier
trp_italian_ship_marine|Schiffscrew
trp_italian_ship_marine_pl|Marine
trp_italian_ship_flag_bearer|Schiffscrew
trp_italian_ship_flag_bearer_pl|Flaggenträger
trp_italian_ship|Schiffscrew
trp_italian_ship_pl|Infanterie
trp_italian_ship_cannon|Schiffscrew
trp_italian_ship_cannon_pl|Schiff Artillerie
trp_italian_ship_captain|Schiffscrew
trp_italian_ship_captain_pl|Captain
trp_italian_general|Eugène de Beauharnais, Vizekönig von Italien
trp_italian_general_pl|Commander
trp_rhine_infantry_saxony2|Infanterie-Regiment No.8 von Rechten, Sachsen
trp_rhine_infantry_saxony2_pl|Linieninfanterie
trp_rhine_infantry_saxony2_flag_bearer|Infanterie-Regiment No.8 von Rechten, Sachsen
trp_rhine_infantry_saxony2_flag_bearer_pl|Flaggenträger
trp_rhine_infantry_saxony2_nco|Infanterie-Regiment No.8 von Rechten, Sachsen
trp_rhine_infantry_saxony2_nco_pl|Unteroffizier
trp_rhine_infantry_saxony2_officer|Infanterie-Regiment No.8 von Rechten, Sachsen
trp_rhine_infantry_saxony2_officer_pl|Offizier
trp_rhine_infantry_saxony2_drum|Infanterie-Regiment No.8 von Rechten, Sachsen
trp_rhine_infantry_saxony2_drum_pl|Trommler
trp_rhine_infantry_saxony2_flute|Infanterie-Regiment No.8 von Rechten, Sachsen
trp_rhine_infantry_saxony2_flute_pl|Flötenspieler
trp_rhine_westphalian_hussar|2. Husaren Regiment, Westphalen
trp_rhine_westphalian_hussar_pl|Husar
trp_rhine_westphalian_hussar_flag_bearer|2. Husaren Regiment, Westphalen
trp_rhine_westphalian_hussar_flag_bearer_pl|Flaggenträger
trp_rhine_westphalian_hussar_nco|2. Husaren Regiment, Westphalen
trp_rhine_westphalian_hussar_nco_pl|Unteroffizier
trp_rhine_westphalian_hussar_officer|2. Husaren Regiment, Westphalen
trp_rhine_westphalian_hussar_officer_pl|Offizier
trp_rhine_westphalian_hussar_trumpet|2. Husaren Regiment, Westphalen
trp_rhine_westphalian_hussar_trumpet_pl|Trompetenspieler
trp_rhine_infantry_waldeck|Waldeck Fürstentümer Infanterie-Bataillon
trp_rhine_infantry_waldeck_pl|Linieninfanterie
trp_rhine_infantry_waldeck_flag_bearer|Waldeck Fürstentümer Infanterie-Bataillon
trp_rhine_infantry_waldeck_flag_bearer_pl|Flaggenträger
trp_rhine_infantry_waldeck_nco|Waldeck Fürstentümer Infanterie-Bataillon
trp_rhine_infantry_waldeck_nco_pl|Unteroffizier
trp_rhine_infantry_waldeck_officer|Waldeck Fürstentümer Infanterie-Bataillon
trp_rhine_infantry_waldeck_officer_pl|Offizier
trp_rhine_infantry_waldeck_drum|Waldeck Fürstentümer Infanterie-Bataillon
trp_rhine_infantry_waldeck_drum_pl|Trommler
trp_rhine_infantry_waldeck_flute|Waldeck Fürstentümer Infanterie-Bataillon
trp_rhine_infantry_waldeck_flute_pl|Flötenspieler
trp_rhine_wurt_guard|Garde zu Fuß, Wurttemberg
trp_rhine_wurt_guard_pl|Garde zu Fuss
trp_rhine_wurt_guard_flag_bearer|Garde zu Fuß, Wurttemberg
trp_rhine_wurt_guard_flag_bearer_pl|Flaggenträger
trp_rhine_wurt_guard_nco|Garde zu Fuss, Wurttemberg
trp_rhine_wurt_guard_nco_pl|Unteroffizier
trp_rhine_wurt_guard_officer|Garde zu Fuß, Wurttemberg
trp_rhine_wurt_guard_officer_pl|Offizier
trp_rhine_wurt_guard_drum|Garde zu Fuß, Wurttemberg
trp_rhine_wurt_guard_drum_pl|Trommler
trp_rhine_wurt_guard_flute|Garde zu Fuß, Wurttemberg
trp_rhine_wurt_guard_flute_pl|Flötenspieler
trp_russian_ship_marine|Schiffscrew
trp_russian_ship_marine_pl|Marine
trp_russian_ship_flag_bearer|Schiffscrew
trp_russian_ship_flag_bearer_pl|Flaggenträger
trp_russian_ship|Schiffscrew
trp_russian_ship_pl|Infanterie
trp_russian_ship_cannon|Schiffscrew
trp_russian_ship_cannon_pl|Schiff Artillerie
trp_russian_ship_captain|Schiffscrew
trp_russian_ship_captain_pl|Captain
trp_british_arty_commander|Königliche Fußartillerie
trp_british_arty_commander_pl|Offizier
trp_british_arty_alt_commander|Königliche Fußartillerie
trp_british_arty_alt_commander_pl|Offizier
trp_french_arty_commander|L'Artillerie
trp_french_arty_commander_pl|Offizier
trp_french_arty_alt_commander|L'Artillerie
trp_french_arty_alt_commander_pl|Offizier
trp_prussian_arty_commander|36. Regiment der Fußartillerie
trp_prussian_arty_commander_pl|Offizier
trp_prussian_arty_alt_commander|36. Regiment der Fußartillerie
trp_prussian_arty_alt_commander_pl|Offizier
trp_russian_arty_commander|Artillerie
trp_russian_arty_commander_pl|Offizier
trp_russian_arty_alt_commander|Artillerie
trp_russian_arty_alt_commander_pl|Offizier
trp_austrian_arty_commander|Prinz zu Lothringen 7 Artillerie
trp_austrian_arty_commander_pl|Vertreter
trp_austrian_arty_alt_commander|Prinz zu Lothringen 7 Artillerie
trp_austrian_arty_alt_commander_pl|Offizier
trp_rhine_arty_commander|Artillerie, Bayern. 
trp_rhine_arty_commander_pl|Offizier 
trp_rhine_arty_alt_commander|Artillerie, Bayern. 
trp_rhine_arty_alt_commander_pl|Offizier 
trp_quick_battle_troop_britain_1|Arthur Wellesley
trp_quick_battle_troop_britain_1_pl|General
trp_quick_battle_troop_france_1|Napoleon Bonaparte
trp_quick_battle_troop_france_1_pl|Emperor
trp_quick_battle_troop_prussia_1|Gebhard von Blucher
trp_quick_battle_troop_prussia_1_pl|General
trp_quick_battle_troop_russia_1|Mikhail Kutuzov
trp_quick_battle_troop_russia_1_pl|General
trp_quick_battle_troop_austria_1|Karl Philipp
trp_quick_battle_troop_austria_1_pl|General
trp_quick_battle_troop_rhine_1|Friedrich August
trp_quick_battle_troop_rhine_1_pl|General
trp_companion_1|Raphael Martin
trp_companion_1_pl|Raphael Martin
trp_companion_2|Clement Bernard
trp_companion_2_pl|Clement Bernard
trp_companion_3|Maxim Munnig Schmidt
trp_companion_3_pl|Maxime Petit
trp_companion_4|Alexandre Durand
trp_companion_4_pl|Alexandre Durand
trp_companion_5|Antoine Richard
trp_companion_5_pl|Antoine Richard
trp_companion_6|Alexis Moreau
trp_companion_6_pl|Alexis Moreau
trp_companion_7|Jules Dubois
trp_companion_7_pl|Jules Dubois
trp_companion_8|Matteo Robert
trp_companion_8_pl|Matteo Robert
trp_companion_9|Julien Laurent
trp_companion_9_pl|Julien Laurent
trp_companion_10|Samuel Simon
trp_companion_10_pl|Samuel Simon
trp_companion_11|Noe Michel
trp_companion_11_pl|Noe Michel
trp_companion_12|Corentin Leroy
trp_companion_12_pl|Corentin Leroy
trp_companion_13|Jeremy Garcia
trp_companion_13_pl|Jeremy Garcia
trp_companion_14|Charles Lefebvre
trp_companion_14_pl|Charles Lefebvre
trp_companion_15|Eliott Roux
trp_companion_15_pl|Eliott Roux
trp_companion_16|Theo David
trp_companion_16_pl|Theo David
trp_companion_17|Romain Bertrand
trp_companion_17_pl|Romain Bertrand
trp_companion_18|Quentin Fournier
trp_companion_18_pl|Quentin Fournier
trp_companion_19|Girard Baptiste
trp_companion_19_pl|Girard Baptiste
trp_companion_20|Valentin Bonnet
trp_companion_20_pl|Valentin Bonnet
trp_companion_21|Nico Kamps
trp_companion_21_pl|Nicolas Morel
trp_companion_22|Mael Rousseau
trp_companion_22_pl|Mael Rousseau
trp_companion_23|Pierre Lambert
trp_companion_23_pl|Pierre Lambert
trp_companion_24|Marius Blanc
trp_companion_24_pl|Marius Blanc
trp_companion_25|Remi Thomas
trp_companion_25_pl|Remi Thomas
trp_companion_26|Benjamin Aguillon
trp_companion_26_pl|Benjamin Aguillon
trp_companion_27|Maxence Beauregard
trp_companion_27_pl|Maxence Beauregard
trp_companion_28|Axel Lemieux
trp_companion_28_pl|Axel Lemieux
trp_companion_29|Jules Plantier
trp_companion_29_pl|Jules Plantier
trp_companion_30|Martin Roche
trp_companion_30_pl|Martin Roche
trp_companions_end|companions end
trp_companions_end_pl|companions end
trp_walker_french_infantry|Infantryman
trp_walker_french_infantry_pl|Infantry
trp_walker_french_voltigeur|Voltigeur
trp_walker_french_voltigeur_pl|Voltigeurs
trp_walker_french_hussar|Husar
trp_walker_french_hussar_pl|Husar
trp_walker_french_officer|Offizier
trp_walker_french_officer_pl|officers
trp_walker_messenger|Messenger
trp_walker_messenger_pl|Messenger
trp_walker_peasant_male|Peasant
trp_walker_peasant_male_pl|Peasants
trp_walker_peasant_female|Peasant
trp_walker_peasant_female_pl|Peasants
trp_walkers_end|walkers end
trp_walkers_end_pl|walkers end
trp_camp_armorer|Tailor
trp_camp_weaponsmith|Weapon Merchant
trp_camp_horse_merchant|Horse Merchant
trp_merchants_end|merchants end
trp_merchants_end_pl|merchants end
