trp_player|Игрок
trp_player_pl|Игроки
trp_multiplayer_profile_troop_male|multiplayer profile troop male
trp_multiplayer_profile_troop_male_pl|multiplayer profile troop male
trp_multiplayer_profile_troop_female|multiplayer profile troop female
trp_multiplayer_profile_troop_female_pl|multiplayer profile troop female
trp_temp_troop|Temp Troop
trp_temp_troop_pl|Temp Troop
trp_british_infantry_ai|Британский линейный пехотинец
trp_british_infantry_ai_pl|Линейная пехота
trp_british_infantry2_ai|Немецкий линейный пехотинец
trp_british_infantry2_ai_pl|Немецкая линейная пехота
trp_british_highlander_ai|Шотландский горец
trp_british_highlander_ai_pl|Шотландские горцы
trp_british_foot_guard_ai|Британский пеший гвардеец
trp_british_foot_guard_ai_pl|Пешая Гвардия
trp_british_light_infantry_ai|Британский легкий пехотинец
trp_british_light_infantry_ai_pl|Легкая пехота
trp_british_rifle_ai|Британский стрелок
trp_british_rifle_ai_pl|Стрелки
trp_british_hussar_ai|British Hussar
trp_british_hussar_ai_pl|Hussars
trp_british_light_dragoon_ai|Британский легкий драгун
trp_british_light_dragoon_ai_pl|Легкие драгуны
trp_british_dragoon_ai|Британский драгун
trp_british_dragoon_ai_pl|Драгуны
trp_british_horseguard_ai|Британский конный гвардеец
trp_british_horseguard_ai_pl|Конная гвардия
trp_british_ship_ai|британской мореход
trp_british_ship_ai_pl|Моряки
trp_british_ship_marine_ai|британской морской
trp_british_ship_marine_ai_pl|морская пехота
trp_british_arty_ai|Британский артиллерист
trp_british_arty_ai_pl|Артиллерия(Пушка)
trp_british_arty_alt_ai|Британский артиллерист
trp_british_arty_alt_ai_pl|Артиллерия(Гаубица)
trp_british_rocket_ai|Британский ракетчик
trp_british_rocket_ai_pl|Ракетная артиллерия
trp_french_infantry_ai|Французский фузилер
trp_french_infantry_ai_pl|Фузилеры
trp_french_infantry2_ai|Французский гренадер
trp_french_infantry2_ai_pl|Гренадеры
trp_french_infantry_vistula_ai|Польский линейный пехотинец
trp_french_infantry_vistula_ai_pl|Польская линейная пехота
trp_french_old_guard_ai|Французский гвардейский гренадер
trp_french_old_guard_ai_pl|Гвардейские гренадеры
trp_french_voltigeur_ai|Французский вольтижер
trp_french_voltigeur_ai_pl|Вольтижеры
trp_french_hussar_ai|Французский гусар
trp_french_hussar_ai_pl|Гусары
trp_french_lancer_ai|Польский гвардейский улан
trp_french_lancer_ai_pl|Польские гвардейские уланы
trp_french_dragoon_ai|Французский гвардейский драгун
trp_french_dragoon_ai_pl|Гвардейские драгуны
trp_french_cuirassier_ai|Французский кирасир
trp_french_cuirassier_ai_pl|Кирасиры
trp_french_carabineer_ai|Французский карабинер
trp_french_carabineer_ai_pl|Карабинеры
trp_french_grenadier_a_cheval_ai|Французский конный гренадер
trp_french_grenadier_a_cheval_ai_pl|Конные гренадеры
trp_french_ship_ai|Французская Sailor
trp_french_ship_ai_pl|Моряки
trp_french_ship_marine_ai|французский морской
trp_french_ship_marine_ai_pl|морская пехота
trp_french_arty_ai|Французский артиллерист
trp_french_arty_ai_pl|Артиллерия (Пушка)
trp_french_arty_alt_ai|Французсктй артиллерист
trp_french_arty_alt_ai_pl|Артиллерия(Гаубица)
trp_prussian_infantry_ai|Прусский линейный пехотинец
trp_prussian_infantry_ai_pl|Бранденбуржская линейная пехота
trp_prussian_infantry2_ai|Прусский резервный пехотинец
trp_prussian_infantry2_ai_pl|Рейнская резервная пехота
trp_prussian_infantry_kurmark_ai|Солдат прусского ландвера
trp_prussian_infantry_kurmark_ai_pl|Ландвер
trp_prussian_infantry_freikorps_ai|Солдат вольного корпуса
trp_prussian_infantry_freikorps_ai_pl|Вольный корпус Лютцова
trp_prussian_infantry_15_ai|Прусский пеший гвардеец
trp_prussian_infantry_15_ai_pl|Пешая гвардия
trp_prussian_infantry_rifle_ai|Прусский егерь
trp_prussian_infantry_rifle_ai_pl|Егеря
trp_prussian_dragoon_ai|Прусский драгун
trp_prussian_dragoon_ai_pl|Драгуны
trp_prussian_hussar_ai|Прусский гвардейский гусар
trp_prussian_hussar_ai_pl|Гусары
trp_prussian_landwehr_cav_ai|Кавалерист прусского конного ландвера
trp_prussian_landwehr_cav_ai_pl|Конный ландвер
trp_prussian_cuirassier_ai|Прусский кирасир
trp_prussian_cuirassier_ai_pl|Кирасиры
trp_prussian_arty_ai|Прусский артиллерист
trp_prussian_arty_ai_pl|Артиллерия(Пушка)
trp_prussian_arty_alt_ai|Прусский артиллерист
trp_prussian_arty_alt_ai_pl|Артиллерия(Гаубица)
trp_russian_partizan_ai|Русский партизан
trp_russian_partizan_ai_pl|Партизаны
trp_russian_opol_ai|Русский ополченец
trp_russian_opol_ai_pl|Ополчение
trp_russian_infantry_ai|Русский линейный пехотинец
trp_russian_infantry_ai_pl|Линейная пехота
trp_russian_grenadier_ai|Русский гренадер
trp_russian_grenadier_ai_pl|Гренадеры
trp_russian_foot_guard_ai|Русский пеший гвардеец
trp_russian_foot_guard_ai_pl|Гвардейская пехота
trp_russian_infantry_rifle_ai|Русский егерь
trp_russian_infantry_rifle_ai_pl|Егеря
trp_russian_hussar_ai|Украинский гусар
trp_russian_hussar_ai_pl|Гусары
trp_russian_uhlan_ai|Русский Улан
trp_russian_uhlan_ai_pl|Улан
trp_russian_cossack_ai|Русский казак
trp_russian_cossack_ai_pl|Казаки
trp_russian_dragoon_ai|Украинский драгун
trp_russian_dragoon_ai_pl|Драгуны
trp_russian_horse_guard_ai|Русский кавалергард
trp_russian_horse_guard_ai_pl|Кавалергарды
trp_russian_arty_ai|Русский артиллерист
trp_russian_arty_ai_pl|Артиллерия(Пушка)
trp_russian_arty_alt_ai|Русский артиллерист
trp_russian_arty_alt_ai_pl|Артиллерия(Гаубица)
trp_austrian_infantry_ai|Немецкий"линейный пехотинец
trp_austrian_infantry_ai_pl|Немецкая"линейная пехота
trp_austrian_infantry2_ai|Венгерский" линейный пехотинец
trp_austrian_infantry2_ai_pl|Венгерская"линейная пехота
trp_austrian_grenzer_ai|Австрийский граничар
trp_austrian_grenzer_ai_pl|Граничары
trp_austrian_grenadier_ai|Венгерский" гренадер
trp_austrian_grenadier_ai_pl|Гренадеры
trp_austrian_infantry_rifle_ai|Австрийский егерь
trp_austrian_infantry_rifle_ai_pl|Егеря
trp_austrian_hussar_ai|Австрийский гусар
trp_austrian_hussar_ai_pl|Гусары
trp_austrian_uhlan_ai|Австрийский улан
trp_austrian_uhlan_ai_pl|Уланы
trp_austrian_light_horse_ai|Австрийский шевальжер
trp_austrian_light_horse_ai_pl|Шевальжеры
trp_austrian_dragoon_ai|Австрийский драгун
trp_austrian_dragoon_ai_pl|Драгуны
trp_austrian_cuirassier_ai|Австрийский кирасир
trp_austrian_cuirassier_ai_pl|Кирасиры
trp_austrian_arty_ai|Австрийский артиллерист
trp_austrian_arty_ai_pl|Артиллерия(Пушка)
trp_austrian_arty_alt_ai|Австрийский артиллерист
trp_austrian_arty_alt_ai_pl|Артиллерия(Гаубица)
trp_rhine_infantry_bavaria_ai|Баварский линейный пехотинец
trp_rhine_infantry_bavaria_ai_pl|Баварская линейная пехота
trp_rhine_infantry_wurttemberg_ai|Вюрттембергский линейный пехотинец
trp_rhine_infantry_wurttemberg_ai_pl|Вюрттембергская линейная пехота
trp_rhine_infantry_saxony_ai|Саксонский линейный пехотинец
trp_rhine_infantry_saxony_ai_pl|Саксонская линейная пехота
trp_rhine_infantry_wurttemberg2_ai|Вюрттембергский гренадер
trp_rhine_infantry_wurttemberg2_ai_pl|Вюрггембергские гренадеры
trp_rhine_grenadier_guard_ai|Вестфальский гвардейский гренадер
trp_rhine_grenadier_guard_ai_pl|Вестфальские гвардейские гренадеры
trp_rhine_light_infantry_hessen_ai|Гессенский легкий пехотинец
trp_rhine_light_infantry_hessen_ai_pl|Гессенская легкая пехота
trp_rhine_light_infantry_bavaria_ai|Баварский стрелок
trp_rhine_light_infantry_bavaria_ai_pl|Баварские стрелки
trp_rhine_mounted_jaeger_ai|Конный егерь из Нассау
trp_rhine_mounted_jaeger_ai_pl|Конные егеря из Нассау
trp_rhine_uhlan_ai|Саксонский улан
trp_rhine_uhlan_ai_pl|Саксонские уланы
trp_rhine_light_dragoon_ai|Баденский легкий драгун
trp_rhine_light_dragoon_ai_pl|Баденские легкие драгуны
trp_rhine_cuirassier_ai|Вестфальский кирасир
trp_rhine_cuirassier_ai_pl|Вестфальские кирасиры
trp_rhine_garde_du_corps_ai|Саксонский конногвардеец
trp_rhine_garde_du_corps_ai_pl|Саксонские конногвардейцы
trp_rhine_arty_ai|Баварский артиллерист
trp_rhine_arty_ai_pl|Баварская артиллерия (Пушка)
trp_rhine_arty_alt_ai|Баварский артиллерист
trp_rhine_arty_alt_ai_pl|Баварская артиллерия (Гаубица)
trp_austrian_11_ai_pl|Немецкий линейный пехотинец
trp_austrian_11_ai|Немецкий линейный пехотинец
trp_austrian_16_ai_pl|Гренадеры
trp_austrian_16_ai|Немецкий гренадер
trp_austrian_24_ai_pl|Немецкий линейный пехотинец
trp_austrian_24_ai|Немецкий линейный пехотинец
trp_austrian_31_ai_pl|Венгерский линейный пехотинец
trp_austrian_31_ai|Венгерский линейный пехотинец
trp_austrian_34_ai_pl|Венгерский линейный пехотинец
trp_austrian_34_ai|Венгерский линейный пехотинец
trp_austrian_39_ai_pl|Венгерский линейный пехотинец
trp_austrian_39_ai|Венгерский линейный пехотинец
trp_austrian_4_ai_pl|Немецкий линейный пехотинец
trp_austrian_4_ai|Немецкий линейный пехотинец
trp_austrian_51_ai_pl|Немецкий линейный пехотинец
trp_austrian_51_ai|Венгерский линейный пехотинец
trp_austrian_56_ai_pl|Гренадеры
trp_austrian_56_ai|Немецкий гренадер
trp_austrian_59_ai_pl|Венгерский линейный пехотинец
trp_austrian_59_ai|Немецкий линейный пехотинец
trp_austrian_cuirassier5_ai_pl|Кирасиры
trp_austrian_cuirassier5_ai|Австрийский кирасир
trp_austrian_grenzer5_ai_pl|Граничары
trp_austrian_grenzer5_ai|Австрийский граничар
trp_austrian_horseart_ai_pl|Конная артиллерия
trp_austrian_horseart_ai|Австрийский Конная артиллерия
trp_austrian_hussar12_ai_pl|Гусары
trp_austrian_hussar12_ai|Австрийский гусар
trp_brit_canadian_horsemen_ai_pl|Канадская колониальная легкая кавалерия
trp_brit_canadian_horsemen_ai|Канадская колониальная легкая кавалерия
trp_brit_canadian_infantry_ai_pl|Канадская колониальная пехота
trp_brit_canadian_infantry_ai|Канадская колониальная пехота
trp_brit_horseart_ai_pl|Королевская конная артиллерия
trp_brit_horseart_ai|Королевская конная артиллерия
trp_brit_indian_ai_pl|Индийская пехота
trp_brit_indian_ai|Индийская пехота
trp_british_highlander78_ai_pl|Линейная пехота
trp_british_highlander78_ai|Британский линейный пехотинец
trp_british_hussar_ai_pl|Hussars
trp_british_hussar_ai|British Hussar
trp_british_infantry14_ai_pl|Линейная пехота
trp_british_infantry14_ai|Британский линейный пехотинец
trp_french_corses_ai_pl|Корсиканские стрелки
trp_french_corses_ai|Корсиканские стрелки
trp_french_foot_dragoon_ai_pl|драгуны
trp_french_foot_dragoon_ai|Французский драгун
trp_french_gendarme_ai_pl|Французский жандарм
trp_french_gendarme_ai|Французский жандарм
trp_french_guard_marines_ai_pl|Французская морская гвардия
trp_french_guard_marines_ai|Французская морская гвардия
trp_french_guard_light_ai|Французский вольтижер
trp_french_guard_light_ai_pl|Вольтижеры
trp_french_horseart_ai_pl|Конная артиллерия
trp_french_horseart_ai|Французская конная артиллерия
trp_french_hussar5_ai_pl|Hussars
trp_french_hussar5_ai|French Hussar
trp_french_infantry14_ai_pl|Линейная пехота
trp_french_infantry14_ai|Французский фузилер
trp_french_infantry3_ai_pl|Линейная пехота
trp_french_infantry3_ai|Французский фузилер
trp_french_infantry65_ai_pl|Линейная пехота
trp_french_infantry65_ai|Французский фузилер
trp_french_infantry_1er_ai_pl|Линейная пехота
trp_french_infantry_1er_ai|Французский фузилер
trp_french_infantry_swiss_ai_pl|Швейцарская линейная пехота
trp_french_infantry_swiss_ai|Швейцарская линейная пехота
trp_french_mounted_chasseur_ai_pl|Французский конный егерь
trp_french_mounted_chasseur_ai|Французский конный егерь
trp_nwe_rus_horse_arty_ai_pl|Русская конная артиллерия
trp_nwe_rus_horse_arty_ai|Русская конная артиллерия
trp_ottoman_arty_ai_pl|османская артиллерия (Пушка)
trp_ottoman_arty_ai|османская артиллерия
trp_ottoman_arty_alt_ai_pl|османская артиллерия (Гаубица)
trp_ottoman_arty_alt_ai|османская артиллерия
trp_ottoman_arty_guard_ai_pl|Османская артиллерийская гвардия
trp_ottoman_arty_guard_ai|Османская артиллерийская гвардия
trp_ottoman_bashi_ai_pl|Башибузуки
trp_ottoman_bashi_ai|Башибузуки
trp_ottoman_camel_cav_ai_pl|Легкая верблюжья кавалерия
trp_ottoman_camel_cav_ai|Османская Легкая верблюжья кавалерия
trp_ottoman_camel_heavy_cav_ai_pl|Тяжелая верблюжья кавалерия
trp_ottoman_camel_heavy_cav_ai|Османская Тяжелая верблюжья кавалерия
trp_ottoman_cuirassier_ai_pl|Кирасиры
trp_ottoman_cuirassier_ai|Османская кирасир
trp_ottoman_dragoon_ai_pl|драгуны
trp_ottoman_dragoon_ai|Османская драгун
trp_ottoman_heavy_cavalry_ai_pl|Мамлюки
trp_ottoman_heavy_cavalry_ai|Мамлюки
trp_ottoman_horseart_ai_pl|Конная артиллерия
trp_ottoman_horseart_ai|Османская конная артиллерия
trp_ottoman_horseart_guard_ai_pl|Османская Конная артиллерийская гвардия
trp_ottoman_horseart_guard_ai|Османская Конная артиллерийская гвардия
trp_ottoman_hussar_ai_pl|Hussars
trp_ottoman_hussar_ai|Османская Hussar
trp_ottoman_jani_ai_pl|Османская Янычар
trp_ottoman_jani_ai|Османская Янычар
trp_ottoman_jani_istanbul_ai_pl|Османская Янычар
trp_ottoman_jani_istanbul_ai|Османская Янычар
trp_ottoman_lancer_ai_pl|уланы
trp_ottoman_lancer_ai|Османская улан
trp_ottoman_levend_ai_pl|Линейная пехота
trp_ottoman_levend_ai|Османская линейный пехотинец
trp_ottoman_libyan_ai_pl|Ливийский бедуин
trp_ottoman_libyan_ai|Ливийский бедуин
trp_ottoman_light_ai_pl|Албанская легкая пехота
trp_ottoman_light_ai|Албанская легкая пехота
trp_ottoman_rifle_ai_pl|Османская стрелки
trp_ottoman_rifle_ai|Османская стрелки
trp_ottoman_ship_ai_pl|Моряки
trp_ottoman_ship_ai|Османская Sailor
trp_ottoman_ship_cannon_ai_pl|Моряки
trp_ottoman_ship_cannon_ai|Османская Морская артиллерия
trp_ottoman_ship_marine_ai_pl|морская пехота
trp_ottoman_ship_marine_ai|Османская морской
trp_ottoman_subara_ai_pl|Линейная пехота
trp_ottoman_subara_ai|Османская линейный пехотинец
trp_ottoman_uskudar_ai_pl|Линейная пехота
trp_ottoman_uskudar_ai|Османская линейный пехотинец
trp_pruss_brun_ai_pl|Пешая Гвардия
trp_pruss_brun_ai|Прусская пехотная гвардия
trp_pruss_cav_silesian_ai_pl|Кирасиры
trp_pruss_cav_silesian_ai|Прусская кирасир
trp_pruss_freiw_ai_pl|егерь
trp_pruss_freiw_ai|Прусская егерь
trp_pruss_horseart_ai_pl|Конная артиллерия
trp_pruss_horseart_ai|Прусская конная артиллерия
trp_rhine_grenadier_guard2_ai_pl|гвардейский гренадер
trp_rhine_grenadier_guard2_ai|Берга гвардейский гренадер
trp_rhine_horseart_ai_pl|Конная артиллерия
trp_rhine_horseart_ai|Саксонская конная артиллерия
trp_russian_butyrskiy_infantry_ai_pl|Линейная пехота
trp_russian_butyrskiy_infantry_ai|Русский линейный пехотинец
trp_russian_finnish_jaeger_ai_pl|Финский егерь
trp_russian_finnish_jaeger_ai|Финский егерь
trp_russian_glukhovskiy_cuirassier_ai_pl|Кирасиры
trp_russian_glukhovskiy_cuirassier_ai|Русский кирасир
trp_russian_internal_guard_ai_pl|Русский Внутренняя стража
trp_russian_internal_guard_ai|Русский Внутренняя стража
trp_russian_litovski_guard_ai_pl|Пешая Гвардия
trp_russian_litovski_guard_ai|Русский пеший гвардеец
trp_british_foot_guard1_ai|1-й гвардейский полк
trp_british_foot_guard1_ai_pl|Пешая гвардия
trp_british_hussar2_ai|2nd KGL Hussars
trp_british_hussar2_ai_pl|Гусары
trp_prussian_infantry_2_ai|2-й пехотный полк
trp_prussian_infantry_2_ai_pl|Линейная пехота
trp_prussian_infantry12_ai|12-й Бранденбургский пехотный полк
trp_prussian_infantry12_ai_pl|Линейная пехота
trp_prussian_infantry14_ai|14-й Вестфальский пехотный полк
trp_prussian_infantry14_ai_pl|Линейная пехота
trp_prussian_infantry18_ai|18-й пехотный полк
trp_prussian_infantry18_ai_pl|Линейная пехота
trp_prussian_infantry24_ai|24-й Бранденбургский пехотный полк
trp_prussian_infantry24_ai_pl|Линейная пехота
trp_prussian_infantry26_ai|26-й Магдебургский пехотный полк
trp_prussian_infantry26_ai_pl|Линейная пехота
trp_prussian_infantry_elbe_ai|2-й полк Эльбский ландвера
trp_prussian_infantry_elbe_ai_pl|Линейная пехота
trp_prussian_dragoon5_ai|5-й Бранденбургский драгунский полк
trp_prussian_dragoon5_ai_pl|Драгуны
trp_prussian_hussar_mhr_ai|10-й Магдебургский гусарский полк
trp_prussian_hussar_mhr_ai_pl|Гусары
trp_austrian_32_ai|32-й пехотный полк Эстерхази
trp_austrian_32_ai_pl|Линейная пехота
trp_italian_infantry1_ai|Итальянская линейная пехота
trp_italian_infantry2_ai|Итальянская линейная пехота
trp_italian_infantry3_ai|Итальянская линейная пехота
trp_italian_infantry4_ai|Итальянская линейная пехота
trp_italian_infantry5_ai|Итальянская линейная пехота
trp_italian_foot_guard1_ai|Итальянская пехотная гвардия
trp_italian_foot_guard2_ai|Итальянская пехотная гвардия
trp_italian_foot_guard3_ai|Итальянская пехотная гвардия
trp_italian_light_ai|Итальянская легкая пехота
trp_italian_rifle_ai|Итальянский егерь
trp_italian_hussar1_ai|Итальянский гусар
trp_italian_hussar2_ai|Итальянский гусар
trp_italian_dragoon_ai|Итальянский драгун
trp_italian_cuirassier1_ai|Итальянская конная гвардия
trp_italian_cuirassier2_ai|Итальянская конная гвардия
trp_italian_arty_ai|итальянская артиллерия
trp_italian_arty_alt_ai|итальянская артиллерия
trp_italian_horseart_ai|Итальянская конная артиллерия
trp_italian_ship_marine_ai|итальянская морская
trp_italian_ship_ai|итальянская морская
trp_italian_infantry1_ai_pl|Линейная пехота
trp_italian_infantry2_ai_pl|Линейная пехота
trp_italian_infantry3_ai_pl|Линейная пехота
trp_italian_infantry4_ai_pl|Линейная пехота
trp_italian_infantry5_ai_pl|Линейная пехота
trp_italian_foot_guard1_ai_pl|Пешая Гвардия
trp_italian_foot_guard2_ai_pl|Пешая Гвардия
trp_italian_foot_guard3_ai_pl|Пешая Гвардия
trp_italian_light_ai_pl|Легкая пехота
trp_italian_rifle_ai_pl|егерь
trp_italian_hussar1_ai_pl|Гусары
trp_italian_hussar2_ai_pl|Гусары
trp_italian_dragoon_ai_pl|драгуны
trp_italian_cuirassier1_ai_pl|Конная гвардия
trp_italian_cuirassier2_ai_pl|Конная гвардия
trp_italian_arty_ai_pl|Артиллерия (Пушка)
trp_italian_arty_alt_ai_pl|Артиллерия (Гаубица)
trp_italian_horseart_ai_pl|Конная артиллерия
trp_italian_ship_marine_ai_pl|морская пехота
trp_italian_ship_ai_pl|морская пехота
trp_rhine_infantry_saxony2_ai|Саксонский линейный пехотинец
trp_rhine_infantry_saxony2_ai_pl|Саксонская линейная пехота
trp_rhine_westphalian_hussar_ai|Вестфальский гусар
trp_rhine_westphalian_hussar_ai_pl|Гусары
trp_rhine_infantry_waldeck_ai|Пехотный батальон княжеств Уолдек
trp_rhine_infantry_waldeck_ai_pl|Линейная пехота
trp_rhine_wurt_guard_ai|Пеший караульный, Вюртемберг
trp_rhine_wurt_guard_ai_pl|Пешая гвардия
trp_russian_ship_marine_ai_pl|морская пехота
trp_russian_ship_ai_pl|морская пехота
trp_russian_ship_marine_ai|морская
trp_russian_ship_ai|морская
trp_british_infantry|33-й пехотный полк
trp_british_infantry_pl|Линейная пехота
trp_british_infantry_nco|33-й пехотный полк
trp_british_infantry_nco_pl|Сержант
trp_british_infantry_officer|33-й пехотный полк
trp_british_infantry_officer_pl|Офицер
trp_british_infantry_drum|33-й пехотный полк
trp_british_infantry_drum_pl|Барабанщик
trp_british_infantry_flute|33-й пехотный полк
trp_british_infantry_flute_pl|Флейтист
trp_british_infantry2|5-й линейный батальон Королевского Германского Легиона
trp_british_infantry2_pl|Линейная пехота
trp_british_infantry2_nco|Kings German Legion 5th Battalion
trp_british_infantry2_nco_pl|Сержант
trp_british_infantry2_officer|Kings German Legion 5th Battalion
trp_british_infantry2_officer_pl|Офицер
trp_british_infantry2_drum|Kings German Legion 5th Battalion
trp_british_infantry2_drum_pl|Барабанщик
trp_british_infantry2_flute|Kings German Legion 5th Battalion
trp_british_infantry2_flute_pl|Флейтист
trp_british_highlander|42-й пехотный полк хайлэндеров (Черная Стража)
trp_british_highlander_pl|Линейная пехота
trp_british_highlander_nco|42nd Highland Regiment of Foot
trp_british_highlander_nco_pl|Сержант
trp_british_highlander_officer|42nd Highland Regiment of Foot
trp_british_highlander_officer_pl|Офицер
trp_british_highlander_drum|42nd Highland Regiment of Foot
trp_british_highlander_drum_pl|Барабанщик
trp_british_highlander_pipes|42nd Highland Regiment of Foot
trp_british_highlander_pipes_pl|Волынщик
trp_british_foot_guard|2-й гвардейский полк (Колдстримские гвардейцы)
trp_british_foot_guard_pl|Пешая гвардия
trp_british_foot_guard_nco|2nd Regiment of Foot Guards (Coldstream)
trp_british_foot_guard_nco_pl|Сержант
trp_british_foot_guard_officer|2nd Regiment of Foot Guards (Coldstream)
trp_british_foot_guard_officer_pl|Офицер
trp_british_foot_guard_drum|2nd Regiment of Foot Guards (Coldstream)
trp_british_foot_guard_drum_pl|Барабанщик
trp_british_foot_guard_flute|2nd Regiment of Foot Guards (Coldstream)
trp_british_foot_guard_flute_pl|Флейтист
trp_british_light_infantry|51-й пехотный полк
trp_british_light_infantry_pl|Легкая пехота
trp_british_light_infantry_nco|51st Regiment of Foot
trp_british_light_infantry_nco_pl|Сержант
trp_british_light_infantry_officer|51st Regiment of Foot
trp_british_light_infantry_officer_pl|Офицер
trp_british_light_infantry_horn|51st Regiment of Foot
trp_british_light_infantry_horn_pl|Горнист
trp_british_rifle|95-й пехотный полк (Райфлз)
trp_british_rifle_pl|Стрелки
trp_british_rifle_nco|95th Rifle Regiment of Foot
trp_british_rifle_nco_pl|Сержант
trp_british_rifle_officer|95th Rifle Regiment of Foot
trp_british_rifle_officer_pl|Офицер
trp_british_rifle_horn|95th Rifle Regiment of Foot
trp_british_rifle_horn_pl|Горнист
trp_british_hussar|1st KGL Hussars
trp_british_hussar_pl|Гусары
trp_british_hussar_nco|1st KGL Hussars
trp_british_hussar_nco_pl|Штандартоносец
trp_british_hussar_officer|1st KGL Hussars
trp_british_hussar_officer_pl|Офицер
trp_british_hussar_trumpet|1st KGL Hussars
trp_british_hussar_trumpet_pl|Трубач
trp_british_light_dragoon|23-й полк легких драгун
trp_british_light_dragoon_pl|Легкая кавалерия
trp_british_light_dragoon_nco|23rd Light Dragoons
trp_british_light_dragoon_nco_pl|Штандартоносец
trp_british_light_dragoon_officer|23rd Light Dragoons
trp_british_light_dragoon_officer_pl|Офицер
trp_british_light_dragoon_trumpet|23rd Light Dragoons
trp_british_light_dragoon_trumpet_pl|Трубач
trp_british_dragoon|6-й драгунский полк ( Иннискиллингский)
trp_british_dragoon_pl|Тяжелая кавалерия
trp_british_dragoon_nco|6th (Inniskilling) Dragoons
trp_british_dragoon_nco_pl|Штандартоносец
trp_british_dragoon_officer|6th (Inniskilling) Dragoons
trp_british_dragoon_officer_pl|Офицер
trp_british_dragoon_trumpet|6th (Inniskilling) Dragoons
trp_british_dragoon_trumpet_pl|Трубач
trp_british_horseguard|Полк Королевской Конной Гвардии (Синие)
trp_british_horseguard_pl|Тяжелая кавалерия
trp_british_horseguard_nco|Royal Horse Guards Blue
trp_british_horseguard_nco_pl|Штандартоносец
trp_british_horseguard_officer|Royal Horse Guards Blue
trp_british_horseguard_officer_pl|Офицер
trp_british_horseguard_trumpet|Royal Horse Guards Blue
trp_british_horseguard_trumpet_pl|Трубач
trp_british_arty|Королевская пешая артиллерия
trp_british_arty_pl|Артиллерия
trp_british_arty_guard|Вооруженный артиллерист
trp_british_arty_guard_pl|Вооруженные артиллеристы
trp_british_arty_nco|Королевская пешая артиллерия
trp_british_arty_nco_pl|Ездовой артиллерийского поезда
trp_british_arty_officer|Royal Foot Artillery
trp_british_arty_officer_pl|Офицер
trp_british_rocket|2-я ракетная рота
trp_british_rocket_pl|Ракетная артиллерия
trp_british_medic|Хирург
trp_british_medic_pl|Хирурги
trp_british_sapper|Сапeр
trp_british_sapper_pl|Инженер
trp_british_ship|Корабельный экипаж
trp_british_ship_pl|Пехота
trp_british_ship_cannon|Корабельный экипаж
trp_british_ship_cannon_pl|Морская артиллерия
trp_british_ship_marine|Корабельный экипаж
trp_british_ship_marine_pl|Морской пехотинец, 1-й батальон - Королевская морская пехота.
trp_british_ship_captain|Корабельный экипаж
trp_british_ship_captain_pl|Капитан 1-го ранга, "Нептун
trp_wellington|Артур Уэлсли, 1-й герцог Веллингтон
trp_wellington_pl|Генерал
trp_french_infantry|45-й полк линейной пехоты
trp_french_infantry_pl|Линейная пехота
trp_french_infantry_nco|45e Regiment d'Infanterie de ligne
trp_french_infantry_nco_pl|Сержант
trp_french_infantry_officer|45e Regiment d'Infanterie de ligne
trp_french_infantry_officer_pl|Офицер
trp_french_infantry_drum|45e Regiment d'Infanterie de ligne
trp_french_infantry_drum_pl|Барабанщик
trp_french_infantry_flute|45e Regiment d'Infanterie de ligne
trp_french_infantry_flute_pl|Флейтист
trp_french_infantry2|84-й полк линейной пехоты (Один против десяти)
trp_french_infantry2_pl|Линейная пехота
trp_french_infantry2_nco|84e Regiment d'Infanterie de ligne
trp_french_infantry2_nco_pl|Сержант
trp_french_infantry2_officer|84e Regiment d'Infanterie de ligne
trp_french_infantry2_officer_pl|Офицер
trp_french_infantry2_drum|84e Regiment d'Infanterie de ligne
trp_french_infantry2_drum_pl|Барабанщик
trp_french_infantry2_flute|84e Regiment d'Infanterie de ligne
trp_french_infantry2_flute_pl|Флейтист
trp_french_infantry_vistula|3-й полк Легиона Вислы
trp_french_infantry_vistula_pl|Линейная пехота
trp_french_infantry_vistula_nco|Legion de la Vistule
trp_french_infantry_vistula_nco_pl|Сержант
trp_french_infantry_vistula_officer|Legion de la Vistule
trp_french_infantry_vistula_officer_pl|Офицер
trp_french_infantry_vistula_drum|Legion de la Vistule
trp_french_infantry_vistula_drum_pl|Барабанщик
trp_french_infantry_vistula_flute|Legion de la Vistule
trp_french_infantry_vistula_flute_pl|Флейтист
trp_french_old_guard|1-й полк пеших гренадер Императорской Гвардии (Ворчуны)
trp_french_old_guard_pl|Пешая гвардия
trp_french_old_guard_nco|1er Regiment de Grenadiers de la Garde Imperiale
trp_french_old_guard_nco_pl|Сержант
trp_french_old_guard_officer|1er Regiment de Grenadiers de la Garde Imperiale
trp_french_old_guard_officer_pl|Офицер
trp_french_old_guard_drum|1er Regiment de Grenadiers de la Garde Imperiale
trp_french_old_guard_drum_pl|Барабанщик
trp_french_old_guard_flute|1er Regiment de Grenadiers de la Garde Imperiale
trp_french_old_guard_flute_pl|Флейтист
trp_french_voltigeur|15-й полк лeгкой пехоты
trp_french_voltigeur_pl|Лeгкая пехота
trp_french_voltigeur_nco|15eme Regiment d'Infanterie Legere
trp_french_voltigeur_nco_pl|Сержант
trp_french_voltigeur_officer|15eme Regiment d'Infanterie Legere
trp_french_voltigeur_officer_pl|Офицер
trp_french_voltigeur_horn|15eme Regiment d'Infanterie Legere
trp_french_voltigeur_horn_pl|Горнист
trp_french_hussar|2-й гусарский полк
trp_french_hussar_pl|Гусары
trp_french_hussar_nco|2e Regiment de Hussards
trp_french_hussar_nco_pl|Сержант
trp_french_hussar_officer|2e Regiment de Hussards
trp_french_hussar_officer_pl|Офицер
trp_french_hussar_trumpet|2e Regiment de Hussards
trp_french_hussar_trumpet_pl|Трубач
trp_french_lancer|1-й полк шевольжер-улан Императорской Гвардии (Польские уланы)
trp_french_lancer_pl|Уланы
trp_french_lancer_nco|Regiment de Chevau-Legers Lanciers de la Garde
trp_french_lancer_nco_pl|Сержант
trp_french_lancer_officer|Regiment de Chevau-Legers Lanciers de la Garde
trp_french_lancer_officer_pl|Офицер
trp_french_lancer_trumpet|Regiment de Chevau-Legers Lanciers de la Garde
trp_french_lancer_trumpet_pl|Трубач
trp_french_dragoon|Драгунский полк Императорской Гвардии (Драгуны Императрицы)
trp_french_dragoon_pl|Драгуны
trp_french_dragoon_nco|Regiment de Dragons de l'Imperatrice
trp_french_dragoon_nco_pl|Сержант
trp_french_dragoon_officer|Regiment de Dragons de l'Imperatrice
trp_french_dragoon_officer_pl|Офицер
trp_french_dragoon_trumpet|Regiment de Dragons de l'Imperatrice
trp_french_dragoon_trumpet_pl|Трубач
trp_french_cuirassier|9-й кирасирский полк
trp_french_cuirassier_pl|Кирасиры
trp_french_cuirassier_nco|Cuirassiers
trp_french_cuirassier_nco_pl|Сержант
trp_french_cuirassier_officer|Cuirassiers
trp_french_cuirassier_officer_pl|Офицер
trp_french_cuirassier_trumpet|Cuirassiers
trp_french_cuirassier_trumpet_pl|Трубач
trp_french_carabineer|1-й карабинерский полк
trp_french_carabineer_pl|Карабинеры
trp_french_carabineer_nco|Carabineers
trp_french_carabineer_nco_pl|Сержант
trp_french_carabineer_officer|Carabineers
trp_french_carabineer_officer_pl|Офицер
trp_french_carabineer_trumpet|Carabineers
trp_french_carabineer_trumpet_pl|Трубач
trp_french_grenadier_a_cheval|Конно-гренадерский полк Императорской Гвардии
trp_french_grenadier_a_cheval_pl|Тяжелая кавалерия
trp_french_grenadier_a_cheval_nco|Regiment de Grenadiers a Cheval de la Garde
trp_french_grenadier_a_cheval_nco_pl|Сержант
trp_french_grenadier_a_cheval_officer|Regiment de Grenadiers a Cheval de la Garde
trp_french_grenadier_a_cheval_officer_pl|Офицер
trp_french_grenadier_a_cheval_trumpet|Regiment de Grenadiers a Cheval de la Garde
trp_french_grenadier_a_cheval_trumpet_pl|Трубач
trp_french_arty|Полк пешей артиллерии Старой Гвардии
trp_french_arty_pl|Артиллерия
trp_french_arty_guard|Вооруженный артиллерист
trp_french_arty_guard_pl|Вооруженные артиллеристы
trp_french_arty_nco|L'Artillerie
trp_french_arty_nco_pl|Ездовой артиллерийского поезда
trp_french_arty_officer|L'Artillerie
trp_french_arty_officer_pl|Офицер
trp_french_medic|Хирург второго класса
trp_french_medic_pl|Хирурги
trp_french_sapper|Сапeр
trp_french_sapper_pl|Инженер
trp_french_ship|Корабельный экипаж
trp_french_ship_pl|Пехота
trp_french_ship_cannon|Корабельный экипаж
trp_french_ship_cannon_pl|Морская артиллерия
trp_french_ship_marine|Корабельный экипаж
trp_french_ship_marine_pl|Морской пехотинец, 24-й батальон экипажей
trp_french_ship_captain|Корабельный экипаж
trp_french_ship_captain_pl|Капитан судна, "Отважный
trp_napoleon|Император Наполеон І Бонапарт
trp_napoleon_pl|Генерал
trp_prussian_infantry|8-й Бранденбургский пехотный полк
trp_prussian_infantry_pl|Линейная пехота
trp_prussian_infantry_nco|8. Infanterie Regiment
trp_prussian_infantry_nco_pl|Сержант
trp_prussian_infantry_officer|8. Infanterie Regiment
trp_prussian_infantry_officer_pl|Офицер
trp_prussian_infantry_drum|8. Infanterie Regiment
trp_prussian_infantry_drum_pl|Барабанщик
trp_prussian_infantry_flute|8. Infanterie Regiment
trp_prussian_infantry_flute_pl|Флейтист
trp_prussian_infantry2|23-й Рейнский пехотный полк
trp_prussian_infantry2_pl|Линейная пехота
trp_prussian_infantry2_nco|23. Rheinische Infanterie-Regiment
trp_prussian_infantry2_nco_pl|Сержант
trp_prussian_infantry2_officer|23. Rheinische Infanterie-Regiment
trp_prussian_infantry2_officer_pl|Офицер
trp_prussian_infantry2_drum|23. Rheinische Infanterie-Regiment
trp_prussian_infantry2_drum_pl|Барабанщик
trp_prussian_infantry2_flute|23. Rheinische Infanterie-Regiment
trp_prussian_infantry2_flute_pl|Флейтист
trp_prussian_infantry_kurmark|3-й полк Курмакского ландвера
trp_prussian_infantry_kurmark_pl|Линейная пехота
trp_prussian_infantry_kurmark_nco|3. Kurmark Landwehr
trp_prussian_infantry_kurmark_nco_pl|Сержант
trp_prussian_infantry_kurmark_officer|3. Kurmark Landwehr
trp_prussian_infantry_kurmark_officer_pl|Офицер
trp_prussian_infantry_kurmark_drum|3. Kurmark Landwehr
trp_prussian_infantry_kurmark_drum_pl|Барабанщик
trp_prussian_infantry_kurmark_flute|3. Kurmark Landwehr
trp_prussian_infantry_kurmark_flute_pl|Флейтист
trp_prussian_infantry_freikorps|Вольный корпус фон Лютцова
trp_prussian_infantry_freikorps_pl|Линейная пехота
trp_prussian_infantry_freikorps_nco|Lutzowsches Freikorps
trp_prussian_infantry_freikorps_nco_pl|Сержант
trp_prussian_infantry_freikorps_officer|Lutzowsches Freikorps
trp_prussian_infantry_freikorps_officer_pl|Офицер
trp_prussian_infantry_freikorps_drum|Lutzowsches Freikorps
trp_prussian_infantry_freikorps_drum_pl|Барабанщик
trp_prussian_infantry_freikorps_flute|Lutzowsches Freikorps
trp_prussian_infantry_freikorps_flute_pl|Флейтист
trp_prussian_infantry_15|1-й полк Пешей Гвардии
trp_prussian_infantry_15_pl|Пешая гвардия
trp_prussian_infantry_15_nco|1. Garde-Regiment zu Fuss
trp_prussian_infantry_15_nco_pl|Сержант
trp_prussian_infantry_15_officer|1. Garde-Regiment zu Fuss
trp_prussian_infantry_15_officer_pl|Офицер
trp_prussian_infantry_15_drum|1. Garde-Regiment zu Fuss
trp_prussian_infantry_15_drum_pl|Барабанщик
trp_prussian_infantry_15_flute|1. Garde-Regiment zu Fuss
trp_prussian_infantry_15_flute_pl|Флейтист
trp_prussian_infantry_rifle|Силезский стрелковый батальон
trp_prussian_infantry_rifle_pl|Стрелки
trp_prussian_infantry_rifle_nco|Schlesische Jaeger
trp_prussian_infantry_rifle_nco_pl|Унтер-офицер
trp_prussian_infantry_rifle_officer|Schlesische Jaeger
trp_prussian_infantry_rifle_officer_pl|Офицер
trp_prussian_infantry_rifle_horn|Schlesische Jaeger
trp_prussian_infantry_rifle_horn_pl|Горнист
trp_prussian_dragoon|6-й Ноймаркский драгунский полк
trp_prussian_dragoon_pl|Драгуны
trp_prussian_dragoon_nco|6. Dragoner Regiment
trp_prussian_dragoon_nco_pl|Штандартоносец
trp_prussian_dragoon_officer|6. Dragoner Regiment
trp_prussian_dragoon_officer_pl|Офицер
trp_prussian_dragoon_trumpet|6. Dragoner Regiment
trp_prussian_dragoon_trumpet_pl|Трубач
trp_prussian_hussar|1-й лейб-гусарский полк (Мертвая Голова)
trp_prussian_hussar_pl|Гусары
trp_prussian_hussar_nco|Death's Head Hussar Regiment
trp_prussian_hussar_nco_pl|Штандартоносец
trp_prussian_hussar_officer|Death's Head Hussar Regiment
trp_prussian_hussar_officer_pl|Офицер
trp_prussian_hussar_trumpet|Death's Head Hussar Regiment
trp_prussian_hussar_trumpet_pl|Трубач
trp_prussian_landwehr_cav|Вестфальский полк кавалерии ландвера
trp_prussian_landwehr_cav_pl|Уланы
trp_prussian_landwehr_cav_nco|Westfalische Landwehrkavallerie
trp_prussian_landwehr_cav_nco_pl|Штандартоносец
trp_prussian_landwehr_cav_officer|Westfalische Landwehrkavallerie
trp_prussian_landwehr_cav_officer_pl|Офицер
trp_prussian_landwehr_cav_trumpet|Westfalische Landwehrkavallerie
trp_prussian_landwehr_cav_trumpet_pl|Трубач
trp_prussian_cuirassier|3-й Бранденбургский кирасирский полк
trp_prussian_cuirassier_pl|Тяжелая кавалерия
trp_prussian_cuirassier_nco|3. Brandenburgische Kurassier Regiment
trp_prussian_cuirassier_nco_pl|Штандартоносец
trp_prussian_cuirassier_officer|3. Brandenburgische Kurassier Regiment
trp_prussian_cuirassier_officer_pl|Офицер
trp_prussian_cuirassier_trumpet|3. Brandenburgische Kurassier Regiment
trp_prussian_cuirassier_trumpet_pl|Трубач
trp_prussian_arty|36-й полк пешей артиллерии
trp_prussian_arty_pl|Артиллерия
trp_prussian_arty_guard|Артиллерийская охрана
trp_prussian_arty_guard_pl|Вооруженный артиллерист
trp_prussian_arty_nco|36. Regiment der Fussartillerie
trp_prussian_arty_nco_pl|Ездовой артиллерийского поезда
trp_prussian_arty_officer|36. Regiment der Fussartillerie
trp_prussian_arty_officer_pl|Офицер
trp_prussian_medic|Хирург
trp_prussian_medic_pl|Хирурги
trp_prussian_sapper|4-й Мансфельдский пионерный корпус
trp_prussian_sapper_pl|Инженер
trp_prussian_blucher|Генерал-фельдмаршал Гебхард Леберехт фон Блюхер
trp_prussian_blucher_pl|Генерал
trp_russian_partizan|Партизаны
trp_russian_partizan_pl|иррегулярные формирования
trp_russian_opol|Санкт-Петербургское ополчение
trp_russian_opol_pl|Ополчение
trp_russian_opol_nco|St Petersburg Opolcheniye
trp_russian_opol_nco_pl|Сержант
trp_russian_opol_officer|St Petersburg Opolcheniye
trp_russian_opol_officer_pl|Офицер
trp_russian_infantry|Симбирский пехотный полк
trp_russian_infantry_pl|Линейная пехота
trp_russian_infantry_nco|Simbirsk Infantry Regiment
trp_russian_infantry_nco_pl|Сержант
trp_russian_infantry_officer|Simbirsk Infantry Regiment
trp_russian_infantry_officer_pl|Офицер
trp_russian_infantry_drum|Simbirsk Infantry Regiment
trp_russian_infantry_drum_pl|Барабанщик
trp_russian_infantry_flute|Simbirsk Infantry Regiment
trp_russian_infantry_flute_pl|Флейтист
trp_russian_grenadier|Павловский гренадерский полк
trp_russian_grenadier_pl|Линейная пехота
trp_russian_grenadier_nco|Pavlovskiy Grenadier Regiment
trp_russian_grenadier_nco_pl|Сержант
trp_russian_grenadier_officer|Pavlovskiy Grenadier Regiment
trp_russian_grenadier_officer_pl|Офицер
trp_russian_grenadier_drum|Pavlovskiy Grenadier Regiment
trp_russian_grenadier_drum_pl|Барабанщик
trp_russian_grenadier_flute|Pavlovskiy Grenadier Regiment
trp_russian_grenadier_flute_pl|Флейтист
trp_russian_foot_guard|Лейб-Гвардии Преображенский полк
trp_russian_foot_guard_pl|Пешая гвардия
trp_russian_foot_guard_nco|Preobrazhenskiy Guard Regiment
trp_russian_foot_guard_nco_pl|Сержант
trp_russian_foot_guard_officer|Preobrazhenskiy Guard Regiment
trp_russian_foot_guard_officer_pl|Офицер
trp_russian_foot_guard_drum|Preobrazhenskiy Guard Regiment
trp_russian_foot_guard_drum_pl|Барабанщик
trp_russian_foot_guard_flute|Preobrazhenskiy Guard Regiment
trp_russian_foot_guard_flute_pl|Флейтист
trp_russian_infantry_rifle|21-й егерский полк
trp_russian_infantry_rifle_pl|Стрелки
trp_russian_infantry_rifle_nco|21st Jaeger Regiment
trp_russian_infantry_rifle_nco_pl|Унтер-офицер
trp_russian_infantry_rifle_officer|21st Jaeger Regiment
trp_russian_infantry_rifle_officer_pl|Офицер
trp_russian_infantry_rifle_horn|21st Jaeger Regiment
trp_russian_infantry_rifle_horn_pl|Горнист
trp_russian_hussar|Сумской гусарский полк
trp_russian_hussar_pl|Гусары
trp_russian_hussar_nco|Sumskiy Hussar Regiment
trp_russian_hussar_nco_pl|Унтер-офицер
trp_russian_hussar_officer|Sumskiy Hussar Regiment
trp_russian_hussar_officer_pl|Офицер
trp_russian_hussar_trumpet|Sumskiy Hussar Regiment
trp_russian_hussar_trumpet_pl|Трубач
trp_russian_uhlan|Литовский Уланский Полк
trp_russian_uhlan_pl|Улан
trp_russian_uhlan_nco|Литовские Уланы
trp_russian_uhlan_nco_pl|Штандартоносец
trp_russian_uhlan_officer|Литовские Уланы
trp_russian_uhlan_officer_pl|Офицер
trp_russian_uhlan_trumpet|Литовские Уланы
trp_russian_uhlan_trumpet_pl|Трубач
trp_russian_cossack|Донской Харитонова 7-го казачий полк
trp_russian_cossack_pl|Уланы
trp_russian_cossack_nco|Don Cossacks
trp_russian_cossack_nco_pl|Урядник
trp_russian_cossack_officer|Don Cossacks
trp_russian_cossack_officer_pl|Атаман
trp_russian_dragoon|Киевский драгунский полк
trp_russian_dragoon_pl|Драгуны
trp_russian_dragoon_nco|Kiev Dragoon Regiment
trp_russian_dragoon_nco_pl|Штандартоносец
trp_russian_dragoon_officer|Kiev Dragoon Regiment
trp_russian_dragoon_officer_pl|Офицер
trp_russian_dragoon_trumpet|Kiev Dragoon Regiment
trp_russian_dragoon_trumpet_pl|Трубач
trp_russian_horse_guard|Кавалергардский полк
trp_russian_horse_guard_pl|Кирасиры
trp_russian_horse_guard_nco|Chevaliers-Gardes
trp_russian_horse_guard_nco_pl|Штандартоносец
trp_russian_horse_guard_officer|Chevaliers-Gardes
trp_russian_horse_guard_officer_pl|Офицер
trp_russian_horse_guard_trumpet|Chevaliers-Gardes
trp_russian_horse_guard_trumpet_pl|Трубач
trp_russian_arty|8-я батарейная рота
trp_russian_arty_pl|Артиллерия
trp_russian_arty_guard|Орудийная охрана
trp_russian_arty_guard_pl|Вооруженный артиллерист
trp_russian_arty_nco|Artillery
trp_russian_arty_nco_pl|Ездовой артиллерийского поезда
trp_russian_arty_officer|Artillery
trp_russian_arty_officer_pl|Офицер
trp_russian_medic|Хирург
trp_russian_medic_pl|Хирург
trp_russian_sapper|Пионер 2-го Пионерского полка
trp_russian_sapper_pl|Инженер
trp_kutuzov|Генерал-фельдмаршал Михаил Илларионович Голенищев-Кутузов
trp_kutuzov_pl|Генерал
trp_austrian_infantry|14-й пехотный полк эрцгерцога Рудольфа
trp_austrian_infantry_pl|Линейная пехота
trp_austrian_infantry_nco|Infantrie Regiment Erzherzog Rudolf Nr. 14
trp_austrian_infantry_nco_pl|Сержант
trp_austrian_infantry_officer|Infantrie Regiment Erzherzog Rudolf Nr. 14
trp_austrian_infantry_officer_pl|Офицер
trp_austrian_infantry_drum|Infantrie Regiment Erzherzog Rudolf Nr. 14
trp_austrian_infantry_drum_pl|Барабанщик
trp_austrian_infantry_flute|Infantrie Regiment Erzherzog Rudolf Nr. 14
trp_austrian_infantry_flute_pl|Флейтист
trp_austrian_infantry2|62-й пехотный полк барона фон Вакана
trp_austrian_infantry2_pl|Линейная пехота
trp_austrian_infantry2_nco|Infantrie Regiment Freiherr von Wacquant Nr. 62
trp_austrian_infantry2_nco_pl|Сержант
trp_austrian_infantry2_officer|Infantrie Regiment Freiherr von Wacquant Nr. 62
trp_austrian_infantry2_officer_pl|Офицер
trp_austrian_infantry2_drum|Infantrie Regiment Freiherr von Wacquant Nr. 62
trp_austrian_infantry2_drum_pl|Барабанщик
trp_austrian_infantry2_flute|Infantrie Regiment Freiherr von Wacquant Nr. 62
trp_austrian_infantry2_flute_pl|Флейтист
trp_austrian_grenzer|3-й Огулинский граничарский полк
trp_austrian_grenzer_pl|Линейная/легкая пехотаа
trp_austrian_grenzer_nco|Grenz Regiment Oguliner Nr. 3
trp_austrian_grenzer_nco_pl|Сержант
trp_austrian_grenzer_officer|Grenz Regiment Oguliner Nr. 3
trp_austrian_grenzer_officer_pl|Офицер
trp_austrian_grenzer_drum|Grenz Regiment Oguliner Nr. 3
trp_austrian_grenzer_drum_pl|Барабанщик
trp_austrian_grenzer_flute|Grenz Regiment Oguliner Nr. 3
trp_austrian_grenzer_flute_pl|Флейтист
trp_austrian_grenadier|Гренадерский батальон Парселла
trp_austrian_grenadier_pl|Пешая гвардия
trp_austrian_grenadier_nco|Grenadier Battalion Purcell
trp_austrian_grenadier_nco_pl|Сержант
trp_austrian_grenadier_officer|Grenadier Battalion Purcell
trp_austrian_grenadier_officer_pl|Офицер
trp_austrian_grenadier_drum|Grenadier Battalion Purcell
trp_austrian_grenadier_drum_pl|Барабанщик
trp_austrian_grenadier_flute|Grenadier Battalion Purcell
trp_austrian_grenadier_flute_pl|Флейтист
trp_austrian_infantry_rifle|2-й егерский батальон
trp_austrian_infantry_rifle_pl|Стрелки
trp_austrian_infantry_rifle_nco|Jaeger Battalion 2
trp_austrian_infantry_rifle_nco_pl|Унтер-офицер
trp_austrian_infantry_rifle_officer|Jaeger Battalion 2
trp_austrian_infantry_rifle_officer_pl|Офицер
trp_austrian_infantry_rifle_horn|Jaeger Battalion 2
trp_austrian_infantry_rifle_horn_pl|Горнист
trp_austrian_hussar|4-й гусарский полк графа фон Гессен-Хомбурга
trp_austrian_hussar_pl|Гусары
trp_austrian_hussar_nco|Husar Regiment Graf von Hessen-Homburg Nr. 4
trp_austrian_hussar_nco_pl|Штандартоносец
trp_austrian_hussar_officer|Husar Regiment Graf von Hessen-Homburg Nr. 4
trp_austrian_hussar_officer_pl|Офицер
trp_austrian_hussar_trumpet|Husar Regiment Graf von Hessen-Homburg Nr. 4
trp_austrian_hussar_trumpet_pl|Трубач
trp_austrian_uhlan|2-й уланский полк Шварценберга
trp_austrian_uhlan_pl|Уланы
trp_austrian_uhlan_nco|Ulan Regiment Schwarzenberg Nr. 2
trp_austrian_uhlan_nco_pl|Штандартоносец
trp_austrian_uhlan_officer|Ulan Regiment Schwarzenberg Nr. 2
trp_austrian_uhlan_officer_pl|Офицер
trp_austrian_uhlan_trumpet|Ulan Regiment Schwarzenberg Nr. 2
trp_austrian_uhlan_trumpet_pl|Трубач
trp_austrian_light_horse|2-й шевольжерский полк князя фон Гогенцоллерна
trp_austrian_light_horse_pl|Легкая кавалерия
trp_austrian_light_horse_nco|Chevauleger Regiment Furst von Hohenzollern Nr. 2
trp_austrian_light_horse_nco_pl|Штандартоносец
trp_austrian_light_horse_officer|Chevauleger Regiment Furst von Hohenzollern Nr. 2
trp_austrian_light_horse_officer_pl|Офицер
trp_austrian_light_horse_trumpet|Chevauleger Regiment Furst von Hohenzollern Nr. 2
trp_austrian_light_horse_trumpet_pl|Трубач
trp_austrian_dragoon|5-й драгунский полк эрцгерцога Фердинанда
trp_austrian_dragoon_pl|Драгуны
trp_austrian_dragoon_nco|Dragoner Regiment Erzherzog Ferdinand Nr. 5
trp_austrian_dragoon_nco_pl|Сержант
trp_austrian_dragoon_officer|Dragoner Regiment Erzherzog Ferdinand Nr. 5
trp_austrian_dragoon_officer_pl|Офицер
trp_austrian_dragoon_trumpet|Dragoner Regiment Erzherzog Ferdinand Nr. 5
trp_austrian_dragoon_trumpet_pl|Трубач
trp_austrian_cuirassier|1-й кирасирский полк императора Франца
trp_austrian_cuirassier_pl|Кирасиры
trp_austrian_cuirassier_nco|Kurassier Regiment Kaiser Franz Nr. 1
trp_austrian_cuirassier_nco_pl|Штандартоносец
trp_austrian_cuirassier_officer|Kurassier Regiment Kaiser Franz Nr. 1
trp_austrian_cuirassier_officer_pl|Офицер
trp_austrian_cuirassier_trumpet|Kurassier Regiment Kaiser Franz Nr. 1
trp_austrian_cuirassier_trumpet_pl|Трубач
trp_austrian_arty|7-й артиллерийский полк принца Лотарингского
trp_austrian_arty_pl|Артиллерия
trp_austrian_arty_guard|Орудийная охрана
trp_austrian_arty_guard_pl|Вооруженный артиллерист
trp_austrian_arty_nco|Artillerie Regiment Prinz zu Lothringen Nr. 7
trp_austrian_arty_nco_pl|Ездовой артиллерийского поезда
trp_austrian_arty_officer|Artillerie Regiment Prinz zu Lothringen Nr. 7
trp_austrian_arty_officer_pl|Офицер
trp_austrian_medic|Хирург
trp_austrian_medic_pl|Хирурги
trp_austrian_sapper|1-й пионерский батальон
trp_austrian_sapper_pl|Инженер
trp_schwarzenberg|Генералиссимус Карл Филипп цу Шварценберг
trp_schwarzenberg_pl|Генерал
trp_rhine_infantry_bavaria|2-й пехотный полк Кронпринц, Бавария
trp_rhine_infantry_bavaria_pl|Рядовой линейной пехоты
trp_rhine_infantry_bavaria_nco|Баварский знаменосец
trp_rhine_infantry_bavaria_nco_pl|Сержант
trp_rhine_infantry_bavaria_officer|Офицер баварской пехоты
trp_rhine_infantry_bavaria_officer_pl|Офицер
trp_rhine_infantry_bavaria_drum|Барабанщик баварской пехоты
trp_rhine_infantry_bavaria_drum_pl|Барабанщик
trp_rhine_infantry_bavaria_flute|Флейтист баварской пехоты
trp_rhine_infantry_bavaria_flute_pl|Флейтист
trp_rhine_infantry_wurttemberg|2-й пехотный полк Герцог Вильгельм, Вюрттемберг
trp_rhine_infantry_wurttemberg_pl|Рядовой линейной пехоты
trp_rhine_infantry_wurttemberg_nco|Вюрттембергский знаменосец
trp_rhine_infantry_wurttemberg_nco_pl|Сержант
trp_rhine_infantry_wurttemberg_officer|Вюрттембергский офицер
trp_rhine_infantry_wurttemberg_officer_pl|Офицер
trp_rhine_infantry_wurttemberg_drum|Вюрттембергский барабанщик
trp_rhine_infantry_wurttemberg_drum_pl|Барабанщик
trp_rhine_infantry_wurttemberg_flute|Вюрттембергский флейтист
trp_rhine_infantry_wurttemberg_flute_pl|Флейтист
trp_rhine_infantry_saxony|Пехотный полк Принц Фридрих Август, Саксония
trp_rhine_infantry_saxony_pl|Рядовой линейной пехоты
trp_rhine_infantry_saxony_nco|Саксонский знаменосец
trp_rhine_infantry_saxony_nco_pl|Сержант
trp_rhine_infantry_saxony_officer|Саксонский офицер линейной пехоты
trp_rhine_infantry_saxony_officer_pl|Офицер
trp_rhine_infantry_saxony_drum|Саксонский барабанщик
trp_rhine_infantry_saxony_drum_pl|Барабанщик
trp_rhine_infantry_saxony_flute|Саксонский флейтист
trp_rhine_infantry_saxony_flute_pl|Флейтист
trp_rhine_infantry_wurttemberg2| 4-й пехотный полк фон Фракемон, Вюрттемберг
trp_rhine_infantry_wurttemberg2_pl|Гренадер линейной пехоты
trp_rhine_infantry_wurttemberg2_nco|Вюрттембергский знаменосец гренадер
trp_rhine_infantry_wurttemberg2_nco_pl|знаменосец
trp_rhine_infantry_wurttemberg2_officer|Вюрттембергский офицер гренадер
trp_rhine_infantry_wurttemberg2_officer_pl|Офицер
trp_rhine_infantry_wurttemberg2_drum|Вюрттембергский барабанщик гренадер
trp_rhine_infantry_wurttemberg2_drum_pl|Барабанщик
trp_rhine_infantry_wurttemberg2_flute|Вюрттембергский флейтист гренадер
trp_rhine_infantry_wurttemberg2_flute_pl|Флейтист
trp_rhine_grenadier_guard|Гвардейский гренадерский полк, Вестфалия
trp_rhine_grenadier_guard_pl|Гвардеец
trp_rhine_grenadier_guard_nco|Знаменосец вестфальских гвардейцев
trp_rhine_grenadier_guard_nco_pl|Сержант
trp_rhine_grenadier_guard_officer|Офицер вестфальских гвардейцев
trp_rhine_grenadier_guard_officer_pl|Офицер
trp_rhine_grenadier_guard_drum|Барабанщик вестфальских гвардейцев
trp_rhine_grenadier_guard_drum_pl|Барабанщик
trp_rhine_grenadier_guard_flute|Флейтист вестфальских гвардейцев
trp_rhine_grenadier_guard_flute_pl|Флейтист
trp_rhine_light_infantry_hessen|Пехотный полк Гросс унд Ербпринц, Гессен-Дармштадт
trp_rhine_light_infantry_hessen_pl|Рядовой легкой пехоты
trp_rhine_light_infantry_hessen_nco|Знаменосец гессенской легкой пехоты
trp_rhine_light_infantry_hessen_nco_pl|Сержант
trp_rhine_light_infantry_hessen_officer|Офицер гессенской легкой пехоты
trp_rhine_light_infantry_hessen_officer_pl|Офицер
trp_rhine_light_infantry_hessen_horn|Горнист гессенской легкой пехоты
trp_rhine_light_infantry_hessen_horn_pl|Горнист
trp_rhine_light_infantry_bavaria| 7-й батальон легкой пехоты, Бавария
trp_rhine_light_infantry_bavaria_pl|Стрелок
trp_rhine_light_infantry_bavaria_nco|Унтерофицер баварских стрелков
trp_rhine_light_infantry_bavaria_nco_pl|Сержант
trp_rhine_light_infantry_bavaria_officer|Офицер баварских стрелков
trp_rhine_light_infantry_bavaria_officer_pl|Офицер
trp_rhine_light_infantry_bavaria_horn|Горнист баварских стрелков
trp_rhine_light_infantry_bavaria_horn_pl|Горнист
trp_rhine_mounted_jaeger|Конно-егерский полк, Нассау
trp_rhine_mounted_jaeger_pl|Конный егерь
trp_rhine_mounted_jaeger_nco|Штандартоносец конных егерей Нассау
trp_rhine_mounted_jaeger_nco_pl|Штандартоносец
trp_rhine_mounted_jaeger_officer|Офицер конных егерей Нассау
trp_rhine_mounted_jaeger_officer_pl|Офицер
trp_rhine_mounted_jaeger_trumpet|Трубач конных егерей Нассау
trp_rhine_mounted_jaeger_trumpet_pl|Трубач
trp_rhine_uhlan|Уланский полк Принц Клеменс, Саксония
trp_rhine_uhlan_pl|Улан
trp_rhine_uhlan_nco|Штандартоносец саксонских улан
trp_rhine_uhlan_nco_pl|Штандартоносец
trp_rhine_uhlan_officer|Офицер саксонских улан
trp_rhine_uhlan_officer_pl|Офицер
trp_rhine_uhlan_trumpet|Трубач саксонских улан
trp_rhine_uhlan_trumpet_pl|Трубач
trp_rhine_light_dragoon| Легкий драгунский полк, Баден
trp_rhine_light_dragoon_pl|Легкий драгун
trp_rhine_light_dragoon_nco|Штандартоносец баденских легких драгун
trp_rhine_light_dragoon_nco_pl|Штандартоносец
trp_rhine_light_dragoon_officer|Офицер баденских легких драгун
trp_rhine_light_dragoon_officer_pl|Офицер
trp_rhine_light_dragoon_trumpet|Трубач баденских легких драгун
trp_rhine_light_dragoon_trumpet_pl|Трубач
trp_rhine_cuirassier|1-й кирасирский полк, Вестфалия
trp_rhine_cuirassier_pl|Кирасир
trp_rhine_cuirassier_nco|Штандартоносец вестфальских кирасир
trp_rhine_cuirassier_nco_pl|Штандартоносец
trp_rhine_cuirassier_officer|Офицер вестфальских кирасир
trp_rhine_cuirassier_officer_pl|Офицер
trp_rhine_cuirassier_trumpet|Трубач вестфальских кирасир
trp_rhine_cuirassier_trumpet_pl|Трубач
trp_rhine_garde_du_corps|Полк Гард дю Кор, Саксония
trp_rhine_garde_du_corps_pl|Конногвардеец
trp_rhine_garde_du_corps_nco|Штандартоносец саксонской конной гвардии
trp_rhine_garde_du_corps_nco_pl|Штандартоносец
trp_rhine_garde_du_corps_officer|Офицер саксонской конной гвардии
trp_rhine_garde_du_corps_officer_pl|Офицер
trp_rhine_garde_du_corps_trumpet|Трубач саксонской конной гвардии
trp_rhine_garde_du_corps_trumpet_pl|Трубач
trp_rhine_arty|Артиллерийский полк, Бавария
trp_rhine_arty_pl|Артиллерист
trp_rhine_arty_guard|Артиллерийская охрана
trp_rhine_arty_guard_pl|Вооруженный артиллерист
trp_rhine_arty_nco|Ездовой баварской артиллерии
trp_rhine_arty_nco_pl|Артиллерийский поезд
trp_rhine_arty_officer|Офицер баварской артиллерии
trp_rhine_arty_officer_pl|Офицер
trp_rhine_medic|Хирург 2 класса
trp_rhine_medic_pl|Хирург
trp_rhine_sapper|Пионер, Берг
trp_rhine_sapper_pl|Пионер
trp_friedrich_august|Фридрих Август I, король Саксонии
trp_friedrich_august_pl|Главнокомандующий
trp_british_infantry_flag_bearer|33-й пехотный полк
trp_british_infantry2_flag_bearer|5-й линейный батальон Королевского Германского Легиона
trp_british_highlander_flag_bearer|42-й пехотный полк хайлэндеров (Черная Стража)
trp_british_foot_guard_flag_bearer|2-й гвардейский полк (Колдстримские гвардейцы)
trp_british_light_infantry_flag_bearer|51-й пехотный полк
trp_british_rifle_flag_bearer|95-й пехотный полк (Райфлз)
trp_british_hussar_flag_bearer|1st KGL Hussars
trp_british_light_dragoon_flag_bearer|23-й полк легких драгун
trp_british_dragoon_flag_bearer|6-й драгунский полк ( Иннискиллингский)
trp_british_horseguard_flag_bearer|Полк Королевской Конной Гвардии (Синие)
trp_british_arty_flag_bearer|Королевская пешая артиллерия
trp_british_ship_flag_bearer|Корабельный экипаж
trp_french_infantry_flag_bearer|45-й полк линейной пехоты
trp_french_infantry2_flag_bearer|84-й полк линейной пехоты (Один против десяти)
trp_french_infantry_vistula_flag_bearer|3-й полк Легиона Вислы
trp_french_old_guard_flag_bearer|1-й полк пеших гренадер Императорской Гвардии (Ворчуны)
trp_french_voltigeur_flag_bearer|15-й полк лeгкой пехоты
trp_french_hussar_flag_bearer|2-й гусарский полк
trp_french_lancer_flag_bearer|1-й полк шевольжер-улан Императорской Гвардии (Польские уланы)
trp_french_dragoon_flag_bearer|Драгунский полк Императорской Гвардии (Драгуны Императрицы)
trp_french_cuirassier_flag_bearer|9-й кирасирский полк
trp_french_carabineer_flag_bearer|1-й карабинерский полк
trp_french_grenadier_a_cheval_flag_bearer|Конно-гренадерский полк Императорской Гвардии
trp_french_arty_flag_bearer|Полк пешей артиллерии Старой Гвардии
trp_french_ship_flag_bearer|Корабельный экипаж
trp_prussian_infantry_flag_bearer|8-й Бранденбургский пехотный полк
trp_prussian_infantry2_flag_bearer|23-й Рейнский пехотный полк
trp_prussian_infantry_kurmark_flag_bearer|3-й полк Курмакского ландвера
trp_prussian_infantry_freikorps_flag_bearer|Вольный корпус фон Лютцова
trp_prussian_infantry_15_flag_bearer|1-й полк Пешей Гвардии
trp_prussian_infantry_rifle_flag_bearer|Силезский стрелковый батальон
trp_prussian_dragoon_flag_bearer|6-й Ноймаркский драгунский полк
trp_prussian_hussar_flag_bearer|1-й лейб-гусарский полк (Мертвая Голова)
trp_prussian_landwehr_cav_flag_bearer|Вестфальский полк кавалерии ландвера
trp_prussian_cuirassier_flag_bearer|3-й Бранденбургский кирасирский полк
trp_prussian_arty_flag_bearer|36-й полк пешей артиллерии
trp_russian_opol_flag_bearer|Санкт-Петербургское ополчение
trp_russian_infantry_flag_bearer|Симбирский пехотный полк
trp_russian_grenadier_flag_bearer|Павловский гренадерский полк
trp_russian_foot_guard_flag_bearer|Лейб-Гвардии Преображенский полк
trp_russian_infantry_rifle_flag_bearer|21-й егерский полк
trp_russian_hussar_flag_bearer|Сумской гусарский полк
trp_russian_uhlan_flag_bearer|Литовский Уланский Полк
trp_russian_cossack_flag_bearer|Донской Харитонова 7-го казачий полк
trp_russian_dragoon_flag_bearer|Киевский драгунский полк
trp_russian_horse_guard_flag_bearer|Кавалергардский полк
trp_russian_arty_flag_bearer|8-я батарейная рота
trp_austrian_infantry_flag_bearer|14-й пехотный полк эрцгерцога Рудольфа
trp_austrian_infantry2_flag_bearer|62-й пехотный полк барона фон Вакана
trp_austrian_grenzer_flag_bearer|3-й Огулинский граничарский полк
trp_austrian_grenadier_flag_bearer|Гренадерский батальон Парселла
trp_austrian_infantry_rifle_flag_bearer|2-й егерский батальон
trp_austrian_hussar_flag_bearer|4-й гусарский полк графа фон Гессен-Хомбурга
trp_austrian_uhlan_flag_bearer|2-й уланский полк Шварценберга
trp_austrian_light_horse_flag_bearer|2-й шевольжерский полк князя фон Гогенцоллерна
trp_austrian_dragoon_flag_bearer|5-й драгунский полк эрцгерцога Фердинанда
trp_austrian_cuirassier_flag_bearer|1-й кирасирский полк императора Франца
trp_austrian_arty_flag_bearer|7-й артиллерийский полк принца Лотарингского
trp_rhine_infantry_bavaria_flag_bearer|2-й пехотный полк Кронпринц, Бавария
trp_rhine_infantry_wurttemberg_flag_bearer|2-й пехотный полк Герцог Вильгельм, Вюрттемберг
trp_rhine_infantry_saxony_flag_bearer|Пехотный полк Принц Фридрих Август, Саксония
trp_rhine_infantry_wurttemberg2_flag_bearer| 4-й пехотный полк фон Фракемон, Вюрттемберг
trp_rhine_grenadier_guard_flag_bearer|Гвардейский гренадерский полк, Вестфалия
trp_rhine_light_infantry_hessen_flag_bearer|Пехотный полк Гросс унд Ербпринц, Гессен-Дармштадт
trp_rhine_light_infantry_bavaria_flag_bearer| 7-й батальон легкой пехоты, Бавария
trp_rhine_mounted_jaeger_flag_bearer|Конно-егерский полк, Нассау
trp_rhine_uhlan_flag_bearer|Уланский полк Принц Клеменс, Саксония
trp_rhine_light_dragoon_flag_bearer| Легкий драгунский полк, Баден
trp_rhine_cuirassier_flag_bearer|1-й кирасирский полк, Вестфалия
trp_rhine_garde_du_corps_flag_bearer|Полк Гард дю Кор, Саксония
trp_rhine_arty_flag_bearer|Артиллерийский полк, Бавария
trp_british_infantry_flag_bearer_pl|Знаменосец
trp_british_infantry2_flag_bearer_pl|Знаменосец
trp_british_highlander_flag_bearer_pl|Знаменосец
trp_british_foot_guard_flag_bearer_pl|Знаменосец
trp_british_light_infantry_flag_bearer_pl|Знаменосец
trp_british_rifle_flag_bearer_pl|Знаменосец
trp_british_hussar_flag_bearer_pl|Знаменосец
trp_british_light_dragoon_flag_bearer_pl|Знаменосец
trp_british_dragoon_flag_bearer_pl|Знаменосец
trp_british_horseguard_flag_bearer_pl|Знаменосец
trp_british_arty_flag_bearer_pl|Знаменосец
trp_british_ship_flag_bearer_pl|Знаменосец
trp_french_infantry_flag_bearer_pl|Орлоносец
trp_french_infantry2_flag_bearer_pl|Орлоносец
trp_french_infantry_vistula_flag_bearer_pl|Орлоносец
trp_french_old_guard_flag_bearer_pl|Орлоносец
trp_french_voltigeur_flag_bearer_pl|Орлоносец
trp_french_hussar_flag_bearer_pl|Орлоносец
trp_french_lancer_flag_bearer_pl|Орлоносец
trp_french_dragoon_flag_bearer_pl|Орлоносец
trp_french_cuirassier_flag_bearer_pl|Орлоносец
trp_french_carabineer_flag_bearer_pl|Орлоносец
trp_french_grenadier_a_cheval_flag_bearer_pl|Орлоносец
trp_french_arty_flag_bearer_pl|Орлоносец
trp_french_ship_flag_bearer_pl|Орлоносец
trp_prussian_infantry_flag_bearer_pl|Знаменосец
trp_prussian_infantry2_flag_bearer_pl|Знаменосец
trp_prussian_infantry_kurmark_flag_bearer_pl|Знаменосец
trp_prussian_infantry_freikorps_flag_bearer_pl|Знаменосец
trp_prussian_infantry_15_flag_bearer_pl|Знаменосец
trp_prussian_infantry_rifle_flag_bearer_pl|Знаменосец
trp_prussian_dragoon_flag_bearer_pl|Знаменосец
trp_prussian_hussar_flag_bearer_pl|Знаменосец
trp_prussian_landwehr_cav_flag_bearer_pl|Знаменосец
trp_prussian_cuirassier_flag_bearer_pl|Знаменосец
trp_prussian_arty_flag_bearer_pl|Знаменосец
trp_russian_opol_flag_bearer_pl|Знаменосец
trp_russian_infantry_flag_bearer_pl|Знаменосец
trp_russian_grenadier_flag_bearer_pl|Знаменосец
trp_russian_foot_guard_flag_bearer_pl|Знаменосец
trp_russian_infantry_rifle_flag_bearer_pl|Знаменосец
trp_russian_hussar_flag_bearer_pl|Знаменосец
trp_russian_uhlan_flag_bearer_pl|Знаменосец
trp_russian_cossack_flag_bearer_pl|Знаменосец
trp_russian_dragoon_flag_bearer_pl|Знаменосец
trp_russian_horse_guard_flag_bearer_pl|Знаменосец
trp_russian_arty_flag_bearer_pl|Знаменосец
trp_austrian_infantry_flag_bearer_pl|Знаменосец
trp_austrian_infantry2_flag_bearer_pl|Знаменосец
trp_austrian_grenzer_flag_bearer_pl|Знаменосец
trp_austrian_grenadier_flag_bearer_pl|Знаменосец
trp_austrian_infantry_rifle_flag_bearer_pl|Знаменосец
trp_austrian_hussar_flag_bearer_pl|Знаменосец
trp_austrian_uhlan_flag_bearer_pl|Знаменосец
trp_austrian_light_horse_flag_bearer_pl|Знаменосец
trp_austrian_dragoon_flag_bearer_pl|Знаменосец
trp_austrian_cuirassier_flag_bearer_pl|Знаменосец
trp_austrian_arty_flag_bearer_pl|Знаменосец
trp_rhine_infantry_bavaria_flag_bearer_pl|Знаменосец
trp_rhine_infantry_wurttemberg_flag_bearer_pl|Знаменосец
trp_rhine_infantry_saxony_flag_bearer_pl|Знаменосец
trp_rhine_infantry_wurttemberg2_flag_bearer_pl|Знаменосец
trp_rhine_grenadier_guard_flag_bearer_pl|Знаменосец
trp_rhine_light_infantry_hessen_flag_bearer_pl|Знаменосец
trp_rhine_light_infantry_bavaria_flag_bearer_pl|Знаменосец
trp_rhine_mounted_jaeger_flag_bearer_pl|Знаменосец
trp_rhine_uhlan_flag_bearer_pl|Знаменосец
trp_rhine_light_dragoon_flag_bearer_pl|Знаменосец
trp_rhine_cuirassier_flag_bearer_pl|Знаменосец
trp_rhine_garde_du_corps_flag_bearer_pl|Знаменосец
trp_rhine_arty_flag_bearer_pl|Знаменосец
trp_brit_canadian_infantry|Канадская колониальная пехота
trp_brit_canadian_infantry_pl|Линейная пехота
trp_brit_canadian_infantry_flag_bearer|Канадская колониальная пехота
trp_brit_canadian_infantry_flag_bearer_pl|Знаменосец
trp_brit_canadian_infantry_nco|Канадская колониальная пехота
trp_brit_canadian_infantry_nco_pl|Сержант
trp_brit_canadian_infantry_officer|Канадская колониальная пехота
trp_brit_canadian_infantry_officer_pl|Офицер
trp_brit_canadian_infantry_drum|Канадская колониальная пехота
trp_brit_canadian_infantry_drum_pl|Барабанщик
trp_brit_canadian_infantry_flute|Канадская колониальная пехота
trp_brit_canadian_infantry_flute_pl|Флейтист
trp_british_infantry14|14-й пехотный полк (Бакингемшир)
trp_british_infantry14_pl|Линейная пехота
trp_british_infantry14_flag_bearer|14-й пехотный полк (Бакингемшир)
trp_british_infantry14_flag_bearer_pl|Знаменосец
trp_british_infantry14_nco|14-й пехотный полк (Бакингемшир)
trp_british_infantry14_nco_pl|Сержант
trp_british_infantry14_officer|14-й пехотный полк (Бакингемшир)
trp_british_infantry14_officer_pl|Офицер
trp_british_infantry14_drum|14-й пехотный полк (Бакингемшир)
trp_british_infantry14_drum_pl|Барабанщик
trp_british_infantry14_flute|14-й пехотный полк (Бакингемшир)
trp_british_infantry14_flute_pl|Флейтист
trp_british_highlander78|78-й пехотный полк (Россшир Баффс)
trp_british_highlander78_pl|Линейная пехота
trp_british_highlander78_flag_bearer|78-й пехотный полк (Россшир Баффс)
trp_british_highlander78_flag_bearer_pl|Знаменосец
trp_british_highlander78_nco|78-й пехотный полк (Россшир Баффс)
trp_british_highlander78_nco_pl|Сержант
trp_british_highlander78_officer|78-й пехотный полк (Россшир Баффс)
trp_british_highlander78_officer_pl|Офицер
trp_british_highlander78_drum|78-й пехотный полк (Россшир Баффс)
trp_british_highlander78_drum_pl|Барабанщик
trp_british_highlander78_pipes|78-й пехотный полк (Россшир Баффс)
trp_british_highlander78_pipes_pl|Волынщик
trp_brit_indian|5-й Западно-Индийский пехотный полк
trp_brit_indian_pl|Пешая гвардия
trp_brit_indian_flag_bearer|5-й Западно-Индийский пехотный полк
trp_brit_indian_flag_bearer_pl|Знаменосец
trp_brit_indian_nco|5-й Западно-Индийский пехотный полк
trp_brit_indian_nco_pl|Сержант
trp_brit_indian_officer|5-й Западно-Индийский пехотный полк
trp_brit_indian_officer_pl|Офицер
trp_brit_indian_drum|5-й Западно-Индийский пехотный полк
trp_brit_indian_drum_pl|Барабанщик
trp_brit_indian_flute|5-й Западно-Индийский пехотный полк
trp_brit_indian_flute_pl|Флейтист
trp_brit_canadian_horsemen|Канадская колониальная легкая кавалерия
trp_brit_canadian_horsemen_pl|Гусары
trp_brit_canadian_horsemen_flag_bearer|Канадская колониальная легкая кавалерия
trp_brit_canadian_horsemen_flag_bearer_pl|Знаменосец
trp_brit_canadian_horsemen_nco|Канадская колониальная легкая кавалерия
trp_brit_canadian_horsemen_nco_pl|Сержант
trp_brit_canadian_horsemen_officer|Канадская колониальная легкая кавалерия
trp_brit_canadian_horsemen_officer_pl|Офицер
trp_brit_canadian_horsemen_trumpet|Канадская колониальная легкая кавалерия
trp_brit_canadian_horsemen_trumpet_pl|Трубач
trp_brit_horseart|Королевская конная артиллерия
trp_brit_horseart_pl|Конная артиллерия
trp_brit_horseart_guard|Королевская конная артиллерия
trp_brit_horseart_guard_pl|Вооруженные артиллеристы
trp_brit_horseart_flag_bearer|Королевская конная артиллерия
trp_brit_horseart_flag_bearer_pl|Знаменосец
trp_brit_horseart_nco|Королевская конная артиллерия
trp_brit_horseart_nco_pl|Ездовой артиллерийского поезда
trp_brit_horseart_officer|Королевская конная артиллерия
trp_brit_horseart_officer_pl|Офицер
trp_french_infantry_swiss|4-й швейцарский пехотный полк
trp_french_infantry_swiss_pl|Линейная пехота
trp_french_infantry_swiss_flag_bearer|4-й швейцарский пехотный полк
trp_french_infantry_swiss_flag_bearer_pl|Знаменосец
trp_french_infantry_swiss_nco|4-й швейцарский пехотный полк
trp_french_infantry_swiss_nco_pl|Сержант
trp_french_infantry_swiss_officer|4-й швейцарский пехотный полк
trp_french_infantry_swiss_officer_pl|Офицер
trp_french_infantry_swiss_drum|4-й швейцарский пехотный полк
trp_french_infantry_swiss_drum_pl|Барабанщик
trp_french_infantry_swiss_flute|4-й швейцарский пехотный полк
trp_french_infantry_swiss_flute_pl|Флейтист
trp_french_infantry_1er|1-й полк линейной пехоты
trp_french_infantry_1er_pl|Линейная пехота
trp_french_infantry_1er_flag_bearer|1-й полк линейной пехоты
trp_french_infantry_1er_flag_bearer_pl|Знаменосец
trp_french_infantry_1er_nco|1-й полк линейной пехоты
trp_french_infantry_1er_nco_pl|Сержант
trp_french_infantry_1er_officer|1-й полк линейной пехоты
trp_french_infantry_1er_officer_pl|Офицер
trp_french_infantry_1er_drum|1-й полк линейной пехоты
trp_french_infantry_1er_drum_pl|Барабанщик
trp_french_infantry_1er_flute|1-й полк линейной пехоты
trp_french_infantry_1er_flute_pl|Флейтист
trp_french_infantry3|3-й полк линейной пехоты
trp_french_infantry3_pl|Линейная пехота
trp_french_infantry3_flag_bearer|3-й полк линейной пехоты
trp_french_infantry3_flag_bearer_pl|Знаменосец
trp_french_infantry3_nco|3-й полк линейной пехоты
trp_french_infantry3_nco_pl|Сержант
trp_french_infantry3_officer|3-й полк линейной пехоты
trp_french_infantry3_officer_pl|Офицер
trp_french_infantry3_drum|3-й полк линейной пехоты
trp_french_infantry3_drum_pl|Барабанщик
trp_french_infantry3_flute|3-й полк линейной пехоты
trp_french_infantry3_flute_pl|Флейтист
trp_french_infantry14|14-й полк линейной пехоты
trp_french_infantry14_pl|Линейная пехота
trp_french_infantry14_flag_bearer|14-й полк линейной пехоты
trp_french_infantry14_flag_bearer_pl|Знаменосец
trp_french_infantry14_nco|14-й полк линейной пехоты
trp_french_infantry14_nco_pl|Сержант
trp_french_infantry14_officer|14-й полк линейной пехоты
trp_french_infantry14_officer_pl|Офицер
trp_french_infantry14_drum|14-й полк линейной пехоты
trp_french_infantry14_drum_pl|Барабанщик
trp_french_infantry14_flute|14-й полк линейной пехоты
trp_french_infantry14_flute_pl|Флейтист
trp_french_infantry65|65-й полк линейной пехоты
trp_french_infantry65_pl|Линейная пехота
trp_french_infantry65_flag_bearer|65-й полк линейной пехоты
trp_french_infantry65_flag_bearer_pl|Знаменосец
trp_french_infantry65_nco|65-й полк линейной пехоты
trp_french_infantry65_nco_pl|Сержант
trp_french_infantry65_officer|65-й полк линейной пехоты
trp_french_infantry65_officer_pl|Офицер
trp_french_infantry65_drum|65-й полк линейной пехоты
trp_french_infantry65_drum_pl|Барабанщик
trp_french_infantry65_flute|65-й полк линейной пехоты
trp_french_infantry65_flute_pl|Флейтист
trp_french_guard_marines|Имперский гвардейский полк морской пехоты
trp_french_guard_marines_pl|Пешая гвардия
trp_french_guard_marines_flag_bearer|Имперский гвардейский полк морской пехоты
trp_french_guard_marines_flag_bearer_pl|Знаменосец
trp_french_guard_marines_nco|Имперский гвардейский полк морской пехоты
trp_french_guard_marines_nco_pl|Сержант
trp_french_guard_marines_officer|Имперский гвардейский полк морской пехоты
trp_french_guard_marines_officer_pl|Офицер
trp_french_guard_marines_drum|Имперский гвардейский полк морской пехоты
trp_french_guard_marines_drum_pl|Барабанщик
trp_french_guard_marines_flute|Имперский гвардейский полк морской пехоты
trp_french_guard_marines_flute_pl|Флейтист
trp_french_gendarme|Легион Имперской жандармерии
trp_french_gendarme_pl|Пешая гвардия
trp_french_gendarme_flag_bearer|Легион Имперской жандармерии
trp_french_gendarme_flag_bearer_pl|Знаменосец
trp_french_gendarme_nco|Легион Имперской жандармерии
trp_french_gendarme_nco_pl|Сержант
trp_french_gendarme_officer|Легион Имперской жандармерии
trp_french_gendarme_officer_pl|Офицер
trp_french_gendarme_drum|Легион Имперской жандармерии
trp_french_gendarme_drum_pl|Барабанщик
trp_french_gendarme_flute|Легион Имперской жандармерии
trp_french_gendarme_flute_pl|Флейтист
trp_french_guard_light|1-й вольтижерский полк Императорской гвардии
trp_french_guard_light_pl|Лeгкая пехота
trp_french_guard_light_flag_bearer|1-й вольтижерский полк Императорской гвардии
trp_french_guard_light_flag_bearer_pl|Знаменосец
trp_french_guard_light_nco|1-й вольтижерский полк Императорской гвардии
trp_french_guard_light_nco_pl|Сержант
trp_french_guard_light_officer|1-й вольтижерский полк Императорской гвардии
trp_french_guard_light_officer_pl|Офицер
trp_french_guard_light_horn|1-й вольтижерский полк Императорской гвардии
trp_french_guard_light_horn_pl|Горнист
trp_french_corses|Корсиканский стрелковый батальон
trp_french_corses_pl|Стрелки
trp_french_corses_flag_bearer|Корсиканский стрелковый батальон
trp_french_corses_flag_bearer_pl|Знаменосец
trp_french_corses_nco|Корсиканский стрелковый батальон
trp_french_corses_nco_pl|Сержант
trp_french_corses_officer|Корсиканский стрелковый батальон
trp_french_corses_officer_pl|Офицер
trp_french_corses_horn|Корсиканский стрелковый батальон
trp_french_corses_horn_pl|Горнист
trp_french_foot_dragoon|28-й пехотный драгунский полк
trp_french_foot_dragoon_pl|Стрелки
trp_french_foot_dragoon_flag_bearer|28-й пехотный драгунский полк
trp_french_foot_dragoon_flag_bearer_pl|Знаменосец
trp_french_foot_dragoon_nco|28-й пехотный драгунский полк
trp_french_foot_dragoon_nco_pl|Сержант
trp_french_foot_dragoon_officer|28-й пехотный драгунский полк
trp_french_foot_dragoon_officer_pl|Офицер
trp_french_foot_dragoon_horn|28-й пехотный драгунский полк
trp_french_foot_dragoon_horn_pl|Горнист
trp_french_hussar5|5-й гусарский полк
trp_french_hussar5_pl|Гусары
trp_french_hussar5_flag_bearer|5-й гусарский полк
trp_french_hussar5_flag_bearer_pl|Знаменосец
trp_french_hussar5_nco|5-й гусарский полк
trp_french_hussar5_nco_pl|Сержант
trp_french_hussar5_officer|5-й гусарский полк
trp_french_hussar5_officer_pl|Офицер
trp_french_hussar5_trumpet|5-й гусарский полк
trp_french_hussar5_trumpet_pl|Трубач
trp_french_mounted_chasseur|Егеря кавалерского гвардейского полка
trp_french_mounted_chasseur_pl|Драгуны
trp_french_mounted_chasseur_flag_bearer|Егеря кавалерского гвардейского полка
trp_french_mounted_chasseur_flag_bearer_pl|Знаменосец
trp_french_mounted_chasseur_nco|Егеря кавалерского гвардейского полка
trp_french_mounted_chasseur_nco_pl|Сержант
trp_french_mounted_chasseur_officer|Егеря кавалерского гвардейского полка
trp_french_mounted_chasseur_officer_pl|Офицер
trp_french_mounted_chasseur_trumpet|Егеря кавалерского гвардейского полка
trp_french_mounted_chasseur_trumpet_pl|Трубач
trp_french_horseart|французская конная артиллерия
trp_french_horseart_pl|Конная артиллерия
trp_french_horseart_guard|французская конная артиллерия
trp_french_horseart_guard_pl|Вооруженные артиллеристы
trp_french_horseart_flag_bearer|французская конная артиллерия
trp_french_horseart_flag_bearer_pl|Знаменосец
trp_french_horseart_nco|французская конная артиллерия
trp_french_horseart_nco_pl|Ездовой артиллерийского поезда
trp_french_horseart_officer|французская конная артиллерия
trp_french_horseart_officer_pl|Офицер
trp_pruss_brun|Брансуикский пехотный полк
trp_pruss_brun_pl|Пешая гвардия
trp_pruss_brun_flag_bearer|Брансуикский пехотный полк
trp_pruss_brun_flag_bearer_pl|Знаменосец
trp_pruss_brun_nco|Брансуикский пехотный полк
trp_pruss_brun_nco_pl|Сержант
trp_pruss_brun_officer|Брансуикский пехотный полк
trp_pruss_brun_officer_pl|Офицер
trp_pruss_brun_drum|Брансуикский пехотный полк
trp_pruss_brun_drum_pl|Барабанщик
trp_pruss_brun_flute|Брансуикский пехотный полк
trp_pruss_brun_flute_pl|Флейтист
trp_pruss_freiw|1. Силезский Ландвер, Охотники-добровольцы
trp_pruss_freiw_pl|Лeгкая пехота
trp_pruss_freiw_flag_bearer|1. Силезский Ландвер, Охотники-добровольцы
trp_pruss_freiw_flag_bearer_pl|Знаменосец
trp_pruss_freiw_nco|1. Силезский Ландвер, Охотники-добровольцы
trp_pruss_freiw_nco_pl|Сержант
trp_pruss_freiw_officer|1. Силезский Ландвер, Охотники-добровольцы
trp_pruss_freiw_officer_pl|Офицер
trp_pruss_freiw_horn|1. Силезский Ландвер, Охотники-добровольцы
trp_pruss_freiw_horn_pl|Горнист
trp_pruss_cav_silesian|1-й Силезский Курсасский полк
trp_pruss_cav_silesian_pl|Кирасиры
trp_pruss_cav_silesian_flag_bearer|1-й Силезский Курсасский полк
trp_pruss_cav_silesian_flag_bearer_pl|Знаменосец
trp_pruss_cav_silesian_nco|1-й Силезский Курсасский полк
trp_pruss_cav_silesian_nco_pl|Сержант
trp_pruss_cav_silesian_officer|1-й Силезский Курсасский полк
trp_pruss_cav_silesian_officer_pl|Офицер
trp_pruss_cav_silesian_trumpet|1-й Силезский Курсасский полк
trp_pruss_cav_silesian_trumpet_pl|Трубач
trp_pruss_horseart|20-й Установленная батарея
trp_pruss_horseart_pl|Конная артиллерия
trp_pruss_horseart_guard|20-й Установленная батарея
trp_pruss_horseart_guard_pl|Вооруженные артиллеристы
trp_pruss_horseart_flag_bearer|20-й Установленная батарея
trp_pruss_horseart_flag_bearer_pl|Знаменосец
trp_pruss_horseart_nco|20-й Установленная батарея
trp_pruss_horseart_nco_pl|Ездовой артиллерийского поезда
trp_pruss_horseart_officer|20-й Установленная батарея
trp_pruss_horseart_officer_pl|Офицер
trp_russian_butyrskiy_infantry|Бутырский пехотный полк
trp_russian_butyrskiy_infantry_pl|Линейная пехота
trp_russian_butyrskiy_infantry_flag_bearer|Бутырский пехотный полк
trp_russian_butyrskiy_infantry_flag_bearer_pl|Знаменосец
trp_russian_butyrskiy_infantry_nco|Бутырский пехотный полк
trp_russian_butyrskiy_infantry_nco_pl|Сержант
trp_russian_butyrskiy_infantry_officer|Бутырский пехотный полк
trp_russian_butyrskiy_infantry_officer_pl|Офицер
trp_russian_butyrskiy_infantry_drum|Бутырский пехотный полк
trp_russian_butyrskiy_infantry_drum_pl|Барабанщик
trp_russian_butyrskiy_infantry_flute|Бутырский пехотный полк
trp_russian_butyrskiy_infantry_flute_pl|Флейтист
trp_russian_internal_guard|Русский Внутренняя стража
trp_russian_internal_guard_pl|Линейная пехота
trp_russian_internal_guard_flag_bearer|Русский Внутренняя стража
trp_russian_internal_guard_flag_bearer_pl|Знаменосец
trp_russian_internal_guard_nco|Русский Внутренняя стража
trp_russian_internal_guard_nco_pl|Сержант
trp_russian_internal_guard_officer|Русский Внутренняя стража
trp_russian_internal_guard_officer_pl|Офицер
trp_russian_internal_guard_drum|Русский Внутренняя стража
trp_russian_internal_guard_drum_pl|Барабанщик
trp_russian_internal_guard_flute|Русский Внутренняя стража
trp_russian_internal_guard_flute_pl|Флейтист
trp_russian_litovski_guard|Лейб-Гвардий Литовский Польк
trp_russian_litovski_guard_pl|Пешая гвардия
trp_russian_litovski_guard_flag_bearer|Лейб-Гвардий Литовский Польк
trp_russian_litovski_guard_flag_bearer_pl|Знаменосец
trp_russian_litovski_guard_nco|Лейб-Гвардий Литовский Польк
trp_russian_litovski_guard_nco_pl|Сержант
trp_russian_litovski_guard_officer|Лейб-Гвардий Литовский Польк
trp_russian_litovski_guard_officer_pl|Офицер
trp_russian_litovski_guard_drum|Лейб-Гвардий Литовский Польк
trp_russian_litovski_guard_drum_pl|Барабанщик
trp_russian_litovski_guard_flute|Лейб-Гвардий Литовский Польк
trp_russian_litovski_guard_flute_pl|Флейтист
trp_russian_finnish_jaeger|Финляндский Лейб-Егерский Полк
trp_russian_finnish_jaeger_pl|Лeгкая пехота
trp_russian_finnish_jaeger_flag_bearer|Финляндский Лейб-Егерский Полк
trp_russian_finnish_jaeger_flag_bearer_pl|Знаменосец
trp_russian_finnish_jaeger_nco|Финляндский Лейб-Егерский Полк
trp_russian_finnish_jaeger_nco_pl|Сержант
trp_russian_finnish_jaeger_officer|Финляндский Лейб-Егерский Полк
trp_russian_finnish_jaeger_officer_pl|Офицер
trp_russian_finnish_jaeger_horn|Финляндский Лейб-Егерский Полк
trp_russian_finnish_jaeger_horn_pl|Горнист
trp_russian_glukhovskiy_cuirassier|Глуховский Кирасирский Полк
trp_russian_glukhovskiy_cuirassier_pl|Кирасиры
trp_russian_glukhovskiy_cuirassier_flag_bearer|Глуховский Кирасирский Полк
trp_russian_glukhovskiy_cuirassier_flag_bearer_pl|Знаменосец
trp_russian_glukhovskiy_cuirassier_nco|Глуховский Кирасирский Полк
trp_russian_glukhovskiy_cuirassier_nco_pl|Сержант
trp_russian_glukhovskiy_cuirassier_officer|Глуховский Кирасирский Полк
trp_russian_glukhovskiy_cuirassier_officer_pl|Офицер
trp_russian_glukhovskiy_cuirassier_trumpet|Глуховский Кирасирский Полк
trp_russian_glukhovskiy_cuirassier_trumpet_pl|Трубач
trp_nwe_rus_horse_arty|4-я Конно-Артиллерийская Рота
trp_nwe_rus_horse_arty_pl|Конная артиллерия
trp_nwe_rus_horse_arty_guard|4-я Конно-Артиллерийская Рота
trp_nwe_rus_horse_arty_guard_pl|Вооруженные артиллеристы
trp_nwe_rus_horse_arty_flag_bearer|4-я Конно-Артиллерийская Рота
trp_nwe_rus_horse_arty_flag_bearer_pl|Знаменосец
trp_nwe_rus_horse_arty_nco|4-я Конно-Артиллерийская Рота
trp_nwe_rus_horse_arty_nco_pl|Ездовой артиллерийского поезда
trp_nwe_rus_horse_arty_officer|4-я Конно-Артиллерийская Рота
trp_nwe_rus_horse_arty_officer_pl|Офицер
trp_austrian_4|4-й пехотный полк Хох и Дойчмайстер
trp_austrian_4_pl|Линейная пехота
trp_austrian_4_flag_bearer|4-й пехотный полк Хох и Дойчмайстер
trp_austrian_4_flag_bearer_pl|Знаменосец
trp_austrian_4_nco|4-й пехотный полк Хох и Дойчмайстер
trp_austrian_4_nco_pl|Сержант
trp_austrian_4_officer|4-й пехотный полк Хох и Дойчмайстер
trp_austrian_4_officer_pl|Офицер
trp_austrian_4_drum|4-й пехотный полк Хох и Дойчмайстер
trp_austrian_4_drum_pl|Барабанщик
trp_austrian_4_flute|4-й пехотный полк Хох и Дойчмайстер
trp_austrian_4_flute_pl|Флейтист
trp_austrian_11|11-й пехотный полк Райнер
trp_austrian_11_pl|Линейная пехота
trp_austrian_11_flag_bearer|11-й пехотный полк Райнер
trp_austrian_11_flag_bearer_pl|Знаменосец
trp_austrian_11_nco|11-й пехотный полк Райнер
trp_austrian_11_nco_pl|Сержант
trp_austrian_11_officer|11-й пехотный полк Райнер
trp_austrian_11_officer_pl|Офицер
trp_austrian_11_drum|11-й пехотный полк Райнер
trp_austrian_11_drum_pl|Барабанщик
trp_austrian_11_flute|11-й пехотный полк Райнер
trp_austrian_11_flute_pl|Флейтист
trp_austrian_24|24-й пехотный полк фон Штраух
trp_austrian_24_pl|Линейная пехота
trp_austrian_24_flag_bearer|24-й пехотный полк фон Штраух
trp_austrian_24_flag_bearer_pl|Знаменосец
trp_austrian_24_nco|24-й пехотный полк фон Штраух
trp_austrian_24_nco_pl|Сержант
trp_austrian_24_officer|24-й пехотный полк фон Штраух
trp_austrian_24_officer_pl|Офицер
trp_austrian_24_drum|24-й пехотный полк фон Штраух
trp_austrian_24_drum_pl|Барабанщик
trp_austrian_24_flute|24-й пехотный полк фон Штраух
trp_austrian_24_flute_pl|Флейтист
trp_austrian_31|31-й пехотный полк Бенжовский
trp_austrian_31_pl|Линейная пехота
trp_austrian_31_flag_bearer|31-й пехотный полк Бенжовский
trp_austrian_31_flag_bearer_pl|Знаменосец
trp_austrian_31_nco|31-й пехотный полк Бенжовский
trp_austrian_31_nco_pl|Сержант
trp_austrian_31_officer|31-й пехотный полк Бенжовский
trp_austrian_31_officer_pl|Офицер
trp_austrian_31_drum|31-й пехотный полк Бенжовский
trp_austrian_31_drum_pl|Барабанщик
trp_austrian_31_flute|31-й пехотный полк Бенжовский
trp_austrian_31_flute_pl|Флейтист
trp_austrian_34|34-й пехотный полк Барон фон Давидович
trp_austrian_34_pl|Линейная пехота
trp_austrian_34_flag_bearer|34-й пехотный полк Барон фон Давидович
trp_austrian_34_flag_bearer_pl|Знаменосец
trp_austrian_34_nco|34-й пехотный полк Барон фон Давидович
trp_austrian_34_nco_pl|Сержант
trp_austrian_34_officer|34-й пехотный полк Барон фон Давидович
trp_austrian_34_officer_pl|Офицер
trp_austrian_34_drum|34-й пехотный полк Барон фон Давидович
trp_austrian_34_drum_pl|Барабанщик
trp_austrian_34_flute|34-й пехотный полк Барон фон Давидович
trp_austrian_34_flute_pl|Флейтист
trp_austrian_39|39-й пехотный полк Барон Дука
trp_austrian_39_pl|Линейная пехота
trp_austrian_39_flag_bearer|39-й пехотный полк Барон Дука
trp_austrian_39_flag_bearer_pl|Знаменосец
trp_austrian_39_nco|39-й пехотный полк Барон Дука
trp_austrian_39_nco_pl|Сержант
trp_austrian_39_officer|39-й пехотный полк Барон Дука
trp_austrian_39_officer_pl|Офицер
trp_austrian_39_drum|39-й пехотный полк Барон Дука
trp_austrian_39_drum_pl|Барабанщик
trp_austrian_39_flute|39-й пехотный полк Барон Дука
trp_austrian_39_flute_pl|Флейтист
trp_austrian_51|51-й пехотный полк Сплени 'Адский легион'
trp_austrian_51_pl|Линейная пехота
trp_austrian_51_flag_bearer|51-й пехотный полк Сплени 'Адский легион'
trp_austrian_51_flag_bearer_pl|Знаменосец
trp_austrian_51_nco|51-й пехотный полк Сплени 'Адский легион'
trp_austrian_51_nco_pl|Сержант
trp_austrian_51_officer|51-й пехотный полк Сплени 'Адский легион'
trp_austrian_51_officer_pl|Офицер
trp_austrian_51_drum|51-й пехотный полк Сплени 'Адский легион'
trp_austrian_51_drum_pl|Барабанщик
trp_austrian_51_flute|51-й пехотный полк Сплени 'Адский легион'
trp_austrian_51_flute_pl|Флейтист
trp_austrian_59|59-й пехотный полк Александр фон Йордис
trp_austrian_59_pl|Линейная пехота
trp_austrian_59_flag_bearer|59-й пехотный полк Александр фон Йордис
trp_austrian_59_flag_bearer_pl|Знаменосец
trp_austrian_59_nco|59-й пехотный полк Александр фон Йордис
trp_austrian_59_nco_pl|Сержант
trp_austrian_59_officer|59-й пехотный полк Александр фон Йордис
trp_austrian_59_officer_pl|Офицер
trp_austrian_59_drum|59-й пехотный полк Александр фон Йордис
trp_austrian_59_drum_pl|Барабанщик
trp_austrian_59_flute|59-й пехотный полк Александр фон Йордис
trp_austrian_59_flute_pl|Флейтист
trp_austrian_16|16-й пехотный полк Lusignan
trp_austrian_16_pl|Пешая гвардия
trp_austrian_16_flag_bearer|16-й пехотный полк Lusignan
trp_austrian_16_flag_bearer_pl|Знаменосец
trp_austrian_16_nco|16-й пехотный полк Lusignan
trp_austrian_16_nco_pl|Сержант
trp_austrian_16_officer|16-й пехотный полк Lusignan
trp_austrian_16_officer_pl|Офицер
trp_austrian_16_drum|16-й пехотный полк Lusignan
trp_austrian_16_drum_pl|Барабанщик
trp_austrian_16_flute|16-й пехотный полк Lusignan
trp_austrian_16_flute_pl|Флейтист
trp_austrian_56|56-й пехотный полк Graf Wenzel Colloredo
trp_austrian_56_pl|Пешая гвардия
trp_austrian_56_flag_bearer|56-й пехотный полк Graf Wenzel Colloredo
trp_austrian_56_flag_bearer_pl|Знаменосец
trp_austrian_56_nco|56-й пехотный полк Graf Wenzel Colloredo
trp_austrian_56_nco_pl|Сержант
trp_austrian_56_officer|56-й пехотный полк Graf Wenzel Colloredo
trp_austrian_56_officer_pl|Офицер
trp_austrian_56_drum|56-й пехотный полк Graf Wenzel Colloredo
trp_austrian_56_drum_pl|Барабанщик
trp_austrian_56_flute|56-й пехотный полк Graf Wenzel Colloredo
trp_austrian_56_flute_pl|Флейтист
trp_austrian_grenzer5|5-й крейсер Варасдинер граничарский полк
trp_austrian_grenzer5_pl|Лeгкая пехота
trp_austrian_grenzer5_flag_bearer|5-й крейсер Варасдинер граничарский полк
trp_austrian_grenzer5_flag_bearer_pl|Знаменосец
trp_austrian_grenzer5_nco|5-й крейсер Варасдинер граничарский полк
trp_austrian_grenzer5_nco_pl|Сержант
trp_austrian_grenzer5_officer|5-й крейсер Варасдинер граничарский полк
trp_austrian_grenzer5_officer_pl|Офицер
trp_austrian_grenzer5_horn|5-й крейсер Варасдинер граничарский полк
trp_austrian_grenzer5_horn_pl|Горнист
trp_austrian_hussar12|12-й гусарский полк 'Палатин-гусарен'
trp_austrian_hussar12_pl|Гусары
trp_austrian_hussar12_flag_bearer|12-й гусарский полк 'Палатин-гусарен'
trp_austrian_hussar12_flag_bearer_pl|Знаменосец
trp_austrian_hussar12_nco|12-й гусарский полк 'Палатин-гусарен'
trp_austrian_hussar12_nco_pl|Сержант
trp_austrian_hussar12_officer|12-й гусарский полк 'Палатин-гусарен'
trp_austrian_hussar12_officer_pl|Офицер
trp_austrian_hussar12_trumpet|12-й гусарский полк 'Палатин-гусарен'
trp_austrian_hussar12_trumpet_pl|Трубач
trp_austrian_cuirassier5|5-й кирасирский полк Маркиз Соммарива
trp_austrian_cuirassier5_pl|Кирасиры
trp_austrian_cuirassier5_flag_bearer|5-й кирасирский полк Маркиз Соммарива
trp_austrian_cuirassier5_flag_bearer_pl|Знаменосец
trp_austrian_cuirassier5_nco|5-й кирасирский полк Маркиз Соммарива
trp_austrian_cuirassier5_nco_pl|Сержант
trp_austrian_cuirassier5_officer|5-й кирасирский полк Маркиз Соммарива
trp_austrian_cuirassier5_officer_pl|Офицер
trp_austrian_cuirassier5_trumpet|5-й кирасирский полк Маркиз Соммарива
trp_austrian_cuirassier5_trumpet_pl|Трубач
trp_austrian_horseart|Кавалерийская батарея
trp_austrian_horseart_pl|Конная артиллерия
trp_austrian_horseart_guard|Кавалерийская батарея
trp_austrian_horseart_guard_pl|Вооруженные артиллеристы
trp_austrian_horseart_flag_bearer|Кавалерийская батарея
trp_austrian_horseart_flag_bearer_pl|Знаменосец
trp_austrian_horseart_nco|Кавалерийская батарея
trp_austrian_horseart_nco_pl|Ездовой артиллерийского поезда
trp_austrian_horseart_officer|Кавалерийская батарея
trp_austrian_horseart_officer_pl|Офицер
trp_rhine_grenadier_guard2|Гвардейский гренадерский полк, Берг
trp_rhine_grenadier_guard2_pl|Пешая гвардия
trp_rhine_grenadier_guard2_flag_bearer|Гвардейский гренадерский полк, Берг
trp_rhine_grenadier_guard2_flag_bearer_pl|Знаменосец
trp_rhine_grenadier_guard2_nco|Гвардейский гренадерский полк, Берг
trp_rhine_grenadier_guard2_nco_pl|Сержант
trp_rhine_grenadier_guard2_officer|Гвардейский гренадерский полк, Берг
trp_rhine_grenadier_guard2_officer_pl|Офицер
trp_rhine_grenadier_guard2_drum|Гвардейский гренадерский полк, Берг
trp_rhine_grenadier_guard2_drum_pl|Барабанщик
trp_rhine_grenadier_guard2_flute|Гвардейский гренадерский полк, Берг
trp_rhine_grenadier_guard2_flute_pl|Флейтист
trp_rhine_horseart|Конная батарея, Саксония
trp_rhine_horseart_pl|Конная артиллерия
trp_rhine_horseart_guard|Конная батарея, Саксония
trp_rhine_horseart_guard_pl|Вооруженные артиллеристы
trp_rhine_horseart_flag_bearer|Конная батарея, Саксония
trp_rhine_horseart_flag_bearer_pl|Знаменосец
trp_rhine_horseart_nco|Конная батарея, Саксония
trp_rhine_horseart_nco_pl|Ездовой артиллерийского поезда
trp_rhine_horseart_officer|Конная батарея, Саксония
trp_rhine_horseart_officer_pl|Офицер
trp_ottoman_levend|Левиндский пехотный полк
trp_ottoman_levend_pl|Линейная пехота
trp_ottoman_levend_flag_bearer|Левиндский пехотный полк
trp_ottoman_levend_flag_bearer_pl|Знаменосец
trp_ottoman_levend_nco|Левиндский пехотный полк
trp_ottoman_levend_nco_pl|Сержант
trp_ottoman_levend_officer|Левиндский пехотный полк
trp_ottoman_levend_officer_pl|Офицер
trp_ottoman_levend_drum|Левиндский пехотный полк
trp_ottoman_levend_drum_pl|Барабанщик
trp_ottoman_levend_flute|Левиндский пехотный полк
trp_ottoman_levend_flute_pl|Флейтист
trp_ottoman_uskudar|Ускюдарский полк
trp_ottoman_uskudar_pl|Линейная пехота
trp_ottoman_uskudar_flag_bearer|Ускюдарский полк
trp_ottoman_uskudar_flag_bearer_pl|Знаменосец
trp_ottoman_uskudar_nco|Ускюдарский полк
trp_ottoman_uskudar_nco_pl|Сержант
trp_ottoman_uskudar_officer|Ускюдарский полк
trp_ottoman_uskudar_officer_pl|Офицер
trp_ottoman_uskudar_drum|Ускюдарский полк
trp_ottoman_uskudar_drum_pl|Барабанщик
trp_ottoman_uskudar_flute|Ускюдарский полк
trp_ottoman_uskudar_flute_pl|Флейтист
trp_ottoman_libyan|Ливийский бедуин
trp_ottoman_libyan_pl|Линейная пехота
trp_ottoman_libyan_flag_bearer|Ливийский бедуин
trp_ottoman_libyan_flag_bearer_pl|Знаменосец
trp_ottoman_libyan_nco|Ливийский бедуин
trp_ottoman_libyan_nco_pl|Сержант
trp_ottoman_libyan_officer|Ливийский бедуин
trp_ottoman_libyan_officer_pl|Офицер
trp_ottoman_libyan_drum|Ливийский бедуин
trp_ottoman_libyan_drum_pl|Барабанщик
trp_ottoman_libyan_flute|Ливийский бедуин
trp_ottoman_libyan_flute_pl|Флейтист
trp_ottoman_subara|Солдат Шубара
trp_ottoman_subara_pl|Линейная пехота
trp_ottoman_subara_flag_bearer|Солдат Шубара
trp_ottoman_subara_flag_bearer_pl|Знаменосец
trp_ottoman_subara_nco|Солдат Шубара
trp_ottoman_subara_nco_pl|Сержант
trp_ottoman_subara_officer|Солдат Шубара
trp_ottoman_subara_officer_pl|Офицер
trp_ottoman_subara_drum|Солдат Шубара
trp_ottoman_subara_drum_pl|Барабанщик
trp_ottoman_subara_flute|Солдат Шубара
trp_ottoman_subara_flute_pl|Флейтист
trp_ottoman_jani|Янычарский корпус - 1-я дивизия
trp_ottoman_jani_pl|Пешая гвардия
trp_ottoman_jani_flag_bearer|Янычарский корпус - 1-я дивизия
trp_ottoman_jani_flag_bearer_pl|Знаменосец
trp_ottoman_jani_nco|Янычарский корпус - 1-я дивизия
trp_ottoman_jani_nco_pl|Сержант
trp_ottoman_jani_officer|Янычарский корпус - 1-я дивизия
trp_ottoman_jani_officer_pl|Офицер
trp_ottoman_jani_drum|Янычарский корпус - 1-я дивизия
trp_ottoman_jani_drum_pl|Барабанщик
trp_ottoman_jani_flute|Янычарский корпус - 1-я дивизия
trp_ottoman_jani_flute_pl|Флейтист
trp_ottoman_jani_istanbul|Янычарский корпус - Центральный Стамбул
trp_ottoman_jani_istanbul_pl|Пешая гвардия
trp_ottoman_jani_istanbul_flag_bearer|Янычарский корпус - Центральный Стамбул
trp_ottoman_jani_istanbul_flag_bearer_pl|Знаменосец
trp_ottoman_jani_istanbul_nco|Янычарский корпус - Центральный Стамбул
trp_ottoman_jani_istanbul_nco_pl|Сержант
trp_ottoman_jani_istanbul_officer|Янычарский корпус - Центральный Стамбул
trp_ottoman_jani_istanbul_officer_pl|Офицер
trp_ottoman_jani_istanbul_drum|Янычарский корпус - Центральный Стамбул
trp_ottoman_jani_istanbul_drum_pl|Барабанщик
trp_ottoman_jani_istanbul_flute|Янычарский корпус - Центральный Стамбул
trp_ottoman_jani_istanbul_flute_pl|Флейтист
trp_ottoman_light|Албанские солдаты
trp_ottoman_light_pl|Лeгкая пехота
trp_ottoman_light_flag_bearer|Албанские солдаты
trp_ottoman_light_flag_bearer_pl|Знаменосец
trp_ottoman_light_nco|Албанские солдаты
trp_ottoman_light_nco_pl|Сержант
trp_ottoman_light_officer|Албанские солдаты
trp_ottoman_light_officer_pl|Офицер
trp_ottoman_light_horn|Албанские солдаты
trp_ottoman_light_horn_pl|Горнист
trp_ottoman_rifle|Стрелки Лаза
trp_ottoman_rifle_pl|Стрелки
trp_ottoman_rifle_flag_bearer|Стрелки Лаза
trp_ottoman_rifle_flag_bearer_pl|Знаменосец
trp_ottoman_rifle_nco|Стрелки Лаза
trp_ottoman_rifle_nco_pl|Сержант
trp_ottoman_rifle_officer|Стрелки Лаза
trp_ottoman_rifle_officer_pl|Офицер
trp_ottoman_rifle_horn|Стрелки Лаза
trp_ottoman_rifle_horn_pl|Горнист
trp_ottoman_hussar|Дели Гусары
trp_ottoman_hussar_pl|Гусары
trp_ottoman_hussar_flag_bearer|Дели Гусары
trp_ottoman_hussar_flag_bearer_pl|Знаменосец
trp_ottoman_hussar_nco|Дели Гусары
trp_ottoman_hussar_nco_pl|Сержант
trp_ottoman_hussar_officer|Дели Гусары
trp_ottoman_hussar_officer_pl|Офицер
trp_ottoman_hussar_trumpet|Дели Гусары
trp_ottoman_hussar_trumpet_pl|Трубач
trp_ottoman_camel_cav|Верблюжья кавалерия
trp_ottoman_camel_cav_pl|Легкая верблюжья кавалерия
trp_ottoman_camel_cav_flag_bearer|Верблюжья кавалерия
trp_ottoman_camel_cav_flag_bearer_pl|Знаменосец
trp_ottoman_camel_cav_nco|Верблюжья кавалерия
trp_ottoman_camel_cav_nco_pl|Сержант
trp_ottoman_camel_cav_officer|Верблюжья кавалерия
trp_ottoman_camel_cav_officer_pl|Офицер
trp_ottoman_camel_cav_trumpet|Верблюжья кавалерия
trp_ottoman_camel_cav_trumpet_pl|Трубач
trp_ottoman_lancer|Сипахи
trp_ottoman_lancer_pl|Уланы
trp_ottoman_lancer_flag_bearer|Сипахи
trp_ottoman_lancer_flag_bearer_pl|Знаменосец
trp_ottoman_lancer_nco|Сипахи
trp_ottoman_lancer_nco_pl|Сержант
trp_ottoman_lancer_officer|Сипахи
trp_ottoman_lancer_officer_pl|Офицер
trp_ottoman_lancer_trumpet|Сипахи
trp_ottoman_lancer_trumpet_pl|Трубач
trp_ottoman_dragoon|Кавалерия Секбана
trp_ottoman_dragoon_pl|Драгуны
trp_ottoman_dragoon_flag_bearer|Кавалерия Секбана
trp_ottoman_dragoon_flag_bearer_pl|Знаменосец
trp_ottoman_dragoon_nco|Кавалерия Секбана
trp_ottoman_dragoon_nco_pl|Сержант
trp_ottoman_dragoon_officer|Кавалерия Секбана
trp_ottoman_dragoon_officer_pl|Офицер
trp_ottoman_dragoon_trumpet|Кавалерия Секбана
trp_ottoman_dragoon_trumpet_pl|Трубач
trp_ottoman_cuirassier|Капыкулу Сипахис
trp_ottoman_cuirassier_pl|Кирасиры
trp_ottoman_cuirassier_flag_bearer|Капыкулу Сипахис
trp_ottoman_cuirassier_flag_bearer_pl|Знаменосец
trp_ottoman_cuirassier_nco|Капыкулу Сипахис
trp_ottoman_cuirassier_nco_pl|Сержант
trp_ottoman_cuirassier_officer|Капыкулу Сипахис
trp_ottoman_cuirassier_officer_pl|Офицер
trp_ottoman_cuirassier_trumpet|Капыкулу Сипахис
trp_ottoman_cuirassier_trumpet_pl|Трубач
trp_ottoman_heavy_cavalry|Мамлюки
trp_ottoman_heavy_cavalry_pl|Тяжелая кавалерия
trp_ottoman_heavy_cavalry_flag_bearer|Мамлюки
trp_ottoman_heavy_cavalry_flag_bearer_pl|Знаменосец
trp_ottoman_heavy_cavalry_nco|Мамлюки
trp_ottoman_heavy_cavalry_nco_pl|Сержант
trp_ottoman_heavy_cavalry_officer|Мамлюки
trp_ottoman_heavy_cavalry_officer_pl|Офицер
trp_ottoman_heavy_cavalry_trumpet|Мамлюки
trp_ottoman_heavy_cavalry_trumpet_pl|Трубач
trp_ottoman_camel_heavy_cav|Верблюжья Конная гвардия
trp_ottoman_camel_heavy_cav_pl|Тяжелая верблюжья кавалерия
trp_ottoman_camel_heavy_cav_flag_bearer|Верблюжья Конная гвардия
trp_ottoman_camel_heavy_cav_flag_bearer_pl|Знаменосец
trp_ottoman_camel_heavy_cav_nco|Верблюжья Конная гвардия
trp_ottoman_camel_heavy_cav_nco_pl|Сержант
trp_ottoman_camel_heavy_cav_officer|Верблюжья Конная гвардия
trp_ottoman_camel_heavy_cav_officer_pl|Офицер
trp_ottoman_camel_heavy_cav_trumpet|Верблюжья Конная гвардия
trp_ottoman_camel_heavy_cav_trumpet_pl|Трубач
trp_ottoman_arty|Артиллерийский корпус
trp_ottoman_arty_pl|Артиллерия
trp_ottoman_arty_guard|Артиллерийский корпус
trp_ottoman_arty_guard_pl|Вооруженные артиллеристы
trp_ottoman_arty_flag_bearer|Артиллерийский корпус
trp_ottoman_arty_flag_bearer_pl|Знаменосец
trp_ottoman_arty_nco|Артиллерийский корпус
trp_ottoman_arty_nco_pl|Ездовой артиллерийского поезда
trp_ottoman_arty_officer|Артиллерийский корпус
trp_ottoman_arty_officer_pl|Офицер
trp_ottoman_horseart|Кавалерийская артиллерия
trp_ottoman_horseart_pl|Конная артиллерия
trp_ottoman_horseart_guard|Кавалерийская артиллерия
trp_ottoman_horseart_guard_pl|Вооруженные артиллеристы
trp_ottoman_horseart_flag_bearer|Кавалерийская артиллерия
trp_ottoman_horseart_flag_bearer_pl|Знаменосец
trp_ottoman_horseart_nco|Кавалерийская артиллерия
trp_ottoman_horseart_nco_pl|Ездовой артиллерийского поезда
trp_ottoman_horseart_officer|Кавалерийская артиллерия
trp_ottoman_horseart_officer_pl|Офицер
trp_british_horse_sapper|Сапeр
trp_british_horse_sapper_pl|конный сапер
trp_french_horse_sapper|Сапeр
trp_french_horse_sapper_pl|конный сапер
trp_prussian_horse_sapper|4-й Мансфельдский пионерный корпу
trp_prussian_horse_sapper_pl|конный сапер
trp_russian_horse_sapper|Пионер 2-го Пионерского полкас
trp_russian_horse_sapper_pl|конный сапер
trp_austrian_horse_sapper|1-й пионерский батальон
trp_austrian_horse_sapper_pl|конный сапер
trp_rhine_horse_sapper|Пионер, Берг
trp_rhine_horse_sapper_pl|конный сапер
trp_ottoman_bashi|Башибузуки
trp_ottoman_bashi_pl|Наёмники
trp_ottoman_medic|Хирург
trp_ottoman_medic_pl|Хирурги
trp_ottoman_sapper|Сапeр
trp_ottoman_sapper_pl|Инженер
trp_ottoman_horse_sapper|Сапeр
trp_ottoman_horse_sapper_pl|конный сапер
trp_ottoman_ship_marine|Корабельный экипаж
trp_ottoman_ship_marine_pl|Морской пехотинец
trp_ottoman_ship_flag_bearer|Корабельный экипаж
trp_ottoman_ship_flag_bearer_pl|Знаменосец
trp_ottoman_ship|Корабельный экипаж
trp_ottoman_ship_pl|Пехота
trp_ottoman_ship_cannon|Корабельный экипаж
trp_ottoman_ship_cannon_pl|Морская артиллерия
trp_ottoman_ship_captain|Корабельный экипаж
trp_ottoman_ship_captain_pl|Капитан
trp_ottoman_pasha|Ахмед Аль-Джаззар
trp_ottoman_pasha_pl|Генерал
trp_british_arty_commander|Royal Foot Artillery
trp_british_arty_commander_pl|Officer
trp_british_arty_alt_commander|Royal Foot Artillery
trp_british_arty_alt_commander_pl|Officer
trp_french_arty_commander|L'Artillerie
trp_french_arty_commander_pl|Officer
trp_french_arty_alt_commander|L'Artillerie
trp_french_arty_alt_commander_pl|Officer
trp_prussian_arty_commander|36. Regiment der Fussartillerie
trp_prussian_arty_commander_pl|Officer
trp_prussian_arty_alt_commander|36. Regiment der Fussartillerie
trp_prussian_arty_alt_commander_pl|Officer
trp_russian_arty_commander|Artillery
trp_russian_arty_commander_pl|Officer
trp_russian_arty_alt_commander|Artillery
trp_russian_arty_alt_commander_pl|Officer
trp_austrian_arty_commander|Prinz zu Lothringen Nr. 7 Artillerie
trp_austrian_arty_commander_pl|Officer
trp_austrian_arty_alt_commander|Prinz zu Lothringen Nr. 7 Artillerie
trp_austrian_arty_alt_commander_pl|Officer
trp_rhine_arty_commander|Артиллерия, Бавария
trp_rhine_arty_commander_pl|Офицер
trp_rhine_arty_alt_commander|Артиллерия, Бавария
trp_rhine_arty_alt_commander_pl|Офицер
trp_quick_battle_troop_britain_1|Артур Уэлсли, 1-й герцог Веллингтон
trp_quick_battle_troop_britain_1_pl|Генерал
trp_quick_battle_troop_france_1|Император Наполеон І Бонапарт
trp_quick_battle_troop_france_1_pl|Генерал
trp_quick_battle_troop_prussia_1|Генерал-фельдмаршал Гебхард Леберехт фон Блюхер
trp_quick_battle_troop_prussia_1_pl|Генерал
trp_quick_battle_troop_russia_1|Генерал-фельдмаршал Михаил Илларионович Голенищев-Кутузов
trp_quick_battle_troop_russia_1_pl|Генерал
trp_quick_battle_troop_austria_1|Генералиссимус Карл Филипп цу Шварценберг
trp_quick_battle_troop_austria_1_pl|Генерал
trp_quick_battle_troop_rhine_1| Король Саксонии Фридрих Август
trp_quick_battle_troop_rhine_1_pl|Генерал
trp_british_foot_guard1|1-й гвардейский полк
trp_british_foot_guard1_pl|Пешая гвардия
trp_british_foot_guard1_flag_bearer|1-й гвардейский полк
trp_british_foot_guard1_flag_bearer_pl|Знаменосец
trp_british_foot_guard1_nco|1-й гвардейский полк
trp_british_foot_guard1_nco_pl|Сержант
trp_british_foot_guard1_officer|1-й гвардейский полк
trp_british_foot_guard1_officer_pl|Офицер
trp_british_foot_guard1_drum|1-й гвардейский полк
trp_british_foot_guard1_drum_pl|Барабанщик
trp_british_foot_guard1_flute|1-й гвардейский полк
trp_british_foot_guard1_flute_pl|Флейтист
trp_british_hussar2|2nd KGL Hussars
trp_british_hussar2_pl|Гусары
trp_british_hussar2_flag_bearer|2nd KGL Hussars
trp_british_hussar2_flag_bearer_pl|Знаменосец
trp_british_hussar2_nco|2nd KGL Hussars
trp_british_hussar2_nco_pl|Сержант
trp_british_hussar2_officer|2nd KGL Hussars
trp_british_hussar2_officer_pl|Офицер
trp_british_hussar2_trumpet|2nd KGL Hussars
trp_british_hussar2_trumpet_pl|Трубач
trp_prussian_infantry_2|2-й пехотный полк
trp_prussian_infantry_2_pl|Линейная пехота
trp_prussian_infantry_2_flag_bearer|2-й пехотный полк
trp_prussian_infantry_2_flag_bearer_pl|Знаменосец
trp_prussian_infantry_2_nco|2-й пехотный полк
trp_prussian_infantry_2_nco_pl|Сержант
trp_prussian_infantry_2_officer|2-й пехотный полк
trp_prussian_infantry_2_officer_pl|Офицер
trp_prussian_infantry_2_drum|2-й пехотный полк
trp_prussian_infantry_2_drum_pl|Барабанщик
trp_prussian_infantry_2_flute|2-й пехотный полк
trp_prussian_infantry_2_flute_pl|Флейтист
trp_prussian_infantry12|12-й Бранденбургский пехотный полк
trp_prussian_infantry12_pl|Линейная пехота
trp_prussian_infantry12_flag_bearer|12-й Бранденбургский пехотный полк
trp_prussian_infantry12_flag_bearer_pl|Знаменосец
trp_prussian_infantry12_nco|12-й Бранденбургский пехотный полк
trp_prussian_infantry12_nco_pl|Сержант
trp_prussian_infantry12_officer|12-й Бранденбургский пехотный полк
trp_prussian_infantry12_officer_pl|Офицер
trp_prussian_infantry12_drum|12-й Бранденбургский пехотный полк
trp_prussian_infantry12_drum_pl|Барабанщик
trp_prussian_infantry12_flute|12-й Бранденбургский пехотный полк
trp_prussian_infantry12_flute_pl|Флейтист
trp_prussian_infantry14|14-й Вестфальский пехотный полк
trp_prussian_infantry14_pl|Линейная пехота
trp_prussian_infantry14_flag_bearer|14-й Вестфальский пехотный полк
trp_prussian_infantry14_flag_bearer_pl|Знаменосец
trp_prussian_infantry14_nco|14-й Вестфальский пехотный полк
trp_prussian_infantry14_nco_pl|Сержант
trp_prussian_infantry14_officer|14-й Вестфальский пехотный полк
trp_prussian_infantry14_officer_pl|Офицер
trp_prussian_infantry14_drum|14-й Вестфальский пехотный полк
trp_prussian_infantry14_drum_pl|Барабанщик
trp_prussian_infantry14_flute|14-й Вестфальский пехотный полк
trp_prussian_infantry14_flute_pl|Флейтист
trp_prussian_infantry18|18-й пехотный полк
trp_prussian_infantry18_pl|Линейная пехота
trp_prussian_infantry18_flag_bearer|18-й пехотный полк
trp_prussian_infantry18_flag_bearer_pl|Знаменосец
trp_prussian_infantry18_nco|18-й пехотный полк
trp_prussian_infantry18_nco_pl|Сержант
trp_prussian_infantry18_officer|18-й пехотный полк
trp_prussian_infantry18_officer_pl|Офицер
trp_prussian_infantry18_drum|18-й пехотный полк
trp_prussian_infantry18_drum_pl|Барабанщик
trp_prussian_infantry18_flute|18-й пехотный полк
trp_prussian_infantry18_flute_pl|Флейтист
trp_prussian_infantry24|24-й Бранденбургский пехотный полк
trp_prussian_infantry24_pl|Линейная пехота
trp_prussian_infantry24_flag_bearer|24-й Бранденбургский пехотный полк
trp_prussian_infantry24_flag_bearer_pl|Знаменосец
trp_prussian_infantry24_nco|24-й Бранденбургский пехотный полк
trp_prussian_infantry24_nco_pl|Сержант
trp_prussian_infantry24_officer|24-й Бранденбургский пехотный полк
trp_prussian_infantry24_officer_pl|Офицер
trp_prussian_infantry24_drum|24-й Бранденбургский пехотный полк
trp_prussian_infantry24_drum_pl|Барабанщик
trp_prussian_infantry24_flute|24-й Бранденбургский пехотный полк
trp_prussian_infantry24_flute_pl|Флейтист
trp_prussian_infantry26|26-й Магдебургский пехотный полк
trp_prussian_infantry26_pl|Линейная пехота
trp_prussian_infantry26_flag_bearer|26-й Магдебургский пехотный полк
trp_prussian_infantry26_flag_bearer_pl|Знаменосец
trp_prussian_infantry26_nco|26-й Магдебургский пехотный полк
trp_prussian_infantry26_nco_pl|Сержант
trp_prussian_infantry26_officer|26-й Магдебургский пехотный полк
trp_prussian_infantry26_officer_pl|Офицер
trp_prussian_infantry26_drum|26-й Магдебургский пехотный полк
trp_prussian_infantry26_drum_pl|Барабанщик
trp_prussian_infantry26_flute|26-й Магдебургский пехотный полк
trp_prussian_infantry26_flute_pl|Флейтист
trp_prussian_infantry_elbe|2-й полк Эльбский ландвера
trp_prussian_infantry_elbe_pl|Линейная пехота
trp_prussian_infantry_elbe_flag_bearer|2-й полк Эльбский ландвера
trp_prussian_infantry_elbe_flag_bearer_pl|Знаменосец
trp_prussian_infantry_elbe_nco|2-й полк Эльбский ландвера
trp_prussian_infantry_elbe_nco_pl|Сержант
trp_prussian_infantry_elbe_officer|2-й полк Эльбский ландвера
trp_prussian_infantry_elbe_officer_pl|Офицер
trp_prussian_infantry_elbe_drum|2-й полк Эльбский ландвера
trp_prussian_infantry_elbe_drum_pl|Барабанщик
trp_prussian_infantry_elbe_flute|2-й полк Эльбский ландвера
trp_prussian_infantry_elbe_flute_pl|Флейтист
trp_prussian_dragoon5|5-й Бранденбургский драгунский полк
trp_prussian_dragoon5_pl|Драгуны
trp_prussian_dragoon5_flag_bearer|5-й Бранденбургский драгунский полк
trp_prussian_dragoon5_flag_bearer_pl|Знаменосец
trp_prussian_dragoon5_nco|5-й Бранденбургский драгунский полк
trp_prussian_dragoon5_nco_pl|Сержант
trp_prussian_dragoon5_officer|5-й Бранденбургский драгунский полк
trp_prussian_dragoon5_officer_pl|Офицер
trp_prussian_dragoon5_trumpet|5-й Бранденбургский драгунский полк
trp_prussian_dragoon5_trumpet_pl|Трубач
trp_prussian_hussar_mhr|10-й Магдебургский гусарский полк
trp_prussian_hussar_mhr_pl|Гусары
trp_prussian_hussar_mhr_flag_bearer|10-й Магдебургский гусарский полк
trp_prussian_hussar_mhr_flag_bearer_pl|Знаменосец
trp_prussian_hussar_mhr_nco|10-й Магдебургский гусарский полк
trp_prussian_hussar_mhr_nco_pl|Сержант
trp_prussian_hussar_mhr_officer|10-й Магдебургский гусарский полк
trp_prussian_hussar_mhr_officer_pl|Офицер
trp_prussian_hussar_mhr_trumpet|10-й Магдебургский гусарский полк
trp_prussian_hussar_mhr_trumpet_pl|Трубач
trp_prussian_hussar_mhr_elite|Magdeburgisches Husaren-Regiment Nr.10
trp_prussian_hussar_mhr_elite_pl|Охотник-волонтер
trp_austrian_32|32-й пехотный полк Эстерхази
trp_austrian_32_pl|Линейная пехота
trp_austrian_32_flag_bearer|32-й пехотный полк Эстерхази
trp_austrian_32_flag_bearer_pl|Знаменосец
trp_austrian_32_nco|32-й пехотный полк Эстерхази
trp_austrian_32_nco_pl|Сержант
trp_austrian_32_officer|32-й пехотный полк Эстерхази
trp_austrian_32_officer_pl|Офицер
trp_austrian_32_drum|32-й пехотный полк Эстерхази
trp_austrian_32_drum_pl|Барабанщик
trp_austrian_32_flute|32-й пехотный полк Эстерхази
trp_austrian_32_flute_pl|Флейтист
trp_italian_infantry1|1-й пехотный полк 'Мантуя'
trp_italian_infantry1_pl|Линейная пехота
trp_italian_infantry1_flag_bearer|1-й пехотный полк 'Мантуя'
trp_italian_infantry1_flag_bearer_pl|Знаменосец
trp_italian_infantry1_nco|1-й пехотный полк 'Мантуя'
trp_italian_infantry1_nco_pl|Сержант
trp_italian_infantry1_officer|1-й пехотный полк 'Мантуя'
trp_italian_infantry1_officer_pl|Офицер
trp_italian_infantry1_drum|1-й пехотный полк 'Мантуя'
trp_italian_infantry1_drum_pl|Барабанщик
trp_italian_infantry1_flute|1-й пехотный полк 'Мантуя'
trp_italian_infantry1_flute_pl|Флейтист
trp_italian_infantry2|2-й пехотный полк 'Феррара'
trp_italian_infantry2_pl|Линейная пехота
trp_italian_infantry2_flag_bearer|2-й пехотный полк 'Феррара'
trp_italian_infantry2_flag_bearer_pl|Знаменосец
trp_italian_infantry2_nco|2-й пехотный полк 'Феррара'
trp_italian_infantry2_nco_pl|Сержант
trp_italian_infantry2_officer|2-й пехотный полк 'Феррара'
trp_italian_infantry2_officer_pl|Офицер
trp_italian_infantry2_drum|2-й пехотный полк 'Феррара'
trp_italian_infantry2_drum_pl|Барабанщик
trp_italian_infantry2_flute|2-й пехотный полк 'Феррара'
trp_italian_infantry2_flute_pl|Флейтист
trp_italian_infantry3|3-й пехотный полк 'Милан'
trp_italian_infantry3_pl|Линейная пехота
trp_italian_infantry3_flag_bearer|3-й пехотный полк 'Милан'
trp_italian_infantry3_flag_bearer_pl|Знаменосец
trp_italian_infantry3_nco|3-й пехотный полк 'Милан'
trp_italian_infantry3_nco_pl|Сержант
trp_italian_infantry3_officer|3-й пехотный полк 'Милан'
trp_italian_infantry3_officer_pl|Офицер
trp_italian_infantry3_drum|3-й пехотный полк 'Милан'
trp_italian_infantry3_drum_pl|Барабанщик
trp_italian_infantry3_flute|3-й пехотный полк 'Милан'
trp_italian_infantry3_flute_pl|Флейтист
trp_italian_infantry4|Призывники Королевской гвардии
trp_italian_infantry4_pl|Линейная пехота
trp_italian_infantry4_flag_bearer|Призывники Королевской гвардии
trp_italian_infantry4_flag_bearer_pl|Знаменосец
trp_italian_infantry4_nco|Призывники Королевской гвардии
trp_italian_infantry4_nco_pl|Сержант
trp_italian_infantry4_officer|Призывники Королевской гвардии
trp_italian_infantry4_officer_pl|Офицер
trp_italian_infantry4_drum|Призывники Королевской гвардии
trp_italian_infantry4_drum_pl|Барабанщик
trp_italian_infantry4_flute|Призывники Королевской гвардии
trp_italian_infantry4_flute_pl|Флейтист
trp_italian_infantry5|Колониальный полк
trp_italian_infantry5_pl|Линейная пехота
trp_italian_infantry5_flag_bearer|Колониальный полк
trp_italian_infantry5_flag_bearer_pl|Знаменосец
trp_italian_infantry5_nco|Колониальный полк
trp_italian_infantry5_nco_pl|Сержант
trp_italian_infantry5_officer|Колониальный полк
trp_italian_infantry5_officer_pl|Офицер
trp_italian_infantry5_drum|Колониальный полк
trp_italian_infantry5_drum_pl|Барабанщик
trp_italian_infantry5_flute|Колониальный полк
trp_italian_infantry5_flute_pl|Флейтист
trp_italian_foot_guard1|Пехотные гренадеры Королевской гвардии
trp_italian_foot_guard1_pl|Пешая гвардия
trp_italian_foot_guard1_flag_bearer|Пехотные гренадеры Королевской гвардии
trp_italian_foot_guard1_flag_bearer_pl|Знаменосец
trp_italian_foot_guard1_nco|Пехотные гренадеры Королевской гвардии
trp_italian_foot_guard1_nco_pl|Сержант
trp_italian_foot_guard1_officer|Пехотные гренадеры Королевской гвардии
trp_italian_foot_guard1_officer_pl|Офицер
trp_italian_foot_guard1_drum|Пехотные гренадеры Королевской гвардии
trp_italian_foot_guard1_drum_pl|Барабанщик
trp_italian_foot_guard1_flute|Пехотные гренадеры Королевской гвардии
trp_italian_foot_guard1_flute_pl|Флейтист
trp_italian_foot_guard2|Велити Королевской гвардии
trp_italian_foot_guard2_pl|Пешая гвардия
trp_italian_foot_guard2_flag_bearer|Велити Королевской гвардии
trp_italian_foot_guard2_flag_bearer_pl|Знаменосец
trp_italian_foot_guard2_nco|Велити Королевской гвардии
trp_italian_foot_guard2_nco_pl|Сержант
trp_italian_foot_guard2_officer|Велити Королевской гвардии
trp_italian_foot_guard2_officer_pl|Офицер
trp_italian_foot_guard2_drum|Велити Королевской гвардии
trp_italian_foot_guard2_drum_pl|Барабанщик
trp_italian_foot_guard2_flute|Велити Королевской гвардии
trp_italian_foot_guard2_flute_pl|Флейтист
trp_italian_foot_guard3|Национальная гвардия Милана
trp_italian_foot_guard3_pl|Пешая гвардия
trp_italian_foot_guard3_flag_bearer|Национальная гвардия Милана
trp_italian_foot_guard3_flag_bearer_pl|Знаменосец
trp_italian_foot_guard3_nco|Национальная гвардия Милана
trp_italian_foot_guard3_nco_pl|Сержант
trp_italian_foot_guard3_officer|Национальная гвардия Милана
trp_italian_foot_guard3_officer_pl|Офицер
trp_italian_foot_guard3_drum|Национальная гвардия Милана
trp_italian_foot_guard3_drum_pl|Барабанщик
trp_italian_foot_guard3_flute|Национальная гвардия Милана
trp_italian_foot_guard3_flute_pl|Флейтист
trp_italian_light|-й полк лeгкой пехоты 'Реал Брешиано'
trp_italian_light_pl|Лeгкая пехота
trp_italian_light_flag_bearer|-й полк лeгкой пехоты 'Реал Брешиано'
trp_italian_light_flag_bearer_pl|Знаменосец
trp_italian_light_nco|-й полк лeгкой пехоты 'Реал Брешиано'
trp_italian_light_nco_pl|Сержант
trp_italian_light_officer|-й полк лeгкой пехоты 'Реал Брешиано'
trp_italian_light_officer_pl|Офицер
trp_italian_light_horn|-й полк лeгкой пехоты 'Реал Брешиано'
trp_italian_light_horn_pl|Горнист
trp_italian_rifle|Берсальеры из Брешии
trp_italian_rifle_pl|Стрелки
trp_italian_rifle_flag_bearer|Берсальеры из Брешии
trp_italian_rifle_flag_bearer_pl|Знаменосец
trp_italian_rifle_nco|Берсальеры из Брешии
trp_italian_rifle_nco_pl|Сержант
trp_italian_rifle_officer|Берсальеры из Брешии
trp_italian_rifle_officer_pl|Офицер
trp_italian_rifle_horn|Берсальеры из Брешии
trp_italian_rifle_horn_pl|Горнист
trp_italian_hussar1|1-й конный охотничий полк 'Итальянский королевский'
trp_italian_hussar1_pl|Гусары
trp_italian_hussar1_flag_bearer|1-й конный охотничий полк 'Итальянский королевский'
trp_italian_hussar1_flag_bearer_pl|Знаменосец
trp_italian_hussar1_nco|1-й конный охотничий полк 'Итальянский королевский'
trp_italian_hussar1_nco_pl|Сержант
trp_italian_hussar1_officer|1-й конный охотничий полк 'Итальянский королевский'
trp_italian_hussar1_officer_pl|Офицер
trp_italian_hussar1_trumpet|1-й конный охотничий полк 'Итальянский королевский'
trp_italian_hussar1_trumpet_pl|Трубач
trp_italian_hussar2|2-й конный охотничий полк 'Королевский принц'
trp_italian_hussar2_pl|Гусары
trp_italian_hussar2_flag_bearer|2-й конный охотничий полк 'Королевский принц'
trp_italian_hussar2_flag_bearer_pl|Знаменосец
trp_italian_hussar2_nco|2-й конный охотничий полк 'Королевский принц'
trp_italian_hussar2_nco_pl|Сержант
trp_italian_hussar2_officer|2-й конный охотничий полк 'Королевский принц'
trp_italian_hussar2_officer_pl|Офицер
trp_italian_hussar2_trumpet|2-й конный охотничий полк 'Королевский принц'
trp_italian_hussar2_trumpet_pl|Трубач
trp_italian_dragoon|1-й драгунский полк 'Королева'
trp_italian_dragoon_pl|Драгуны
trp_italian_dragoon_flag_bearer|1-й драгунский полк 'Королева'
trp_italian_dragoon_flag_bearer_pl|Знаменосец
trp_italian_dragoon_nco|1-й драгунский полк 'Королева'
trp_italian_dragoon_nco_pl|Сержант
trp_italian_dragoon_officer|1-й драгунский полк 'Королева'
trp_italian_dragoon_officer_pl|Офицер
trp_italian_dragoon_trumpet|1-й драгунский полк 'Королева'
trp_italian_dragoon_trumpet_pl|Трубач
trp_italian_cuirassier1|Королевский почетный караул 'Брешиа'
trp_italian_cuirassier1_pl|Тяжелая кавалерия
trp_italian_cuirassier1_flag_bearer|Королевский почетный караул 'Брешиа'
trp_italian_cuirassier1_flag_bearer_pl|Знаменосец
trp_italian_cuirassier1_nco|Королевский почетный караул 'Брешиа'
trp_italian_cuirassier1_nco_pl|Сержант
trp_italian_cuirassier1_officer|Королевский почетный караул 'Брешиа'
trp_italian_cuirassier1_officer_pl|Офицер
trp_italian_cuirassier1_trumpet|Королевский почетный караул 'Брешиа'
trp_italian_cuirassier1_trumpet_pl|Трубач
trp_italian_cuirassier2|Элитная жандармерия Королевской гвардии
trp_italian_cuirassier2_pl|Тяжелая кавалерия
trp_italian_cuirassier2_flag_bearer|Элитная жандармерия Королевской гвардии
trp_italian_cuirassier2_flag_bearer_pl|Знаменосец
trp_italian_cuirassier2_nco|Элитная жандармерия Королевской гвардии
trp_italian_cuirassier2_nco_pl|Сержант
trp_italian_cuirassier2_officer|Элитная жандармерия Королевской гвардии
trp_italian_cuirassier2_officer_pl|Офицер
trp_italian_cuirassier2_trumpet|Элитная жандармерия Королевской гвардии
trp_italian_cuirassier2_trumpet_pl|Трубач
trp_italian_arty|Пехотный артиллерийский полк
trp_italian_arty_pl|Артиллерия
trp_italian_arty_guard|Пехотный артиллерийский полк
trp_italian_arty_guard_pl|Вооруженные артиллеристы
trp_italian_arty_flag_bearer|Пехотный артиллерийский полк
trp_italian_arty_flag_bearer_pl|Знаменосец
trp_italian_arty_nco|Пехотный артиллерийский полк
trp_italian_arty_nco_pl|Ездовой артиллерийского поезда
trp_italian_arty_officer|Пехотный артиллерийский полк
trp_italian_arty_officer_pl|Офицер
trp_italian_horseart|Конный артиллерийский полк
trp_italian_horseart_pl|Конная артиллерия
trp_italian_horseart_guard|Конный артиллерийский полк
trp_italian_horseart_guard_pl|Вооруженные артиллеристы
trp_italian_horseart_flag_bearer|Конный артиллерийский полк
trp_italian_horseart_flag_bearer_pl|Знаменосец
trp_italian_horseart_nco|Конный артиллерийский полк
trp_italian_horseart_nco_pl|Ездовой артиллерийского поезда
trp_italian_horseart_officer|Конный артиллерийский полк
trp_italian_horseart_officer_pl|Офицер
trp_italian_medic|Хирург
trp_italian_medic_pl|Хирурги
trp_italian_sapper|Сапeр
trp_italian_sapper_pl|Инженер
trp_italian_horse_sapper|Сапeр
trp_italian_horse_sapper_pl|конный сапер
trp_italian_ship_marine|Корабельный экипаж
trp_italian_ship_marine_pl|Морской пехотинец
trp_italian_ship_flag_bearer|Корабельный экипаж
trp_italian_ship_flag_bearer_pl|Знаменосец
trp_italian_ship|Корабельный экипаж
trp_italian_ship_pl|Корабельный экипаж
trp_italian_ship_cannon|Корабельный экипаж
trp_italian_ship_cannon_pl|Морская артиллерия
trp_italian_ship_captain|Корабельный экипаж
trp_italian_ship_captain_pl|Капитан
trp_italian_general|Eugène de Beauharnais, Вице-король Италии
trp_italian_general_pl|Генерал
trp_rhine_infantry_saxony2|8-й Пехотный полк фон Рехцен, Саксония
trp_rhine_infantry_saxony2_pl|Линейная пехота
trp_rhine_infantry_saxony2_flag_bearer|8-й Пехотный полк фон Рехцен, Саксония
trp_rhine_infantry_saxony2_flag_bearer_pl|Знаменосец
trp_rhine_infantry_saxony2_nco|8-й Пехотный полк фон Рехцен, Саксония
trp_rhine_infantry_saxony2_nco_pl|Сержант
trp_rhine_infantry_saxony2_officer|8-й Пехотный полк фон Рехцен, Саксония
trp_rhine_infantry_saxony2_officer_pl|Офицер
trp_rhine_infantry_saxony2_drum|8-й Пехотный полк фон Рехцен, Саксония
trp_rhine_infantry_saxony2_drum_pl|Барабанщик
trp_rhine_infantry_saxony2_flute|8-й Пехотный полк фон Рехцен, Саксония
trp_rhine_infantry_saxony2_flute_pl|Флейтист
trp_rhine_westphalian_hussar|2-й гусарский полк, Вестфалия
trp_rhine_westphalian_hussar_pl|Гусары
trp_rhine_westphalian_hussar_flag_bearer|2-й гусарский полк, Вестфалия
trp_rhine_westphalian_hussar_flag_bearer_pl|Знаменосец
trp_rhine_westphalian_hussar_nco|2-й гусарский полк, Вестфалия
trp_rhine_westphalian_hussar_nco_pl|Сержант
trp_rhine_westphalian_hussar_officer|2-й гусарский полк, Вестфалия
trp_rhine_westphalian_hussar_officer_pl|Офицер
trp_rhine_westphalian_hussar_trumpet|2-й гусарский полк, Вестфалия
trp_rhine_westphalian_hussar_trumpet_pl|Трубач
trp_rhine_infantry_waldeck|Пехотный батальон княжеств Уолдек
trp_rhine_infantry_waldeck_pl|Линейная пехота
trp_rhine_infantry_waldeck_flag_bearer|Пехотный батальон княжеств Уолдек
trp_rhine_infantry_waldeck_flag_bearer_pl|Знаменосец
trp_rhine_infantry_waldeck_nco|Пехотный батальон княжеств Уолдек
trp_rhine_infantry_waldeck_nco_pl|Сержант
trp_rhine_infantry_waldeck_officer|Пехотный батальон княжеств Уолдек
trp_rhine_infantry_waldeck_officer_pl|Офицер
trp_rhine_infantry_waldeck_drum|Пехотный батальон княжеств Уолдек
trp_rhine_infantry_waldeck_drum_pl|Барабанщик
trp_rhine_infantry_waldeck_flute|Пехотный батальон княжеств Уолдек
trp_rhine_infantry_waldeck_flute_pl|Флейтист
trp_rhine_wurt_guard|Пеший караульный, Вюртемберг
trp_rhine_wurt_guard_pl|Пешая гвардия
trp_rhine_wurt_guard_flag_bearer|Пеший караульный, Вюртемберг
trp_rhine_wurt_guard_flag_bearer_pl|Знаменосец
trp_rhine_wurt_guard_nco|Пеший караульный, Вюртемберг
trp_rhine_wurt_guard_nco_pl|Сержант
trp_rhine_wurt_guard_officer|Пеший караульный, Вюртемберг
trp_rhine_wurt_guard_officer_pl|Офицер
trp_rhine_wurt_guard_drum|Пеший караульный, Вюртемберг
trp_rhine_wurt_guard_drum_pl|Барабанщик
trp_rhine_wurt_guard_flute|Пеший караульный, Вюртемберг
trp_rhine_wurt_guard_flute_pl|Флейтист
trp_russian_ship_marine|Корабельный экипаж
trp_russian_ship_marine_pl|Морской пехотинец
trp_russian_ship_flag_bearer|Корабельный экипаж
trp_russian_ship_flag_bearer_pl|Знаменосец
trp_russian_ship|Корабельный экипаж
trp_russian_ship_pl|Корабельный экипаж
trp_russian_ship_cannon|Корабельный экипаж
trp_russian_ship_cannon_pl|Морская артиллерия
trp_russian_ship_captain|Корабельный экипаж
trp_russian_ship_captain_pl|Капитан
trp_companion_1|Raphael Martin
trp_companion_1_pl|Raphael Martin
trp_companion_2|Clement Bernard
trp_companion_2_pl|Clement Bernard
trp_companion_3|Maxim Munnig Schmidt
trp_companion_3_pl|Maxime Petit
trp_companion_4|Alexandre Durand
trp_companion_4_pl|Alexandre Durand
trp_companion_5|Antoine Richard
trp_companion_5_pl|Antoine Richard
trp_companion_6|Alexis Moreau
trp_companion_6_pl|Alexis Moreau
trp_companion_7|Jules Dubois
trp_companion_7_pl|Jules Dubois
trp_companion_8|Matteo Robert
trp_companion_8_pl|Matteo Robert
trp_companion_9|Julien Laurent
trp_companion_9_pl|Julien Laurent
trp_companion_10|Samuel Simon
trp_companion_10_pl|Samuel Simon
trp_companion_11|Noe Michel
trp_companion_11_pl|Noe Michel
trp_companion_12|Corentin Leroy
trp_companion_12_pl|Corentin Leroy
trp_companion_13|Jeremy Garcia
trp_companion_13_pl|Jeremy Garcia
trp_companion_14|Charles Lefebvre
trp_companion_14_pl|Charles Lefebvre
trp_companion_15|Eliott Roux
trp_companion_15_pl|Eliott Roux
trp_companion_16|Theo David
trp_companion_16_pl|Theo David
trp_companion_17|Romain Bertrand
trp_companion_17_pl|Romain Bertrand
trp_companion_18|Quentin Fournier
trp_companion_18_pl|Quentin Fournier
trp_companion_19|Girard Baptiste
trp_companion_19_pl|Girard Baptiste
trp_companion_20|Valentin Bonnet
trp_companion_20_pl|Valentin Bonnet
trp_companion_21|Nico Kamps
trp_companion_21_pl|Nicolas Morel
trp_companion_22|Mael Rousseau
trp_companion_22_pl|Mael Rousseau
trp_companion_23|Pierre Lambert
trp_companion_23_pl|Pierre Lambert
trp_companion_24|Marius Blanc
trp_companion_24_pl|Marius Blanc
trp_companion_25|Remi Thomas
trp_companion_25_pl|Remi Thomas
trp_companion_26|Benjamin Aguillon
trp_companion_26_pl|Benjamin Aguillon
trp_companion_27|Maxence Beauregard
trp_companion_27_pl|Maxence Beauregard
trp_companion_28|Axel Lemieux
trp_companion_28_pl|Axel Lemieux
trp_companion_29|Jules Plantier
trp_companion_29_pl|Jules Plantier
trp_companion_30|Martin Roche
trp_companion_30_pl|Martin Roche
trp_companions_end|companions end
trp_companions_end_pl|companions end
trp_walker_french_infantry|Infantryman
trp_walker_french_infantry_pl|Infantry
trp_walker_french_voltigeur|Voltigeur
trp_walker_french_voltigeur_pl|Voltigeurs
trp_walker_french_hussar|Hussar
trp_walker_french_hussar_pl|Hussars
trp_walker_french_officer|Officer
trp_walker_french_officer_pl|officers
trp_walker_messenger|Messenger
trp_walker_messenger_pl|Messenger
trp_walker_peasant_male|Peasant
trp_walker_peasant_male_pl|Peasants
trp_walker_peasant_female|Peasant
trp_walker_peasant_female_pl|Peasants
trp_walkers_end|walkers end
trp_walkers_end_pl|walkers end
trp_camp_armorer|Tailor
trp_camp_weaponsmith|Weapon Merchant
trp_camp_horse_merchant|Horse Merchant
trp_merchants_end|merchants end
trp_merchants_end_pl|merchants en
